tag,step,wall_time,value
rollout/ep_len_mean,32768,1783857059.425149,257.8299866
rollout/ep_len_mean,65536,1783857064.785643,276.6400146
rollout/ep_len_mean,98304,1783857069.726854,258.5599976
rollout/ep_len_mean,131072,1783857074.477056,310.5700073
rollout/ep_len_mean,163840,1783857079.686677,309.1600037
rollout/ep_len_mean,196608,1783857084.633441,357.6000061
rollout/ep_len_mean,229376,1783857089.485621,294.2999878
rollout/ep_len_mean,262144,1783857094.402379,423.8699951
rollout/ep_len_mean,294912,1783857099.309415,394.6799927
rollout/ep_len_mean,327680,1783857104.132736,459.25
rollout/ep_len_mean,360448,1783857108.928487,435.269989
rollout/ep_len_mean,393216,1783857113.752004,452.5899963
rollout/ep_len_mean,425984,1783857118.682892,506.1799927
rollout/ep_len_mean,458752,1783857123.447563,540.4199829
rollout/ep_len_mean,491520,1783857128.161133,472.2999878
rollout/ep_len_mean,524288,1783857132.992494,496.5499878
rollout/ep_len_mean,557056,1783857137.862254,452.5599976
rollout/ep_len_mean,589824,1783857142.783144,518.4899902
rollout/ep_len_mean,622592,1783857147.669864,545.5
rollout/ep_len_mean,655360,1783857152.629683,515.3800049
rollout/ep_len_mean,688128,1783857157.579970,546.210022
rollout/ep_len_mean,720896,1783857162.504886,612.1599731
rollout/ep_len_mean,753664,1783857167.410156,562.2999878
rollout/ep_len_mean,786432,1783857172.318496,524.789978
rollout/ep_len_mean,819200,1783857177.394878,512.1199951
rollout/ep_len_mean,851968,1783857182.358303,541.6699829
rollout/ep_len_mean,884736,1783857187.195153,589.0999756
rollout/ep_len_mean,917504,1783857192.005590,586.2399902
rollout/ep_len_mean,950272,1783857196.927843,586.3200073
rollout/ep_len_mean,983040,1783857201.893713,570.3499756
rollout/ep_len_mean,1015808,1783857206.574231,571.3599854
rollout/ep_len_mean,1048576,1783857211.308805,617.7299805
rollout/ep_len_mean,1081344,1783857215.981917,586.2299805
rollout/ep_len_mean,1114112,1783857220.900453,570.2600098
rollout/ep_len_mean,1146880,1783857225.960172,642.710022
rollout/ep_len_mean,1179648,1783857231.006855,582.9199829
rollout/ep_len_mean,1212416,1783857236.118547,542.9299927
rollout/ep_len_mean,1245184,1783857241.216558,551.289978
rollout/ep_len_mean,1277952,1783857246.156756,542.5599976
rollout/ep_len_mean,1310720,1783857250.718094,509.5299988
rollout/ep_len_mean,1343488,1783857255.437464,569.25
rollout/ep_len_mean,1376256,1783857260.076036,571.7600098
rollout/ep_len_mean,1409024,1783857264.592784,542.7999878
rollout/ep_len_mean,1441792,1783857269.094378,500.0100098
rollout/ep_len_mean,1474560,1783857273.644372,538.1500244
rollout/ep_len_mean,1507328,1783857278.501926,561.7399902
rollout/ep_len_mean,1540096,1783857283.027826,579.0499878
rollout/ep_len_mean,1572864,1783857287.561649,511.980011
rollout/ep_len_mean,1605632,1783857292.216848,559.210022
rollout/ep_len_mean,1638400,1783857297.014319,565.9000244
rollout/ep_len_mean,1671168,1783857301.569515,509.2799988
rollout/ep_len_mean,1703936,1783857306.128313,537.5100098
rollout/ep_len_mean,1736704,1783857310.624015,479.5
rollout/ep_len_mean,1769472,1783857315.437465,505.0100098
rollout/ep_len_mean,1802240,1783857320.015305,593
rollout/ep_len_mean,1835008,1783857324.663033,593.3300171
rollout/ep_len_mean,1867776,1783857329.379706,565.960022
rollout/ep_len_mean,1900544,1783857334.103551,619.0599976
rollout/ep_len_mean,1933312,1783857338.730841,605.1400146
rollout/ep_len_mean,1966080,1783857343.722776,558.1099854
rollout/ep_len_mean,1998848,1783857348.513244,553.4199829
rollout/ep_len_mean,2031616,1783857353.301498,529.1900024
rollout/ep_len_mean,2064384,1783857358.239276,523.5
rollout/ep_len_mean,2097152,1783857363.056129,498.5400085
rollout/ep_len_mean,2129920,1783857367.790683,524.0599976
rollout/ep_len_mean,2162688,1783857372.604017,489.3399963
rollout/ep_len_mean,2195456,1783857377.516858,514.5499878
rollout/ep_len_mean,2228224,1783857382.468347,514.0599976
rollout/ep_len_mean,2260992,1783857387.329082,595
rollout/ep_len_mean,2293760,1783857392.368344,589.2199707
rollout/ep_len_mean,2326528,1783857397.277009,611.6599731
rollout/ep_len_mean,2359296,1783857402.123737,573.0499878
rollout/ep_len_mean,2392064,1783857406.964256,531.1199951
rollout/ep_len_mean,2424832,1783857411.866555,529.8499756
rollout/ep_len_mean,2457600,1783857416.814865,552.4400024
rollout/ep_len_mean,2490368,1783857421.490635,572.8800049
rollout/ep_len_mean,2523136,1783857426.272621,533.7999878
rollout/ep_len_mean,2555904,1783857431.158571,561.1199951
rollout/ep_len_mean,2588672,1783857436.125462,536.1500244
rollout/ep_len_mean,2621440,1783857440.974813,537.039978
rollout/ep_len_mean,2654208,1783857445.786420,557.6799927
rollout/ep_len_mean,2686976,1783857450.774774,577.9699707
rollout/ep_len_mean,2719744,1783857455.631895,600.539978
rollout/ep_len_mean,2752512,1783857460.451083,615.8900146
rollout/ep_len_mean,2785280,1783857465.149844,588.4500122
rollout/ep_len_mean,2818048,1783857470.042634,580.5200195
rollout/ep_len_mean,2850816,1783857474.916297,579.5499878
rollout/ep_len_mean,2883584,1783857479.919360,565.4199829
rollout/ep_len_mean,2916352,1783857485.095427,556.6799927
rollout/ep_len_mean,2949120,1783857490.083384,492.3599854
rollout/ep_len_mean,2981888,1783857494.959324,544.2199707
rollout/ep_len_mean,3014656,1783857499.938976,546.9199829
rollout/ep_len_mean,3047424,1783857504.735655,586.9899902
rollout/ep_len_mean,3080192,1783857509.497615,519.3200073
rollout/ep_len_mean,3112960,1783857514.279308,512.6699829
rollout/ep_len_mean,3145728,1783857519.080605,596.1900024
rollout/ep_len_mean,3178496,1783857523.837711,661.3300171
rollout/ep_len_mean,3211264,1783857528.596651,638.960022
rollout/ep_len_mean,3244032,1783857533.211186,613.3499756
rollout/ep_len_mean,3276800,1783857538.113589,521.7700195
rollout/ep_len_mean,3309568,1783857542.998483,556.5800171
rollout/ep_len_mean,3342336,1783857547.769300,617.039978
rollout/ep_len_mean,3375104,1783857552.341321,545.8800049
rollout/ep_len_mean,3407872,1783857557.043385,489.0700073
rollout/ep_len_mean,3440640,1783857561.987486,588.460022
rollout/ep_len_mean,3473408,1783857566.719288,573.8300171
rollout/ep_len_mean,3506176,1783857571.450889,590.4299927
rollout/ep_len_mean,3538944,1783857576.311544,585.460022
rollout/ep_len_mean,3571712,1783857581.050494,522.0499878
rollout/ep_len_mean,3604480,1783857585.763792,518.5100098
rollout/ep_len_mean,3637248,1783857590.334916,597.1099854
rollout/ep_len_mean,3670016,1783857594.897817,593.210022
rollout/ep_len_mean,3702784,1783857599.544886,557.4099731
rollout/ep_len_mean,3735552,1783857604.191834,577.8300171
rollout/ep_len_mean,3768320,1783857608.797181,552.5100098
rollout/ep_len_mean,3801088,1783857613.383707,538.0100098
rollout/ep_len_mean,3833856,1783857618.062093,548.7399902
rollout/ep_len_mean,3866624,1783857622.966761,606.9799805
rollout/ep_len_mean,3899392,1783857627.927120,558.3099976
rollout/ep_len_mean,3932160,1783857632.685237,622.5499878
rollout/ep_len_mean,3964928,1783857637.356953,623.789978
rollout/ep_len_mean,3997696,1783857641.802433,515.5300293
rollout/ep_len_mean,4030464,1783857646.296637,599.9799805
rollout/ep_len_mean,4063232,1783857651.090940,616.6900024
rollout/ep_len_mean,4096000,1783857655.726305,671.289978
rollout/ep_len_mean,4128768,1783857660.462165,710.6099854
rollout/ep_len_mean,4161536,1783857665.453867,647.2600098
rollout/ep_len_mean,4194304,1783857670.410390,647.0999756
rollout/ep_len_mean,4227072,1783857675.171135,640.0200195
rollout/ep_len_mean,4259840,1783857679.966346,644.2600098
rollout/ep_len_mean,4292608,1783857684.746986,661.2800293
rollout/ep_len_mean,4325376,1783857689.502072,657.75
rollout/ep_len_mean,4358144,1783857694.252098,644.9500122
rollout/ep_len_mean,4390912,1783857699.013693,555.8599854
rollout/ep_len_mean,4423680,1783857703.767365,584.7800293
rollout/ep_len_mean,4456448,1783857708.508099,721.8800049
rollout/ep_len_mean,4489216,1783857713.231965,722.4799805
rollout/ep_len_mean,4521984,1783857718.049304,558.1900024
rollout/ep_len_mean,4554752,1783857722.906091,561.5100098
rollout/ep_len_mean,4587520,1783857727.678500,584.8300171
rollout/ep_len_mean,4620288,1783857732.427035,642.0599976
rollout/ep_len_mean,4653056,1783857737.169077,636.7000122
rollout/ep_len_mean,4685824,1783857742.002437,585.8900146
rollout/ep_len_mean,4718592,1783857746.981154,604.4199829
rollout/ep_len_mean,4751360,1783857751.951395,659.9299927
rollout/ep_len_mean,4784128,1783857756.860220,677.6699829
rollout/ep_len_mean,4816896,1783857761.942047,641.75
rollout/ep_len_mean,4849664,1783857766.833240,532.7299805
rollout/ep_len_mean,4882432,1783857771.754915,602.8699951
rollout/ep_len_mean,4915200,1783857776.863503,618.1799927
rollout/ep_len_mean,4947968,1783857781.837940,526.8499756
rollout/ep_len_mean,4980736,1783857786.774844,499.3900146
rollout/ep_len_mean,5013504,1783857791.769267,601.8800049
rollout/ep_len_mean,5046272,1783857796.673172,687.7800293
rollout/ep_len_mean,5079040,1783857801.350682,643.2999878
rollout/ep_len_mean,5111808,1783857806.140552,630.539978
rollout/ep_len_mean,5144576,1783857811.010201,629.25
rollout/ep_len_mean,5177344,1783857815.885496,646.3599854
rollout/ep_len_mean,5210112,1783857820.663347,663.4199829
rollout/ep_len_mean,5242880,1783857825.649935,650.7700195
rollout/ep_len_mean,5275648,1783857830.538866,588.4899902
rollout/ep_len_mean,5308416,1783857835.301201,582.1500244
rollout/ep_len_mean,5341184,1783857839.945180,674.3599854
rollout/ep_len_mean,5373952,1783857844.384504,736.1400146
rollout/ep_len_mean,5406720,1783857848.821486,697.9099731
rollout/ep_len_mean,5439488,1783857853.254345,679.6199951
rollout/ep_len_mean,5472256,1783857857.718023,678.5499878
rollout/ep_len_mean,5505024,1783857862.181729,684.2600098
rollout/ep_len_mean,5537792,1783857866.630869,684.1699829
rollout/ep_len_mean,5570560,1783857871.068769,666.4299927
rollout/ep_len_mean,5603328,1783857875.537263,669.3200073
rollout/ep_len_mean,5636096,1783857879.977440,718.1099854
rollout/ep_len_mean,5668864,1783857884.576527,753.5999756
rollout/ep_len_mean,5701632,1783857889.404974,701.710022
rollout/ep_len_mean,5734400,1783857894.014405,647.7800293
rollout/ep_len_mean,5767168,1783857898.650254,661.6199951
rollout/ep_len_mean,5799936,1783857903.315288,666.1599731
rollout/ep_len_mean,5832704,1783857908.037046,687.6900024
rollout/ep_len_mean,5865472,1783857912.703976,674.8400269
rollout/ep_len_mean,5898240,1783857917.389931,686.289978
rollout/ep_len_mean,5931008,1783857922.020684,697.0599976
rollout/ep_len_mean,5963776,1783857926.689491,681.5599976
rollout/ep_len_mean,5996544,1783857931.424500,595.4799805
rollout/ep_len_mean,6029312,1783857936.226247,634.2999878
rollout/ep_len_mean,6062080,1783857940.894379,737.2800293
rollout/ep_len_mean,6094848,1783857945.520183,743.0800171
rollout/ep_len_mean,6127616,1783857950.219081,684.6099854
rollout/ep_len_mean,6160384,1783857955.005429,674.539978
rollout/ep_len_mean,6193152,1783857959.800689,668.1500244
rollout/ep_len_mean,6225920,1783857965.482432,694.9299927
rollout/ep_len_mean,6258688,1783857970.247745,687.8200073
rollout/ep_len_mean,6291456,1783857974.849960,673.1099854
rollout/ep_len_mean,6324224,1783857979.429667,615.9799805
rollout/ep_len_mean,6356992,1783857984.019469,588.2800293
rollout/ep_len_mean,6389760,1783857988.716653,653.3099976
rollout/ep_len_mean,6422528,1783857993.454692,689.7600098
rollout/ep_len_mean,6455296,1783857998.186100,675.6799927
rollout/ep_len_mean,6488064,1783858002.775316,618.8200073
rollout/ep_len_mean,6520832,1783858007.587896,627.9000244
rollout/ep_len_mean,6553600,1783858012.275958,688.25
rollout/ep_len_mean,6586368,1783858017.021078,687.75
rollout/ep_len_mean,6619136,1783858022.214006,667.3599854
rollout/ep_len_mean,6651904,1783858026.940191,680.8099976
rollout/ep_len_mean,6684672,1783858031.777930,651.1199951
rollout/ep_len_mean,6717440,1783858036.658168,611.6400146
rollout/ep_len_mean,6750208,1783858041.144165,675.210022
rollout/ep_len_mean,6782976,1783858045.625944,708.8099976
rollout/ep_len_mean,6815744,1783858050.110770,694.5800171
rollout/ep_len_mean,6848512,1783858054.547111,693.1400146
rollout/ep_len_mean,6881280,1783858059.075913,680.5999756
rollout/ep_len_mean,6914048,1783858063.569188,668.5100098
rollout/ep_len_mean,6946816,1783858068.135753,656.1500244
rollout/ep_len_mean,6979584,1783858072.781798,677.7700195
rollout/ep_len_mean,7012352,1783858077.337423,752.3400269
rollout/ep_len_mean,7045120,1783858081.967925,716.5300293
rollout/ep_len_mean,7077888,1783858086.553127,660.2600098
rollout/ep_len_mean,7110656,1783858091.244847,655.0900269
rollout/ep_len_mean,7143424,1783858095.902912,709.75
rollout/ep_len_mean,7176192,1783858100.534945,724.3200073
rollout/ep_len_mean,7208960,1783858105.189707,693.8900146
rollout/ep_len_mean,7241728,1783858109.879286,633.3900146
rollout/ep_len_mean,7274496,1783858114.723251,678.3499756
rollout/ep_len_mean,7307264,1783858119.400869,694.2299805
rollout/ep_len_mean,7340032,1783858124.062482,696.0900269
rollout/ep_len_mean,7372800,1783858128.909793,694.4199829
rollout/ep_len_mean,7405568,1783858133.577017,696.5
rollout/ep_len_mean,7438336,1783858138.260366,654.6500244
rollout/ep_len_mean,7471104,1783858142.869945,639.7999878
rollout/ep_len_mean,7503872,1783858147.497324,666.1400146
rollout/ep_len_mean,7536640,1783858152.116516,624.3699951
rollout/ep_len_mean,7569408,1783858156.700908,659.0599976
rollout/ep_len_mean,7602176,1783858161.276891,691.210022
rollout/ep_len_mean,7634944,1783858165.941309,736.7199707
rollout/ep_len_mean,7667712,1783858170.544432,781.9699707
rollout/ep_len_mean,7700480,1783858175.146159,739.9799805
rollout/ep_len_mean,7733248,1783858179.785979,720.5100098
rollout/ep_len_mean,7766016,1783858184.591805,720.0100098
rollout/ep_len_mean,7798784,1783858189.381891,667.1400146
rollout/ep_len_mean,7831552,1783858194.176562,685.3699951
rollout/ep_len_mean,7864320,1783858199.157157,749.789978
rollout/ep_len_mean,7897088,1783858204.019975,672.5100098
rollout/ep_len_mean,7929856,1783858209.553670,659.9799805
rollout/ep_len_mean,7962624,1783858214.504037,676.7199707
rollout/ep_len_mean,7995392,1783858219.321068,701.6900024
rollout/ep_len_mean,8028160,1783858224.278009,681.4899902
rollout/ep_len_mean,8060928,1783858229.404394,587.6699829
rollout/ep_len_mean,8093696,1783858234.172622,624.8400269
rollout/ep_len_mean,8126464,1783858239.283570,665.3599854
rollout/ep_len_mean,8159232,1783858244.108263,671.2299805
rollout/ep_len_mean,8192000,1783858248.924719,694.4400024
rollout/ep_len_mean,8224768,1783858253.759530,743.4500122
rollout/ep_len_mean,8257536,1783858258.822696,767.8800049
rollout/ep_len_mean,8290304,1783858263.787225,699.7700195
rollout/ep_len_mean,8323072,1783858268.653562,692.2800293
rollout/ep_len_mean,8355840,1783858273.479493,758.2399902
rollout/ep_len_mean,8388608,1783858278.291455,705.6900024
rollout/ep_len_mean,8421376,1783858283.127049,770.0999756
rollout/ep_len_mean,8454144,1783858287.889684,783.25
rollout/ep_len_mean,8486912,1783858292.645968,753.0200195
rollout/ep_len_mean,8519680,1783858297.598578,694.8400269
rollout/ep_len_mean,8552448,1783858302.427439,714.3599854
rollout/ep_len_mean,8585216,1783858307.277128,747.2999878
rollout/ep_len_mean,8617984,1783858312.429407,782.8400269
rollout/ep_len_mean,8650752,1783858317.554985,769.5499878
rollout/ep_len_mean,8683520,1783858322.547064,709.039978
rollout/ep_len_mean,8716288,1783858327.455129,634.5100098
rollout/ep_len_mean,8749056,1783858332.354574,676.1300049
rollout/ep_len_mean,8781824,1783858337.212252,638.2000122
rollout/ep_len_mean,8814592,1783858342.083657,733.1500244
rollout/ep_len_mean,8847360,1783858346.964575,789.2700195
rollout/ep_len_mean,8880128,1783858351.840776,747.3099976
rollout/ep_len_mean,8912896,1783858356.831302,725.4400024
rollout/ep_len_mean,8945664,1783858361.764870,777.2600098
rollout/ep_len_mean,8978432,1783858366.599350,774.6699829
rollout/ep_len_mean,9011200,1783858371.564808,694.7399902
rollout/ep_len_mean,9043968,1783858376.475349,681.7199707
rollout/ep_len_mean,9076736,1783858381.320341,709.3599854
rollout/ep_len_mean,9109504,1783858386.263690,731.5999756
rollout/ep_len_mean,9142272,1783858391.246177,706.6900024
rollout/ep_len_mean,9175040,1783858395.920681,652.5900269
rollout/ep_len_mean,9207808,1783858400.597194,641.9400024
rollout/ep_len_mean,9240576,1783858405.289565,682.4000244
rollout/ep_len_mean,9273344,1783858410.128355,785.210022
rollout/ep_len_mean,9306112,1783858415.299186,732.0900269
rollout/ep_len_mean,9338880,1783858420.309191,672.2800293
rollout/ep_len_mean,9371648,1783858425.256649,706.3900146
rollout/ep_len_mean,9404416,1783858430.272268,764.289978
rollout/ep_len_mean,9437184,1783858435.054143,760.5700073
rollout/ep_len_mean,9469952,1783858440.037328,703.7700195
rollout/ep_len_mean,9502720,1783858444.819087,729.5599976
rollout/ep_len_mean,9535488,1783858449.681225,772.4500122
rollout/ep_len_mean,9568256,1783858454.586444,778.3099976
rollout/ep_len_mean,9601024,1783858459.365635,745.2800293
rollout/ep_len_mean,9633792,1783858464.301673,799.460022
rollout/ep_len_mean,9666560,1783858469.164543,725.5800171
rollout/ep_len_mean,9699328,1783858473.873037,701.5900269
rollout/ep_len_mean,9732096,1783858478.575751,726.0100098
rollout/ep_len_mean,9764864,1783858483.372222,732.5100098
rollout/ep_len_mean,9797632,1783858488.073523,749.2999878
rollout/ep_len_mean,9830400,1783858492.904765,760.1699829
rollout/ep_len_mean,9863168,1783858497.759480,736.0100098
rollout/ep_len_mean,9895936,1783858502.633725,723.1599731
rollout/ep_len_mean,9928704,1783858507.406158,717.9799805
rollout/ep_len_mean,9961472,1783858512.183596,780.25
rollout/ep_len_mean,9994240,1783858516.884789,706.5599976
rollout/ep_len_mean,10027008,1783858521.626830,717.3400269
rollout/ep_len_mean,10059776,1783858526.520463,712.039978
rollout/ep_len_mean,10092544,1783858531.447026,691.2000122
rollout/ep_len_mean,10125312,1783858536.228214,718.6599731
rollout/ep_len_mean,10158080,1783858541.049685,751.3400269
rollout/ep_len_mean,10190848,1783858545.749615,747
rollout/ep_len_mean,10223616,1783858550.550421,716.4000244
rollout/ep_len_mean,10256384,1783858555.713273,749.2999878
rollout/ep_len_mean,10289152,1783858561.125243,759.7299805
rollout/ep_len_mean,10321920,1783858565.845678,772
rollout/ep_len_mean,10354688,1783858570.558721,745.5300293
rollout/ep_len_mean,10387456,1783858575.319398,718.2399902
rollout/ep_len_mean,10420224,1783858580.310853,726.7999878
rollout/ep_len_mean,10452992,1783858585.961603,697.5599976
rollout/ep_len_mean,10485760,1783858591.044585,638.4799805
rollout/ep_len_mean,10518528,1783858596.123461,684.2800293
rollout/ep_len_mean,10551296,1783858601.246824,746.0100098
rollout/ep_len_mean,10584064,1783858606.379306,765.5200195
rollout/ep_len_mean,10616832,1783858611.643347,811.8800049
rollout/ep_len_mean,10649600,1783858616.852129,737.1300049
rollout/ep_len_mean,10682368,1783858621.905816,702.4000244
rollout/ep_len_mean,10715136,1783858626.836248,738.4899902
rollout/ep_len_mean,10747904,1783858631.843627,734.039978
rollout/ep_len_mean,10780672,1783858636.884895,748.1199951
rollout/ep_len_mean,10813440,1783858641.940182,699.3499756
rollout/ep_len_mean,10846208,1783858646.978943,633.25
rollout/ep_len_mean,10878976,1783858651.952502,696.5
rollout/ep_len_mean,10911744,1783858657.181300,703.0800171
rollout/ep_len_mean,10944512,1783858662.286600,766.25
rollout/ep_len_mean,10977280,1783858667.319954,780.5100098
rollout/ep_len_mean,11010048,1783858672.524193,750.289978
rollout/ep_len_mean,11042816,1783858678.519952,719.210022
rollout/ep_len_mean,11075584,1783858683.584205,732.210022
rollout/ep_len_mean,11108352,1783858689.265467,752.9199829
rollout/ep_len_mean,11141120,1783858694.618013,787.6199951
rollout/ep_len_mean,11173888,1783858699.744105,739.9799805
rollout/ep_len_mean,11206656,1783858704.808362,684.5800171
rollout/ep_len_mean,11239424,1783858709.958326,691.789978
rollout/ep_len_mean,11272192,1783858714.910496,699.9099731
rollout/ep_len_mean,11304960,1783858719.796551,681.5300293
rollout/ep_len_mean,11337728,1783858724.899073,685.0200195
rollout/ep_len_mean,11370496,1783858730.034888,733.5499878
rollout/ep_len_mean,11403264,1783858735.162806,732.8400269
rollout/ep_len_mean,11436032,1783858740.202859,664.1300049
rollout/ep_len_mean,11468800,1783858745.073270,705.0999756
rollout/ep_len_mean,11501568,1783858749.975048,727.4699707
rollout/ep_len_mean,11534336,1783858754.842014,740.3699951
rollout/ep_len_mean,11567104,1783858759.528485,728.9899902
rollout/ep_len_mean,11599872,1783858764.213074,709.4400024
rollout/ep_len_mean,11632640,1783858769.051826,701
rollout/ep_len_mean,11665408,1783858773.777691,745.4699707
rollout/ep_len_mean,11698176,1783858778.557982,760.4699707
rollout/ep_len_mean,11730944,1783858783.254853,767.2299805
rollout/ep_len_mean,11763712,1783858788.016213,779.6799927
rollout/ep_len_mean,11796480,1783858792.806899,806.1099854
rollout/ep_len_mean,11829248,1783858797.778811,734.0999756
rollout/ep_len_mean,11862016,1783858802.563614,679.7000122
rollout/ep_len_mean,11894784,1783858807.413124,708.4099731
rollout/ep_len_mean,11927552,1783858812.172744,700.3499756
rollout/ep_len_mean,11960320,1783858817.041967,746.2600098
rollout/ep_len_mean,11993088,1783858821.805036,755.0800171
rollout/ep_len_mean,12025856,1783858826.624759,763.3200073
rollout/ep_len_mean,12058624,1783858831.348302,753.6500244
rollout/ep_len_mean,12091392,1783858836.359162,760.3599854
rollout/ep_len_mean,12124160,1783858841.234071,811.289978
rollout/ep_len_mean,12156928,1783858846.124837,781.0800171
rollout/ep_len_mean,12189696,1783858850.961144,742.6099854
rollout/ep_len_mean,12222464,1783858855.754063,744.5599976
rollout/ep_len_mean,12255232,1783858860.549982,777.0700073
rollout/ep_len_mean,12288000,1783858865.761498,764.25
rollout/ep_len_mean,12320768,1783858871.498918,679.4899902
rollout/ep_len_mean,12353536,1783858876.820829,679.4199829
rollout/ep_len_mean,12386304,1783858881.869062,655.6500244
rollout/ep_len_mean,12419072,1783858886.676968,658.9899902
rollout/ep_len_mean,12451840,1783858891.502850,697.289978
rollout/ep_len_mean,12484608,1783858896.345131,684.8400269
rollout/ep_len_mean,12517376,1783858901.148179,667.8800049
rollout/ep_len_mean,12550144,1783858905.972994,716.2399902
rollout/ep_len_mean,12582912,1783858910.699345,766.7399902
rollout/ep_len_mean,12615680,1783858915.421792,713.8599854
rollout/ep_len_mean,12648448,1783858920.261463,674.1099854
rollout/ep_len_mean,12681216,1783858925.099930,728.3800049
rollout/ep_len_mean,12713984,1783858929.930734,772.1400146
rollout/ep_len_mean,12746752,1783858934.847633,747.8800049
rollout/ep_len_mean,12779520,1783858939.729868,710.7999878
rollout/ep_len_mean,12812288,1783858944.299806,787.9799805
rollout/ep_len_mean,12845056,1783858948.965518,797.0599976
rollout/ep_len_mean,12877824,1783858953.596066,734.5300293
rollout/ep_len_mean,12910592,1783858958.214106,738.75
rollout/ep_len_mean,12943360,1783858962.854219,771.0100098
rollout/ep_len_mean,12976128,1783858967.535505,779.7000122
rollout/ep_len_mean,13008896,1783858972.187175,769.9199829
rollout/ep_len_mean,13041664,1783858977.247265,751.3699951
rollout/ep_len_mean,13074432,1783858982.388525,743.9799805
rollout/ep_len_mean,13107200,1783858987.334238,731.3200073
rollout/ep_len_mean,13139968,1783858993.007592,678.2999878
rollout/ep_len_mean,13172736,1783858998.101969,663.0100098
rollout/ep_len_mean,13205504,1783859002.777957,725.75
rollout/ep_len_mean,13238272,1783859007.469540,773.789978
rollout/ep_len_mean,13271040,1783859012.261327,777.9099731
rollout/ep_len_mean,13303808,1783859017.246677,792.9400024
rollout/ep_len_mean,13336576,1783859022.185235,859.039978
rollout/ep_len_mean,13369344,1783859026.897460,828.4000244
rollout/ep_len_mean,13402112,1783859031.595548,789.3699951
rollout/ep_len_mean,13434880,1783859036.393898,772.8200073
rollout/ep_len_mean,13467648,1783859041.085605,712.7199707
rollout/ep_len_mean,13500416,1783859045.786855,703.7999878
rollout/ep_len_mean,13533184,1783859050.477883,674.039978
rollout/ep_len_mean,13565952,1783859055.151952,699.3400269
rollout/ep_len_mean,13598720,1783859059.840905,724.2199707
rollout/ep_len_mean,13631488,1783859064.499197,773.1900024
rollout/ep_len_mean,13664256,1783859069.191096,735.2999878
rollout/ep_len_mean,13697024,1783859073.861590,728.75
rollout/ep_len_mean,13729792,1783859078.547190,759.5499878
rollout/ep_len_mean,13762560,1783859083.252342,803.3400269
rollout/ep_len_mean,13795328,1783859087.935114,762.9299927
rollout/ep_len_mean,13828096,1783859092.705651,763.789978
rollout/ep_len_mean,13860864,1783859097.593710,760.2000122
rollout/ep_len_mean,13893632,1783859102.348636,741.5200195
rollout/ep_len_mean,13926400,1783859107.026611,717.7700195
rollout/ep_len_mean,13959168,1783859111.743885,703.6799927
rollout/ep_len_mean,13991936,1783859116.460529,739.6300049
rollout/ep_len_mean,14024704,1783859121.176340,759.8900146
rollout/ep_len_mean,14057472,1783859125.861409,774.2700195
rollout/ep_len_mean,14090240,1783859130.844338,774.1199951
rollout/ep_len_mean,14123008,1783859135.887815,724.5800171
rollout/ep_len_mean,14155776,1783859140.711147,715.6099854
rollout/ep_len_mean,14188544,1783859145.445657,768.789978
rollout/ep_len_mean,14221312,1783859150.227643,763.7700195
rollout/ep_len_mean,14254080,1783859154.979534,776.210022
rollout/ep_len_mean,14286848,1783859159.926252,734.5900269
rollout/ep_len_mean,14319616,1783859164.928180,734.8900146
rollout/ep_len_mean,14352384,1783859169.617941,738.8099976
rollout/ep_len_mean,14385152,1783859174.400969,768.0599976
rollout/ep_len_mean,14417920,1783859179.110116,833.8400269
rollout/ep_len_mean,14450688,1783859183.816323,805.6300049
rollout/ep_len_mean,14483456,1783859188.545032,751.7700195
rollout/ep_len_mean,14516224,1783859193.538266,686.4400024
rollout/ep_len_mean,14548992,1783859199.106754,683.8900146
rollout/ep_len_mean,14581760,1783859203.872166,739.4199829
rollout/ep_len_mean,14614528,1783859208.713754,787.5300293
rollout/ep_len_mean,14647296,1783859213.403914,740.460022
rollout/ep_len_mean,14680064,1783859218.304501,770.4500122
rollout/ep_len_mean,14712832,1783859222.994093,799.5
rollout/ep_len_mean,14745600,1783859227.691802,781.6699829
rollout/ep_len_mean,14778368,1783859232.358924,779.6400146
rollout/ep_len_mean,14811136,1783859237.047439,771.2399902
rollout/ep_len_mean,14843904,1783859241.726420,724.7800293
rollout/ep_len_mean,14876672,1783859246.408933,744.7299805
rollout/ep_len_mean,14909440,1783859251.068770,799.0200195
rollout/ep_len_mean,14942208,1783859255.734078,812.3499756
rollout/ep_len_mean,14974976,1783859260.429871,772.0999756
rollout/ep_len_mean,15007744,1783859265.079463,765.789978
rollout/ep_len_mean,15040512,1783859269.736401,695.5
rollout/ep_len_mean,15073280,1783859274.393348,729.9000244
rollout/ep_len_mean,15106048,1783859279.289550,744.6400146
rollout/ep_len_mean,15138816,1783859283.957135,760.2999878
rollout/ep_len_mean,15171584,1783859288.873679,777.6099854
rollout/ep_len_mean,15204352,1783859293.899096,793.3300171
rollout/ep_len_mean,15237120,1783859298.642144,735.8900146
rollout/ep_len_mean,15269888,1783859303.483680,700.2700195
rollout/ep_len_mean,15302656,1783859308.339108,739.789978
rollout/ep_len_mean,15335424,1783859313.043832,728.4299927
rollout/ep_len_mean,15368192,1783859317.827411,673.4299927
rollout/ep_len_mean,15400960,1783859322.448026,746.960022
rollout/ep_len_mean,15433728,1783859327.220181,734.9899902
rollout/ep_len_mean,15466496,1783859332.116014,745.4500122
rollout/ep_len_mean,15499264,1783859337.891559,713.8800049
rollout/ep_len_mean,15532032,1783859342.497837,729.460022
rollout/ep_len_mean,15564800,1783859347.228024,726.1199951
rollout/ep_len_mean,15597568,1783859351.909226,705.75
rollout/ep_len_mean,15630336,1783859356.651391,687.2000122
rollout/ep_len_mean,15663104,1783859361.280862,716.0999756
rollout/ep_len_mean,15695872,1783859366.033065,742.8099976
rollout/ep_len_mean,15728640,1783859370.744361,781.1799927
rollout/ep_len_mean,15761408,1783859375.491518,746.4000244
rollout/ep_len_mean,15794176,1783859380.663949,733.0999756
rollout/ep_len_mean,15826944,1783859385.526179,703.210022
rollout/ep_len_mean,15859712,1783859390.250672,786.9099731
rollout/ep_len_mean,15892480,1783859395.231195,780.0200195
rollout/ep_len_mean,15925248,1783859400.287527,715.8900146
rollout/ep_len_mean,15958016,1783859405.212541,751.4500122
rollout/ep_len_mean,15990784,1783859410.130371,754.6500244
rollout/ep_len_mean,16023552,1783859415.091366,718.0800171
rollout/ep_len_mean,16056320,1783859419.883929,713.5700073
rollout/ep_len_mean,16089088,1783859424.663869,766.0900269
rollout/ep_len_mean,16121856,1783859429.445321,814.0800171
rollout/ep_len_mean,16154624,1783859434.320997,782.8099976
rollout/ep_len_mean,16187392,1783859439.100672,785.8699951
rollout/ep_len_mean,16220160,1783859443.859817,787.4500122
rollout/ep_len_mean,16252928,1783859448.917203,751.1199951
rollout/ep_len_mean,16285696,1783859453.641620,711.5700073
rollout/ep_len_mean,16318464,1783859458.555108,679.9699707
rollout/ep_len_mean,16351232,1783859463.491932,703.6699829
rollout/ep_len_mean,16384000,1783859468.520879,744.7800293
rollout/ep_len_mean,16416768,1783859473.460641,729.2000122
rollout/ep_len_mean,16449536,1783859478.205667,733.3200073
rollout/ep_len_mean,16482304,1783859482.980788,747.6799927
rollout/ep_len_mean,16515072,1783859487.910114,792.539978
rollout/ep_len_mean,16547840,1783859492.985383,730.2000122
rollout/ep_len_mean,16580608,1783859497.958820,659.6699829
rollout/ep_len_mean,16613376,1783859502.892914,746.4400024
rollout/ep_len_mean,16646144,1783859507.851375,755.7800293
rollout/ep_len_mean,16678912,1783859512.776195,704.0300293
rollout/ep_len_mean,16711680,1783859517.839941,729.8699951
rollout/ep_len_mean,16744448,1783859522.969099,733.7199707
rollout/ep_len_mean,16777216,1783859527.990935,748.4000244
rollout/ep_len_mean,16809984,1783859532.939564,742.539978
rollout/ep_len_mean,16842752,1783859537.708981,768.210022
rollout/ep_len_mean,16875520,1783859542.425267,756.8099976
rollout/ep_len_mean,16908288,1783859547.175319,786.4899902
rollout/ep_len_mean,16941056,1783859551.918096,795.2600098
rollout/ep_len_mean,16973824,1783859556.642493,806.3599854
rollout/ep_len_mean,17006592,1783859561.382359,807.4699707
rollout/ep_len_mean,17039360,1783859566.083335,778.9699707
rollout/ep_len_mean,17072128,1783859570.911716,836.7399902
rollout/ep_len_mean,17104896,1783859575.721285,823.3699951
rollout/ep_len_mean,17137664,1783859580.864963,786.8499756
rollout/ep_len_mean,17170432,1783859586.010901,769.3300171
rollout/ep_len_mean,17203200,1783859590.721285,786.2700195
rollout/ep_len_mean,17235968,1783859595.312853,815.3699951
rollout/ep_len_mean,17268736,1783859599.900509,836.8599854
rollout/ep_len_mean,17301504,1783859604.447170,846.9699707
rollout/ep_len_mean,17334272,1783859609.098055,839.8699951
rollout/ep_len_mean,17367040,1783859613.691039,764.3300171
rollout/ep_len_mean,17399808,1783859618.279054,793.8400269
rollout/ep_len_mean,17432576,1783859622.859027,784.0599976
rollout/ep_len_mean,17465344,1783859627.442829,790.039978
rollout/ep_len_mean,17498112,1783859631.989928,790.0100098
rollout/ep_len_mean,17530880,1783859636.819664,797.3599854
rollout/ep_len_mean,17563648,1783859641.736864,732.5900269
rollout/ep_len_mean,17596416,1783859646.747352,746.7000122
rollout/ep_len_mean,17629184,1783859651.740453,740.2000122
rollout/ep_len_mean,17661952,1783859656.957155,781.4500122
rollout/ep_len_mean,17694720,1783859661.966151,810.6199951
rollout/ep_len_mean,17727488,1783859667.062407,782.6599731
rollout/ep_len_mean,17760256,1783859672.106384,767.5999756
rollout/ep_len_mean,17793024,1783859677.030284,796.0200195
rollout/ep_len_mean,17825792,1783859681.935695,815.0300293
rollout/ep_len_mean,17858560,1783859686.557388,802.2199707
rollout/ep_len_mean,17891328,1783859691.427269,826.1599731
rollout/ep_len_mean,17924096,1783859696.419139,801.0999756
rollout/ep_len_mean,17956864,1783859701.416704,829.0100098
rollout/ep_len_mean,17989632,1783859706.316849,819.7800293
rollout/ep_len_mean,18022400,1783859711.153062,829.289978
rollout/ep_len_mean,18055168,1783859716.111254,822.3699951
rollout/ep_len_mean,18087936,1783859720.982220,817.710022
rollout/ep_len_mean,18120704,1783859725.942430,807.2600098
rollout/ep_len_mean,18153472,1783859730.932780,798.1300049
rollout/ep_len_mean,18186240,1783859735.986670,787.9400024
rollout/ep_len_mean,18219008,1783859741.213500,817.4099731
rollout/ep_len_mean,18251776,1783859746.787316,838.5100098
rollout/ep_len_mean,18284544,1783859751.591025,843.539978
rollout/ep_len_mean,18317312,1783859756.474650,809.5499878
rollout/ep_len_mean,18350080,1783859761.156658,791.4099731
rollout/ep_len_mean,18382848,1783859765.867030,822.3400269
rollout/ep_len_mean,18415616,1783859770.544692,771.3800049
rollout/ep_len_mean,18448384,1783859775.396876,751.289978
rollout/ep_len_mean,18481152,1783859780.146092,844.4199829
rollout/ep_len_mean,18513920,1783859784.861272,841.0100098
rollout/ep_len_mean,18546688,1783859789.762463,824.6099854
rollout/ep_len_mean,18579456,1783859794.499478,836.1799927
rollout/ep_len_mean,18612224,1783859799.181893,865.3800049
rollout/ep_len_mean,18644992,1783859804.131386,884.0200195
rollout/ep_len_mean,18677760,1783859808.850530,855.8599854
rollout/ep_len_mean,18710528,1783859813.515894,858.8699951
rollout/ep_len_mean,18743296,1783859818.441224,848.5700073
rollout/ep_len_mean,18776064,1783859822.932961,815.7700195
rollout/ep_len_mean,18808832,1783859827.523473,789.6099854
rollout/ep_len_mean,18841600,1783859832.036507,818.2299805
rollout/ep_len_mean,18874368,1783859836.995547,816.789978
rollout/ep_len_mean,18907136,1783859841.919760,845.3699951
rollout/ep_len_mean,18939904,1783859846.990808,818.4699707
rollout/ep_len_mean,18972672,1783859851.944572,812.8200073
rollout/ep_len_mean,19005440,1783859856.925187,746.8699951
rollout/ep_len_mean,19038208,1783859861.554832,760.5999756
rollout/ep_len_mean,19070976,1783859866.147930,844.9500122
rollout/ep_len_mean,19103744,1783859870.853196,820.0499878
rollout/ep_len_mean,19136512,1783859875.537907,765.2399902
rollout/ep_len_mean,19169280,1783859880.141555,749.9500122
rollout/ep_len_mean,19202048,1783859884.778829,723.4199829
rollout/ep_len_mean,19234816,1783859889.458705,743.8599854
rollout/ep_len_mean,19267584,1783859894.142412,808.9299927
rollout/ep_len_mean,19300352,1783859898.810317,811.6599731
rollout/ep_len_mean,19333120,1783859903.394972,797.6599731
rollout/ep_len_mean,19365888,1783859907.936317,766.75
rollout/ep_len_mean,19398656,1783859912.503159,783.2000122
rollout/ep_len_mean,19431424,1783859917.012303,798.9199829
rollout/ep_len_mean,19464192,1783859921.532685,809.6500244
rollout/ep_len_mean,19496960,1783859926.035969,800.9099731
rollout/ep_len_mean,19529728,1783859930.584255,846.5
rollout/ep_len_mean,19562496,1783859935.113714,823.0300293
rollout/ep_len_mean,19595264,1783859939.862631,805.8699951
rollout/ep_len_mean,19628032,1783859944.307936,792.0499878
rollout/ep_len_mean,19660800,1783859948.763742,779.2700195
rollout/ep_len_mean,19693568,1783859953.200660,770.7199707
rollout/ep_len_mean,19726336,1783859957.625353,790.210022
rollout/ep_len_mean,19759104,1783859962.034843,794.8499756
rollout/ep_len_mean,19791872,1783859966.490422,830.4000244
rollout/ep_len_mean,19824640,1783859970.947915,797.9299927
rollout/ep_len_mean,19857408,1783859975.474382,757.8900146
rollout/ep_len_mean,19890176,1783859979.886254,782.1300049
rollout/ep_len_mean,19922944,1783859984.372083,803.7800293
rollout/ep_len_mean,19955712,1783859988.850356,821.9400024
rollout/ep_len_mean,19988480,1783859993.299633,807.789978
rollout/ep_len_mean,20021248,1783859997.993835,830.1199951
rollout/ep_rew_mean,32768,1783857059.425177,2.605924129
rollout/ep_rew_mean,65536,1783857064.785664,2.778626442
rollout/ep_rew_mean,98304,1783857069.726870,2.632706165
rollout/ep_rew_mean,131072,1783857074.477074,3.096478939
rollout/ep_rew_mean,163840,1783857079.686722,3.241154432
rollout/ep_rew_mean,196608,1783857084.633458,4.186739445
rollout/ep_rew_mean,229376,1783857089.485641,3.622858047
rollout/ep_rew_mean,262144,1783857094.402396,5.160392284
rollout/ep_rew_mean,294912,1783857099.309438,4.974143505
rollout/ep_rew_mean,327680,1783857104.132767,6.136240482
rollout/ep_rew_mean,360448,1783857108.928506,5.551055431
rollout/ep_rew_mean,393216,1783857113.752022,5.171608448
rollout/ep_rew_mean,425984,1783857118.682911,6.384201527
rollout/ep_rew_mean,458752,1783857123.447582,7.353424072
rollout/ep_rew_mean,491520,1783857128.161149,6.025593758
rollout/ep_rew_mean,524288,1783857132.992515,7.396754265
rollout/ep_rew_mean,557056,1783857137.862273,6.519942284
rollout/ep_rew_mean,589824,1783857142.783162,8.224350929
rollout/ep_rew_mean,622592,1783857147.669881,8.061899185
rollout/ep_rew_mean,655360,1783857152.629700,7.297273636
rollout/ep_rew_mean,688128,1783857157.579987,7.34761858
rollout/ep_rew_mean,720896,1783857162.504902,7.727194309
rollout/ep_rew_mean,753664,1783857167.410173,8.247103691
rollout/ep_rew_mean,786432,1783857172.318515,7.652410507
rollout/ep_rew_mean,819200,1783857177.394898,7.03678894
rollout/ep_rew_mean,851968,1783857182.358319,7.581231117
rollout/ep_rew_mean,884736,1783857187.195172,8.908421516
rollout/ep_rew_mean,917504,1783857192.005605,9.54567337
rollout/ep_rew_mean,950272,1783857196.927858,9.11060524
rollout/ep_rew_mean,983040,1783857201.893732,8.027992249
rollout/ep_rew_mean,1015808,1783857206.574271,8.191530228
rollout/ep_rew_mean,1048576,1783857211.308824,9.524669647
rollout/ep_rew_mean,1081344,1783857215.981936,9.782614708
rollout/ep_rew_mean,1114112,1783857220.900472,9.2685709
rollout/ep_rew_mean,1146880,1783857225.960196,9.812397003
rollout/ep_rew_mean,1179648,1783857231.006875,8.418040276
rollout/ep_rew_mean,1212416,1783857236.118564,8.52493763
rollout/ep_rew_mean,1245184,1783857241.216577,8.538125992
rollout/ep_rew_mean,1277952,1783857246.156772,8.895359039
rollout/ep_rew_mean,1310720,1783857250.718112,7.726610184
rollout/ep_rew_mean,1343488,1783857255.437483,8.944542885
rollout/ep_rew_mean,1376256,1783857260.076054,9.379231453
rollout/ep_rew_mean,1409024,1783857264.592802,8.477079391
rollout/ep_rew_mean,1441792,1783857269.094397,8.144828796
rollout/ep_rew_mean,1474560,1783857273.644388,8.986588478
rollout/ep_rew_mean,1507328,1783857278.501944,9.412060738
rollout/ep_rew_mean,1540096,1783857283.027846,9.960756302
rollout/ep_rew_mean,1572864,1783857287.561672,8.613125801
rollout/ep_rew_mean,1605632,1783857292.216866,8.803126335
rollout/ep_rew_mean,1638400,1783857297.014339,9.188694954
rollout/ep_rew_mean,1671168,1783857301.569534,8.490358353
rollout/ep_rew_mean,1703936,1783857306.128333,9.839766502
rollout/ep_rew_mean,1736704,1783857310.624030,8.886978149
rollout/ep_rew_mean,1769472,1783857315.437481,8.630246162
rollout/ep_rew_mean,1802240,1783857320.015324,9.825464249
rollout/ep_rew_mean,1835008,1783857324.663052,9.780509949
rollout/ep_rew_mean,1867776,1783857329.379726,9.802249908
rollout/ep_rew_mean,1900544,1783857334.103571,11.34568214
rollout/ep_rew_mean,1933312,1783857338.730858,11.12901402
rollout/ep_rew_mean,1966080,1783857343.722795,9.793159485
rollout/ep_rew_mean,1998848,1783857348.513260,9.556519508
rollout/ep_rew_mean,2031616,1783857353.301523,9.412873268
rollout/ep_rew_mean,2064384,1783857358.239294,9.413532257
rollout/ep_rew_mean,2097152,1783857363.056152,8.870204926
rollout/ep_rew_mean,2129920,1783857367.790703,8.895271301
rollout/ep_rew_mean,2162688,1783857372.604035,8.299042702
rollout/ep_rew_mean,2195456,1783857377.516874,9.133138657
rollout/ep_rew_mean,2228224,1783857382.468363,9.115666389
rollout/ep_rew_mean,2260992,1783857387.329098,10.672616
rollout/ep_rew_mean,2293760,1783857392.368360,10.85438347
rollout/ep_rew_mean,2326528,1783857397.277025,11.37145805
rollout/ep_rew_mean,2359296,1783857402.123753,10.86110306
rollout/ep_rew_mean,2392064,1783857406.964272,9.971606255
rollout/ep_rew_mean,2424832,1783857411.866571,9.864196777
rollout/ep_rew_mean,2457600,1783857416.814884,10.19404697
rollout/ep_rew_mean,2490368,1783857421.490652,10.66596508
rollout/ep_rew_mean,2523136,1783857426.272637,10.38269043
rollout/ep_rew_mean,2555904,1783857431.158587,10.47838879
rollout/ep_rew_mean,2588672,1783857436.125489,9.170998573
rollout/ep_rew_mean,2621440,1783857440.974836,9.818216324
rollout/ep_rew_mean,2654208,1783857445.786437,10.86356258
rollout/ep_rew_mean,2686976,1783857450.774791,11.21898842
rollout/ep_rew_mean,2719744,1783857455.631913,10.72623825
rollout/ep_rew_mean,2752512,1783857460.451099,11.47555637
rollout/ep_rew_mean,2785280,1783857465.149863,12.25246239
rollout/ep_rew_mean,2818048,1783857470.042651,11.78734684
rollout/ep_rew_mean,2850816,1783857474.916313,11.86005688
rollout/ep_rew_mean,2883584,1783857479.919378,11.94773293
rollout/ep_rew_mean,2916352,1783857485.095447,11.17680931
rollout/ep_rew_mean,2949120,1783857490.083402,10.25010109
rollout/ep_rew_mean,2981888,1783857494.959344,10.78187466
rollout/ep_rew_mean,3014656,1783857499.938996,11.13463306
rollout/ep_rew_mean,3047424,1783857504.735672,12.3240118
rollout/ep_rew_mean,3080192,1783857509.497634,10.73914719
rollout/ep_rew_mean,3112960,1783857514.279327,10.51084614
rollout/ep_rew_mean,3145728,1783857519.080624,11.84078407
rollout/ep_rew_mean,3178496,1783857523.837728,13.30329895
rollout/ep_rew_mean,3211264,1783857528.596675,12.88316536
rollout/ep_rew_mean,3244032,1783857533.211202,12.7612505
rollout/ep_rew_mean,3276800,1783857538.113614,10.66338539
rollout/ep_rew_mean,3309568,1783857542.998526,11.54637051
rollout/ep_rew_mean,3342336,1783857547.769318,13.58897018
rollout/ep_rew_mean,3375104,1783857552.341341,12.11630249
rollout/ep_rew_mean,3407872,1783857557.043401,10.55035591
rollout/ep_rew_mean,3440640,1783857561.987502,12.68519306
rollout/ep_rew_mean,3473408,1783857566.719305,12.48927307
rollout/ep_rew_mean,3506176,1783857571.450908,13.05867386
rollout/ep_rew_mean,3538944,1783857576.311571,12.97077942
rollout/ep_rew_mean,3571712,1783857581.050513,11.02326488
rollout/ep_rew_mean,3604480,1783857585.763808,10.97585583
rollout/ep_rew_mean,3637248,1783857590.334933,12.95035458
rollout/ep_rew_mean,3670016,1783857594.897836,13.30935955
rollout/ep_rew_mean,3702784,1783857599.544904,12.26168823
rollout/ep_rew_mean,3735552,1783857604.191851,12.62683582
rollout/ep_rew_mean,3768320,1783857608.797199,11.89915371
rollout/ep_rew_mean,3801088,1783857613.383726,11.82904816
rollout/ep_rew_mean,3833856,1783857618.062110,12.42046833
rollout/ep_rew_mean,3866624,1783857622.966780,13.73459148
rollout/ep_rew_mean,3899392,1783857627.927137,12.41029549
rollout/ep_rew_mean,3932160,1783857632.685254,13.98344421
rollout/ep_rew_mean,3964928,1783857637.356972,14.48154068
rollout/ep_rew_mean,3997696,1783857641.802452,11.78496838
rollout/ep_rew_mean,4030464,1783857646.296656,13.33834839
rollout/ep_rew_mean,4063232,1783857651.090957,14.03530025
rollout/ep_rew_mean,4096000,1783857655.726323,15.67318153
rollout/ep_rew_mean,4128768,1783857660.462182,16.14535713
rollout/ep_rew_mean,4161536,1783857665.453884,14.51056004
rollout/ep_rew_mean,4194304,1783857670.410408,15.15110588
rollout/ep_rew_mean,4227072,1783857675.171152,15.15067577
rollout/ep_rew_mean,4259840,1783857679.966363,15.53509045
rollout/ep_rew_mean,4292608,1783857684.747002,15.65081978
rollout/ep_rew_mean,4325376,1783857689.502088,15.22899818
rollout/ep_rew_mean,4358144,1783857694.252114,15.00264645
rollout/ep_rew_mean,4390912,1783857699.013710,12.75993443
rollout/ep_rew_mean,4423680,1783857703.767384,13.75762367
rollout/ep_rew_mean,4456448,1783857708.508115,17.35737991
rollout/ep_rew_mean,4489216,1783857713.231988,17.52207375
rollout/ep_rew_mean,4521984,1783857718.049321,13.32325554
rollout/ep_rew_mean,4554752,1783857722.906109,13.75511265
rollout/ep_rew_mean,4587520,1783857727.678521,14.46579456
rollout/ep_rew_mean,4620288,1783857732.427052,15.59499645
rollout/ep_rew_mean,4653056,1783857737.169097,15.12237072
rollout/ep_rew_mean,4685824,1783857742.002457,14.07976437
rollout/ep_rew_mean,4718592,1783857746.981174,14.27896309
rollout/ep_rew_mean,4751360,1783857751.951411,15.75052357
rollout/ep_rew_mean,4784128,1783857756.860239,16.74660873
rollout/ep_rew_mean,4816896,1783857761.942063,16.07295036
rollout/ep_rew_mean,4849664,1783857766.833257,12.95016479
rollout/ep_rew_mean,4882432,1783857771.754932,14.48113823
rollout/ep_rew_mean,4915200,1783857776.863530,14.96382904
rollout/ep_rew_mean,4947968,1783857781.837957,12.92344475
rollout/ep_rew_mean,4980736,1783857786.774863,12.09360218
rollout/ep_rew_mean,5013504,1783857791.769285,14.86048317
rollout/ep_rew_mean,5046272,1783857796.673191,17.00538635
rollout/ep_rew_mean,5079040,1783857801.350698,15.83166027
rollout/ep_rew_mean,5111808,1783857806.140569,15.57094479
rollout/ep_rew_mean,5144576,1783857811.010217,15.47180462
rollout/ep_rew_mean,5177344,1783857815.885513,15.69491386
rollout/ep_rew_mean,5210112,1783857820.663366,16.03641891
rollout/ep_rew_mean,5242880,1783857825.649953,15.82304668
rollout/ep_rew_mean,5275648,1783857830.538882,14.34986115
rollout/ep_rew_mean,5308416,1783857835.301217,14.26470089
rollout/ep_rew_mean,5341184,1783857839.945198,16.69307518
rollout/ep_rew_mean,5373952,1783857844.384521,18.03969765
rollout/ep_rew_mean,5406720,1783857848.821503,17.10765457
rollout/ep_rew_mean,5439488,1783857853.254363,17.09155655
rollout/ep_rew_mean,5472256,1783857857.718041,16.98008347
rollout/ep_rew_mean,5505024,1783857862.181745,16.9235878
rollout/ep_rew_mean,5537792,1783857866.630887,17.11085129
rollout/ep_rew_mean,5570560,1783857871.068786,16.81869888
rollout/ep_rew_mean,5603328,1783857875.537282,16.71458626
rollout/ep_rew_mean,5636096,1783857879.977457,18.01453018
rollout/ep_rew_mean,5668864,1783857884.576545,18.99876785
rollout/ep_rew_mean,5701632,1783857889.404993,17.36389542
rollout/ep_rew_mean,5734400,1783857894.014422,16.17902374
rollout/ep_rew_mean,5767168,1783857898.650273,16.70740128
rollout/ep_rew_mean,5799936,1783857903.315305,16.89954185
rollout/ep_rew_mean,5832704,1783857908.037065,17.19141579
rollout/ep_rew_mean,5865472,1783857912.703996,16.61929512
rollout/ep_rew_mean,5898240,1783857917.389951,17.27803421
rollout/ep_rew_mean,5931008,1783857922.020701,17.54959869
rollout/ep_rew_mean,5963776,1783857926.689514,17.33895683
rollout/ep_rew_mean,5996544,1783857931.424515,15.2558136
rollout/ep_rew_mean,6029312,1783857936.226265,15.91220474
rollout/ep_rew_mean,6062080,1783857940.894399,18.60979652
rollout/ep_rew_mean,6094848,1783857945.520200,18.91647148
rollout/ep_rew_mean,6127616,1783857950.219113,17.17909622
rollout/ep_rew_mean,6160384,1783857955.005448,17.12908554
rollout/ep_rew_mean,6193152,1783857959.800710,16.95711517
rollout/ep_rew_mean,6225920,1783857965.482450,17.59428978
rollout/ep_rew_mean,6258688,1783857970.247764,17.50263786
rollout/ep_rew_mean,6291456,1783857974.849978,16.86052322
rollout/ep_rew_mean,6324224,1783857979.429687,15.16687679
rollout/ep_rew_mean,6356992,1783857984.019488,14.37290192
rollout/ep_rew_mean,6389760,1783857988.716669,16.40763855
rollout/ep_rew_mean,6422528,1783857993.454708,17.78307724
rollout/ep_rew_mean,6455296,1783857998.186116,17.43265343
rollout/ep_rew_mean,6488064,1783858002.775335,15.83712196
rollout/ep_rew_mean,6520832,1783858007.587915,16.35490608
rollout/ep_rew_mean,6553600,1783858012.275977,17.73940468
rollout/ep_rew_mean,6586368,1783858017.021095,17.46382713
rollout/ep_rew_mean,6619136,1783858022.214029,17.07202911
rollout/ep_rew_mean,6651904,1783858026.940213,17.65218735
rollout/ep_rew_mean,6684672,1783858031.777947,16.96553802
rollout/ep_rew_mean,6717440,1783858036.658185,15.72090054
rollout/ep_rew_mean,6750208,1783858041.144185,17.46598816
rollout/ep_rew_mean,6782976,1783858045.625962,18.69280243
rollout/ep_rew_mean,6815744,1783858050.110787,17.97709656
rollout/ep_rew_mean,6848512,1783858054.547130,17.70127106
rollout/ep_rew_mean,6881280,1783858059.075930,17.27875137
rollout/ep_rew_mean,6914048,1783858063.569206,16.90865326
rollout/ep_rew_mean,6946816,1783858068.135770,16.96006584
rollout/ep_rew_mean,6979584,1783858072.781819,17.48317146
rollout/ep_rew_mean,7012352,1783858077.337443,19.47326851
rollout/ep_rew_mean,7045120,1783858081.967943,18.48068047
rollout/ep_rew_mean,7077888,1783858086.553151,17.03383827
rollout/ep_rew_mean,7110656,1783858091.244866,16.99967957
rollout/ep_rew_mean,7143424,1783858095.902933,18.39473343
rollout/ep_rew_mean,7176192,1783858100.534966,18.56788635
rollout/ep_rew_mean,7208960,1783858105.189724,17.91447639
rollout/ep_rew_mean,7241728,1783858109.879302,16.44269753
rollout/ep_rew_mean,7274496,1783858114.723268,17.77678871
rollout/ep_rew_mean,7307264,1783858119.400888,18.17378235
rollout/ep_rew_mean,7340032,1783858124.062507,18.21677971
rollout/ep_rew_mean,7372800,1783858128.909813,18.05673981
rollout/ep_rew_mean,7405568,1783858133.577041,18.15576363
rollout/ep_rew_mean,7438336,1783858138.260385,17.17310905
rollout/ep_rew_mean,7471104,1783858142.869963,16.90130997
rollout/ep_rew_mean,7503872,1783858147.497345,17.65265083
rollout/ep_rew_mean,7536640,1783858152.116537,16.04133224
rollout/ep_rew_mean,7569408,1783858156.700929,16.98780632
rollout/ep_rew_mean,7602176,1783858161.276912,18.13715363
rollout/ep_rew_mean,7634944,1783858165.941330,19.51223755
rollout/ep_rew_mean,7667712,1783858170.544461,20.623209
rollout/ep_rew_mean,7700480,1783858175.146178,19.01707077
rollout/ep_rew_mean,7733248,1783858179.786000,18.61361504
rollout/ep_rew_mean,7766016,1783858184.591823,18.67469597
rollout/ep_rew_mean,7798784,1783858189.381907,17.26703835
rollout/ep_rew_mean,7831552,1783858194.176578,18.09836388
rollout/ep_rew_mean,7864320,1783858199.157174,19.97507095
rollout/ep_rew_mean,7897088,1783858204.019992,17.50796318
rollout/ep_rew_mean,7929856,1783858209.553691,17.36607552
rollout/ep_rew_mean,7962624,1783858214.504055,18.19953156
rollout/ep_rew_mean,7995392,1783858219.321086,18.63585854
rollout/ep_rew_mean,8028160,1783858224.278028,18.13211823
rollout/ep_rew_mean,8060928,1783858229.404410,15.56801987
rollout/ep_rew_mean,8093696,1783858234.172642,16.69445419
rollout/ep_rew_mean,8126464,1783858239.283587,17.82871819
rollout/ep_rew_mean,8159232,1783858244.108280,17.52217293
rollout/ep_rew_mean,8192000,1783858248.924736,18.15662766
rollout/ep_rew_mean,8224768,1783858253.759549,19.87748337
rollout/ep_rew_mean,8257536,1783858258.822712,20.74172974
rollout/ep_rew_mean,8290304,1783858263.787242,18.85154533
rollout/ep_rew_mean,8323072,1783858268.653579,18.45560265
rollout/ep_rew_mean,8355840,1783858273.479510,19.92034721
rollout/ep_rew_mean,8388608,1783858278.291475,18.58299446
rollout/ep_rew_mean,8421376,1783858283.127066,20.25843811
rollout/ep_rew_mean,8454144,1783858287.889700,20.69802856
rollout/ep_rew_mean,8486912,1783858292.645985,19.79905891
rollout/ep_rew_mean,8519680,1783858297.598594,18.06953239
rollout/ep_rew_mean,8552448,1783858302.427455,18.67753792
rollout/ep_rew_mean,8585216,1783858307.277148,19.85894585
rollout/ep_rew_mean,8617984,1783858312.429425,21.08669853
rollout/ep_rew_mean,8650752,1783858317.555002,20.66870117
rollout/ep_rew_mean,8683520,1783858322.547081,18.9842968
rollout/ep_rew_mean,8716288,1783858327.455148,16.85840797
rollout/ep_rew_mean,8749056,1783858332.354590,17.91298103
rollout/ep_rew_mean,8781824,1783858337.212268,16.70869637
rollout/ep_rew_mean,8814592,1783858342.083676,19.3184948
rollout/ep_rew_mean,8847360,1783858346.964591,20.97601318
rollout/ep_rew_mean,8880128,1783858351.840793,19.65911865
rollout/ep_rew_mean,8912896,1783858356.831318,18.77908134
rollout/ep_rew_mean,8945664,1783858361.764887,20.3870697
rollout/ep_rew_mean,8978432,1783858366.599372,20.6730175
rollout/ep_rew_mean,9011200,1783858371.564831,18.53281403
rollout/ep_rew_mean,9043968,1783858376.475366,18.19269753
rollout/ep_rew_mean,9076736,1783858381.320358,19.02219772
rollout/ep_rew_mean,9109504,1783858386.263706,19.56972122
rollout/ep_rew_mean,9142272,1783858391.246193,18.69977379
rollout/ep_rew_mean,9175040,1783858395.920698,17.20300865
rollout/ep_rew_mean,9207808,1783858400.597212,16.99060249
rollout/ep_rew_mean,9240576,1783858405.289582,18.08696747
rollout/ep_rew_mean,9273344,1783858410.128373,21.12083244
rollout/ep_rew_mean,9306112,1783858415.299202,19.50566292
rollout/ep_rew_mean,9338880,1783858420.309207,17.8374939
rollout/ep_rew_mean,9371648,1783858425.256665,18.87292671
rollout/ep_rew_mean,9404416,1783858430.272286,20.52557564
rollout/ep_rew_mean,9437184,1783858435.054159,20.37250519
rollout/ep_rew_mean,9469952,1783858440.037344,18.91341972
rollout/ep_rew_mean,9502720,1783858444.819103,19.31274796
rollout/ep_rew_mean,9535488,1783858449.681246,20.56489563
rollout/ep_rew_mean,9568256,1783858454.586460,20.9083004
rollout/ep_rew_mean,9601024,1783858459.365651,20.08691216
rollout/ep_rew_mean,9633792,1783858464.301690,21.56703377
rollout/ep_rew_mean,9666560,1783858469.164559,19.41184425
rollout/ep_rew_mean,9699328,1783858473.873053,18.56835365
rollout/ep_rew_mean,9732096,1783858478.575768,19.29183006
rollout/ep_rew_mean,9764864,1783858483.372239,19.96757507
rollout/ep_rew_mean,9797632,1783858488.073540,20.39418221
rollout/ep_rew_mean,9830400,1783858492.904784,20.48575401
rollout/ep_rew_mean,9863168,1783858497.759497,19.51187515
rollout/ep_rew_mean,9895936,1783858502.633742,19.33889771
rollout/ep_rew_mean,9928704,1783858507.406174,19.50940514
rollout/ep_rew_mean,9961472,1783858512.183616,21.37190247
rollout/ep_rew_mean,9994240,1783858516.884811,19.03890038
rollout/ep_rew_mean,10027008,1783858521.626848,19.44683456
rollout/ep_rew_mean,10059776,1783858526.520483,19.49507332
rollout/ep_rew_mean,10092544,1783858531.447042,18.80547333
rollout/ep_rew_mean,10125312,1783858536.228230,19.36973381
rollout/ep_rew_mean,10158080,1783858541.049700,20.51339912
rollout/ep_rew_mean,10190848,1783858545.749634,20.48838043
rollout/ep_rew_mean,10223616,1783858550.550437,19.62687683
rollout/ep_rew_mean,10256384,1783858555.713294,20.47194862
rollout/ep_rew_mean,10289152,1783858561.125262,20.8354435
rollout/ep_rew_mean,10321920,1783858565.845694,21.33079147
rollout/ep_rew_mean,10354688,1783858570.558737,20.56640816
rollout/ep_rew_mean,10387456,1783858575.319416,19.65481186
rollout/ep_rew_mean,10420224,1783858580.310871,20.04656792
rollout/ep_rew_mean,10452992,1783858585.961634,19.17431831
rollout/ep_rew_mean,10485760,1783858591.044601,17.39014244
rollout/ep_rew_mean,10518528,1783858596.123477,18.665411
rollout/ep_rew_mean,10551296,1783858601.246844,20.49962044
rollout/ep_rew_mean,10584064,1783858606.379322,21.01726913
rollout/ep_rew_mean,10616832,1783858611.643363,22.53880882
rollout/ep_rew_mean,10649600,1783858616.852154,20.2315712
rollout/ep_rew_mean,10682368,1783858621.905832,19.18639755
rollout/ep_rew_mean,10715136,1783858626.836264,20.09851265
rollout/ep_rew_mean,10747904,1783858631.843643,20.03764534
rollout/ep_rew_mean,10780672,1783858636.884914,20.43947983
rollout/ep_rew_mean,10813440,1783858641.940201,19.24126625
rollout/ep_rew_mean,10846208,1783858646.978959,17.38494873
rollout/ep_rew_mean,10878976,1783858651.952518,19.10970116
rollout/ep_rew_mean,10911744,1783858657.181317,19.22905731
rollout/ep_rew_mean,10944512,1783858662.286618,21.1907444
rollout/ep_rew_mean,10977280,1783858667.319972,21.44190788
rollout/ep_rew_mean,11010048,1783858672.524212,20.53862572
rollout/ep_rew_mean,11042816,1783858678.519970,19.5964756
rollout/ep_rew_mean,11075584,1783858683.584224,20.01940155
rollout/ep_rew_mean,11108352,1783858689.265486,20.83209038
rollout/ep_rew_mean,11141120,1783858694.618031,21.83016205
rollout/ep_rew_mean,11173888,1783858699.744126,20.35594749
rollout/ep_rew_mean,11206656,1783858704.808382,18.5943718
rollout/ep_rew_mean,11239424,1783858709.958346,18.90098953
rollout/ep_rew_mean,11272192,1783858714.910514,19.10419464
rollout/ep_rew_mean,11304960,1783858719.796567,18.52755165
rollout/ep_rew_mean,11337728,1783858724.899089,18.68777275
rollout/ep_rew_mean,11370496,1783858730.034908,20.04165649
rollout/ep_rew_mean,11403264,1783858735.162822,20.24547768
rollout/ep_rew_mean,11436032,1783858740.202885,18.2316227
rollout/ep_rew_mean,11468800,1783858745.073305,19.2479496
rollout/ep_rew_mean,11501568,1783858749.975065,20.08076286
rollout/ep_rew_mean,11534336,1783858754.842034,20.3458004
rollout/ep_rew_mean,11567104,1783858759.528502,20.09191704
rollout/ep_rew_mean,11599872,1783858764.213091,19.69867516
rollout/ep_rew_mean,11632640,1783858769.051846,19.43203926
rollout/ep_rew_mean,11665408,1783858773.777708,20.6716423
rollout/ep_rew_mean,11698176,1783858778.557999,21.11486816
rollout/ep_rew_mean,11730944,1783858783.254870,21.09763908
rollout/ep_rew_mean,11763712,1783858788.016233,21.27672386
rollout/ep_rew_mean,11796480,1783858792.806915,22.20530701
rollout/ep_rew_mean,11829248,1783858797.778827,20.36462402
rollout/ep_rew_mean,11862016,1783858802.563634,18.60379028
rollout/ep_rew_mean,11894784,1783858807.413156,19.61876869
rollout/ep_rew_mean,11927552,1783858812.172761,19.469347
rollout/ep_rew_mean,11960320,1783858817.041983,20.89038658
rollout/ep_rew_mean,11993088,1783858821.805053,21.12628746
rollout/ep_rew_mean,12025856,1783858826.624776,21.19124413
rollout/ep_rew_mean,12058624,1783858831.348318,20.9144783
rollout/ep_rew_mean,12091392,1783858836.359181,21.32969475
rollout/ep_rew_mean,12124160,1783858841.234092,22.66627884
rollout/ep_rew_mean,12156928,1783858846.124852,21.71273041
rollout/ep_rew_mean,12189696,1783858850.961161,20.65936089
rollout/ep_rew_mean,12222464,1783858855.754079,20.67787361
rollout/ep_rew_mean,12255232,1783858860.549999,21.6089077
rollout/ep_rew_mean,12288000,1783858865.761518,21.23099709
rollout/ep_rew_mean,12320768,1783858871.498935,18.76155853
rollout/ep_rew_mean,12353536,1783858876.820854,18.99487877
rollout/ep_rew_mean,12386304,1783858881.869079,18.3427639
rollout/ep_rew_mean,12419072,1783858886.676986,18.50269699
rollout/ep_rew_mean,12451840,1783858891.502869,19.45150566
rollout/ep_rew_mean,12484608,1783858896.345148,19.01447868
rollout/ep_rew_mean,12517376,1783858901.148195,18.70752144
rollout/ep_rew_mean,12550144,1783858905.973011,20.11903954
rollout/ep_rew_mean,12582912,1783858910.699362,21.56476212
rollout/ep_rew_mean,12615680,1783858915.421809,19.8302002
rollout/ep_rew_mean,12648448,1783858920.261478,18.77101135
rollout/ep_rew_mean,12681216,1783858925.099946,20.68873405
rollout/ep_rew_mean,12713984,1783858929.930750,21.91865158
rollout/ep_rew_mean,12746752,1783858934.847651,21.1582756
rollout/ep_rew_mean,12779520,1783858939.729886,20.01166153
rollout/ep_rew_mean,12812288,1783858944.299826,22.2234726
rollout/ep_rew_mean,12845056,1783858948.965535,22.28431702
rollout/ep_rew_mean,12877824,1783858953.596081,20.40613747
rollout/ep_rew_mean,12910592,1783858958.214122,20.60358429
rollout/ep_rew_mean,12943360,1783858962.854235,21.32843018
rollout/ep_rew_mean,12976128,1783858967.535524,21.48451042
rollout/ep_rew_mean,13008896,1783858972.187190,21.26421165
rollout/ep_rew_mean,13041664,1783858977.247281,20.774086
rollout/ep_rew_mean,13074432,1783858982.388542,20.64593887
rollout/ep_rew_mean,13107200,1783858987.334261,20.26166344
rollout/ep_rew_mean,13139968,1783858993.007609,18.880373
rollout/ep_rew_mean,13172736,1783858998.101985,18.33757782
rollout/ep_rew_mean,13205504,1783859002.777976,20.29667854
rollout/ep_rew_mean,13238272,1783859007.469557,22.11839294
rollout/ep_rew_mean,13271040,1783859012.261347,22.03175354
rollout/ep_rew_mean,13303808,1783859017.246695,22.07514954
rollout/ep_rew_mean,13336576,1783859022.185257,23.90538979
rollout/ep_rew_mean,13369344,1783859026.897479,22.98534203
rollout/ep_rew_mean,13402112,1783859031.595567,21.98199844
rollout/ep_rew_mean,13434880,1783859036.393918,21.52269745
rollout/ep_rew_mean,13467648,1783859041.085623,19.70287514
rollout/ep_rew_mean,13500416,1783859045.786875,19.36343575
rollout/ep_rew_mean,13533184,1783859050.477902,18.61813545
rollout/ep_rew_mean,13565952,1783859055.151967,19.6608448
rollout/ep_rew_mean,13598720,1783859059.840923,20.40035057
rollout/ep_rew_mean,13631488,1783859064.499215,21.82689285
rollout/ep_rew_mean,13664256,1783859069.191112,20.73086739
rollout/ep_rew_mean,13697024,1783859073.861606,20.40010834
rollout/ep_rew_mean,13729792,1783859078.547208,21.35954857
rollout/ep_rew_mean,13762560,1783859083.252361,22.8382988
rollout/ep_rew_mean,13795328,1783859087.935135,21.56620026
rollout/ep_rew_mean,13828096,1783859092.705669,21.68167496
rollout/ep_rew_mean,13860864,1783859097.593726,21.41941833
rollout/ep_rew_mean,13893632,1783859102.348654,20.78174782
rollout/ep_rew_mean,13926400,1783859107.026629,19.98990631
rollout/ep_rew_mean,13959168,1783859111.743904,19.80958748
rollout/ep_rew_mean,13991936,1783859116.460547,20.82190132
rollout/ep_rew_mean,14024704,1783859121.176356,21.39890289
rollout/ep_rew_mean,14057472,1783859125.861427,21.81296921
rollout/ep_rew_mean,14090240,1783859130.844358,22.00792694
rollout/ep_rew_mean,14123008,1783859135.887831,20.45240974
rollout/ep_rew_mean,14155776,1783859140.711163,19.89245796
rollout/ep_rew_mean,14188544,1783859145.445673,21.6493988
rollout/ep_rew_mean,14221312,1783859150.227663,21.66842842
rollout/ep_rew_mean,14254080,1783859154.979549,22.07279396
rollout/ep_rew_mean,14286848,1783859159.926270,20.57034683
rollout/ep_rew_mean,14319616,1783859164.928203,20.55949783
rollout/ep_rew_mean,14352384,1783859169.617959,20.97112083
rollout/ep_rew_mean,14385152,1783859174.400986,21.85568047
rollout/ep_rew_mean,14417920,1783859179.110132,23.58297539
rollout/ep_rew_mean,14450688,1783859183.816339,22.35589027
rollout/ep_rew_mean,14483456,1783859188.545049,20.81818008
rollout/ep_rew_mean,14516224,1783859193.538282,19.08424568
rollout/ep_rew_mean,14548992,1783859199.106771,19.28365326
rollout/ep_rew_mean,14581760,1783859203.872185,20.96269417
rollout/ep_rew_mean,14614528,1783859208.713771,22.39406586
rollout/ep_rew_mean,14647296,1783859213.403933,21.31129646
rollout/ep_rew_mean,14680064,1783859218.304517,22.13336945
rollout/ep_rew_mean,14712832,1783859222.994111,22.91769791
rollout/ep_rew_mean,14745600,1783859227.691818,22.34438896
rollout/ep_rew_mean,14778368,1783859232.358940,22.1155014
rollout/ep_rew_mean,14811136,1783859237.047457,21.96019363
rollout/ep_rew_mean,14843904,1783859241.726439,20.84414291
rollout/ep_rew_mean,14876672,1783859246.408949,21.45201302
rollout/ep_rew_mean,14909440,1783859251.068786,22.89700699
rollout/ep_rew_mean,14942208,1783859255.734099,23.11911964
rollout/ep_rew_mean,14974976,1783859260.429890,21.98163223
rollout/ep_rew_mean,15007744,1783859265.079482,21.89972115
rollout/ep_rew_mean,15040512,1783859269.736421,19.72748375
rollout/ep_rew_mean,15073280,1783859274.393364,20.84518433
rollout/ep_rew_mean,15106048,1783859279.289570,21.47434425
rollout/ep_rew_mean,15138816,1783859283.957153,21.61326981
rollout/ep_rew_mean,15171584,1783859288.873696,21.89845657
rollout/ep_rew_mean,15204352,1783859293.899118,22.44947433
rollout/ep_rew_mean,15237120,1783859298.642160,20.77288246
rollout/ep_rew_mean,15269888,1783859303.483700,19.69423103
rollout/ep_rew_mean,15302656,1783859308.339124,21.00043488
rollout/ep_rew_mean,15335424,1783859313.043856,20.54500389
rollout/ep_rew_mean,15368192,1783859317.827427,18.74466896
rollout/ep_rew_mean,15400960,1783859322.448047,20.99604416
rollout/ep_rew_mean,15433728,1783859327.220198,20.74325562
rollout/ep_rew_mean,15466496,1783859332.116034,21.29860306
rollout/ep_rew_mean,15499264,1783859337.891588,20.36819267
rollout/ep_rew_mean,15532032,1783859342.497857,20.84624672
rollout/ep_rew_mean,15564800,1783859347.228044,20.56868172
rollout/ep_rew_mean,15597568,1783859351.909247,19.95590401
rollout/ep_rew_mean,15630336,1783859356.651414,19.54625511
rollout/ep_rew_mean,15663104,1783859361.280881,20.39314842
rollout/ep_rew_mean,15695872,1783859366.033085,21.29914474
rollout/ep_rew_mean,15728640,1783859370.744378,22.47698212
rollout/ep_rew_mean,15761408,1783859375.491537,21.2163887
rollout/ep_rew_mean,15794176,1783859380.663975,20.79440689
rollout/ep_rew_mean,15826944,1783859385.526196,19.9318676
rollout/ep_rew_mean,15859712,1783859390.250688,22.36905098
rollout/ep_rew_mean,15892480,1783859395.231213,22.26150322
rollout/ep_rew_mean,15925248,1783859400.287545,20.45516205
rollout/ep_rew_mean,15958016,1783859405.212558,21.56612206
rollout/ep_rew_mean,15990784,1783859410.130388,21.50008774
rollout/ep_rew_mean,16023552,1783859415.091432,20.18929672
rollout/ep_rew_mean,16056320,1783859419.883946,20.25260162
rollout/ep_rew_mean,16089088,1783859424.663885,21.90180588
rollout/ep_rew_mean,16121856,1783859429.445341,23.23945999
rollout/ep_rew_mean,16154624,1783859434.321015,22.46627617
rollout/ep_rew_mean,16187392,1783859439.100692,22.81926537
rollout/ep_rew_mean,16220160,1783859443.859834,22.87654686
rollout/ep_rew_mean,16252928,1783859448.917220,21.73933792
rollout/ep_rew_mean,16285696,1783859453.641646,20.46820068
rollout/ep_rew_mean,16318464,1783859458.555125,19.44401169
rollout/ep_rew_mean,16351232,1783859463.491949,20.31732559
rollout/ep_rew_mean,16384000,1783859468.520897,21.45734978
rollout/ep_rew_mean,16416768,1783859473.460663,20.95134544
rollout/ep_rew_mean,16449536,1783859478.205688,21.02324867
rollout/ep_rew_mean,16482304,1783859482.980804,21.35709953
rollout/ep_rew_mean,16515072,1783859487.910134,22.92045975
rollout/ep_rew_mean,16547840,1783859492.985400,21.19316483
rollout/ep_rew_mean,16580608,1783859497.958840,18.89671898
rollout/ep_rew_mean,16613376,1783859502.892937,21.76377296
rollout/ep_rew_mean,16646144,1783859507.851392,22.03119278
rollout/ep_rew_mean,16678912,1783859512.776212,20.31912804
rollout/ep_rew_mean,16711680,1783859517.839970,21.03655052
rollout/ep_rew_mean,16744448,1783859522.969115,21.14944458
rollout/ep_rew_mean,16777216,1783859527.990951,21.85877991
rollout/ep_rew_mean,16809984,1783859532.939581,21.53570366
rollout/ep_rew_mean,16842752,1783859537.708999,22.32034302
rollout/ep_rew_mean,16875520,1783859542.425283,21.96692848
rollout/ep_rew_mean,16908288,1783859547.175336,22.66526031
rollout/ep_rew_mean,16941056,1783859551.918114,22.98097229
rollout/ep_rew_mean,16973824,1783859556.642510,23.3029213
rollout/ep_rew_mean,17006592,1783859561.382376,23.01624107
rollout/ep_rew_mean,17039360,1783859566.083351,22.28377724
rollout/ep_rew_mean,17072128,1783859570.911732,24.22235107
rollout/ep_rew_mean,17104896,1783859575.721302,23.66819572
rollout/ep_rew_mean,17137664,1783859580.864980,22.40150833
rollout/ep_rew_mean,17170432,1783859586.010922,21.77739525
rollout/ep_rew_mean,17203200,1783859590.721301,22.61996651
rollout/ep_rew_mean,17235968,1783859595.312877,23.51559448
rollout/ep_rew_mean,17268736,1783859599.900527,24.22190285
rollout/ep_rew_mean,17301504,1783859604.447187,24.3733902
rollout/ep_rew_mean,17334272,1783859609.098077,24.1631031
rollout/ep_rew_mean,17367040,1783859613.691057,22.03731346
rollout/ep_rew_mean,17399808,1783859618.279070,23.05913353
rollout/ep_rew_mean,17432576,1783859622.859045,22.54759789
rollout/ep_rew_mean,17465344,1783859627.442846,22.66358376
rollout/ep_rew_mean,17498112,1783859631.989944,22.80582237
rollout/ep_rew_mean,17530880,1783859636.819681,23.32439041
rollout/ep_rew_mean,17563648,1783859641.736881,21.22834396
rollout/ep_rew_mean,17596416,1783859646.747399,21.57969666
rollout/ep_rew_mean,17629184,1783859651.740470,21.33658409
rollout/ep_rew_mean,17661952,1783859656.957175,22.30675697
rollout/ep_rew_mean,17694720,1783859661.966184,23.05648232
rollout/ep_rew_mean,17727488,1783859667.062424,22.43068314
rollout/ep_rew_mean,17760256,1783859672.106403,22.08555984
rollout/ep_rew_mean,17793024,1783859677.030305,22.88613701
rollout/ep_rew_mean,17825792,1783859681.935719,23.56531143
rollout/ep_rew_mean,17858560,1783859686.557405,23.45758629
rollout/ep_rew_mean,17891328,1783859691.427287,24.15225029
rollout/ep_rew_mean,17924096,1783859696.419156,23.03515053
rollout/ep_rew_mean,17956864,1783859701.416720,23.88766861
rollout/ep_rew_mean,17989632,1783859706.316871,23.92682648
rollout/ep_rew_mean,18022400,1783859711.153079,24.39057922
rollout/ep_rew_mean,18055168,1783859716.111273,23.9932766
rollout/ep_rew_mean,18087936,1783859720.982237,23.81542397
rollout/ep_rew_mean,18120704,1783859725.942452,23.5184803
rollout/ep_rew_mean,18153472,1783859730.932799,23.11497688
rollout/ep_rew_mean,18186240,1783859735.986688,22.66921425
rollout/ep_rew_mean,18219008,1783859741.213524,23.41763115
rollout/ep_rew_mean,18251776,1783859746.787332,24.20065689
rollout/ep_rew_mean,18284544,1783859751.591041,24.58520508
rollout/ep_rew_mean,18317312,1783859756.474667,23.58129501
rollout/ep_rew_mean,18350080,1783859761.156674,22.77714157
rollout/ep_rew_mean,18382848,1783859765.867047,24.07313538
rollout/ep_rew_mean,18415616,1783859770.544710,22.70578384
rollout/ep_rew_mean,18448384,1783859775.396905,21.84928703
rollout/ep_rew_mean,18481152,1783859780.146113,24.58522224
rollout/ep_rew_mean,18513920,1783859784.861290,24.33252907
rollout/ep_rew_mean,18546688,1783859789.762485,23.62022781
rollout/ep_rew_mean,18579456,1783859794.499494,23.87978172
rollout/ep_rew_mean,18612224,1783859799.181909,24.85632706
rollout/ep_rew_mean,18644992,1783859804.131402,25.49414635
rollout/ep_rew_mean,18677760,1783859808.850547,25.1134491
rollout/ep_rew_mean,18710528,1783859813.515913,25.16302299
rollout/ep_rew_mean,18743296,1783859818.441240,24.79993629
rollout/ep_rew_mean,18776064,1783859822.932977,23.60711098
rollout/ep_rew_mean,18808832,1783859827.523491,23.27804565
rollout/ep_rew_mean,18841600,1783859832.036529,24.15385056
rollout/ep_rew_mean,18874368,1783859836.995570,24.07181549
rollout/ep_rew_mean,18907136,1783859841.919779,24.74243546
rollout/ep_rew_mean,18939904,1783859846.990825,24.0707798
rollout/ep_rew_mean,18972672,1783859851.944593,23.7005825
rollout/ep_rew_mean,19005440,1783859856.925208,21.77840614
rollout/ep_rew_mean,19038208,1783859861.554848,22.39597702
rollout/ep_rew_mean,19070976,1783859866.147945,24.95417786
rollout/ep_rew_mean,19103744,1783859870.853212,24.00191498
rollout/ep_rew_mean,19136512,1783859875.537922,22.29125404
rollout/ep_rew_mean,19169280,1783859880.141573,21.89816856
rollout/ep_rew_mean,19202048,1783859884.778849,21.13739967
rollout/ep_rew_mean,19234816,1783859889.458724,21.98967934
rollout/ep_rew_mean,19267584,1783859894.142428,23.92694092
rollout/ep_rew_mean,19300352,1783859898.810338,23.82779503
rollout/ep_rew_mean,19333120,1783859903.394989,23.525383
rollout/ep_rew_mean,19365888,1783859907.936333,22.65935707
rollout/ep_rew_mean,19398656,1783859912.503183,22.8949852
rollout/ep_rew_mean,19431424,1783859917.012321,23.53484154
rollout/ep_rew_mean,19464192,1783859921.532704,24.01311302
rollout/ep_rew_mean,19496960,1783859926.035990,23.64118385
rollout/ep_rew_mean,19529728,1783859930.584279,24.83971405
rollout/ep_rew_mean,19562496,1783859935.113733,24.16984558
rollout/ep_rew_mean,19595264,1783859939.862649,23.66041374
rollout/ep_rew_mean,19628032,1783859944.307953,23.17018127
rollout/ep_rew_mean,19660800,1783859948.763759,23.00079155
rollout/ep_rew_mean,19693568,1783859953.200678,23.04826164
rollout/ep_rew_mean,19726336,1783859957.625370,23.10577393
rollout/ep_rew_mean,19759104,1783859962.034860,22.84173775
rollout/ep_rew_mean,19791872,1783859966.490446,24.34453964
rollout/ep_rew_mean,19824640,1783859970.947933,23.75338364
rollout/ep_rew_mean,19857408,1783859975.474401,22.47044563
rollout/ep_rew_mean,19890176,1783859979.886273,23.1617527
rollout/ep_rew_mean,19922944,1783859984.372102,23.80957794
rollout/ep_rew_mean,19955712,1783859988.850376,24.40821075
rollout/ep_rew_mean,19988480,1783859993.299653,24.07240868
rollout/ep_rew_mean,20021248,1783859997.993851,24.57883835
time/fps,32768,1783857059.425189,14085
time/fps,65536,1783857064.785689,8525
time/fps,98304,1783857069.726875,7784
time/fps,131072,1783857074.477079,7542
time/fps,163840,1783857079.686729,7253
time/fps,196608,1783857084.633464,7140
time/fps,229376,1783857089.485648,7082
time/fps,262144,1783857094.402401,7027
time/fps,294912,1783857099.309443,6986
time/fps,327680,1783857104.132772,6966
time/fps,360448,1783857108.928512,6954
time/fps,393216,1783857113.752027,6940
time/fps,425984,1783857118.682916,6917
time/fps,458752,1783857123.447587,6914
time/fps,491520,1783857128.161154,6916
time/fps,524288,1783857132.992524,6908
time/fps,557056,1783857137.862278,6897
time/fps,589824,1783857142.783167,6883
time/fps,622592,1783857147.669888,6874
time/fps,655360,1783857152.629704,6860
time/fps,688128,1783857157.579992,6848
time/fps,720896,1783857162.504906,6839
time/fps,753664,1783857167.410178,6832
time/fps,786432,1783857172.318520,6825
time/fps,819200,1783857177.394907,6809
time/fps,851968,1783857182.358324,6801
time/fps,884736,1783857187.195177,6800
time/fps,917504,1783857192.005610,6801
time/fps,950272,1783857196.927863,6795
time/fps,983040,1783857201.893737,6789
time/fps,1015808,1783857206.574278,6795
time/fps,1048576,1783857211.308831,6799
time/fps,1081344,1783857215.981942,6805
time/fps,1114112,1783857220.900479,6801
time/fps,1146880,1783857225.960203,6791
time/fps,1179648,1783857231.006880,6783
time/fps,1212416,1783857236.118569,6772
time/fps,1245184,1783857241.216583,6762
time/fps,1277952,1783857246.156777,6759
time/fps,1310720,1783857250.718119,6769
time/fps,1343488,1783857255.437488,6773
time/fps,1376256,1783857260.076060,6780
time/fps,1409024,1783857264.592809,6790
time/fps,1441792,1783857269.094403,6801
time/fps,1474560,1783857273.644393,6809
time/fps,1507328,1783857278.501951,6808
time/fps,1540096,1783857283.027852,6816
time/fps,1572864,1783857287.561678,6824
time/fps,1605632,1783857292.216871,6829
time/fps,1638400,1783857297.014346,6829
time/fps,1671168,1783857301.569540,6835
time/fps,1703936,1783857306.128340,6842
time/fps,1736704,1783857310.624035,6850
time/fps,1769472,1783857315.437486,6849
time/fps,1802240,1783857320.015330,6854
time/fps,1835008,1783857324.663057,6858
time/fps,1867776,1783857329.379732,6859
time/fps,1900544,1783857334.103576,6861
time/fps,1933312,1783857338.730863,6864
time/fps,1966080,1783857343.722801,6859
time/fps,1998848,1783857348.513265,6859
time/fps,2031616,1783857353.301529,6858
time/fps,2064384,1783857358.239299,6855
time/fps,2097152,1783857363.056158,6854
time/fps,2129920,1783857367.790708,6855
time/fps,2162688,1783857372.604040,6854
time/fps,2195456,1783857377.516879,6851
time/fps,2228224,1783857382.468368,6848
time/fps,2260992,1783857387.329103,6846
time/fps,2293760,1783857392.368365,6841
time/fps,2326528,1783857397.277030,6839
time/fps,2359296,1783857402.123758,6838
time/fps,2392064,1783857406.964277,6837
time/fps,2424832,1783857411.866576,6834
time/fps,2457600,1783857416.814891,6832
time/fps,2490368,1783857421.490657,6834
time/fps,2523136,1783857426.272642,6834
time/fps,2555904,1783857431.158592,6832
time/fps,2588672,1783857436.125494,6829
time/fps,2621440,1783857440.974841,6828
time/fps,2654208,1783857445.786441,6828
time/fps,2686976,1783857450.774796,6825
time/fps,2719744,1783857455.631919,6824
time/fps,2752512,1783857460.451104,6824
time/fps,2785280,1783857465.149868,6825
time/fps,2818048,1783857470.042656,6824
time/fps,2850816,1783857474.916318,6823
time/fps,2883584,1783857479.919384,6819
time/fps,2916352,1783857485.095453,6813
time/fps,2949120,1783857490.083406,6811
time/fps,2981888,1783857494.959350,6810
time/fps,3014656,1783857499.939001,6807
time/fps,3047424,1783857504.735677,6807
time/fps,3080192,1783857509.497641,6808
time/fps,3112960,1783857514.279333,6809
time/fps,3145728,1783857519.080630,6809
time/fps,3178496,1783857523.837733,6810
time/fps,3211264,1783857528.596682,6810
time/fps,3244032,1783857533.211207,6813
time/fps,3276800,1783857538.113620,6812
time/fps,3309568,1783857542.998533,6811
time/fps,3342336,1783857547.769323,6811
time/fps,3375104,1783857552.341347,6815
time/fps,3407872,1783857557.043405,6816
time/fps,3440640,1783857561.987508,6814
time/fps,3473408,1783857566.719310,6815
time/fps,3506176,1783857571.450915,6816
time/fps,3538944,1783857576.311577,6815
time/fps,3571712,1783857581.050519,6816
time/fps,3604480,1783857585.763812,6818
time/fps,3637248,1783857590.334938,6821
time/fps,3670016,1783857594.897842,6824
time/fps,3702784,1783857599.544910,6826
time/fps,3735552,1783857604.191856,6828
time/fps,3768320,1783857608.797204,6830
time/fps,3801088,1783857613.383733,6832
time/fps,3833856,1783857618.062115,6834
time/fps,3866624,1783857622.966785,6833
time/fps,3899392,1783857627.927142,6831
time/fps,3932160,1783857632.685259,6831
time/fps,3964928,1783857637.356978,6833
time/fps,3997696,1783857641.802459,6837
time/fps,4030464,1783857646.296661,6840
time/fps,4063232,1783857651.090962,6840
time/fps,4096000,1783857655.726329,6842
time/fps,4128768,1783857660.462187,6842
time/fps,4161536,1783857665.453888,6840
time/fps,4194304,1783857670.410413,6838
time/fps,4227072,1783857675.171156,6839
time/fps,4259840,1783857679.966368,6839
time/fps,4292608,1783857684.747007,6839
time/fps,4325376,1783857689.502097,6839
time/fps,4358144,1783857694.252119,6840
time/fps,4390912,1783857699.013715,6840
time/fps,4423680,1783857703.767389,6840
time/fps,4456448,1783857708.508120,6841
time/fps,4489216,1783857713.231995,6841
time/fps,4521984,1783857718.049327,6841
time/fps,4554752,1783857722.906114,6840
time/fps,4587520,1783857727.678527,6841
time/fps,4620288,1783857732.427057,6841
time/fps,4653056,1783857737.169104,6842
time/fps,4685824,1783857742.002463,6841
time/fps,4718592,1783857746.981181,6839
time/fps,4751360,1783857751.951416,6837
time/fps,4784128,1783857756.860244,6836
time/fps,4816896,1783857761.942069,6833
time/fps,4849664,1783857766.833262,6833
time/fps,4882432,1783857771.754939,6831
time/fps,4915200,1783857776.863536,6828
time/fps,4947968,1783857781.837962,6827
time/fps,4980736,1783857786.774868,6825
time/fps,5013504,1783857791.769291,6824
time/fps,5046272,1783857796.673196,6823
time/fps,5079040,1783857801.350703,6824
time/fps,5111808,1783857806.140574,6824
time/fps,5144576,1783857811.010222,6823
time/fps,5177344,1783857815.885517,6823
time/fps,5210112,1783857820.663371,6823
time/fps,5242880,1783857825.649959,6821
time/fps,5275648,1783857830.538887,6821
time/fps,5308416,1783857835.301221,6821
time/fps,5341184,1783857839.945203,6822
time/fps,5373952,1783857844.384526,6825
time/fps,5406720,1783857848.821509,6829
time/fps,5439488,1783857853.254370,6832
time/fps,5472256,1783857857.718048,6835
time/fps,5505024,1783857862.181750,6837
time/fps,5537792,1783857866.630893,6840
time/fps,5570560,1783857871.068791,6843
time/fps,5603328,1783857875.537289,6846
time/fps,5636096,1783857879.977462,6849
time/fps,5668864,1783857884.576550,6850
time/fps,5701632,1783857889.404998,6850
time/fps,5734400,1783857894.014427,6851
time/fps,5767168,1783857898.650280,6853
time/fps,5799936,1783857903.315310,6853
time/fps,5832704,1783857908.037072,6854
time/fps,5865472,1783857912.704001,6855
time/fps,5898240,1783857917.389957,6856
time/fps,5931008,1783857922.020706,6857
time/fps,5963776,1783857926.689521,6858
time/fps,5996544,1783857931.424520,6858
time/fps,6029312,1783857936.226270,6858
time/fps,6062080,1783857940.894406,6859
time/fps,6094848,1783857945.520205,6860
time/fps,6127616,1783857950.219119,6860
time/fps,6160384,1783857955.005453,6860
time/fps,6193152,1783857959.800716,6860
time/fps,6225920,1783857965.482457,6853
time/fps,6258688,1783857970.247771,6853
time/fps,6291456,1783857974.849983,6855
time/fps,6324224,1783857979.429693,6856
time/fps,6356992,1783857984.019495,6858
time/fps,6389760,1783857988.716674,6858
time/fps,6422528,1783857993.454712,6859
time/fps,6455296,1783857998.186121,6859
time/fps,6488064,1783858002.775341,6860
time/fps,6520832,1783858007.587921,6860
time/fps,6553600,1783858012.275982,6861
time/fps,6586368,1783858017.021100,6861
time/fps,6619136,1783858022.214034,6858
time/fps,6651904,1783858026.940218,6858
time/fps,6684672,1783858031.777952,6858
time/fps,6717440,1783858036.658190,6857
time/fps,6750208,1783858041.144191,6859
time/fps,6782976,1783858045.625969,6861
time/fps,6815744,1783858050.110792,6863
time/fps,6848512,1783858054.547137,6866
time/fps,6881280,1783858059.075935,6867
time/fps,6914048,1783858063.569213,6869
time/fps,6946816,1783858068.135775,6870
time/fps,6979584,1783858072.781825,6871
time/fps,7012352,1783858077.337450,6873
time/fps,7045120,1783858081.967950,6874
time/fps,7077888,1783858086.553156,6875
time/fps,7110656,1783858091.244871,6875
time/fps,7143424,1783858095.902938,6876
time/fps,7176192,1783858100.534971,6877
time/fps,7208960,1783858105.189729,6878
time/fps,7241728,1783858109.879306,6878
time/fps,7274496,1783858114.723273,6878
time/fps,7307264,1783858119.400893,6878
time/fps,7340032,1783858124.062513,6879
time/fps,7372800,1783858128.909820,6878
time/fps,7405568,1783858133.577047,6879
time/fps,7438336,1783858138.260390,6879
time/fps,7471104,1783858142.869968,6880
time/fps,7503872,1783858147.497349,6881
time/fps,7536640,1783858152.116544,6882
time/fps,7569408,1783858156.700935,6883
time/fps,7602176,1783858161.276917,6884
time/fps,7634944,1783858165.941336,6885
time/fps,7667712,1783858170.544466,6886
time/fps,7700480,1783858175.146184,6887
time/fps,7733248,1783858179.786007,6888
time/fps,7766016,1783858184.591829,6887
time/fps,7798784,1783858189.381912,6887
time/fps,7831552,1783858194.176583,6887
time/fps,7864320,1783858199.157179,6886
time/fps,7897088,1783858204.019997,6885
time/fps,7929856,1783858209.553696,6880
time/fps,7962624,1783858214.504060,6879
time/fps,7995392,1783858219.321093,6879
time/fps,8028160,1783858224.278035,6878
time/fps,8060928,1783858229.404415,6876
time/fps,8093696,1783858234.172647,6876
time/fps,8126464,1783858239.283592,6874
time/fps,8159232,1783858244.108284,6873
time/fps,8192000,1783858248.924741,6873
time/fps,8224768,1783858253.759554,6873
time/fps,8257536,1783858258.822717,6871
time/fps,8290304,1783858263.787247,6870
time/fps,8323072,1783858268.653584,6869
time/fps,8355840,1783858273.479515,6869
time/fps,8388608,1783858278.291483,6869
time/fps,8421376,1783858283.127071,6868
time/fps,8454144,1783858287.889705,6868
time/fps,8486912,1783858292.645990,6868
time/fps,8519680,1783858297.598600,6867
time/fps,8552448,1783858302.427460,6867
time/fps,8585216,1783858307.277155,6867
time/fps,8617984,1783858312.429430,6865
time/fps,8650752,1783858317.555007,6863
time/fps,8683520,1783858322.547086,6862
time/fps,8716288,1783858327.455154,6861
time/fps,8749056,1783858332.354595,6860
time/fps,8781824,1783858337.212273,6860
time/fps,8814592,1783858342.083681,6859
time/fps,8847360,1783858346.964596,6859
time/fps,8880128,1783858351.840798,6858
time/fps,8912896,1783858356.831324,6857
time/fps,8945664,1783858361.764891,6856
time/fps,8978432,1783858366.599377,6856
time/fps,9011200,1783858371.564836,6855
time/fps,9043968,1783858376.475371,6854
time/fps,9076736,1783858381.320363,6854
time/fps,9109504,1783858386.263711,6853
time/fps,9142272,1783858391.246198,6852
time/fps,9175040,1783858395.920704,6853
time/fps,9207808,1783858400.597217,6853
time/fps,9240576,1783858405.289587,6854
time/fps,9273344,1783858410.128378,6853
time/fps,9306112,1783858415.299207,6851
time/fps,9338880,1783858420.309212,6850
time/fps,9371648,1783858425.256670,6849
time/fps,9404416,1783858430.272290,6848
time/fps,9437184,1783858435.054164,6848
time/fps,9469952,1783858440.037349,6847
time/fps,9502720,1783858444.819108,6847
time/fps,9535488,1783858449.681251,6847
time/fps,9568256,1783858454.586465,6846
time/fps,9601024,1783858459.365656,6846
time/fps,9633792,1783858464.301695,6846
time/fps,9666560,1783858469.164564,6845
time/fps,9699328,1783858473.873058,6846
time/fps,9732096,1783858478.575773,6846
time/fps,9764864,1783858483.372244,6846
time/fps,9797632,1783858488.073545,6846
time/fps,9830400,1783858492.904790,6846
time/fps,9863168,1783858497.759503,6846
time/fps,9895936,1783858502.633747,6845
time/fps,9928704,1783858507.406179,6845
time/fps,9961472,1783858512.183621,6845
time/fps,9994240,1783858516.884818,6846
time/fps,10027008,1783858521.626853,6846
time/fps,10059776,1783858526.520488,6846
time/fps,10092544,1783858531.447047,6845
time/fps,10125312,1783858536.228235,6845
time/fps,10158080,1783858541.049704,6845
time/fps,10190848,1783858545.749640,6845
time/fps,10223616,1783858550.550442,6845
time/fps,10256384,1783858555.713299,6843
time/fps,10289152,1783858561.125269,6841
time/fps,10321920,1783858565.845699,6841
time/fps,10354688,1783858570.558742,6841
time/fps,10387456,1783858575.319421,6841
time/fps,10420224,1783858580.310877,6840
time/fps,10452992,1783858585.961640,6837
time/fps,10485760,1783858591.044606,6835
time/fps,10518528,1783858596.123483,6834
time/fps,10551296,1783858601.246850,6833
time/fps,10584064,1783858606.379327,6831
time/fps,10616832,1783858611.643368,6829
time/fps,10649600,1783858616.852159,6827
time/fps,10682368,1783858621.905837,6826
time/fps,10715136,1783858626.836269,6826
time/fps,10747904,1783858631.843649,6825
time/fps,10780672,1783858636.884919,6824
time/fps,10813440,1783858641.940206,6823
time/fps,10846208,1783858646.978963,6822
time/fps,10878976,1783858651.952523,6821
time/fps,10911744,1783858657.181322,6819
time/fps,10944512,1783858662.286623,6818
time/fps,10977280,1783858667.319978,6817
time/fps,11010048,1783858672.524217,6815
time/fps,11042816,1783858678.519975,6810
time/fps,11075584,1783858683.584229,6809
time/fps,11108352,1783858689.265491,6805
time/fps,11141120,1783858694.618037,6803
time/fps,11173888,1783858699.744132,6802
time/fps,11206656,1783858704.808387,6801
time/fps,11239424,1783858709.958351,6799
time/fps,11272192,1783858714.910519,6799
time/fps,11304960,1783858719.796572,6799
time/fps,11337728,1783858724.899093,6798
time/fps,11370496,1783858730.034913,6796
time/fps,11403264,1783858735.162828,6795
time/fps,11436032,1783858740.202890,6794
time/fps,11468800,1783858745.073310,6794
time/fps,11501568,1783858749.975069,6794
time/fps,11534336,1783858754.842039,6793
time/fps,11567104,1783858759.528506,6794
time/fps,11599872,1783858764.213098,6795
time/fps,11632640,1783858769.051851,6794
time/fps,11665408,1783858773.777713,6795
time/fps,11698176,1783858778.558004,6795
time/fps,11730944,1783858783.254875,6795
time/fps,11763712,1783858788.016239,6796
time/fps,11796480,1783858792.806920,6796
time/fps,11829248,1783858797.778832,6795
time/fps,11862016,1783858802.563641,6795
time/fps,11894784,1783858807.413161,6795
time/fps,11927552,1783858812.172766,6796
time/fps,11960320,1783858817.041988,6795
time/fps,11993088,1783858821.805058,6796
time/fps,12025856,1783858826.624781,6796
time/fps,12058624,1783858831.348323,6796
time/fps,12091392,1783858836.359186,6795
time/fps,12124160,1783858841.234097,6795
time/fps,12156928,1783858846.124857,6795
time/fps,12189696,1783858850.961166,6795
time/fps,12222464,1783858855.754084,6795
time/fps,12255232,1783858860.550004,6795
time/fps,12288000,1783858865.761524,6793
time/fps,12320768,1783858871.498939,6790
time/fps,12353536,1783858876.820859,6788
time/fps,12386304,1783858881.869085,6787
time/fps,12419072,1783858886.676991,6787
time/fps,12451840,1783858891.502874,6787
time/fps,12484608,1783858896.345152,6787
time/fps,12517376,1783858901.148200,6787
time/fps,12550144,1783858905.973016,6787
time/fps,12582912,1783858910.699367,6788
time/fps,12615680,1783858915.421814,6788
time/fps,12648448,1783858920.261483,6788
time/fps,12681216,1783858925.099950,6788
time/fps,12713984,1783858929.930755,6788
time/fps,12746752,1783858934.847657,6788
time/fps,12779520,1783858939.729890,6788
time/fps,12812288,1783858944.299831,6789
time/fps,12845056,1783858948.965540,6789
time/fps,12877824,1783858953.596086,6790
time/fps,12910592,1783858958.214127,6791
time/fps,12943360,1783858962.854240,6791
time/fps,12976128,1783858967.535529,6792
time/fps,13008896,1783858972.187195,6792
time/fps,13041664,1783858977.247286,6792
time/fps,13074432,1783858982.388547,6790
time/fps,13107200,1783858987.334266,6790
time/fps,13139968,1783858993.007614,6787
time/fps,13172736,1783858998.101990,6786
time/fps,13205504,1783859002.777982,6787
time/fps,13238272,1783859007.469565,6787
time/fps,13271040,1783859012.261352,6787
time/fps,13303808,1783859017.246699,6787
time/fps,13336576,1783859022.185262,6786
time/fps,13369344,1783859026.897485,6787
time/fps,13402112,1783859031.595573,6787
time/fps,13434880,1783859036.393925,6787
time/fps,13467648,1783859041.085630,6788
time/fps,13500416,1783859045.786882,6788
time/fps,13533184,1783859050.477909,6789
time/fps,13565952,1783859055.151972,6789
time/fps,13598720,1783859059.840929,6790
time/fps,13631488,1783859064.499220,6790
time/fps,13664256,1783859069.191117,6791
time/fps,13697024,1783859073.861611,6791
time/fps,13729792,1783859078.547215,6792
time/fps,13762560,1783859083.252367,6792
time/fps,13795328,1783859087.935140,6792
time/fps,13828096,1783859092.705674,6793
time/fps,13860864,1783859097.593731,6792
time/fps,13893632,1783859102.348659,6793
time/fps,13926400,1783859107.026635,6793
time/fps,13959168,1783859111.743911,6793
time/fps,13991936,1783859116.460554,6794
time/fps,14024704,1783859121.176362,6794
time/fps,14057472,1783859125.861433,6795
time/fps,14090240,1783859130.844364,6794
time/fps,14123008,1783859135.887836,6793
time/fps,14155776,1783859140.711168,6793
time/fps,14188544,1783859145.445678,6794
time/fps,14221312,1783859150.227669,6794
time/fps,14254080,1783859154.979554,6794
time/fps,14286848,1783859159.926277,6794
time/fps,14319616,1783859164.928207,6793
time/fps,14352384,1783859169.617965,6793
time/fps,14385152,1783859174.400992,6794
time/fps,14417920,1783859179.110137,6794
time/fps,14450688,1783859183.816344,6794
time/fps,14483456,1783859188.545054,6795
time/fps,14516224,1783859193.538287,6794
time/fps,14548992,1783859199.106775,6792
time/fps,14581760,1783859203.872190,6792
time/fps,14614528,1783859208.713775,6792
time/fps,14647296,1783859213.403940,6792
time/fps,14680064,1783859218.304522,6792
time/fps,14712832,1783859222.994117,6792
time/fps,14745600,1783859227.691823,6793
time/fps,14778368,1783859232.358944,6793
time/fps,14811136,1783859237.047463,6794
time/fps,14843904,1783859241.726445,6794
time/fps,14876672,1783859246.408954,6795
time/fps,14909440,1783859251.068790,6795
time/fps,14942208,1783859255.734104,6796
time/fps,14974976,1783859260.429897,6796
time/fps,15007744,1783859265.079489,6797
time/fps,15040512,1783859269.736427,6797
time/fps,15073280,1783859274.393370,6798
time/fps,15106048,1783859279.289576,6797
time/fps,15138816,1783859283.957158,6798
time/fps,15171584,1783859288.873701,6797
time/fps,15204352,1783859293.899124,6797
time/fps,15237120,1783859298.642165,6797
time/fps,15269888,1783859303.483706,6797
time/fps,15302656,1783859308.339129,6797
time/fps,15335424,1783859313.043862,6797
time/fps,15368192,1783859317.827432,6797
time/fps,15400960,1783859322.448053,6798
time/fps,15433728,1783859327.220203,6798
time/fps,15466496,1783859332.116039,6798
time/fps,15499264,1783859337.891593,6795
time/fps,15532032,1783859342.497862,6796
time/fps,15564800,1783859347.228049,6796
time/fps,15597568,1783859351.909253,6796
time/fps,15630336,1783859356.651419,6797
time/fps,15663104,1783859361.280887,6797
time/fps,15695872,1783859366.033092,6797
time/fps,15728640,1783859370.744383,6798
time/fps,15761408,1783859375.491542,6798
time/fps,15794176,1783859380.663980,6797
time/fps,15826944,1783859385.526201,6797
time/fps,15859712,1783859390.250693,6797
time/fps,15892480,1783859395.231219,6797
time/fps,15925248,1783859400.287550,6796
time/fps,15958016,1783859405.212563,6796
time/fps,15990784,1783859410.130393,6795
time/fps,16023552,1783859415.091441,6795
time/fps,16056320,1783859419.883951,6795
time/fps,16089088,1783859424.663890,6795
time/fps,16121856,1783859429.445347,6795
time/fps,16154624,1783859434.321020,6795
time/fps,16187392,1783859439.100699,6795
time/fps,16220160,1783859443.859839,6795
time/fps,16252928,1783859448.917225,6795
time/fps,16285696,1783859453.641651,6795
time/fps,16318464,1783859458.555130,6795
time/fps,16351232,1783859463.491954,6794
time/fps,16384000,1783859468.520902,6794
time/fps,16416768,1783859473.460669,6794
time/fps,16449536,1783859478.205695,6794
time/fps,16482304,1783859482.980809,6794
time/fps,16515072,1783859487.910139,6794
time/fps,16547840,1783859492.985405,6793
time/fps,16580608,1783859497.958845,6792
time/fps,16613376,1783859502.892942,6792
time/fps,16646144,1783859507.851397,6792
time/fps,16678912,1783859512.776216,6791
time/fps,16711680,1783859517.839975,6791
time/fps,16744448,1783859522.969121,6790
time/fps,16777216,1783859527.990956,6789
time/fps,16809984,1783859532.939586,6789
time/fps,16842752,1783859537.709006,6789
time/fps,16875520,1783859542.425288,6790
time/fps,16908288,1783859547.175341,6790
time/fps,16941056,1783859551.918118,6790
time/fps,16973824,1783859556.642515,6790
time/fps,17006592,1783859561.382381,6791
time/fps,17039360,1783859566.083357,6791
time/fps,17072128,1783859570.911737,6791
time/fps,17104896,1783859575.721307,6791
time/fps,17137664,1783859580.864984,6790
time/fps,17170432,1783859586.010927,6789
time/fps,17203200,1783859590.721306,6789
time/fps,17235968,1783859595.312882,6790
time/fps,17268736,1783859599.900532,6791
time/fps,17301504,1783859604.447191,6791
time/fps,17334272,1783859609.098082,6792
time/fps,17367040,1783859613.691062,6793
time/fps,17399808,1783859618.279075,6793
time/fps,17432576,1783859622.859052,6794
time/fps,17465344,1783859627.442851,6794
time/fps,17498112,1783859631.989950,6795
time/fps,17530880,1783859636.819686,6795
time/fps,17563648,1783859641.736886,6795
time/fps,17596416,1783859646.747405,6794
time/fps,17629184,1783859651.740475,6794
time/fps,17661952,1783859656.957180,6793
time/fps,17694720,1783859661.966190,6792
time/fps,17727488,1783859667.062429,6792
time/fps,17760256,1783859672.106409,6791
time/fps,17793024,1783859677.030310,6791
time/fps,17825792,1783859681.935725,6791
time/fps,17858560,1783859686.557410,6791
time/fps,17891328,1783859691.427291,6791
time/fps,17924096,1783859696.419162,6791
time/fps,17956864,1783859701.416724,6790
time/fps,17989632,1783859706.316876,6790
time/fps,18022400,1783859711.153083,6790
time/fps,18055168,1783859716.111280,6790
time/fps,18087936,1783859720.982243,6790
time/fps,18120704,1783859725.942458,6789
time/fps,18153472,1783859730.932803,6789
time/fps,18186240,1783859735.986693,6788
time/fps,18219008,1783859741.213531,6787
time/fps,18251776,1783859746.787337,6785
time/fps,18284544,1783859751.591046,6785
time/fps,18317312,1783859756.474672,6785
time/fps,18350080,1783859761.156679,6786
time/fps,18382848,1783859765.867052,6786
time/fps,18415616,1783859770.544715,6786
time/fps,18448384,1783859775.396911,6786
time/fps,18481152,1783859780.146120,6786
time/fps,18513920,1783859784.861295,6787
time/fps,18546688,1783859789.762490,6787
time/fps,18579456,1783859794.499499,6787
time/fps,18612224,1783859799.181914,6787
time/fps,18644992,1783859804.131407,6787
time/fps,18677760,1783859808.850552,6787
time/fps,18710528,1783859813.515918,6787
time/fps,18743296,1783859818.441245,6787
time/fps,18776064,1783859822.932982,6788
time/fps,18808832,1783859827.523496,6789
time/fps,18841600,1783859832.036535,6789
time/fps,18874368,1783859836.995575,6789
time/fps,18907136,1783859841.919785,6789
time/fps,18939904,1783859846.990830,6788
time/fps,18972672,1783859851.944599,6788
time/fps,19005440,1783859856.925214,6788
time/fps,19038208,1783859861.554853,6788
time/fps,19070976,1783859866.147950,6789
time/fps,19103744,1783859870.853217,6789
time/fps,19136512,1783859875.537927,6789
time/fps,19169280,1783859880.141578,6790
time/fps,19202048,1783859884.778855,6790
time/fps,19234816,1783859889.458730,6791
time/fps,19267584,1783859894.142433,6791
time/fps,19300352,1783859898.810344,6791
time/fps,19333120,1783859903.394994,6792
time/fps,19365888,1783859907.936338,6793
time/fps,19398656,1783859912.503189,6793
time/fps,19431424,1783859917.012328,6794
time/fps,19464192,1783859921.532711,6795
time/fps,19496960,1783859926.035996,6795
time/fps,19529728,1783859930.584284,6796
time/fps,19562496,1783859935.113739,6797
time/fps,19595264,1783859939.862655,6797
time/fps,19628032,1783859944.307958,6798
time/fps,19660800,1783859948.763764,6799
time/fps,19693568,1783859953.200684,6800
time/fps,19726336,1783859957.625377,6800
time/fps,19759104,1783859962.034867,6801
time/fps,19791872,1783859966.490452,6802
time/fps,19824640,1783859970.947940,6803
time/fps,19857408,1783859975.474407,6804
time/fps,19890176,1783859979.886280,6805
time/fps,19922944,1783859984.372108,6805
time/fps,19955712,1783859988.850383,6806
time/fps,19988480,1783859993.299660,6807
time/fps,20021248,1783859997.993856,6807
train/approx_kl,65536,1783857064.785699,0.01166556217
train/approx_kl,98304,1783857069.726880,0.01332103275
train/approx_kl,131072,1783857074.477084,0.01422336046
train/approx_kl,163840,1783857079.686736,0.01460358314
train/approx_kl,196608,1783857084.633469,0.01530826837
train/approx_kl,229376,1783857089.485654,0.01577188075
train/approx_kl,262144,1783857094.402405,0.01676021889
train/approx_kl,294912,1783857099.309449,0.0169635769
train/approx_kl,327680,1783857104.132777,0.01743295044
train/approx_kl,360448,1783857108.928518,0.01778796688
train/approx_kl,393216,1783857113.752032,0.01819958538
train/approx_kl,425984,1783857118.682921,0.01983446069
train/approx_kl,458752,1783857123.447592,0.02022494003
train/approx_kl,491520,1783857128.161158,0.0193066448
train/approx_kl,524288,1783857132.992529,0.01981101558
train/approx_kl,557056,1783857137.862282,0.02066593245
train/approx_kl,589824,1783857142.783171,0.02017231286
train/approx_kl,622592,1783857147.669894,0.02046648413
train/approx_kl,655360,1783857152.629709,0.02086947113
train/approx_kl,688128,1783857157.579996,0.020837266
train/approx_kl,720896,1783857162.504911,0.0209331084
train/approx_kl,753664,1783857167.410183,0.02133723535
train/approx_kl,786432,1783857172.318524,0.0219723992
train/approx_kl,819200,1783857177.394912,0.02229596861
train/approx_kl,851968,1783857182.358329,0.02173438482
train/approx_kl,884736,1783857187.195181,0.02249925584
train/approx_kl,917504,1783857192.005616,0.02267418429
train/approx_kl,950272,1783857196.927867,0.02395067737
train/approx_kl,983040,1783857201.893742,0.02407448739
train/approx_kl,1015808,1783857206.574284,0.02372392267
train/approx_kl,1048576,1783857211.308836,0.02469325438
train/approx_kl,1081344,1783857215.981949,0.02482708544
train/approx_kl,1114112,1783857220.900485,0.02519857511
train/approx_kl,1146880,1783857225.960214,0.025375586
train/approx_kl,1179648,1783857231.006885,0.0250505805
train/approx_kl,1212416,1783857236.118574,0.02456714399
train/approx_kl,1245184,1783857241.216588,0.02621114999
train/approx_kl,1277952,1783857246.156782,0.02436486259
train/approx_kl,1310720,1783857250.718124,0.02611300349
train/approx_kl,1343488,1783857255.437493,0.02625467442
train/approx_kl,1376256,1783857260.076066,0.02669192106
train/approx_kl,1409024,1783857264.592815,0.02630819008
train/approx_kl,1441792,1783857269.094410,0.02669966966
train/approx_kl,1474560,1783857273.644397,0.02715554461
train/approx_kl,1507328,1783857278.501957,0.02686710283
train/approx_kl,1540096,1783857283.027858,0.02748819813
train/approx_kl,1572864,1783857287.561684,0.02781932987
train/approx_kl,1605632,1783857292.216875,0.02700181492
train/approx_kl,1638400,1783857297.014351,0.02803640068
train/approx_kl,1671168,1783857301.569545,0.02789392509
train/approx_kl,1703936,1783857306.128346,0.02858100459
train/approx_kl,1736704,1783857310.624039,0.0293102935
train/approx_kl,1769472,1783857315.437491,0.02852949314
train/approx_kl,1802240,1783857320.015336,0.02915077843
train/approx_kl,1835008,1783857324.663062,0.02911238372
train/approx_kl,1867776,1783857329.379737,0.02898838371
train/approx_kl,1900544,1783857334.103581,0.02960119769
train/approx_kl,1933312,1783857338.730867,0.02990902215
train/approx_kl,1966080,1783857343.722805,0.03011557087
train/approx_kl,1998848,1783857348.513269,0.03041022085
train/approx_kl,2031616,1783857353.301535,0.03042716533
train/approx_kl,2064384,1783857358.239303,0.03074154258
train/approx_kl,2097152,1783857363.056164,0.03077084571
train/approx_kl,2129920,1783857367.790713,0.03157365322
train/approx_kl,2162688,1783857372.604045,0.03262187541
train/approx_kl,2195456,1783857377.516883,0.03152669966
train/approx_kl,2228224,1783857382.468372,0.03213002905
train/approx_kl,2260992,1783857387.329107,0.03239109367
train/approx_kl,2293760,1783857392.368370,0.03234588727
train/approx_kl,2326528,1783857397.277034,0.03251372278
train/approx_kl,2359296,1783857402.123763,0.03245453537
train/approx_kl,2392064,1783857406.964281,0.03158399463
train/approx_kl,2424832,1783857411.866580,0.03197748959
train/approx_kl,2457600,1783857416.814897,0.03320361674
train/approx_kl,2490368,1783857421.490662,0.03292271867
train/approx_kl,2523136,1783857426.272646,0.03321141005
train/approx_kl,2555904,1783857431.158596,0.03318081424
train/approx_kl,2588672,1783857436.125499,0.03334078938
train/approx_kl,2621440,1783857440.974847,0.03409519047
train/approx_kl,2654208,1783857445.786445,0.03361234069
train/approx_kl,2686976,1783857450.774801,0.03349677846
train/approx_kl,2719744,1783857455.631925,0.03288011253
train/approx_kl,2752512,1783857460.451109,0.03479007259
train/approx_kl,2785280,1783857465.149873,0.03406833112
train/approx_kl,2818048,1783857470.042661,0.03562747687
train/approx_kl,2850816,1783857474.916323,0.03409421444
train/approx_kl,2883584,1783857479.919389,0.03472258151
train/approx_kl,2916352,1783857485.095459,0.03539293259
train/approx_kl,2949120,1783857490.083411,0.03643717617
train/approx_kl,2981888,1783857494.959357,0.03628242016
train/approx_kl,3014656,1783857499.939005,0.03536816686
train/approx_kl,3047424,1783857504.735681,0.03710072488
train/approx_kl,3080192,1783857509.497647,0.03641282022
train/approx_kl,3112960,1783857514.279338,0.03717585653
train/approx_kl,3145728,1783857519.080636,0.0357503742
train/approx_kl,3178496,1783857523.837737,0.03616093472
train/approx_kl,3211264,1783857528.596687,0.03584246337
train/approx_kl,3244032,1783857533.211212,0.03575693071
train/approx_kl,3276800,1783857538.113629,0.03706939518
train/approx_kl,3309568,1783857542.998539,0.0385780856
train/approx_kl,3342336,1783857547.769328,0.03666317835
train/approx_kl,3375104,1783857552.341353,0.03848704696
train/approx_kl,3407872,1783857557.043410,0.03709750623
train/approx_kl,3440640,1783857561.987512,0.03775978833
train/approx_kl,3473408,1783857566.719314,0.03934836388
train/approx_kl,3506176,1783857571.450921,0.03804755583
train/approx_kl,3538944,1783857576.311582,0.03887538612
train/approx_kl,3571712,1783857581.050525,0.0385380052
train/approx_kl,3604480,1783857585.763817,0.04013415426
train/approx_kl,3637248,1783857590.334942,0.04060115293
train/approx_kl,3670016,1783857594.897848,0.040325813
train/approx_kl,3702784,1783857599.544916,0.03966619819
train/approx_kl,3735552,1783857604.191860,0.03758305684
train/approx_kl,3768320,1783857608.797209,0.0398369357
train/approx_kl,3801088,1783857613.383739,0.03836879134
train/approx_kl,3833856,1783857618.062120,0.04036093503
train/approx_kl,3866624,1783857622.966790,0.03964118287
train/approx_kl,3899392,1783857627.927146,0.03904645517
train/approx_kl,3932160,1783857632.685263,0.04034239799
train/approx_kl,3964928,1783857637.356984,0.04042444378
train/approx_kl,3997696,1783857641.802465,0.03906717151
train/approx_kl,4030464,1783857646.296666,0.04095125943
train/approx_kl,4063232,1783857651.090966,0.04162136465
train/approx_kl,4096000,1783857655.726334,0.03999255598
train/approx_kl,4128768,1783857660.462192,0.04159145057
train/approx_kl,4161536,1783857665.453893,0.04095328599
train/approx_kl,4194304,1783857670.410417,0.04088124633
train/approx_kl,4227072,1783857675.171161,0.04096991196
train/approx_kl,4259840,1783857679.966372,0.04069193453
train/approx_kl,4292608,1783857684.747011,0.04029867426
train/approx_kl,4325376,1783857689.502102,0.04171258584
train/approx_kl,4358144,1783857694.252124,0.04080424458
train/approx_kl,4390912,1783857699.013720,0.04170331731
train/approx_kl,4423680,1783857703.767393,0.04254181683
train/approx_kl,4456448,1783857708.508124,0.04080865532
train/approx_kl,4489216,1783857713.232001,0.04141100869
train/approx_kl,4521984,1783857718.049332,0.04282268882
train/approx_kl,4554752,1783857722.906120,0.04275481775
train/approx_kl,4587520,1783857727.678532,0.04251630604
train/approx_kl,4620288,1783857732.427061,0.04230494425
train/approx_kl,4653056,1783857737.169111,0.04143770412
train/approx_kl,4685824,1783857742.002470,0.04225935787
train/approx_kl,4718592,1783857746.981187,0.04385435954
train/approx_kl,4751360,1783857751.951421,0.04248449951
train/approx_kl,4784128,1783857756.860248,0.04223456234
train/approx_kl,4816896,1783857761.942075,0.04380005971
train/approx_kl,4849664,1783857766.833266,0.04476255551
train/approx_kl,4882432,1783857771.754943,0.04378465191
train/approx_kl,4915200,1783857776.863541,0.04494579136
train/approx_kl,4947968,1783857781.837966,0.04332142323
train/approx_kl,4980736,1783857786.774873,0.04423129559
train/approx_kl,5013504,1783857791.769295,0.04282008857
train/approx_kl,5046272,1783857796.673201,0.04331076145
train/approx_kl,5079040,1783857801.350708,0.04362227023
train/approx_kl,5111808,1783857806.140578,0.04314326122
train/approx_kl,5144576,1783857811.010226,0.04277561232
train/approx_kl,5177344,1783857815.885522,0.04259430617
train/approx_kl,5210112,1783857820.663376,0.04138718545
train/approx_kl,5242880,1783857825.649965,0.04320497811
train/approx_kl,5275648,1783857830.538892,0.0416944325
train/approx_kl,5308416,1783857835.301225,0.04299674928
train/approx_kl,5341184,1783857839.945208,0.04234582931
train/approx_kl,5373952,1783857844.384531,0.04296964407
train/approx_kl,5406720,1783857848.821515,0.04363318533
train/approx_kl,5439488,1783857853.254376,0.04377168417
train/approx_kl,5472256,1783857857.718054,0.04382364452
train/approx_kl,5505024,1783857862.181755,0.04232830554
train/approx_kl,5537792,1783857866.630898,0.04423742741
train/approx_kl,5570560,1783857871.068795,0.04565641284
train/approx_kl,5603328,1783857875.537295,0.04468686879
train/approx_kl,5636096,1783857879.977467,0.04377193004
train/approx_kl,5668864,1783857884.576555,0.04310272634
train/approx_kl,5701632,1783857889.405004,0.04462625086
train/approx_kl,5734400,1783857894.014432,0.04330856353
train/approx_kl,5767168,1783857898.650285,0.04229216278
train/approx_kl,5799936,1783857903.315314,0.04289112985
train/approx_kl,5832704,1783857908.037078,0.04284966737
train/approx_kl,5865472,1783857912.704007,0.04495464265
train/approx_kl,5898240,1783857917.389963,0.04380634427
train/approx_kl,5931008,1783857922.020711,0.04203025997
train/approx_kl,5963776,1783857926.689526,0.04332040995
train/approx_kl,5996544,1783857931.424524,0.04419866204
train/approx_kl,6029312,1783857936.226275,0.04524342343
train/approx_kl,6062080,1783857940.894412,0.04449266195
train/approx_kl,6094848,1783857945.520210,0.04389709607
train/approx_kl,6127616,1783857950.219126,0.04392660409
train/approx_kl,6160384,1783857955.005458,0.04334576428
train/approx_kl,6193152,1783857959.800721,0.04390216619
train/approx_kl,6225920,1783857965.482462,0.04399577901
train/approx_kl,6258688,1783857970.247775,0.04399833083
train/approx_kl,6291456,1783857974.849988,0.04372969642
train/approx_kl,6324224,1783857979.429698,0.04266477376
train/approx_kl,6356992,1783857984.019501,0.04444396123
train/approx_kl,6389760,1783857988.716679,0.04474793375
train/approx_kl,6422528,1783857993.454717,0.0443992354
train/approx_kl,6455296,1783857998.186126,0.04488477856
train/approx_kl,6488064,1783858002.775346,0.0443392992
train/approx_kl,6520832,1783858007.587926,0.04503907263
train/approx_kl,6553600,1783858012.275988,0.04492466897
train/approx_kl,6586368,1783858017.021105,0.04363333806
train/approx_kl,6619136,1783858022.214039,0.04295817763
train/approx_kl,6651904,1783858026.940223,0.04459580779
train/approx_kl,6684672,1783858031.777957,0.04269666225
train/approx_kl,6717440,1783858036.658195,0.04437355697
train/approx_kl,6750208,1783858041.144196,0.04455074668
train/approx_kl,6782976,1783858045.625975,0.04293015972
train/approx_kl,6815744,1783858050.110797,0.04353998601
train/approx_kl,6848512,1783858054.547143,0.04582323134
train/approx_kl,6881280,1783858059.075940,0.04467886686
train/approx_kl,6914048,1783858063.569220,0.04484799504
train/approx_kl,6946816,1783858068.135780,0.04318274558
train/approx_kl,6979584,1783858072.781830,0.04361493886
train/approx_kl,7012352,1783858077.337456,0.04361656308
train/approx_kl,7045120,1783858081.967956,0.04298195243
train/approx_kl,7077888,1783858086.553161,0.04446619004
train/approx_kl,7110656,1783858091.244876,0.04273451865
train/approx_kl,7143424,1783858095.902947,0.04708553851
train/approx_kl,7176192,1783858100.534976,0.04390428588
train/approx_kl,7208960,1783858105.189734,0.04375358671
train/approx_kl,7241728,1783858109.879311,0.04487445951
train/approx_kl,7274496,1783858114.723277,0.04426686466
train/approx_kl,7307264,1783858119.400898,0.04415762424
train/approx_kl,7340032,1783858124.062518,0.04461275041
train/approx_kl,7372800,1783858128.909825,0.04463588446
train/approx_kl,7405568,1783858133.577053,0.04393770546
train/approx_kl,7438336,1783858138.260394,0.04442525655
train/approx_kl,7471104,1783858142.869977,0.0466607362
train/approx_kl,7503872,1783858147.497354,0.04235816002
train/approx_kl,7536640,1783858152.116549,0.04468922317
train/approx_kl,7569408,1783858156.700940,0.04363396764
train/approx_kl,7602176,1783858161.276922,0.04472120106
train/approx_kl,7634944,1783858165.941340,0.04363484681
train/approx_kl,7667712,1783858170.544471,0.04570472986
train/approx_kl,7700480,1783858175.146189,0.04409889132
train/approx_kl,7733248,1783858179.786013,0.04219678789
train/approx_kl,7766016,1783858184.591833,0.04396287352
train/approx_kl,7798784,1783858189.381917,0.04320310801
train/approx_kl,7831552,1783858194.176588,0.04427868128
train/approx_kl,7864320,1783858199.157183,0.04205824435
train/approx_kl,7897088,1783858204.020001,0.04301851988
train/approx_kl,7929856,1783858209.553701,0.04479858279
train/approx_kl,7962624,1783858214.504064,0.0425382629
train/approx_kl,7995392,1783858219.321098,0.04349085689
train/approx_kl,8028160,1783858224.278041,0.04456273839
train/approx_kl,8060928,1783858229.404420,0.04495445639
train/approx_kl,8093696,1783858234.172652,0.04534097761
train/approx_kl,8126464,1783858239.283596,0.04267672449
train/approx_kl,8159232,1783858244.108289,0.04335864633
train/approx_kl,8192000,1783858248.924745,0.0441486463
train/approx_kl,8224768,1783858253.759559,0.04255181924
train/approx_kl,8257536,1783858258.822722,0.04236091673
train/approx_kl,8290304,1783858263.787251,0.04540391266
train/approx_kl,8323072,1783858268.653589,0.0429729186
train/approx_kl,8355840,1783858273.479520,0.04339589179
train/approx_kl,8388608,1783858278.291488,0.04505789652
train/approx_kl,8421376,1783858283.127075,0.04300260544
train/approx_kl,8454144,1783858287.889710,0.04435155913
train/approx_kl,8486912,1783858292.645999,0.04655238986
train/approx_kl,8519680,1783858297.598604,0.04467886686
train/approx_kl,8552448,1783858302.427464,0.04453162849
train/approx_kl,8585216,1783858307.277161,0.0433062315
train/approx_kl,8617984,1783858312.429434,0.0433770977
train/approx_kl,8650752,1783858317.555011,0.04372758418
train/approx_kl,8683520,1783858322.547091,0.04373091459
train/approx_kl,8716288,1783858327.455160,0.04505897686
train/approx_kl,8749056,1783858332.354601,0.04182680324
train/approx_kl,8781824,1783858337.212281,0.04194094986
train/approx_kl,8814592,1783858342.083685,0.04376550019
train/approx_kl,8847360,1783858346.964600,0.04368886352
train/approx_kl,8880128,1783858351.840802,0.04257872328
train/approx_kl,8912896,1783858356.831328,0.04470112175
train/approx_kl,8945664,1783858361.764896,0.0436617732
train/approx_kl,8978432,1783858366.599383,0.04200263694
train/approx_kl,9011200,1783858371.564841,0.04450791329
train/approx_kl,9043968,1783858376.475376,0.04628506303
train/approx_kl,9076736,1783858381.320367,0.044093851
train/approx_kl,9109504,1783858386.263716,0.04292087257
train/approx_kl,9142272,1783858391.246203,0.04396139085
train/approx_kl,9175040,1783858395.920708,0.04432737827
train/approx_kl,9207808,1783858400.597221,0.04381064326
train/approx_kl,9240576,1783858405.289591,0.04524149001
train/approx_kl,9273344,1783858410.128383,0.04319529235
train/approx_kl,9306112,1783858415.299212,0.04185923561
train/approx_kl,9338880,1783858420.309216,0.04273595661
train/approx_kl,9371648,1783858425.256675,0.04278567806
train/approx_kl,9404416,1783858430.272295,0.0425830707
train/approx_kl,9437184,1783858435.054168,0.04117078334
train/approx_kl,9469952,1783858440.037353,0.04279365763
train/approx_kl,9502720,1783858444.819112,0.0438496694
train/approx_kl,9535488,1783858449.681256,0.04230647534
train/approx_kl,9568256,1783858454.586470,0.04294408858
train/approx_kl,9601024,1783858459.365660,0.04201524705
train/approx_kl,9633792,1783858464.301699,0.04337252676
train/approx_kl,9666560,1783858469.164568,0.04432694986
train/approx_kl,9699328,1783858473.873063,0.04322965816
train/approx_kl,9732096,1783858478.575778,0.0431378223
train/approx_kl,9764864,1783858483.372248,0.04293264821
train/approx_kl,9797632,1783858488.073550,0.04250431061
train/approx_kl,9830400,1783858492.904796,0.04338604957
train/approx_kl,9863168,1783858497.759507,0.04323501512
train/approx_kl,9895936,1783858502.633752,0.04116514325
train/approx_kl,9928704,1783858507.406183,0.04355861247
train/approx_kl,9961472,1783858512.183626,0.04275789112
train/approx_kl,9994240,1783858516.884823,0.04246563464
train/approx_kl,10027008,1783858521.626857,0.04314609244
train/approx_kl,10059776,1783858526.520493,0.04234295711
train/approx_kl,10092544,1783858531.447053,0.04259977117
train/approx_kl,10125312,1783858536.228239,0.04150824994
train/approx_kl,10158080,1783858541.049709,0.04267954826
train/approx_kl,10190848,1783858545.749646,0.04217416048
train/approx_kl,10223616,1783858550.550446,0.0421288684
train/approx_kl,10256384,1783858555.713304,0.04360734671
train/approx_kl,10289152,1783858561.125275,0.04257963598
train/approx_kl,10321920,1783858565.845704,0.04266376048
train/approx_kl,10354688,1783858570.558747,0.04338235036
train/approx_kl,10387456,1783858575.319425,0.04262399673
train/approx_kl,10420224,1783858580.310881,0.04148918763
train/approx_kl,10452992,1783858585.961645,0.04462827742
train/approx_kl,10485760,1783858591.044610,0.04557525367
train/approx_kl,10518528,1783858596.123487,0.04243542254
train/approx_kl,10551296,1783858601.246855,0.04268536717
train/approx_kl,10584064,1783858606.379331,0.04198032618
train/approx_kl,10616832,1783858611.643372,0.04149635136
train/approx_kl,10649600,1783858616.852163,0.04086928442
train/approx_kl,10682368,1783858621.905842,0.04114884883
train/approx_kl,10715136,1783858626.836274,0.04250641167
train/approx_kl,10747904,1783858631.843654,0.04120825231
train/approx_kl,10780672,1783858636.884924,0.04168825597
train/approx_kl,10813440,1783858641.940211,0.04224545136
train/approx_kl,10846208,1783858646.978968,0.04072973132
train/approx_kl,10878976,1783858651.952528,0.0425228402
train/approx_kl,10911744,1783858657.181326,0.04109488428
train/approx_kl,10944512,1783858662.286629,0.04407821968
train/approx_kl,10977280,1783858667.319984,0.04201320559
train/approx_kl,11010048,1783858672.524221,0.04232148081
train/approx_kl,11042816,1783858678.519980,0.04263117164
train/approx_kl,11075584,1783858683.584234,0.04275346175
train/approx_kl,11108352,1783858689.265495,0.04230398685
train/approx_kl,11141120,1783858694.618041,0.04092413932
train/approx_kl,11173888,1783858699.744137,0.04155712575
train/approx_kl,11206656,1783858704.808392,0.04219450057
train/approx_kl,11239424,1783858709.958356,0.04128109664
train/approx_kl,11272192,1783858714.910523,0.04234884307
train/approx_kl,11304960,1783858719.796576,0.04163122177
train/approx_kl,11337728,1783858724.899098,0.04174054787
train/approx_kl,11370496,1783858730.034918,0.04268336669
train/approx_kl,11403264,1783858735.162834,0.03934554011
train/approx_kl,11436032,1783858740.202895,0.04299218953
train/approx_kl,11468800,1783858745.073315,0.04334522784
train/approx_kl,11501568,1783858749.975074,0.04137059301
train/approx_kl,11534336,1783858754.842044,0.04174276441
train/approx_kl,11567104,1783858759.528511,0.04018311203
train/approx_kl,11599872,1783858764.213103,0.04123511538
train/approx_kl,11632640,1783858769.051857,0.04192055762
train/approx_kl,11665408,1783858773.777717,0.04113513231
train/approx_kl,11698176,1783858778.558008,0.03904413059
train/approx_kl,11730944,1783858783.254879,0.04113703221
train/approx_kl,11763712,1783858788.016245,0.04068698734
train/approx_kl,11796480,1783858792.806924,0.04130072147
train/approx_kl,11829248,1783858797.778836,0.03950893134
train/approx_kl,11862016,1783858802.563647,0.04112706706
train/approx_kl,11894784,1783858807.413165,0.04153885692
train/approx_kl,11927552,1783858812.172770,0.04082414508
train/approx_kl,11960320,1783858817.041993,0.04159714654
train/approx_kl,11993088,1783858821.805062,0.04038608819
train/approx_kl,12025856,1783858826.624785,0.040033333
train/approx_kl,12058624,1783858831.348328,0.04093205929
train/approx_kl,12091392,1783858836.359191,0.04067758471
train/approx_kl,12124160,1783858841.234102,0.04256889969
train/approx_kl,12156928,1783858846.124862,0.0396726653
train/approx_kl,12189696,1783858850.961170,0.04003142565
train/approx_kl,12222464,1783858855.754088,0.04086587578
train/approx_kl,12255232,1783858860.550008,0.03926473856
train/approx_kl,12288000,1783858865.761530,0.03925699741
train/approx_kl,12320768,1783858871.498944,0.04025135934
train/approx_kl,12353536,1783858876.820863,0.04136283696
train/approx_kl,12386304,1783858881.869090,0.03998012841
train/approx_kl,12419072,1783858886.676996,0.04086642712
train/approx_kl,12451840,1783858891.502879,0.04156304151
train/approx_kl,12484608,1783858896.345157,0.03984965384
train/approx_kl,12517376,1783858901.148205,0.03949091583
train/approx_kl,12550144,1783858905.973020,0.04102583975
train/approx_kl,12582912,1783858910.699371,0.03916644305
train/approx_kl,12615680,1783858915.421818,0.04103776067
train/approx_kl,12648448,1783858920.261487,0.03995645046
train/approx_kl,12681216,1783858925.099955,0.03977049887
train/approx_kl,12713984,1783858929.930760,0.03959075361
train/approx_kl,12746752,1783858934.847661,0.03873633593
train/approx_kl,12779520,1783858939.729895,0.03833333403
train/approx_kl,12812288,1783858944.299836,0.04015322402
train/approx_kl,12845056,1783858948.965544,0.03944209218
train/approx_kl,12877824,1783858953.596090,0.04069345072
train/approx_kl,12910592,1783858958.214131,0.03816656768
train/approx_kl,12943360,1783858962.854244,0.03857834637
train/approx_kl,12976128,1783858967.535534,0.03829726204
train/approx_kl,13008896,1783858972.187200,0.04007505625
train/approx_kl,13041664,1783858977.247291,0.03905084729
train/approx_kl,13074432,1783858982.388553,0.03986386582
train/approx_kl,13107200,1783858987.334270,0.0401815325
train/approx_kl,13139968,1783858993.007619,0.03919766098
train/approx_kl,13172736,1783858998.101995,0.03977244347
train/approx_kl,13205504,1783859002.777987,0.04050965607
train/approx_kl,13238272,1783859007.469570,0.03934841603
train/approx_kl,13271040,1783859012.261357,0.03912784904
train/approx_kl,13303808,1783859017.246704,0.03785452247
train/approx_kl,13336576,1783859022.185267,0.03943727911
train/approx_kl,13369344,1783859026.897490,0.03935290501
train/approx_kl,13402112,1783859031.595577,0.0379784368
train/approx_kl,13434880,1783859036.393930,0.03941866755
train/approx_kl,13467648,1783859041.085635,0.03967573494
train/approx_kl,13500416,1783859045.786887,0.03912434354
train/approx_kl,13533184,1783859050.477914,0.03818678483
train/approx_kl,13565952,1783859055.151976,0.03907530755
train/approx_kl,13598720,1783859059.840935,0.03715206683
train/approx_kl,13631488,1783859064.499225,0.03902051598
train/approx_kl,13664256,1783859069.191121,0.04070478678
train/approx_kl,13697024,1783859073.861616,0.03902675211
train/approx_kl,13729792,1783859078.547220,0.03925561532
train/approx_kl,13762560,1783859083.252374,0.03901506215
train/approx_kl,13795328,1783859087.935145,0.03745553643
train/approx_kl,13828096,1783859092.705679,0.03913380206
train/approx_kl,13860864,1783859097.593736,0.03866627812
train/approx_kl,13893632,1783859102.348665,0.03977714479
train/approx_kl,13926400,1783859107.026640,0.03857085109
train/approx_kl,13959168,1783859111.743917,0.04051672667
train/approx_kl,13991936,1783859116.460560,0.03915190324
train/approx_kl,14024704,1783859121.176368,0.03917896003
train/approx_kl,14057472,1783859125.861439,0.03932633251
train/approx_kl,14090240,1783859130.844370,0.03877592087
train/approx_kl,14123008,1783859135.887840,0.03903220594
train/approx_kl,14155776,1783859140.711173,0.03867796063
train/approx_kl,14188544,1783859145.445682,0.03917389736
train/approx_kl,14221312,1783859150.227674,0.03895276785
train/approx_kl,14254080,1783859154.979559,0.03763432428
train/approx_kl,14286848,1783859159.926283,0.03941015527
train/approx_kl,14319616,1783859164.928212,0.03856943548
train/approx_kl,14352384,1783859169.617971,0.03933897242
train/approx_kl,14385152,1783859174.400997,0.03760250285
train/approx_kl,14417920,1783859179.110141,0.03735905886
train/approx_kl,14450688,1783859183.816348,0.03924501687
train/approx_kl,14483456,1783859188.545059,0.04055126011
train/approx_kl,14516224,1783859193.538292,0.03983040154
train/approx_kl,14548992,1783859199.106780,0.03834374249
train/approx_kl,14581760,1783859203.872195,0.03966030478
train/approx_kl,14614528,1783859208.713780,0.03758703917
train/approx_kl,14647296,1783859213.403945,0.03668747097
train/approx_kl,14680064,1783859218.304526,0.03820723295
train/approx_kl,14712832,1783859222.994122,0.03880106658
train/approx_kl,14745600,1783859227.691828,0.03680908307
train/approx_kl,14778368,1783859232.358949,0.0391222313
train/approx_kl,14811136,1783859237.047469,0.03717911243
train/approx_kl,14843904,1783859241.726451,0.03829491138
train/approx_kl,14876672,1783859246.408958,0.03642920405
train/approx_kl,14909440,1783859251.068795,0.03815568238
train/approx_kl,14942208,1783859255.734108,0.03750260919
train/approx_kl,14974976,1783859260.429903,0.03680791706
train/approx_kl,15007744,1783859265.079495,0.03859679401
train/approx_kl,15040512,1783859269.736432,0.03771278262
train/approx_kl,15073280,1783859274.393374,0.03768967092
train/approx_kl,15106048,1783859279.289581,0.0372021012
train/approx_kl,15138816,1783859283.957163,0.03744203225
train/approx_kl,15171584,1783859288.873705,0.03787546605
train/approx_kl,15204352,1783859293.899130,0.03728502989
train/approx_kl,15237120,1783859298.642170,0.03698240221
train/approx_kl,15269888,1783859303.483711,0.03669283539
train/approx_kl,15302656,1783859308.339134,0.03798973188
train/approx_kl,15335424,1783859313.043867,0.03781469911
train/approx_kl,15368192,1783859317.827437,0.03632049635
train/approx_kl,15400960,1783859322.448058,0.03787454963
train/approx_kl,15433728,1783859327.220208,0.03846218437
train/approx_kl,15466496,1783859332.116045,0.0365447402
train/approx_kl,15499264,1783859337.891598,0.03662436455
train/approx_kl,15532032,1783859342.497867,0.03699167073
train/approx_kl,15564800,1783859347.228054,0.03622722253
train/approx_kl,15597568,1783859351.909257,0.03798959032
train/approx_kl,15630336,1783859356.651425,0.03690013289
train/approx_kl,15663104,1783859361.280893,0.03794263676
train/approx_kl,15695872,1783859366.033098,0.03676892444
train/approx_kl,15728640,1783859370.744387,0.0362854749
train/approx_kl,15761408,1783859375.491546,0.0370689109
train/approx_kl,15794176,1783859380.663984,0.03725569695
train/approx_kl,15826944,1783859385.526206,0.03803212941
train/approx_kl,15859712,1783859390.250697,0.03854916617
train/approx_kl,15892480,1783859395.231224,0.03769050539
train/approx_kl,15925248,1783859400.287555,0.03768469393
train/approx_kl,15958016,1783859405.212567,0.03672941774
train/approx_kl,15990784,1783859410.130397,0.03823921457
train/approx_kl,16023552,1783859415.091447,0.03648801893
train/approx_kl,16056320,1783859419.883955,0.03753437102
train/approx_kl,16089088,1783859424.663895,0.03710496426
train/approx_kl,16121856,1783859429.445353,0.03576195985
train/approx_kl,16154624,1783859434.321024,0.03701321036
train/approx_kl,16187392,1783859439.100705,0.03652819619
train/approx_kl,16220160,1783859443.859844,0.03853914142
train/approx_kl,16252928,1783859448.917230,0.03844122589
train/approx_kl,16285696,1783859453.641656,0.03668903187
train/approx_kl,16318464,1783859458.555135,0.03741459548
train/approx_kl,16351232,1783859463.491959,0.03739468008
train/approx_kl,16384000,1783859468.520906,0.03695045039
train/approx_kl,16416768,1783859473.460674,0.03864409402
train/approx_kl,16449536,1783859478.205700,0.03729147837
train/approx_kl,16482304,1783859482.980813,0.03636812791
train/approx_kl,16515072,1783859487.910143,0.03675186634
train/approx_kl,16547840,1783859492.985410,0.03689618409
train/approx_kl,16580608,1783859497.958850,0.03853645921
train/approx_kl,16613376,1783859502.892946,0.03697840124
train/approx_kl,16646144,1783859507.851401,0.03849413991
train/approx_kl,16678912,1783859512.776221,0.03688685596
train/approx_kl,16711680,1783859517.839980,0.03761330247
train/approx_kl,16744448,1783859522.969125,0.03633388877
train/approx_kl,16777216,1783859527.990960,0.03720563278
train/approx_kl,16809984,1783859532.939590,0.03648368269
train/approx_kl,16842752,1783859537.709011,0.03651088849
train/approx_kl,16875520,1783859542.425295,0.03680505976
train/approx_kl,16908288,1783859547.175346,0.03863419592
train/approx_kl,16941056,1783859551.918123,0.03583799303
train/approx_kl,16973824,1783859556.642520,0.03793467581
train/approx_kl,17006592,1783859561.382385,0.03837937117
train/approx_kl,17039360,1783859566.083361,0.03529883176
train/approx_kl,17072128,1783859570.911742,0.03692001104
train/approx_kl,17104896,1783859575.721312,0.03570790961
train/approx_kl,17137664,1783859580.864989,0.03788227588
train/approx_kl,17170432,1783859586.010932,0.0377542153
train/approx_kl,17203200,1783859590.721311,0.03630398959
train/approx_kl,17235968,1783859595.312887,0.03566443175
train/approx_kl,17268736,1783859599.900537,0.03587082028
train/approx_kl,17301504,1783859604.447196,0.03477049246
train/approx_kl,17334272,1783859609.098087,0.0354738161
train/approx_kl,17367040,1783859613.691067,0.03541567922
train/approx_kl,17399808,1783859618.279080,0.03676189482
train/approx_kl,17432576,1783859622.859058,0.03573508188
train/approx_kl,17465344,1783859627.442855,0.03773096949
train/approx_kl,17498112,1783859631.989958,0.03701864928
train/approx_kl,17530880,1783859636.819690,0.03603555262
train/approx_kl,17563648,1783859641.736891,0.03825094923
train/approx_kl,17596416,1783859646.747410,0.03489382938
train/approx_kl,17629184,1783859651.740480,0.03692003712
train/approx_kl,17661952,1783859656.957185,0.03687345237
train/approx_kl,17694720,1783859661.966195,0.03667917103
train/approx_kl,17727488,1783859667.062433,0.037179254
train/approx_kl,17760256,1783859672.106414,0.03676282614
train/approx_kl,17793024,1783859677.030315,0.03717665374
train/approx_kl,17825792,1783859681.935730,0.03660272807
train/approx_kl,17858560,1783859686.557414,0.03719376773
train/approx_kl,17891328,1783859691.427296,0.03683137521
train/approx_kl,17924096,1783859696.419168,0.03696225584
train/approx_kl,17956864,1783859701.416729,0.03557083011
train/approx_kl,17989632,1783859706.316881,0.03651366383
train/approx_kl,18022400,1783859711.153088,0.03501739353
train/approx_kl,18055168,1783859716.111285,0.03696293756
train/approx_kl,18087936,1783859720.982247,0.03718468547
train/approx_kl,18120704,1783859725.942463,0.03522885591
train/approx_kl,18153472,1783859730.932807,0.03706777841
train/approx_kl,18186240,1783859735.986698,0.03753368184
train/approx_kl,18219008,1783859741.213536,0.03641702235
train/approx_kl,18251776,1783859746.787341,0.03828435391
train/approx_kl,18284544,1783859751.591050,0.03624524176
train/approx_kl,18317312,1783859756.474677,0.0372527726
train/approx_kl,18350080,1783859761.156683,0.03618163243
train/approx_kl,18382848,1783859765.867057,0.0377873145
train/approx_kl,18415616,1783859770.544720,0.03505736217
train/approx_kl,18448384,1783859775.396916,0.03634659946
train/approx_kl,18481152,1783859780.146126,0.03755830973
train/approx_kl,18513920,1783859784.861299,0.03546021134
train/approx_kl,18546688,1783859789.762495,0.03593337908
train/approx_kl,18579456,1783859794.499503,0.03744136542
train/approx_kl,18612224,1783859799.181919,0.03787846863
train/approx_kl,18644992,1783859804.131412,0.03492118046
train/approx_kl,18677760,1783859808.850557,0.0375950411
train/approx_kl,18710528,1783859813.515923,0.03553783149
train/approx_kl,18743296,1783859818.441250,0.03551907092
train/approx_kl,18776064,1783859822.932987,0.03564047813
train/approx_kl,18808832,1783859827.523501,0.03657393903
train/approx_kl,18841600,1783859832.036541,0.03754521161
train/approx_kl,18874368,1783859836.995580,0.03749109432
train/approx_kl,18907136,1783859841.919790,0.03580702469
train/approx_kl,18939904,1783859846.990835,0.03585313261
train/approx_kl,18972672,1783859851.944603,0.03529411554
train/approx_kl,19005440,1783859856.925220,0.03565561026
train/approx_kl,19038208,1783859861.554857,0.03683717549
train/approx_kl,19070976,1783859866.147955,0.03594630584
train/approx_kl,19103744,1783859870.853221,0.03654206544
train/approx_kl,19136512,1783859875.537931,0.03633428738
train/approx_kl,19169280,1783859880.141582,0.03506110236
train/approx_kl,19202048,1783859884.778860,0.03854633868
train/approx_kl,19234816,1783859889.458736,0.03639832884
train/approx_kl,19267584,1783859894.142438,0.03768892586
train/approx_kl,19300352,1783859898.810349,0.03580295295
train/approx_kl,19333120,1783859903.394998,0.03675448149
train/approx_kl,19365888,1783859907.936343,0.0357517153
train/approx_kl,19398656,1783859912.503193,0.03649958596
train/approx_kl,19431424,1783859917.012334,0.03666544706
train/approx_kl,19464192,1783859921.532717,0.03672619537
train/approx_kl,19496960,1783859926.036002,0.03487794846
train/approx_kl,19529728,1783859930.584289,0.03646087274
train/approx_kl,19562496,1783859935.113745,0.03598560393
train/approx_kl,19595264,1783859939.862661,0.03603403643
train/approx_kl,19628032,1783859944.307962,0.0364010334
train/approx_kl,19660800,1783859948.763769,0.03551167995
train/approx_kl,19693568,1783859953.200689,0.03481646627
train/approx_kl,19726336,1783859957.625382,0.03738415986
train/approx_kl,19759104,1783859962.034874,0.03503729776
train/approx_kl,19791872,1783859966.490458,0.03588543087
train/approx_kl,19824640,1783859970.947946,0.03508703038
train/approx_kl,19857408,1783859975.474413,0.03736585379
train/approx_kl,19890176,1783859979.886287,0.03554457426
train/approx_kl,19922944,1783859984.372114,0.03582765907
train/approx_kl,19955712,1783859988.850388,0.03636876494
train/approx_kl,19988480,1783859993.299666,0.03668996319
train/approx_kl,20021248,1783859997.993860,0.03607391194
train/clip_fraction,65536,1783857064.785704,0.1506881714
train/clip_fraction,98304,1783857069.726884,0.1741409302
train/clip_fraction,131072,1783857074.477088,0.1865844727
train/clip_fraction,163840,1783857079.686740,0.1931381226
train/clip_fraction,196608,1783857084.633473,0.2095336914
train/clip_fraction,229376,1783857089.485659,0.2073745728
train/clip_fraction,262144,1783857094.402409,0.2172317505
train/clip_fraction,294912,1783857099.309453,0.2239151001
train/clip_fraction,327680,1783857104.132781,0.2252120972
train/clip_fraction,360448,1783857108.928522,0.2321014404
train/clip_fraction,393216,1783857113.752036,0.2439346313
train/clip_fraction,425984,1783857118.682925,0.251953125
train/clip_fraction,458752,1783857123.447596,0.2567596436
train/clip_fraction,491520,1783857128.161162,0.2492370605
train/clip_fraction,524288,1783857132.992532,0.2505493164
train/clip_fraction,557056,1783857137.862286,0.2592926025
train/clip_fraction,589824,1783857142.783175,0.2608032227
train/clip_fraction,622592,1783857147.669898,0.2609481812
train/clip_fraction,655360,1783857152.629713,0.2680892944
train/clip_fraction,688128,1783857157.580000,0.2659454346
train/clip_fraction,720896,1783857162.504915,0.2693710327
train/clip_fraction,753664,1783857167.410187,0.2699584961
train/clip_fraction,786432,1783857172.318528,0.2788162231
train/clip_fraction,819200,1783857177.394915,0.280128479
train/clip_fraction,851968,1783857182.358332,0.2745895386
train/clip_fraction,884736,1783857187.195185,0.2802429199
train/clip_fraction,917504,1783857192.005619,0.2881469727
train/clip_fraction,950272,1783857196.927871,0.2904205322
train/clip_fraction,983040,1783857201.893745,0.2891998291
train/clip_fraction,1015808,1783857206.574290,0.2916183472
train/clip_fraction,1048576,1783857211.308841,0.3020629883
train/clip_fraction,1081344,1783857215.981954,0.3061828613
train/clip_fraction,1114112,1783857220.900490,0.3019332886
train/clip_fraction,1146880,1783857225.960218,0.2964172363
train/clip_fraction,1179648,1783857231.006889,0.3027877808
train/clip_fraction,1212416,1783857236.118578,0.3022613525
train/clip_fraction,1245184,1783857241.216593,0.3122711182
train/clip_fraction,1277952,1783857246.156785,0.3039703369
train/clip_fraction,1310720,1783857250.718128,0.3118743896
train/clip_fraction,1343488,1783857255.437496,0.317199707
train/clip_fraction,1376256,1783857260.076071,0.3218460083
train/clip_fraction,1409024,1783857264.592819,0.3104934692
train/clip_fraction,1441792,1783857269.094415,0.3109970093
train/clip_fraction,1474560,1783857273.644401,0.3183288574
train/clip_fraction,1507328,1783857278.501961,0.3116989136
train/clip_fraction,1540096,1783857283.027863,0.320892334
train/clip_fraction,1572864,1783857287.561687,0.3231735229
train/clip_fraction,1605632,1783857292.216879,0.321144104
train/clip_fraction,1638400,1783857297.014356,0.322555542
train/clip_fraction,1671168,1783857301.569549,0.3279647827
train/clip_fraction,1703936,1783857306.128350,0.3281936646
train/clip_fraction,1736704,1783857310.624043,0.3345794678
train/clip_fraction,1769472,1783857315.437495,0.3301849365
train/clip_fraction,1802240,1783857320.015341,0.3291473389
train/clip_fraction,1835008,1783857324.663066,0.3362426758
train/clip_fraction,1867776,1783857329.379741,0.3237075806
train/clip_fraction,1900544,1783857334.103586,0.3315887451
train/clip_fraction,1933312,1783857338.730871,0.3378219604
train/clip_fraction,1966080,1783857343.722809,0.3367004395
train/clip_fraction,1998848,1783857348.513273,0.3364868164
train/clip_fraction,2031616,1783857353.301539,0.34324646
train/clip_fraction,2064384,1783857358.239307,0.3387908936
train/clip_fraction,2097152,1783857363.056169,0.3419265747
train/clip_fraction,2129920,1783857367.790717,0.3488006592
train/clip_fraction,2162688,1783857372.604049,0.3482437134
train/clip_fraction,2195456,1783857377.516887,0.3469009399
train/clip_fraction,2228224,1783857382.468376,0.3496246338
train/clip_fraction,2260992,1783857387.329111,0.3506164551
train/clip_fraction,2293760,1783857392.368374,0.3419418335
train/clip_fraction,2326528,1783857397.277038,0.3473434448
train/clip_fraction,2359296,1783857402.123767,0.3517303467
train/clip_fraction,2392064,1783857406.964285,0.3466186523
train/clip_fraction,2424832,1783857411.866584,0.3479690552
train/clip_fraction,2457600,1783857416.814902,0.3492355347
train/clip_fraction,2490368,1783857421.490666,0.3578948975
train/clip_fraction,2523136,1783857426.272650,0.3564147949
train/clip_fraction,2555904,1783857431.158600,0.3531570435
train/clip_fraction,2588672,1783857436.125503,0.3563461304
train/clip_fraction,2621440,1783857440.974851,0.3592300415
train/clip_fraction,2654208,1783857445.786449,0.3591461182
train/clip_fraction,2686976,1783857450.774805,0.3592605591
train/clip_fraction,2719744,1783857455.631930,0.357673645
train/clip_fraction,2752512,1783857460.451112,0.3542175293
train/clip_fraction,2785280,1783857465.149877,0.3667755127
train/clip_fraction,2818048,1783857470.042665,0.3646774292
train/clip_fraction,2850816,1783857474.916326,0.3628005981
train/clip_fraction,2883584,1783857479.919394,0.3666305542
train/clip_fraction,2916352,1783857485.095463,0.3636474609
train/clip_fraction,2949120,1783857490.083414,0.3710708618
train/clip_fraction,2981888,1783857494.959362,0.3737182617
train/clip_fraction,3014656,1783857499.939009,0.3615264893
train/clip_fraction,3047424,1783857504.735686,0.3760299683
train/clip_fraction,3080192,1783857509.497652,0.3730926514
train/clip_fraction,3112960,1783857514.279342,0.3734817505
train/clip_fraction,3145728,1783857519.080641,0.3674468994
train/clip_fraction,3178496,1783857523.837741,0.3669586182
train/clip_fraction,3211264,1783857528.596691,0.3725585938
train/clip_fraction,3244032,1783857533.211216,0.3731384277
train/clip_fraction,3276800,1783857538.113633,0.3706207275
train/clip_fraction,3309568,1783857542.998544,0.3840026855
train/clip_fraction,3342336,1783857547.769332,0.3714065552
train/clip_fraction,3375104,1783857552.341358,0.3780822754
train/clip_fraction,3407872,1783857557.043413,0.385345459
train/clip_fraction,3440640,1783857561.987516,0.381729126
train/clip_fraction,3473408,1783857566.719318,0.3892669678
train/clip_fraction,3506176,1783857571.450926,0.3862915039
train/clip_fraction,3538944,1783857576.311585,0.3812255859
train/clip_fraction,3571712,1783857581.050530,0.3819656372
train/clip_fraction,3604480,1783857585.763820,0.3880233765
train/clip_fraction,3637248,1783857590.334946,0.3892440796
train/clip_fraction,3670016,1783857594.897852,0.3804168701
train/clip_fraction,3702784,1783857599.544921,0.3861618042
train/clip_fraction,3735552,1783857604.191864,0.3781814575
train/clip_fraction,3768320,1783857608.797213,0.3848724365
train/clip_fraction,3801088,1783857613.383744,0.387588501
train/clip_fraction,3833856,1783857618.062123,0.3957672119
train/clip_fraction,3866624,1783857622.966794,0.3941116333
train/clip_fraction,3899392,1783857627.927150,0.3831863403
train/clip_fraction,3932160,1783857632.685267,0.390663147
train/clip_fraction,3964928,1783857637.356988,0.3905487061
train/clip_fraction,3997696,1783857641.802469,0.3859710693
train/clip_fraction,4030464,1783857646.296670,0.3889770508
train/clip_fraction,4063232,1783857651.090970,0.3959579468
train/clip_fraction,4096000,1783857655.726338,0.3971099854
train/clip_fraction,4128768,1783857660.462197,0.3941116333
train/clip_fraction,4161536,1783857665.453897,0.3906555176
train/clip_fraction,4194304,1783857670.410421,0.3936538696
train/clip_fraction,4227072,1783857675.171164,0.3954772949
train/clip_fraction,4259840,1783857679.966376,0.3979110718
train/clip_fraction,4292608,1783857684.747014,0.3986740112
train/clip_fraction,4325376,1783857689.502106,0.3963088989
train/clip_fraction,4358144,1783857694.252127,0.3940429688
train/clip_fraction,4390912,1783857699.013724,0.394493103
train/clip_fraction,4423680,1783857703.767397,0.4016189575
train/clip_fraction,4456448,1783857708.508128,0.3925170898
train/clip_fraction,4489216,1783857713.232006,0.3952636719
train/clip_fraction,4521984,1783857718.049336,0.4095840454
train/clip_fraction,4554752,1783857722.906124,0.4083099365
train/clip_fraction,4587520,1783857727.678536,0.4045639038
train/clip_fraction,4620288,1783857732.427065,0.4005889893
train/clip_fraction,4653056,1783857737.169116,0.4072418213
train/clip_fraction,4685824,1783857742.002474,0.3949508667
train/clip_fraction,4718592,1783857746.981192,0.4105606079
train/clip_fraction,4751360,1783857751.951424,0.4068374634
train/clip_fraction,4784128,1783857756.860252,0.3992614746
train/clip_fraction,4816896,1783857761.942080,0.410369873
train/clip_fraction,4849664,1783857766.833270,0.4139862061
train/clip_fraction,4882432,1783857771.754947,0.4080276489
train/clip_fraction,4915200,1783857776.863545,0.4113922119
train/clip_fraction,4947968,1783857781.837970,0.4053726196
train/clip_fraction,4980736,1783857786.774877,0.4124069214
train/clip_fraction,5013504,1783857791.769299,0.403755188
train/clip_fraction,5046272,1783857796.673205,0.40965271
train/clip_fraction,5079040,1783857801.350711,0.4037628174
train/clip_fraction,5111808,1783857806.140582,0.411026001
train/clip_fraction,5144576,1783857811.010229,0.4094772339
train/clip_fraction,5177344,1783857815.885525,0.3974075317
train/clip_fraction,5210112,1783857820.663379,0.4036560059
train/clip_fraction,5242880,1783857825.649970,0.4048461914
train/clip_fraction,5275648,1783857830.538895,0.4011917114
train/clip_fraction,5308416,1783857835.301229,0.4042892456
train/clip_fraction,5341184,1783857839.945211,0.4022979736
train/clip_fraction,5373952,1783857844.384535,0.4072570801
train/clip_fraction,5406720,1783857848.821520,0.3986129761
train/clip_fraction,5439488,1783857853.254381,0.4067764282
train/clip_fraction,5472256,1783857857.718059,0.4092025757
train/clip_fraction,5505024,1783857862.181759,0.4014511108
train/clip_fraction,5537792,1783857866.630902,0.4030761719
train/clip_fraction,5570560,1783857871.068799,0.419708252
train/clip_fraction,5603328,1783857875.537300,0.4137802124
train/clip_fraction,5636096,1783857879.977471,0.4101715088
train/clip_fraction,5668864,1783857884.576559,0.4068527222
train/clip_fraction,5701632,1783857889.405008,0.4047698975
train/clip_fraction,5734400,1783857894.014436,0.4079284668
train/clip_fraction,5767168,1783857898.650289,0.4024047852
train/clip_fraction,5799936,1783857903.315318,0.3997039795
train/clip_fraction,5832704,1783857908.037082,0.4099578857
train/clip_fraction,5865472,1783857912.704011,0.4086685181
train/clip_fraction,5898240,1783857917.389968,0.4076080322
train/clip_fraction,5931008,1783857922.020715,0.403213501
train/clip_fraction,5963776,1783857926.689530,0.4095230103
train/clip_fraction,5996544,1783857931.424528,0.4169387817
train/clip_fraction,6029312,1783857936.226280,0.4161300659
train/clip_fraction,6062080,1783857940.894417,0.4063186646
train/clip_fraction,6094848,1783857945.520214,0.4089431763
train/clip_fraction,6127616,1783857950.219131,0.4103927612
train/clip_fraction,6160384,1783857955.005462,0.4060211182
train/clip_fraction,6193152,1783857959.800725,0.4046859741
train/clip_fraction,6225920,1783857965.482467,0.4065933228
train/clip_fraction,6258688,1783857970.247779,0.4064102173
train/clip_fraction,6291456,1783857974.849992,0.4064025879
train/clip_fraction,6324224,1783857979.429703,0.4072647095
train/clip_fraction,6356992,1783857984.019506,0.4046020508
train/clip_fraction,6389760,1783857988.716682,0.4114837646
train/clip_fraction,6422528,1783857993.454721,0.410774231
train/clip_fraction,6455296,1783857998.186130,0.4150314331
train/clip_fraction,6488064,1783858002.775350,0.4077072144
train/clip_fraction,6520832,1783858007.587930,0.4081039429
train/clip_fraction,6553600,1783858012.275992,0.4059753418
train/clip_fraction,6586368,1783858017.021109,0.4052810669
train/clip_fraction,6619136,1783858022.214044,0.4005584717
train/clip_fraction,6651904,1783858026.940227,0.4064865112
train/clip_fraction,6684672,1783858031.777960,0.4052581787
train/clip_fraction,6717440,1783858036.658198,0.4086074829
train/clip_fraction,6750208,1783858041.144200,0.4030914307
train/clip_fraction,6782976,1783858045.625979,0.4075317383
train/clip_fraction,6815744,1783858050.110800,0.4108810425
train/clip_fraction,6848512,1783858054.547147,0.411605835
train/clip_fraction,6881280,1783858059.075944,0.4151000977
train/clip_fraction,6914048,1783858063.569225,0.4125137329
train/clip_fraction,6946816,1783858068.135785,0.4014434814
train/clip_fraction,6979584,1783858072.781834,0.4108810425
train/clip_fraction,7012352,1783858077.337461,0.4032669067
train/clip_fraction,7045120,1783858081.967962,0.4007797241
train/clip_fraction,7077888,1783858086.553165,0.4006347656
train/clip_fraction,7110656,1783858091.244880,0.4074859619
train/clip_fraction,7143424,1783858095.902951,0.4160461426
train/clip_fraction,7176192,1783858100.534980,0.4008560181
train/clip_fraction,7208960,1783858105.189737,0.4015731812
train/clip_fraction,7241728,1783858109.879314,0.4095993042
train/clip_fraction,7274496,1783858114.723281,0.4042358398
train/clip_fraction,7307264,1783858119.400902,0.4041900635
train/clip_fraction,7340032,1783858124.062522,0.4060897827
train/clip_fraction,7372800,1783858128.909829,0.4056930542
train/clip_fraction,7405568,1783858133.577057,0.4051513672
train/clip_fraction,7438336,1783858138.260397,0.4093322754
train/clip_fraction,7471104,1783858142.869981,0.4130401611
train/clip_fraction,7503872,1783858147.497358,0.4047851562
train/clip_fraction,7536640,1783858152.116553,0.4091186523
train/clip_fraction,7569408,1783858156.700944,0.4018707275
train/clip_fraction,7602176,1783858161.276926,0.4080810547
train/clip_fraction,7634944,1783858165.941344,0.4063644409
train/clip_fraction,7667712,1783858170.544475,0.4081192017
train/clip_fraction,7700480,1783858175.146193,0.4044570923
train/clip_fraction,7733248,1783858179.786017,0.4062271118
train/clip_fraction,7766016,1783858184.591837,0.402961731
train/clip_fraction,7798784,1783858189.381920,0.4050979614
train/clip_fraction,7831552,1783858194.176591,0.4056777954
train/clip_fraction,7864320,1783858199.157187,0.3923568726
train/clip_fraction,7897088,1783858204.020005,0.404258728
train/clip_fraction,7929856,1783858209.553705,0.4025878906
train/clip_fraction,7962624,1783858214.504068,0.4041595459
train/clip_fraction,7995392,1783858219.321102,0.4051971436
train/clip_fraction,8028160,1783858224.278045,0.4053421021
train/clip_fraction,8060928,1783858229.404424,0.4117431641
train/clip_fraction,8093696,1783858234.172656,0.4052047729
train/clip_fraction,8126464,1783858239.283600,0.4067459106
train/clip_fraction,8159232,1783858244.108292,0.4058303833
train/clip_fraction,8192000,1783858248.924749,0.3993835449
train/clip_fraction,8224768,1783858253.759563,0.3999557495
train/clip_fraction,8257536,1783858258.822726,0.396156311
train/clip_fraction,8290304,1783858263.787255,0.4049911499
train/clip_fraction,8323072,1783858268.653593,0.4040222168
train/clip_fraction,8355840,1783858273.479524,0.3983612061
train/clip_fraction,8388608,1783858278.291492,0.409576416
train/clip_fraction,8421376,1783858283.127079,0.4043045044
train/clip_fraction,8454144,1783858287.889714,0.4030609131
train/clip_fraction,8486912,1783858292.646003,0.4048995972
train/clip_fraction,8519680,1783858297.598608,0.4025802612
train/clip_fraction,8552448,1783858302.427468,0.4118499756
train/clip_fraction,8585216,1783858307.277166,0.4008255005
train/clip_fraction,8617984,1783858312.429438,0.4040679932
train/clip_fraction,8650752,1783858317.555015,0.4028015137
train/clip_fraction,8683520,1783858322.547094,0.3981323242
train/clip_fraction,8716288,1783858327.455165,0.412940979
train/clip_fraction,8749056,1783858332.354605,0.4032974243
train/clip_fraction,8781824,1783858337.212285,0.3973312378
train/clip_fraction,8814592,1783858342.083689,0.4053955078
train/clip_fraction,8847360,1783858346.964604,0.4014129639
train/clip_fraction,8880128,1783858351.840806,0.398109436
train/clip_fraction,8912896,1783858356.831332,0.4039154053
train/clip_fraction,8945664,1783858361.764900,0.3981933594
train/clip_fraction,8978432,1783858366.599387,0.4039001465
train/clip_fraction,9011200,1783858371.564845,0.4101486206
train/clip_fraction,9043968,1783858376.475379,0.414642334
train/clip_fraction,9076736,1783858381.320371,0.4032821655
train/clip_fraction,9109504,1783858386.263720,0.4038467407
train/clip_fraction,9142272,1783858391.246207,0.4086837769
train/clip_fraction,9175040,1783858395.920712,0.4014816284
train/clip_fraction,9207808,1783858400.597225,0.4024734497
train/clip_fraction,9240576,1783858405.289595,0.41456604
train/clip_fraction,9273344,1783858410.128386,0.3921585083
train/clip_fraction,9306112,1783858415.299215,0.396736145
train/clip_fraction,9338880,1783858420.309220,0.40184021
train/clip_fraction,9371648,1783858425.256679,0.3966674805
train/clip_fraction,9404416,1783858430.272299,0.401512146
train/clip_fraction,9437184,1783858435.054172,0.395942688
train/clip_fraction,9469952,1783858440.037357,0.4009552002
train/clip_fraction,9502720,1783858444.819116,0.3971328735
train/clip_fraction,9535488,1783858449.681260,0.3989944458
train/clip_fraction,9568256,1783858454.586473,0.3974838257
train/clip_fraction,9601024,1783858459.365664,0.3986434937
train/clip_fraction,9633792,1783858464.301703,0.3991088867
train/clip_fraction,9666560,1783858469.164572,0.4062652588
train/clip_fraction,9699328,1783858473.873067,0.4026794434
train/clip_fraction,9732096,1783858478.575782,0.3937530518
train/clip_fraction,9764864,1783858483.372252,0.4021682739
train/clip_fraction,9797632,1783858488.073553,0.3969802856
train/clip_fraction,9830400,1783858492.904801,0.3983078003
train/clip_fraction,9863168,1783858497.759511,0.3965148926
train/clip_fraction,9895936,1783858502.633755,0.3932113647
train/clip_fraction,9928704,1783858507.406187,0.4028701782
train/clip_fraction,9961472,1783858512.183630,0.3961410522
train/clip_fraction,9994240,1783858516.884827,0.3932037354
train/clip_fraction,10027008,1783858521.626861,0.4000396729
train/clip_fraction,10059776,1783858526.520496,0.395149231
train/clip_fraction,10092544,1783858531.447058,0.3973770142
train/clip_fraction,10125312,1783858536.228243,0.3885574341
train/clip_fraction,10158080,1783858541.049712,0.3987197876
train/clip_fraction,10190848,1783858545.749650,0.3938064575
train/clip_fraction,10223616,1783858550.550450,0.3976364136
train/clip_fraction,10256384,1783858555.713308,0.3977279663
train/clip_fraction,10289152,1783858561.125280,0.3969116211
train/clip_fraction,10321920,1783858565.845708,0.4025497437
train/clip_fraction,10354688,1783858570.558751,0.3957366943
train/clip_fraction,10387456,1783858575.319428,0.4078979492
train/clip_fraction,10420224,1783858580.310886,0.3992614746
train/clip_fraction,10452992,1783858585.961649,0.3996887207
train/clip_fraction,10485760,1783858591.044614,0.4009094238
train/clip_fraction,10518528,1783858596.123491,0.4053192139
train/clip_fraction,10551296,1783858601.246859,0.3961868286
train/clip_fraction,10584064,1783858606.379335,0.3900299072
train/clip_fraction,10616832,1783858611.643376,0.3913879395
train/clip_fraction,10649600,1783858616.852167,0.3872375488
train/clip_fraction,10682368,1783858621.905846,0.3918457031
train/clip_fraction,10715136,1783858626.836277,0.3954849243
train/clip_fraction,10747904,1783858631.843659,0.3945999146
train/clip_fraction,10780672,1783858636.884928,0.3962249756
train/clip_fraction,10813440,1783858641.940215,0.3960494995
train/clip_fraction,10846208,1783858646.978972,0.3980636597
train/clip_fraction,10878976,1783858651.952532,0.3959732056
train/clip_fraction,10911744,1783858657.181330,0.3902282715
train/clip_fraction,10944512,1783858662.286632,0.3944396973
train/clip_fraction,10977280,1783858667.319988,0.3907012939
train/clip_fraction,11010048,1783858672.524226,0.3901138306
train/clip_fraction,11042816,1783858678.519984,0.3906784058
train/clip_fraction,11075584,1783858683.584239,0.3924636841
train/clip_fraction,11108352,1783858689.265499,0.3994903564
train/clip_fraction,11141120,1783858694.618045,0.3888320923
train/clip_fraction,11173888,1783858699.744141,0.3913879395
train/clip_fraction,11206656,1783858704.808396,0.3948440552
train/clip_fraction,11239424,1783858709.958359,0.3928985596
train/clip_fraction,11272192,1783858714.910527,0.3927688599
train/clip_fraction,11304960,1783858719.796580,0.3905105591
train/clip_fraction,11337728,1783858724.899101,0.3876190186
train/clip_fraction,11370496,1783858730.034922,0.3960571289
train/clip_fraction,11403264,1783858735.162837,0.3850402832
train/clip_fraction,11436032,1783858740.202898,0.4002151489
train/clip_fraction,11468800,1783858745.073344,0.3983001709
train/clip_fraction,11501568,1783858749.975078,0.391998291
train/clip_fraction,11534336,1783858754.842048,0.385345459
train/clip_fraction,11567104,1783858759.528514,0.3797607422
train/clip_fraction,11599872,1783858764.213108,0.3943481445
train/clip_fraction,11632640,1783858769.051861,0.3945541382
train/clip_fraction,11665408,1783858773.777721,0.3930282593
train/clip_fraction,11698176,1783858778.558012,0.3829498291
train/clip_fraction,11730944,1783858783.254883,0.388710022
train/clip_fraction,11763712,1783858788.016250,0.3830490112
train/clip_fraction,11796480,1783858792.806928,0.3882064819
train/clip_fraction,11829248,1783858797.778840,0.3839950562
train/clip_fraction,11862016,1783858802.563652,0.386138916
train/clip_fraction,11894784,1783858807.413169,0.3898391724
train/clip_fraction,11927552,1783858812.172774,0.3931732178
train/clip_fraction,11960320,1783858817.041996,0.3909072876
train/clip_fraction,11993088,1783858821.805066,0.3865585327
train/clip_fraction,12025856,1783858826.624789,0.387336731
train/clip_fraction,12058624,1783858831.348331,0.3831253052
train/clip_fraction,12091392,1783858836.359196,0.3816070557
train/clip_fraction,12124160,1783858841.234106,0.3892974854
train/clip_fraction,12156928,1783858846.124865,0.3839035034
train/clip_fraction,12189696,1783858850.961174,0.3835906982
train/clip_fraction,12222464,1783858855.754092,0.3917388916
train/clip_fraction,12255232,1783858860.550012,0.3819885254
train/clip_fraction,12288000,1783858865.761533,0.37915802
train/clip_fraction,12320768,1783858871.498948,0.3835754395
train/clip_fraction,12353536,1783858876.820867,0.3866500854
train/clip_fraction,12386304,1783858881.869093,0.3795166016
train/clip_fraction,12419072,1783858886.677000,0.3844833374
train/clip_fraction,12451840,1783858891.502883,0.3804016113
train/clip_fraction,12484608,1783858896.345161,0.3804016113
train/clip_fraction,12517376,1783858901.148209,0.3798141479
train/clip_fraction,12550144,1783858905.973024,0.3815002441
train/clip_fraction,12582912,1783858910.699375,0.37840271
train/clip_fraction,12615680,1783858915.421822,0.3841934204
train/clip_fraction,12648448,1783858920.261491,0.3816146851
train/clip_fraction,12681216,1783858925.099958,0.3803405762
train/clip_fraction,12713984,1783858929.930764,0.3774719238
train/clip_fraction,12746752,1783858934.847665,0.3757476807
train/clip_fraction,12779520,1783858939.729899,0.3762207031
train/clip_fraction,12812288,1783858944.299839,0.3819885254
train/clip_fraction,12845056,1783858948.965548,0.3744735718
train/clip_fraction,12877824,1783858953.596094,0.384185791
train/clip_fraction,12910592,1783858958.214135,0.3739013672
train/clip_fraction,12943360,1783858962.854248,0.3749847412
train/clip_fraction,12976128,1783858967.535537,0.3736877441
train/clip_fraction,13008896,1783858972.187203,0.3799819946
train/clip_fraction,13041664,1783858977.247294,0.3775253296
train/clip_fraction,13074432,1783858982.388558,0.3798065186
train/clip_fraction,13107200,1783858987.334274,0.3843154907
train/clip_fraction,13139968,1783858993.007623,0.3832244873
train/clip_fraction,13172736,1783858998.101998,0.377166748
train/clip_fraction,13205504,1783859002.777990,0.3803329468
train/clip_fraction,13238272,1783859007.469574,0.3786468506
train/clip_fraction,13271040,1783859012.261361,0.3796844482
train/clip_fraction,13303808,1783859017.246708,0.371925354
train/clip_fraction,13336576,1783859022.185271,0.3745346069
train/clip_fraction,13369344,1783859026.897494,0.3751525879
train/clip_fraction,13402112,1783859031.595581,0.3726959229
train/clip_fraction,13434880,1783859036.393933,0.3804855347
train/clip_fraction,13467648,1783859041.085640,0.3808517456
train/clip_fraction,13500416,1783859045.786891,0.3796234131
train/clip_fraction,13533184,1783859050.477918,0.3719787598
train/clip_fraction,13565952,1783859055.151980,0.3764801025
train/clip_fraction,13598720,1783859059.840940,0.364944458
train/clip_fraction,13631488,1783859064.499229,0.3757400513
train/clip_fraction,13664256,1783859069.191125,0.3826293945
train/clip_fraction,13697024,1783859073.861620,0.3770370483
train/clip_fraction,13729792,1783859078.547224,0.3722229004
train/clip_fraction,13762560,1783859083.252379,0.3741455078
train/clip_fraction,13795328,1783859087.935149,0.3663024902
train/clip_fraction,13828096,1783859092.705683,0.3792495728
train/clip_fraction,13860864,1783859097.593740,0.3740768433
train/clip_fraction,13893632,1783859102.348670,0.3667221069
train/clip_fraction,13926400,1783859107.026644,0.3683776855
train/clip_fraction,13959168,1783859111.743921,0.3823852539
train/clip_fraction,13991936,1783859116.460565,0.3738632202
train/clip_fraction,14024704,1783859121.176373,0.3763504028
train/clip_fraction,14057472,1783859125.861443,0.3763656616
train/clip_fraction,14090240,1783859130.844374,0.3688430786
train/clip_fraction,14123008,1783859135.887844,0.3720397949
train/clip_fraction,14155776,1783859140.711177,0.3696136475
train/clip_fraction,14188544,1783859145.445686,0.3662261963
train/clip_fraction,14221312,1783859150.227678,0.3674240112
train/clip_fraction,14254080,1783859154.979563,0.3740539551
train/clip_fraction,14286848,1783859159.926288,0.3766555786
train/clip_fraction,14319616,1783859164.928216,0.3719482422
train/clip_fraction,14352384,1783859169.617979,0.3687057495
train/clip_fraction,14385152,1783859174.401005,0.3655471802
train/clip_fraction,14417920,1783859179.110145,0.3655853271
train/clip_fraction,14450688,1783859183.816352,0.370765686
train/clip_fraction,14483456,1783859188.545062,0.3776473999
train/clip_fraction,14516224,1783859193.538295,0.3712997437
train/clip_fraction,14548992,1783859199.106785,0.3668212891
train/clip_fraction,14581760,1783859203.872199,0.3780441284
train/clip_fraction,14614528,1783859208.713784,0.3665924072
train/clip_fraction,14647296,1783859213.403950,0.3677520752
train/clip_fraction,14680064,1783859218.304530,0.3766555786
train/clip_fraction,14712832,1783859222.994126,0.375328064
train/clip_fraction,14745600,1783859227.691832,0.3727874756
train/clip_fraction,14778368,1783859232.358953,0.3751678467
train/clip_fraction,14811136,1783859237.047473,0.3656539917
train/clip_fraction,14843904,1783859241.726456,0.3711776733
train/clip_fraction,14876672,1783859246.408962,0.3656539917
train/clip_fraction,14909440,1783859251.068799,0.3729019165
train/clip_fraction,14942208,1783859255.734112,0.3666152954
train/clip_fraction,14974976,1783859260.429908,0.3592529297
train/clip_fraction,15007744,1783859265.079500,0.3698730469
train/clip_fraction,15040512,1783859269.736436,0.3693237305
train/clip_fraction,15073280,1783859274.393378,0.3741912842
train/clip_fraction,15106048,1783859279.289585,0.3643798828
train/clip_fraction,15138816,1783859283.957167,0.3668136597
train/clip_fraction,15171584,1783859288.873709,0.3672866821
train/clip_fraction,15204352,1783859293.899135,0.3602752686
train/clip_fraction,15237120,1783859298.642174,0.3636398315
train/clip_fraction,15269888,1783859303.483715,0.3644180298
train/clip_fraction,15302656,1783859308.339137,0.3679962158
train/clip_fraction,15335424,1783859313.043871,0.3590316772
train/clip_fraction,15368192,1783859317.827441,0.362701416
train/clip_fraction,15400960,1783859322.448062,0.3626403809
train/clip_fraction,15433728,1783859327.220212,0.3628997803
train/clip_fraction,15466496,1783859332.116050,0.362991333
train/clip_fraction,15499264,1783859337.891602,0.3601760864
train/clip_fraction,15532032,1783859342.497871,0.3597488403
train/clip_fraction,15564800,1783859347.228057,0.3576049805
train/clip_fraction,15597568,1783859351.909261,0.3634490967
train/clip_fraction,15630336,1783859356.651429,0.3622360229
train/clip_fraction,15663104,1783859361.280898,0.3705062866
train/clip_fraction,15695872,1783859366.033103,0.3645706177
train/clip_fraction,15728640,1783859370.744391,0.3601226807
train/clip_fraction,15761408,1783859375.491550,0.3647613525
train/clip_fraction,15794176,1783859380.663988,0.3700637817
train/clip_fraction,15826944,1783859385.526210,0.3635940552
train/clip_fraction,15859712,1783859390.250701,0.3676834106
train/clip_fraction,15892480,1783859395.231228,0.3643341064
train/clip_fraction,15925248,1783859400.287558,0.369354248
train/clip_fraction,15958016,1783859405.212571,0.3665466309
train/clip_fraction,15990784,1783859410.130401,0.3678665161
train/clip_fraction,16023552,1783859415.091451,0.3655700684
train/clip_fraction,16056320,1783859419.883959,0.3659973145
train/clip_fraction,16089088,1783859424.663899,0.3663101196
train/clip_fraction,16121856,1783859429.445357,0.3590774536
train/clip_fraction,16154624,1783859434.321028,0.3574905396
train/clip_fraction,16187392,1783859439.100710,0.3575897217
train/clip_fraction,16220160,1783859443.859848,0.3703384399
train/clip_fraction,16252928,1783859448.917234,0.3644866943
train/clip_fraction,16285696,1783859453.641660,0.3595657349
train/clip_fraction,16318464,1783859458.555139,0.3609313965
train/clip_fraction,16351232,1783859463.491963,0.3641052246
train/clip_fraction,16384000,1783859468.520910,0.364906311
train/clip_fraction,16416768,1783859473.460678,0.3646850586
train/clip_fraction,16449536,1783859478.205704,0.3615493774
train/clip_fraction,16482304,1783859482.980817,0.3630905151
train/clip_fraction,16515072,1783859487.910147,0.3576278687
train/clip_fraction,16547840,1783859492.985414,0.3601531982
train/clip_fraction,16580608,1783859497.958854,0.3670349121
train/clip_fraction,16613376,1783859502.892950,0.3645477295
train/clip_fraction,16646144,1783859507.851405,0.3689651489
train/clip_fraction,16678912,1783859512.776224,0.3619232178
train/clip_fraction,16711680,1783859517.839983,0.3603973389
train/clip_fraction,16744448,1783859522.969129,0.3594436646
train/clip_fraction,16777216,1783859527.990964,0.3604202271
train/clip_fraction,16809984,1783859532.939594,0.3607406616
train/clip_fraction,16842752,1783859537.709016,0.3656311035
train/clip_fraction,16875520,1783859542.425299,0.3614349365
train/clip_fraction,16908288,1783859547.175350,0.3680419922
train/clip_fraction,16941056,1783859551.918127,0.3561096191
train/clip_fraction,16973824,1783859556.642523,0.3669815063
train/clip_fraction,17006592,1783859561.382389,0.3591003418
train/clip_fraction,17039360,1783859566.083365,0.3566970825
train/clip_fraction,17072128,1783859570.911746,0.3567428589
train/clip_fraction,17104896,1783859575.721315,0.3554153442
train/clip_fraction,17137664,1783859580.864993,0.3633804321
train/clip_fraction,17170432,1783859586.010936,0.364112854
train/clip_fraction,17203200,1783859590.721315,0.3531036377
train/clip_fraction,17235968,1783859595.312890,0.3558807373
train/clip_fraction,17268736,1783859599.900541,0.3599472046
train/clip_fraction,17301504,1783859604.447200,0.3497695923
train/clip_fraction,17334272,1783859609.098091,0.3553009033
train/clip_fraction,17367040,1783859613.691071,0.3527603149
train/clip_fraction,17399808,1783859618.279084,0.3612976074
train/clip_fraction,17432576,1783859622.859063,0.3563079834
train/clip_fraction,17465344,1783859627.442859,0.3626480103
train/clip_fraction,17498112,1783859631.989962,0.3616027832
train/clip_fraction,17530880,1783859636.819694,0.3586502075
train/clip_fraction,17563648,1783859641.736895,0.3622817993
train/clip_fraction,17596416,1783859646.747414,0.3571853638
train/clip_fraction,17629184,1783859651.740484,0.3650741577
train/clip_fraction,17661952,1783859656.957189,0.3603210449
train/clip_fraction,17694720,1783859661.966199,0.3582763672
train/clip_fraction,17727488,1783859667.062437,0.3572540283
train/clip_fraction,17760256,1783859672.106417,0.3533248901
train/clip_fraction,17793024,1783859677.030318,0.3608932495
train/clip_fraction,17825792,1783859681.935734,0.3615341187
train/clip_fraction,17858560,1783859686.557418,0.3573532104
train/clip_fraction,17891328,1783859691.427300,0.3594818115
train/clip_fraction,17924096,1783859696.419174,0.3519973755
train/clip_fraction,17956864,1783859701.416733,0.3499755859
train/clip_fraction,17989632,1783859706.316885,0.3488845825
train/clip_fraction,18022400,1783859711.153092,0.3571472168
train/clip_fraction,18055168,1783859716.111290,0.3570480347
train/clip_fraction,18087936,1783859720.982251,0.3586425781
train/clip_fraction,18120704,1783859725.942467,0.3551483154
train/clip_fraction,18153472,1783859730.932811,0.3600921631
train/clip_fraction,18186240,1783859735.986701,0.3602752686
train/clip_fraction,18219008,1783859741.213540,0.3584899902
train/clip_fraction,18251776,1783859746.787345,0.3647689819
train/clip_fraction,18284544,1783859751.591053,0.3568725586
train/clip_fraction,18317312,1783859756.474680,0.3647384644
train/clip_fraction,18350080,1783859761.156687,0.3621368408
train/clip_fraction,18382848,1783859765.867060,0.3597106934
train/clip_fraction,18415616,1783859770.544724,0.3527297974
train/clip_fraction,18448384,1783859775.396919,0.3584823608
train/clip_fraction,18481152,1783859780.146130,0.3619842529
train/clip_fraction,18513920,1783859784.861303,0.3470993042
train/clip_fraction,18546688,1783859789.762500,0.3561325073
train/clip_fraction,18579456,1783859794.499506,0.3675308228
train/clip_fraction,18612224,1783859799.181923,0.3568191528
train/clip_fraction,18644992,1783859804.131416,0.3471069336
train/clip_fraction,18677760,1783859808.850560,0.3575057983
train/clip_fraction,18710528,1783859813.515927,0.3592987061
train/clip_fraction,18743296,1783859818.441253,0.352180481
train/clip_fraction,18776064,1783859822.932990,0.3545455933
train/clip_fraction,18808832,1783859827.523505,0.353843689
train/clip_fraction,18841600,1783859832.036545,0.361831665
train/clip_fraction,18874368,1783859836.995583,0.3598022461
train/clip_fraction,18907136,1783859841.919794,0.357635498
train/clip_fraction,18939904,1783859846.990839,0.350151062
train/clip_fraction,18972672,1783859851.944607,0.3481750488
train/clip_fraction,19005440,1783859856.925225,0.3534240723
train/clip_fraction,19038208,1783859861.554861,0.3563308716
train/clip_fraction,19070976,1783859866.147959,0.3525924683
train/clip_fraction,19103744,1783859870.853225,0.3521347046
train/clip_fraction,19136512,1783859875.537935,0.3552017212
train/clip_fraction,19169280,1783859880.141586,0.3578643799
train/clip_fraction,19202048,1783859884.778864,0.3623123169
train/clip_fraction,19234816,1783859889.458741,0.3541412354
train/clip_fraction,19267584,1783859894.142442,0.35987854
train/clip_fraction,19300352,1783859898.810353,0.3510971069
train/clip_fraction,19333120,1783859903.395002,0.3473358154
train/clip_fraction,19365888,1783859907.936346,0.3513870239
train/clip_fraction,19398656,1783859912.503197,0.3477935791
train/clip_fraction,19431424,1783859917.012338,0.3566894531
train/clip_fraction,19464192,1783859921.532722,0.3556060791
train/clip_fraction,19496960,1783859926.036008,0.3519134521
train/clip_fraction,19529728,1783859930.584293,0.3540496826
train/clip_fraction,19562496,1783859935.113750,0.3555908203
train/clip_fraction,19595264,1783859939.862666,0.3496780396
train/clip_fraction,19628032,1783859944.307966,0.355255127
train/clip_fraction,19660800,1783859948.763772,0.3508987427
train/clip_fraction,19693568,1783859953.200694,0.3492660522
train/clip_fraction,19726336,1783859957.625388,0.3611526489
train/clip_fraction,19759104,1783859962.034878,0.3487243652
train/clip_fraction,19791872,1783859966.490464,0.3492965698
train/clip_fraction,19824640,1783859970.947950,0.3491516113
train/clip_fraction,19857408,1783859975.474418,0.356048584
train/clip_fraction,19890176,1783859979.886292,0.3520584106
train/clip_fraction,19922944,1783859984.372118,0.3534545898
train/clip_fraction,19955712,1783859988.850391,0.3541488647
train/clip_fraction,19988480,1783859993.299671,0.3605651855
train/clip_fraction,20021248,1783859997.993864,0.347984314
train/clip_range,65536,1783857064.785709,0.200000003
train/clip_range,98304,1783857069.726887,0.200000003
train/clip_range,131072,1783857074.477092,0.200000003
train/clip_range,163840,1783857079.686745,0.200000003
train/clip_range,196608,1783857084.633476,0.200000003
train/clip_range,229376,1783857089.485663,0.200000003
train/clip_range,262144,1783857094.402412,0.200000003
train/clip_range,294912,1783857099.309457,0.200000003
train/clip_range,327680,1783857104.132784,0.200000003
train/clip_range,360448,1783857108.928525,0.200000003
train/clip_range,393216,1783857113.752039,0.200000003
train/clip_range,425984,1783857118.682929,0.200000003
train/clip_range,458752,1783857123.447600,0.200000003
train/clip_range,491520,1783857128.161165,0.200000003
train/clip_range,524288,1783857132.992536,0.200000003
train/clip_range,557056,1783857137.862290,0.200000003
train/clip_range,589824,1783857142.783179,0.200000003
train/clip_range,622592,1783857147.669902,0.200000003
train/clip_range,655360,1783857152.629716,0.200000003
train/clip_range,688128,1783857157.580003,0.200000003
train/clip_range,720896,1783857162.504918,0.200000003
train/clip_range,753664,1783857167.410190,0.200000003
train/clip_range,786432,1783857172.318531,0.200000003
train/clip_range,819200,1783857177.394919,0.200000003
train/clip_range,851968,1783857182.358336,0.200000003
train/clip_range,884736,1783857187.195189,0.200000003
train/clip_range,917504,1783857192.005623,0.200000003
train/clip_range,950272,1783857196.927874,0.200000003
train/clip_range,983040,1783857201.893750,0.200000003
train/clip_range,1015808,1783857206.574294,0.200000003
train/clip_range,1048576,1783857211.308846,0.200000003
train/clip_range,1081344,1783857215.981958,0.200000003
train/clip_range,1114112,1783857220.900495,0.200000003
train/clip_range,1146880,1783857225.960221,0.200000003
train/clip_range,1179648,1783857231.006892,0.200000003
train/clip_range,1212416,1783857236.118581,0.200000003
train/clip_range,1245184,1783857241.216597,0.200000003
train/clip_range,1277952,1783857246.156789,0.200000003
train/clip_range,1310720,1783857250.718133,0.200000003
train/clip_range,1343488,1783857255.437500,0.200000003
train/clip_range,1376256,1783857260.076074,0.200000003
train/clip_range,1409024,1783857264.592824,0.200000003
train/clip_range,1441792,1783857269.094419,0.200000003
train/clip_range,1474560,1783857273.644404,0.200000003
train/clip_range,1507328,1783857278.501964,0.200000003
train/clip_range,1540096,1783857283.027868,0.200000003
train/clip_range,1572864,1783857287.561691,0.200000003
train/clip_range,1605632,1783857292.216883,0.200000003
train/clip_range,1638400,1783857297.014360,0.200000003
train/clip_range,1671168,1783857301.569553,0.200000003
train/clip_range,1703936,1783857306.128355,0.200000003
train/clip_range,1736704,1783857310.624047,0.200000003
train/clip_range,1769472,1783857315.437498,0.200000003
train/clip_range,1802240,1783857320.015346,0.200000003
train/clip_range,1835008,1783857324.663070,0.200000003
train/clip_range,1867776,1783857329.379745,0.200000003
train/clip_range,1900544,1783857334.103590,0.200000003
train/clip_range,1933312,1783857338.730875,0.200000003
train/clip_range,1966080,1783857343.722813,0.200000003
train/clip_range,1998848,1783857348.513276,0.200000003
train/clip_range,2031616,1783857353.301544,0.200000003
train/clip_range,2064384,1783857358.239311,0.200000003
train/clip_range,2097152,1783857363.056174,0.200000003
train/clip_range,2129920,1783857367.790720,0.200000003
train/clip_range,2162688,1783857372.604053,0.200000003
train/clip_range,2195456,1783857377.516890,0.200000003
train/clip_range,2228224,1783857382.468379,0.200000003
train/clip_range,2260992,1783857387.329114,0.200000003
train/clip_range,2293760,1783857392.368378,0.200000003
train/clip_range,2326528,1783857397.277041,0.200000003
train/clip_range,2359296,1783857402.123771,0.200000003
train/clip_range,2392064,1783857406.964289,0.200000003
train/clip_range,2424832,1783857411.866587,0.200000003
train/clip_range,2457600,1783857416.814906,0.200000003
train/clip_range,2490368,1783857421.490669,0.200000003
train/clip_range,2523136,1783857426.272654,0.200000003
train/clip_range,2555904,1783857431.158603,0.200000003
train/clip_range,2588672,1783857436.125507,0.200000003
train/clip_range,2621440,1783857440.974854,0.200000003
train/clip_range,2654208,1783857445.786452,0.200000003
train/clip_range,2686976,1783857450.774808,0.200000003
train/clip_range,2719744,1783857455.631933,0.200000003
train/clip_range,2752512,1783857460.451116,0.200000003
train/clip_range,2785280,1783857465.149881,0.200000003
train/clip_range,2818048,1783857470.042668,0.200000003
train/clip_range,2850816,1783857474.916329,0.200000003
train/clip_range,2883584,1783857479.919399,0.200000003
train/clip_range,2916352,1783857485.095467,0.200000003
train/clip_range,2949120,1783857490.083418,0.200000003
train/clip_range,2981888,1783857494.959366,0.200000003
train/clip_range,3014656,1783857499.939013,0.200000003
train/clip_range,3047424,1783857504.735690,0.200000003
train/clip_range,3080192,1783857509.497657,0.200000003
train/clip_range,3112960,1783857514.279346,0.200000003
train/clip_range,3145728,1783857519.080646,0.200000003
train/clip_range,3178496,1783857523.837745,0.200000003
train/clip_range,3211264,1783857528.596694,0.200000003
train/clip_range,3244032,1783857533.211219,0.200000003
train/clip_range,3276800,1783857538.113637,0.200000003
train/clip_range,3309568,1783857542.998548,0.200000003
train/clip_range,3342336,1783857547.769335,0.200000003
train/clip_range,3375104,1783857552.341363,0.200000003
train/clip_range,3407872,1783857557.043416,0.200000003
train/clip_range,3440640,1783857561.987520,0.200000003
train/clip_range,3473408,1783857566.719321,0.200000003
train/clip_range,3506176,1783857571.450930,0.200000003
train/clip_range,3538944,1783857576.311589,0.200000003
train/clip_range,3571712,1783857581.050534,0.200000003
train/clip_range,3604480,1783857585.763823,0.200000003
train/clip_range,3637248,1783857590.334950,0.200000003
train/clip_range,3670016,1783857594.897855,0.200000003
train/clip_range,3702784,1783857599.544926,0.200000003
train/clip_range,3735552,1783857604.191868,0.200000003
train/clip_range,3768320,1783857608.797217,0.200000003
train/clip_range,3801088,1783857613.383749,0.200000003
train/clip_range,3833856,1783857618.062127,0.200000003
train/clip_range,3866624,1783857622.966797,0.200000003
train/clip_range,3899392,1783857627.927154,0.200000003
train/clip_range,3932160,1783857632.685271,0.200000003
train/clip_range,3964928,1783857637.356992,0.200000003
train/clip_range,3997696,1783857641.802474,0.200000003
train/clip_range,4030464,1783857646.296673,0.200000003
train/clip_range,4063232,1783857651.090974,0.200000003
train/clip_range,4096000,1783857655.726342,0.200000003
train/clip_range,4128768,1783857660.462201,0.200000003
train/clip_range,4161536,1783857665.453900,0.200000003
train/clip_range,4194304,1783857670.410424,0.200000003
train/clip_range,4227072,1783857675.171167,0.200000003
train/clip_range,4259840,1783857679.966380,0.200000003
train/clip_range,4292608,1783857684.747017,0.200000003
train/clip_range,4325376,1783857689.502110,0.200000003
train/clip_range,4358144,1783857694.252131,0.200000003
train/clip_range,4390912,1783857699.013727,0.200000003
train/clip_range,4423680,1783857703.767400,0.200000003
train/clip_range,4456448,1783857708.508131,0.200000003
train/clip_range,4489216,1783857713.232011,0.200000003
train/clip_range,4521984,1783857718.049340,0.200000003
train/clip_range,4554752,1783857722.906129,0.200000003
train/clip_range,4587520,1783857727.678540,0.200000003
train/clip_range,4620288,1783857732.427068,0.200000003
train/clip_range,4653056,1783857737.169120,0.200000003
train/clip_range,4685824,1783857742.002479,0.200000003
train/clip_range,4718592,1783857746.981195,0.200000003
train/clip_range,4751360,1783857751.951428,0.200000003
train/clip_range,4784128,1783857756.860256,0.200000003
train/clip_range,4816896,1783857761.942085,0.200000003
train/clip_range,4849664,1783857766.833273,0.200000003
train/clip_range,4882432,1783857771.754951,0.200000003
train/clip_range,4915200,1783857776.863549,0.200000003
train/clip_range,4947968,1783857781.837973,0.200000003
train/clip_range,4980736,1783857786.774880,0.200000003
train/clip_range,5013504,1783857791.769303,0.200000003
train/clip_range,5046272,1783857796.673208,0.200000003
train/clip_range,5079040,1783857801.350715,0.200000003
train/clip_range,5111808,1783857806.140586,0.200000003
train/clip_range,5144576,1783857811.010232,0.200000003
train/clip_range,5177344,1783857815.885530,0.200000003
train/clip_range,5210112,1783857820.663383,0.200000003
train/clip_range,5242880,1783857825.649975,0.200000003
train/clip_range,5275648,1783857830.538899,0.200000003
train/clip_range,5308416,1783857835.301233,0.200000003
train/clip_range,5341184,1783857839.945215,0.200000003
train/clip_range,5373952,1783857844.384538,0.200000003
train/clip_range,5406720,1783857848.821525,0.200000003
train/clip_range,5439488,1783857853.254385,0.200000003
train/clip_range,5472256,1783857857.718064,0.200000003
train/clip_range,5505024,1783857862.181762,0.200000003
train/clip_range,5537792,1783857866.630906,0.200000003
train/clip_range,5570560,1783857871.068802,0.200000003
train/clip_range,5603328,1783857875.537305,0.200000003
train/clip_range,5636096,1783857879.977475,0.200000003
train/clip_range,5668864,1783857884.576562,0.200000003
train/clip_range,5701632,1783857889.405012,0.200000003
train/clip_range,5734400,1783857894.014439,0.200000003
train/clip_range,5767168,1783857898.650292,0.200000003
train/clip_range,5799936,1783857903.315321,0.200000003
train/clip_range,5832704,1783857908.037086,0.200000003
train/clip_range,5865472,1783857912.704014,0.200000003
train/clip_range,5898240,1783857917.389981,0.200000003
train/clip_range,5931008,1783857922.020718,0.200000003
train/clip_range,5963776,1783857926.689534,0.200000003
train/clip_range,5996544,1783857931.424531,0.200000003
train/clip_range,6029312,1783857936.226284,0.200000003
train/clip_range,6062080,1783857940.894422,0.200000003
train/clip_range,6094848,1783857945.520218,0.200000003
train/clip_range,6127616,1783857950.219135,0.200000003
train/clip_range,6160384,1783857955.005466,0.200000003
train/clip_range,6193152,1783857959.800728,0.200000003
train/clip_range,6225920,1783857965.482471,0.200000003
train/clip_range,6258688,1783857970.247783,0.200000003
train/clip_range,6291456,1783857974.849996,0.200000003
train/clip_range,6324224,1783857979.429706,0.200000003
train/clip_range,6356992,1783857984.019511,0.200000003
train/clip_range,6389760,1783857988.716686,0.200000003
train/clip_range,6422528,1783857993.454724,0.200000003
train/clip_range,6455296,1783857998.186134,0.200000003
train/clip_range,6488064,1783858002.775354,0.200000003
train/clip_range,6520832,1783858007.587933,0.200000003
train/clip_range,6553600,1783858012.275995,0.200000003
train/clip_range,6586368,1783858017.021112,0.200000003
train/clip_range,6619136,1783858022.214048,0.200000003
train/clip_range,6651904,1783858026.940230,0.200000003
train/clip_range,6684672,1783858031.777964,0.200000003
train/clip_range,6717440,1783858036.658202,0.200000003
train/clip_range,6750208,1783858041.144204,0.200000003
train/clip_range,6782976,1783858045.625983,0.200000003
train/clip_range,6815744,1783858050.110804,0.200000003
train/clip_range,6848512,1783858054.547151,0.200000003
train/clip_range,6881280,1783858059.075947,0.200000003
train/clip_range,6914048,1783858063.569229,0.200000003
train/clip_range,6946816,1783858068.135790,0.200000003
train/clip_range,6979584,1783858072.781838,0.200000003
train/clip_range,7012352,1783858077.337465,0.200000003
train/clip_range,7045120,1783858081.967967,0.200000003
train/clip_range,7077888,1783858086.553169,0.200000003
train/clip_range,7110656,1783858091.244884,0.200000003
train/clip_range,7143424,1783858095.902955,0.200000003
train/clip_range,7176192,1783858100.534984,0.200000003
train/clip_range,7208960,1783858105.189741,0.200000003
train/clip_range,7241728,1783858109.879318,0.200000003
train/clip_range,7274496,1783858114.723285,0.200000003
train/clip_range,7307264,1783858119.400906,0.200000003
train/clip_range,7340032,1783858124.062526,0.200000003
train/clip_range,7372800,1783858128.909833,0.200000003
train/clip_range,7405568,1783858133.577060,0.200000003
train/clip_range,7438336,1783858138.260401,0.200000003
train/clip_range,7471104,1783858142.869984,0.200000003
train/clip_range,7503872,1783858147.497362,0.200000003
train/clip_range,7536640,1783858152.116556,0.200000003
train/clip_range,7569408,1783858156.700947,0.200000003
train/clip_range,7602176,1783858161.276930,0.200000003
train/clip_range,7634944,1783858165.941348,0.200000003
train/clip_range,7667712,1783858170.544478,0.200000003
train/clip_range,7700480,1783858175.146196,0.200000003
train/clip_range,7733248,1783858179.786022,0.200000003
train/clip_range,7766016,1783858184.591841,0.200000003
train/clip_range,7798784,1783858189.381924,0.200000003
train/clip_range,7831552,1783858194.176595,0.200000003
train/clip_range,7864320,1783858199.157190,0.200000003
train/clip_range,7897088,1783858204.020008,0.200000003
train/clip_range,7929856,1783858209.553709,0.200000003
train/clip_range,7962624,1783858214.504072,0.200000003
train/clip_range,7995392,1783858219.321106,0.200000003
train/clip_range,8028160,1783858224.278048,0.200000003
train/clip_range,8060928,1783858229.404428,0.200000003
train/clip_range,8093696,1783858234.172659,0.200000003
train/clip_range,8126464,1783858239.283604,0.200000003
train/clip_range,8159232,1783858244.108296,0.200000003
train/clip_range,8192000,1783858248.924753,0.200000003
train/clip_range,8224768,1783858253.759566,0.200000003
train/clip_range,8257536,1783858258.822729,0.200000003
train/clip_range,8290304,1783858263.787258,0.200000003
train/clip_range,8323072,1783858268.653597,0.200000003
train/clip_range,8355840,1783858273.479532,0.200000003
train/clip_range,8388608,1783858278.291495,0.200000003
train/clip_range,8421376,1783858283.127083,0.200000003
train/clip_range,8454144,1783858287.889717,0.200000003
train/clip_range,8486912,1783858292.646007,0.200000003
train/clip_range,8519680,1783858297.598611,0.200000003
train/clip_range,8552448,1783858302.427471,0.200000003
train/clip_range,8585216,1783858307.277171,0.200000003
train/clip_range,8617984,1783858312.429442,0.200000003
train/clip_range,8650752,1783858317.555019,0.200000003
train/clip_range,8683520,1783858322.547098,0.200000003
train/clip_range,8716288,1783858327.455170,0.200000003
train/clip_range,8749056,1783858332.354609,0.200000003
train/clip_range,8781824,1783858337.212289,0.200000003
train/clip_range,8814592,1783858342.083692,0.200000003
train/clip_range,8847360,1783858346.964608,0.200000003
train/clip_range,8880128,1783858351.840810,0.200000003
train/clip_range,8912896,1783858356.831336,0.200000003
train/clip_range,8945664,1783858361.764903,0.200000003
train/clip_range,8978432,1783858366.599390,0.200000003
train/clip_range,9011200,1783858371.564849,0.200000003
train/clip_range,9043968,1783858376.475383,0.200000003
train/clip_range,9076736,1783858381.320375,0.200000003
train/clip_range,9109504,1783858386.263723,0.200000003
train/clip_range,9142272,1783858391.246210,0.200000003
train/clip_range,9175040,1783858395.920715,0.200000003
train/clip_range,9207808,1783858400.597229,0.200000003
train/clip_range,9240576,1783858405.289599,0.200000003
train/clip_range,9273344,1783858410.128390,0.200000003
train/clip_range,9306112,1783858415.299219,0.200000003
train/clip_range,9338880,1783858420.309224,0.200000003
train/clip_range,9371648,1783858425.256684,0.200000003
train/clip_range,9404416,1783858430.272302,0.200000003
train/clip_range,9437184,1783858435.054175,0.200000003
train/clip_range,9469952,1783858440.037360,0.200000003
train/clip_range,9502720,1783858444.819120,0.200000003
train/clip_range,9535488,1783858449.681263,0.200000003
train/clip_range,9568256,1783858454.586477,0.200000003
train/clip_range,9601024,1783858459.365667,0.200000003
train/clip_range,9633792,1783858464.301707,0.200000003
train/clip_range,9666560,1783858469.164576,0.200000003
train/clip_range,9699328,1783858473.873070,0.200000003
train/clip_range,9732096,1783858478.575785,0.200000003
train/clip_range,9764864,1783858483.372255,0.200000003
train/clip_range,9797632,1783858488.073557,0.200000003
train/clip_range,9830400,1783858492.904804,0.200000003
train/clip_range,9863168,1783858497.759515,0.200000003
train/clip_range,9895936,1783858502.633759,0.200000003
train/clip_range,9928704,1783858507.406191,0.200000003
train/clip_range,9961472,1783858512.183633,0.200000003
train/clip_range,9994240,1783858516.884831,0.200000003
train/clip_range,10027008,1783858521.626865,0.200000003
train/clip_range,10059776,1783858526.520500,0.200000003
train/clip_range,10092544,1783858531.447062,0.200000003
train/clip_range,10125312,1783858536.228246,0.200000003
train/clip_range,10158080,1783858541.049716,0.200000003
train/clip_range,10190848,1783858545.749655,0.200000003
train/clip_range,10223616,1783858550.550453,0.200000003
train/clip_range,10256384,1783858555.713311,0.200000003
train/clip_range,10289152,1783858561.125285,0.200000003
train/clip_range,10321920,1783858565.845711,0.200000003
train/clip_range,10354688,1783858570.558755,0.200000003
train/clip_range,10387456,1783858575.319432,0.200000003
train/clip_range,10420224,1783858580.310890,0.200000003
train/clip_range,10452992,1783858585.961653,0.200000003
train/clip_range,10485760,1783858591.044617,0.200000003
train/clip_range,10518528,1783858596.123495,0.200000003
train/clip_range,10551296,1783858601.246863,0.200000003
train/clip_range,10584064,1783858606.379339,0.200000003
train/clip_range,10616832,1783858611.643379,0.200000003
train/clip_range,10649600,1783858616.852171,0.200000003
train/clip_range,10682368,1783858621.905849,0.200000003
train/clip_range,10715136,1783858626.836281,0.200000003
train/clip_range,10747904,1783858631.843663,0.200000003
train/clip_range,10780672,1783858636.884931,0.200000003
train/clip_range,10813440,1783858641.940218,0.200000003
train/clip_range,10846208,1783858646.978975,0.200000003
train/clip_range,10878976,1783858651.952535,0.200000003
train/clip_range,10911744,1783858657.181333,0.200000003
train/clip_range,10944512,1783858662.286636,0.200000003
train/clip_range,10977280,1783858667.319992,0.200000003
train/clip_range,11010048,1783858672.524229,0.200000003
train/clip_range,11042816,1783858678.519987,0.200000003
train/clip_range,11075584,1783858683.584242,0.200000003
train/clip_range,11108352,1783858689.265503,0.200000003
train/clip_range,11141120,1783858694.618049,0.200000003
train/clip_range,11173888,1783858699.744145,0.200000003
train/clip_range,11206656,1783858704.808400,0.200000003
train/clip_range,11239424,1783858709.958363,0.200000003
train/clip_range,11272192,1783858714.910530,0.200000003
train/clip_range,11304960,1783858719.796583,0.200000003
train/clip_range,11337728,1783858724.899105,0.200000003
train/clip_range,11370496,1783858730.034926,0.200000003
train/clip_range,11403264,1783858735.162841,0.200000003
train/clip_range,11436032,1783858740.202902,0.200000003
train/clip_range,11468800,1783858745.073365,0.200000003
train/clip_range,11501568,1783858749.975082,0.200000003
train/clip_range,11534336,1783858754.842051,0.200000003
train/clip_range,11567104,1783858759.528518,0.200000003
train/clip_range,11599872,1783858764.213113,0.200000003
train/clip_range,11632640,1783858769.051865,0.200000003
train/clip_range,11665408,1783858773.777724,0.200000003
train/clip_range,11698176,1783858778.558015,0.200000003
train/clip_range,11730944,1783858783.254887,0.200000003
train/clip_range,11763712,1783858788.016255,0.200000003
train/clip_range,11796480,1783858792.806932,0.200000003
train/clip_range,11829248,1783858797.778844,0.200000003
train/clip_range,11862016,1783858802.563657,0.200000003
train/clip_range,11894784,1783858807.413173,0.200000003
train/clip_range,11927552,1783858812.172778,0.200000003
train/clip_range,11960320,1783858817.042000,0.200000003
train/clip_range,11993088,1783858821.805070,0.200000003
train/clip_range,12025856,1783858826.624793,0.200000003
train/clip_range,12058624,1783858831.348335,0.200000003
train/clip_range,12091392,1783858836.359199,0.200000003
train/clip_range,12124160,1783858841.234111,0.200000003
train/clip_range,12156928,1783858846.124869,0.200000003
train/clip_range,12189696,1783858850.961177,0.200000003
train/clip_range,12222464,1783858855.754095,0.200000003
train/clip_range,12255232,1783858860.550016,0.200000003
train/clip_range,12288000,1783858865.761537,0.200000003
train/clip_range,12320768,1783858871.498951,0.200000003
train/clip_range,12353536,1783858876.820871,0.200000003
train/clip_range,12386304,1783858881.869097,0.200000003
train/clip_range,12419072,1783858886.677003,0.200000003
train/clip_range,12451840,1783858891.502886,0.200000003
train/clip_range,12484608,1783858896.345165,0.200000003
train/clip_range,12517376,1783858901.148212,0.200000003
train/clip_range,12550144,1783858905.973028,0.200000003
train/clip_range,12582912,1783858910.699379,0.200000003
train/clip_range,12615680,1783858915.421826,0.200000003
train/clip_range,12648448,1783858920.261495,0.200000003
train/clip_range,12681216,1783858925.099962,0.200000003
train/clip_range,12713984,1783858929.930767,0.200000003
train/clip_range,12746752,1783858934.847669,0.200000003
train/clip_range,12779520,1783858939.729903,0.200000003
train/clip_range,12812288,1783858944.299843,0.200000003
train/clip_range,12845056,1783858948.965552,0.200000003
train/clip_range,12877824,1783858953.596097,0.200000003
train/clip_range,12910592,1783858958.214139,0.200000003
train/clip_range,12943360,1783858962.854252,0.200000003
train/clip_range,12976128,1783858967.535541,0.200000003
train/clip_range,13008896,1783858972.187207,0.200000003
train/clip_range,13041664,1783858977.247298,0.200000003
train/clip_range,13074432,1783858982.388562,0.200000003
train/clip_range,13107200,1783858987.334278,0.200000003
train/clip_range,13139968,1783858993.007627,0.200000003
train/clip_range,13172736,1783858998.102002,0.200000003
train/clip_range,13205504,1783859002.777994,0.200000003
train/clip_range,13238272,1783859007.469577,0.200000003
train/clip_range,13271040,1783859012.261365,0.200000003
train/clip_range,13303808,1783859017.246716,0.200000003
train/clip_range,13336576,1783859022.185275,0.200000003
train/clip_range,13369344,1783859026.897497,0.200000003
train/clip_range,13402112,1783859031.595585,0.200000003
train/clip_range,13434880,1783859036.393937,0.200000003
train/clip_range,13467648,1783859041.085645,0.200000003
train/clip_range,13500416,1783859045.786895,0.200000003
train/clip_range,13533184,1783859050.477922,0.200000003
train/clip_range,13565952,1783859055.151983,0.200000003
train/clip_range,13598720,1783859059.840945,0.200000003
train/clip_range,13631488,1783859064.499233,0.200000003
train/clip_range,13664256,1783859069.191128,0.200000003
train/clip_range,13697024,1783859073.861624,0.200000003
train/clip_range,13729792,1783859078.547228,0.200000003
train/clip_range,13762560,1783859083.252383,0.200000003
train/clip_range,13795328,1783859087.935152,0.200000003
train/clip_range,13828096,1783859092.705687,0.200000003
train/clip_range,13860864,1783859097.593743,0.200000003
train/clip_range,13893632,1783859102.348674,0.200000003
train/clip_range,13926400,1783859107.026648,0.200000003
train/clip_range,13959168,1783859111.743926,0.200000003
train/clip_range,13991936,1783859116.460570,0.200000003
train/clip_range,14024704,1783859121.176377,0.200000003
train/clip_range,14057472,1783859125.861446,0.200000003
train/clip_range,14090240,1783859130.844378,0.200000003
train/clip_range,14123008,1783859135.887847,0.200000003
train/clip_range,14155776,1783859140.711181,0.200000003
train/clip_range,14188544,1783859145.445689,0.200000003
train/clip_range,14221312,1783859150.227682,0.200000003
train/clip_range,14254080,1783859154.979566,0.200000003
train/clip_range,14286848,1783859159.926293,0.200000003
train/clip_range,14319616,1783859164.928219,0.200000003
train/clip_range,14352384,1783859169.617984,0.200000003
train/clip_range,14385152,1783859174.401009,0.200000003
train/clip_range,14417920,1783859179.110149,0.200000003
train/clip_range,14450688,1783859183.816356,0.200000003
train/clip_range,14483456,1783859188.545066,0.200000003
train/clip_range,14516224,1783859193.538299,0.200000003
train/clip_range,14548992,1783859199.106790,0.200000003
train/clip_range,14581760,1783859203.872203,0.200000003
train/clip_range,14614528,1783859208.713787,0.200000003
train/clip_range,14647296,1783859213.403954,0.200000003
train/clip_range,14680064,1783859218.304533,0.200000003
train/clip_range,14712832,1783859222.994130,0.200000003
train/clip_range,14745600,1783859227.691835,0.200000003
train/clip_range,14778368,1783859232.358956,0.200000003
train/clip_range,14811136,1783859237.047478,0.200000003
train/clip_range,14843904,1783859241.726461,0.200000003
train/clip_range,14876672,1783859246.408966,0.200000003
train/clip_range,14909440,1783859251.068802,0.200000003
train/clip_range,14942208,1783859255.734116,0.200000003
train/clip_range,14974976,1783859260.429912,0.200000003
train/clip_range,15007744,1783859265.079504,0.200000003
train/clip_range,15040512,1783859269.736440,0.200000003
train/clip_range,15073280,1783859274.393382,0.200000003
train/clip_range,15106048,1783859279.289589,0.200000003
train/clip_range,15138816,1783859283.957171,0.200000003
train/clip_range,15171584,1783859288.873713,0.200000003
train/clip_range,15204352,1783859293.899140,0.200000003
train/clip_range,15237120,1783859298.642177,0.200000003
train/clip_range,15269888,1783859303.483718,0.200000003
train/clip_range,15302656,1783859308.339141,0.200000003
train/clip_range,15335424,1783859313.043874,0.200000003
train/clip_range,15368192,1783859317.827444,0.200000003
train/clip_range,15400960,1783859322.448066,0.200000003
train/clip_range,15433728,1783859327.220215,0.200000003
train/clip_range,15466496,1783859332.116054,0.200000003
train/clip_range,15499264,1783859337.891606,0.200000003
train/clip_range,15532032,1783859342.497875,0.200000003
train/clip_range,15564800,1783859347.228061,0.200000003
train/clip_range,15597568,1783859351.909265,0.200000003
train/clip_range,15630336,1783859356.651432,0.200000003
train/clip_range,15663104,1783859361.280902,0.200000003
train/clip_range,15695872,1783859366.033108,0.200000003
train/clip_range,15728640,1783859370.744395,0.200000003
train/clip_range,15761408,1783859375.491554,0.200000003
train/clip_range,15794176,1783859380.663991,0.200000003
train/clip_range,15826944,1783859385.526213,0.200000003
train/clip_range,15859712,1783859390.250704,0.200000003
train/clip_range,15892480,1783859395.231232,0.200000003
train/clip_range,15925248,1783859400.287561,0.200000003
train/clip_range,15958016,1783859405.212574,0.200000003
train/clip_range,15990784,1783859410.130404,0.200000003
train/clip_range,16023552,1783859415.091455,0.200000003
train/clip_range,16056320,1783859419.883962,0.200000003
train/clip_range,16089088,1783859424.663903,0.200000003
train/clip_range,16121856,1783859429.445361,0.200000003
train/clip_range,16154624,1783859434.321032,0.200000003
train/clip_range,16187392,1783859439.100714,0.200000003
train/clip_range,16220160,1783859443.859852,0.200000003
train/clip_range,16252928,1783859448.917238,0.200000003
train/clip_range,16285696,1783859453.641663,0.200000003
train/clip_range,16318464,1783859458.555142,0.200000003
train/clip_range,16351232,1783859463.491966,0.200000003
train/clip_range,16384000,1783859468.520914,0.200000003
train/clip_range,16416768,1783859473.460681,0.200000003
train/clip_range,16449536,1783859478.205708,0.200000003
train/clip_range,16482304,1783859482.980820,0.200000003
train/clip_range,16515072,1783859487.910151,0.200000003
train/clip_range,16547840,1783859492.985417,0.200000003
train/clip_range,16580608,1783859497.958860,0.200000003
train/clip_range,16613376,1783859502.892954,0.200000003
train/clip_range,16646144,1783859507.851409,0.200000003
train/clip_range,16678912,1783859512.776228,0.200000003
train/clip_range,16711680,1783859517.839987,0.200000003
train/clip_range,16744448,1783859522.969133,0.200000003
train/clip_range,16777216,1783859527.990968,0.200000003
train/clip_range,16809984,1783859532.939597,0.200000003
train/clip_range,16842752,1783859537.709021,0.200000003
train/clip_range,16875520,1783859542.425303,0.200000003
train/clip_range,16908288,1783859547.175354,0.200000003
train/clip_range,16941056,1783859551.918130,0.200000003
train/clip_range,16973824,1783859556.642527,0.200000003
train/clip_range,17006592,1783859561.382395,0.200000003
train/clip_range,17039360,1783859566.083369,0.200000003
train/clip_range,17072128,1783859570.911749,0.200000003
train/clip_range,17104896,1783859575.721319,0.200000003
train/clip_range,17137664,1783859580.864996,0.200000003
train/clip_range,17170432,1783859586.010940,0.200000003
train/clip_range,17203200,1783859590.721318,0.200000003
train/clip_range,17235968,1783859595.312894,0.200000003
train/clip_range,17268736,1783859599.900545,0.200000003
train/clip_range,17301504,1783859604.447204,0.200000003
train/clip_range,17334272,1783859609.098095,0.200000003
train/clip_range,17367040,1783859613.691074,0.200000003
train/clip_range,17399808,1783859618.279087,0.200000003
train/clip_range,17432576,1783859622.859067,0.200000003
train/clip_range,17465344,1783859627.442862,0.200000003
train/clip_range,17498112,1783859631.989965,0.200000003
train/clip_range,17530880,1783859636.819697,0.200000003
train/clip_range,17563648,1783859641.736898,0.200000003
train/clip_range,17596416,1783859646.747418,0.200000003
train/clip_range,17629184,1783859651.740487,0.200000003
train/clip_range,17661952,1783859656.957193,0.200000003
train/clip_range,17694720,1783859661.966204,0.200000003
train/clip_range,17727488,1783859667.062441,0.200000003
train/clip_range,17760256,1783859672.106421,0.200000003
train/clip_range,17793024,1783859677.030322,0.200000003
train/clip_range,17825792,1783859681.935738,0.200000003
train/clip_range,17858560,1783859686.557422,0.200000003
train/clip_range,17891328,1783859691.427303,0.200000003
train/clip_range,17924096,1783859696.419178,0.200000003
train/clip_range,17956864,1783859701.416736,0.200000003
train/clip_range,17989632,1783859706.316889,0.200000003
train/clip_range,18022400,1783859711.153095,0.200000003
train/clip_range,18055168,1783859716.111294,0.200000003
train/clip_range,18087936,1783859720.982255,0.200000003
train/clip_range,18120704,1783859725.942471,0.200000003
train/clip_range,18153472,1783859730.932814,0.200000003
train/clip_range,18186240,1783859735.986705,0.200000003
train/clip_range,18219008,1783859741.213544,0.200000003
train/clip_range,18251776,1783859746.787349,0.200000003
train/clip_range,18284544,1783859751.591056,0.200000003
train/clip_range,18317312,1783859756.474684,0.200000003
train/clip_range,18350080,1783859761.156691,0.200000003
train/clip_range,18382848,1783859765.867064,0.200000003
train/clip_range,18415616,1783859770.544727,0.200000003
train/clip_range,18448384,1783859775.396923,0.200000003
train/clip_range,18481152,1783859780.146134,0.200000003
train/clip_range,18513920,1783859784.861307,0.200000003
train/clip_range,18546688,1783859789.762504,0.200000003
train/clip_range,18579456,1783859794.499510,0.200000003
train/clip_range,18612224,1783859799.181927,0.200000003
train/clip_range,18644992,1783859804.131419,0.200000003
train/clip_range,18677760,1783859808.850564,0.200000003
train/clip_range,18710528,1783859813.515930,0.200000003
train/clip_range,18743296,1783859818.441257,0.200000003
train/clip_range,18776064,1783859822.932994,0.200000003
train/clip_range,18808832,1783859827.523508,0.200000003
train/clip_range,18841600,1783859832.036548,0.200000003
train/clip_range,18874368,1783859836.995587,0.200000003
train/clip_range,18907136,1783859841.919798,0.200000003
train/clip_range,18939904,1783859846.990842,0.200000003
train/clip_range,18972672,1783859851.944611,0.200000003
train/clip_range,19005440,1783859856.925229,0.200000003
train/clip_range,19038208,1783859861.554865,0.200000003
train/clip_range,19070976,1783859866.147962,0.200000003
train/clip_range,19103744,1783859870.853228,0.200000003
train/clip_range,19136512,1783859875.537939,0.200000003
train/clip_range,19169280,1783859880.141589,0.200000003
train/clip_range,19202048,1783859884.778867,0.200000003
train/clip_range,19234816,1783859889.458745,0.200000003
train/clip_range,19267584,1783859894.142445,0.200000003
train/clip_range,19300352,1783859898.810356,0.200000003
train/clip_range,19333120,1783859903.395006,0.200000003
train/clip_range,19365888,1783859907.936350,0.200000003
train/clip_range,19398656,1783859912.503201,0.200000003
train/clip_range,19431424,1783859917.012343,0.200000003
train/clip_range,19464192,1783859921.532727,0.200000003
train/clip_range,19496960,1783859926.036012,0.200000003
train/clip_range,19529728,1783859930.584296,0.200000003
train/clip_range,19562496,1783859935.113755,0.200000003
train/clip_range,19595264,1783859939.862671,0.200000003
train/clip_range,19628032,1783859944.307969,0.200000003
train/clip_range,19660800,1783859948.763776,0.200000003
train/clip_range,19693568,1783859953.200698,0.200000003
train/clip_range,19726336,1783859957.625393,0.200000003
train/clip_range,19759104,1783859962.034883,0.200000003
train/clip_range,19791872,1783859966.490468,0.200000003
train/clip_range,19824640,1783859970.947954,0.200000003
train/clip_range,19857408,1783859975.474423,0.200000003
train/clip_range,19890176,1783859979.886296,0.200000003
train/clip_range,19922944,1783859984.372122,0.200000003
train/clip_range,19955712,1783859988.850395,0.200000003
train/clip_range,19988480,1783859993.299676,0.200000003
train/clip_range,20021248,1783859997.993867,0.200000003
train/entropy_loss,65536,1783857064.785714,-17.05268097
train/entropy_loss,98304,1783857069.726890,-17.06927872
train/entropy_loss,131072,1783857074.477095,-17.09765053
train/entropy_loss,163840,1783857079.686748,-17.12080193
train/entropy_loss,196608,1783857084.633483,-17.16303444
train/entropy_loss,229376,1783857089.485668,-17.2139473
train/entropy_loss,262144,1783857094.402415,-17.22831154
train/entropy_loss,294912,1783857099.309461,-17.26488113
train/entropy_loss,327680,1783857104.132788,-17.31341743
train/entropy_loss,360448,1783857108.928529,-17.34462547
train/entropy_loss,393216,1783857113.752043,-17.37117577
train/entropy_loss,425984,1783857118.682932,-17.41894722
train/entropy_loss,458752,1783857123.447603,-17.47717476
train/entropy_loss,491520,1783857128.161168,-17.52650642
train/entropy_loss,524288,1783857132.992540,-17.58213234
train/entropy_loss,557056,1783857137.862293,-17.62371445
train/entropy_loss,589824,1783857142.783182,-17.63852119
train/entropy_loss,622592,1783857147.669905,-17.66143036
train/entropy_loss,655360,1783857152.629720,-17.67937469
train/entropy_loss,688128,1783857157.580006,-17.69835281
train/entropy_loss,720896,1783857162.504921,-17.74689293
train/entropy_loss,753664,1783857167.410194,-17.77853203
train/entropy_loss,786432,1783857172.318535,-17.82079315
train/entropy_loss,819200,1783857177.394931,-17.86504555
train/entropy_loss,851968,1783857182.358339,-17.90368462
train/entropy_loss,884736,1783857187.195192,-17.92123985
train/entropy_loss,917504,1783857192.005626,-17.95223808
train/entropy_loss,950272,1783857196.927877,-18.00169945
train/entropy_loss,983040,1783857201.893753,-18.04101562
train/entropy_loss,1015808,1783857206.574299,-18.06012154
train/entropy_loss,1048576,1783857211.308850,-18.07357979
train/entropy_loss,1081344,1783857215.981962,-18.10846329
train/entropy_loss,1114112,1783857220.900500,-18.14123726
train/entropy_loss,1146880,1783857225.960225,-18.17185974
train/entropy_loss,1179648,1783857231.006896,-18.20610619
train/entropy_loss,1212416,1783857236.118585,-18.2356205
train/entropy_loss,1245184,1783857241.216601,-18.27670479
train/entropy_loss,1277952,1783857246.156792,-18.32446861
train/entropy_loss,1310720,1783857250.718137,-18.34897232
train/entropy_loss,1343488,1783857255.437503,-18.39340973
train/entropy_loss,1376256,1783857260.076078,-18.41803932
train/entropy_loss,1409024,1783857264.592828,-18.43721008
train/entropy_loss,1441792,1783857269.094424,-18.45806503
train/entropy_loss,1474560,1783857273.644407,-18.48628235
train/entropy_loss,1507328,1783857278.501968,-18.51338577
train/entropy_loss,1540096,1783857283.027872,-18.55292702
train/entropy_loss,1572864,1783857287.561694,-18.58658409
train/entropy_loss,1605632,1783857292.216886,-18.63127899
train/entropy_loss,1638400,1783857297.014365,-18.65106583
train/entropy_loss,1671168,1783857301.569556,-18.66917801
train/entropy_loss,1703936,1783857306.128359,-18.70815849
train/entropy_loss,1736704,1783857310.624050,-18.75100708
train/entropy_loss,1769472,1783857315.437502,-18.78659248
train/entropy_loss,1802240,1783857320.015350,-18.80308342
train/entropy_loss,1835008,1783857324.663073,-18.82746506
train/entropy_loss,1867776,1783857329.379748,-18.86008453
train/entropy_loss,1900544,1783857334.103593,-18.8838768
train/entropy_loss,1933312,1783857338.730878,-18.92050934
train/entropy_loss,1966080,1783857343.722816,-18.94195366
train/entropy_loss,1998848,1783857348.513281,-18.98462486
train/entropy_loss,2031616,1783857353.301548,-19.02976227
train/entropy_loss,2064384,1783857358.239314,-19.0584774
train/entropy_loss,2097152,1783857363.056178,-19.08260155
train/entropy_loss,2129920,1783857367.790724,-19.1129837
train/entropy_loss,2162688,1783857372.604056,-19.14178085
train/entropy_loss,2195456,1783857377.516893,-19.16451645
train/entropy_loss,2228224,1783857382.468382,-19.20651817
train/entropy_loss,2260992,1783857387.329118,-19.22615433
train/entropy_loss,2293760,1783857392.368381,-19.26855278
train/entropy_loss,2326528,1783857397.277045,-19.30399323
train/entropy_loss,2359296,1783857402.123774,-19.33294296
train/entropy_loss,2392064,1783857406.964292,-19.3484745
train/entropy_loss,2424832,1783857411.866590,-19.37496758
train/entropy_loss,2457600,1783857416.814911,-19.40316582
train/entropy_loss,2490368,1783857421.490672,-19.4265461
train/entropy_loss,2523136,1783857426.272657,-19.44623184
train/entropy_loss,2555904,1783857431.158607,-19.47354507
train/entropy_loss,2588672,1783857436.125510,-19.49566269
train/entropy_loss,2621440,1783857440.974858,-19.51791191
train/entropy_loss,2654208,1783857445.786455,-19.51085472
train/entropy_loss,2686976,1783857450.774811,-19.51958466
train/entropy_loss,2719744,1783857455.631936,-19.53356934
train/entropy_loss,2752512,1783857460.451119,-19.55193138
train/entropy_loss,2785280,1783857465.149885,-19.58098793
train/entropy_loss,2818048,1783857470.042671,-19.58691406
train/entropy_loss,2850816,1783857474.916332,-19.60577774
train/entropy_loss,2883584,1783857479.919403,-19.6323719
train/entropy_loss,2916352,1783857485.095470,-19.65364647
train/entropy_loss,2949120,1783857490.083421,-19.6977253
train/entropy_loss,2981888,1783857494.959371,-19.74292946
train/entropy_loss,3014656,1783857499.939016,-19.76812744
train/entropy_loss,3047424,1783857504.735694,-19.79534912
train/entropy_loss,3080192,1783857509.497661,-19.82447624
train/entropy_loss,3112960,1783857514.279350,-19.85100174
train/entropy_loss,3145728,1783857519.080650,-19.88360596
train/entropy_loss,3178496,1783857523.837748,-19.92187691
train/entropy_loss,3211264,1783857528.596698,-19.9353981
train/entropy_loss,3244032,1783857533.211223,-19.93973541
train/entropy_loss,3276800,1783857538.113642,-19.9382019
train/entropy_loss,3309568,1783857542.998552,-19.95390129
train/entropy_loss,3342336,1783857547.769338,-19.97644806
train/entropy_loss,3375104,1783857552.341367,-19.98271179
train/entropy_loss,3407872,1783857557.043419,-20.00914001
train/entropy_loss,3440640,1783857561.987523,-20.01877594
train/entropy_loss,3473408,1783857566.719324,-20.0412426
train/entropy_loss,3506176,1783857571.450935,-20.06612968
train/entropy_loss,3538944,1783857576.311593,-20.07116508
train/entropy_loss,3571712,1783857581.050539,-20.0894146
train/entropy_loss,3604480,1783857585.763826,-20.11146927
train/entropy_loss,3637248,1783857590.334953,-20.138834
train/entropy_loss,3670016,1783857594.897859,-20.17281342
train/entropy_loss,3702784,1783857599.544930,-20.19432449
train/entropy_loss,3735552,1783857604.191871,-20.20658302
train/entropy_loss,3768320,1783857608.797220,-20.22371864
train/entropy_loss,3801088,1783857613.383753,-20.2478714
train/entropy_loss,3833856,1783857618.062131,-20.2658062
train/entropy_loss,3866624,1783857622.966801,-20.30084801
train/entropy_loss,3899392,1783857627.927157,-20.31092072
train/entropy_loss,3932160,1783857632.685274,-20.31716537
train/entropy_loss,3964928,1783857637.356995,-20.33865356
train/entropy_loss,3997696,1783857641.802478,-20.35719681
train/entropy_loss,4030464,1783857646.296677,-20.37277794
train/entropy_loss,4063232,1783857651.090977,-20.39117241
train/entropy_loss,4096000,1783857655.726345,-20.40604973
train/entropy_loss,4128768,1783857660.462205,-20.43353081
train/entropy_loss,4161536,1783857665.453904,-20.43819046
train/entropy_loss,4194304,1783857670.410428,-20.45513344
train/entropy_loss,4227072,1783857675.171170,-20.50273895
train/entropy_loss,4259840,1783857679.966383,-20.53133202
train/entropy_loss,4292608,1783857684.747020,-20.54698753
train/entropy_loss,4325376,1783857689.502113,-20.57397461
train/entropy_loss,4358144,1783857694.252134,-20.5987854
train/entropy_loss,4390912,1783857699.013731,-20.59017181
train/entropy_loss,4423680,1783857703.767404,-20.60085678
train/entropy_loss,4456448,1783857708.508134,-20.60749435
train/entropy_loss,4489216,1783857713.232015,-20.63154984
train/entropy_loss,4521984,1783857718.049344,-20.65557861
train/entropy_loss,4554752,1783857722.906133,-20.69525909
train/entropy_loss,4587520,1783857727.678544,-20.70282936
train/entropy_loss,4620288,1783857732.427071,-20.70572853
train/entropy_loss,4653056,1783857737.169125,-20.71852493
train/entropy_loss,4685824,1783857742.002483,-20.74879646
train/entropy_loss,4718592,1783857746.981199,-20.7743187
train/entropy_loss,4751360,1783857751.951431,-20.79141998
train/entropy_loss,4784128,1783857756.860259,-20.81082916
train/entropy_loss,4816896,1783857761.942089,-20.84641838
train/entropy_loss,4849664,1783857766.833276,-20.8889122
train/entropy_loss,4882432,1783857771.754955,-20.91589737
train/entropy_loss,4915200,1783857776.863552,-20.93689156
train/entropy_loss,4947968,1783857781.837977,-20.98018456
train/entropy_loss,4980736,1783857786.774884,-21.0020237
train/entropy_loss,5013504,1783857791.769306,-21.03672028
train/entropy_loss,5046272,1783857796.673212,-21.06773186
train/entropy_loss,5079040,1783857801.350718,-21.09719467
train/entropy_loss,5111808,1783857806.140589,-21.12922859
train/entropy_loss,5144576,1783857811.010236,-21.1746254
train/entropy_loss,5177344,1783857815.885534,-21.1978302
train/entropy_loss,5210112,1783857820.663387,-21.2256794
train/entropy_loss,5242880,1783857825.649979,-21.24903297
train/entropy_loss,5275648,1783857830.538902,-21.2720089
train/entropy_loss,5308416,1783857835.301236,-21.3036232
train/entropy_loss,5341184,1783857839.945219,-21.32047272
train/entropy_loss,5373952,1783857844.384541,-21.31931305
train/entropy_loss,5406720,1783857848.821529,-21.32429886
train/entropy_loss,5439488,1783857853.254390,-21.34670448
train/entropy_loss,5472256,1783857857.718068,-21.3904171
train/entropy_loss,5505024,1783857862.181765,-21.41447639
train/entropy_loss,5537792,1783857866.630910,-21.45330811
train/entropy_loss,5570560,1783857871.068806,-21.4667511
train/entropy_loss,5603328,1783857875.537309,-21.50293159
train/entropy_loss,5636096,1783857879.977478,-21.50955582
train/entropy_loss,5668864,1783857884.576565,-21.54096222
train/entropy_loss,5701632,1783857889.405015,-21.55239487
train/entropy_loss,5734400,1783857894.014442,-21.57663155
train/entropy_loss,5767168,1783857898.650296,-21.60048294
train/entropy_loss,5799936,1783857903.315325,-21.61808395
train/entropy_loss,5832704,1783857908.037089,-21.62956619
train/entropy_loss,5865472,1783857912.704018,-21.63668633
train/entropy_loss,5898240,1783857917.389985,-21.66187859
train/entropy_loss,5931008,1783857922.020722,-21.68533134
train/entropy_loss,5963776,1783857926.689537,-21.69509125
train/entropy_loss,5996544,1783857931.424535,-21.72488976
train/entropy_loss,6029312,1783857936.226289,-21.76325035
train/entropy_loss,6062080,1783857940.894426,-21.78884506
train/entropy_loss,6094848,1783857945.520221,-21.8164959
train/entropy_loss,6127616,1783857950.219139,-21.84067154
train/entropy_loss,6160384,1783857955.005473,-21.87524986
train/entropy_loss,6193152,1783857959.800732,-21.90581322
train/entropy_loss,6225920,1783857965.482476,-21.94249344
train/entropy_loss,6258688,1783857970.247787,-21.96279716
train/entropy_loss,6291456,1783857974.849999,-21.99348068
train/entropy_loss,6324224,1783857979.429710,-22.02532768
train/entropy_loss,6356992,1783857984.019515,-22.04955864
train/entropy_loss,6389760,1783857988.716690,-22.0715332
train/entropy_loss,6422528,1783857993.454727,-22.07953835
train/entropy_loss,6455296,1783857998.186137,-22.0926075
train/entropy_loss,6488064,1783858002.775357,-22.09852219
train/entropy_loss,6520832,1783858007.587937,-22.11284065
train/entropy_loss,6553600,1783858012.275999,-22.13082695
train/entropy_loss,6586368,1783858017.021115,-22.15585518
train/entropy_loss,6619136,1783858022.214051,-22.19371414
train/entropy_loss,6651904,1783858026.940234,-22.22052002
train/entropy_loss,6684672,1783858031.777967,-22.25586319
train/entropy_loss,6717440,1783858036.658205,-22.29538155
train/entropy_loss,6750208,1783858041.144208,-22.33355904
train/entropy_loss,6782976,1783858045.625987,-22.35551071
train/entropy_loss,6815744,1783858050.110807,-22.36923981
train/entropy_loss,6848512,1783858054.547154,-22.40322876
train/entropy_loss,6881280,1783858059.075950,-22.4387989
train/entropy_loss,6914048,1783858063.569234,-22.45591927
train/entropy_loss,6946816,1783858068.135794,-22.47981453
train/entropy_loss,6979584,1783858072.781841,-22.51703453
train/entropy_loss,7012352,1783858077.337469,-22.5433445
train/entropy_loss,7045120,1783858081.967971,-22.5690155
train/entropy_loss,7077888,1783858086.553172,-22.59110641
train/entropy_loss,7110656,1783858091.244888,-22.62550735
train/entropy_loss,7143424,1783858095.902959,-22.65490341
train/entropy_loss,7176192,1783858100.534988,-22.68627739
train/entropy_loss,7208960,1783858105.189744,-22.71115112
train/entropy_loss,7241728,1783858109.879321,-22.73253822
train/entropy_loss,7274496,1783858114.723288,-22.74900627
train/entropy_loss,7307264,1783858119.400910,-22.76099586
train/entropy_loss,7340032,1783858124.062529,-22.80651474
train/entropy_loss,7372800,1783858128.909837,-22.82998848
train/entropy_loss,7405568,1783858133.577064,-22.83721352
train/entropy_loss,7438336,1783858138.260404,-22.86640739
train/entropy_loss,7471104,1783858142.869988,-22.89107895
train/entropy_loss,7503872,1783858147.497365,-22.90221405
train/entropy_loss,7536640,1783858152.116560,-22.91977501
train/entropy_loss,7569408,1783858156.700951,-22.96593094
train/entropy_loss,7602176,1783858161.276933,-23.00045776
train/entropy_loss,7634944,1783858165.941351,-23.0168438
train/entropy_loss,7667712,1783858170.544482,-23.03902817
train/entropy_loss,7700480,1783858175.146200,-23.06999779
train/entropy_loss,7733248,1783858179.786026,-23.09816551
train/entropy_loss,7766016,1783858184.591845,-23.12659073
train/entropy_loss,7798784,1783858189.381927,-23.1529808
train/entropy_loss,7831552,1783858194.176598,-23.1856041
train/entropy_loss,7864320,1783858199.157194,-23.19223213
train/entropy_loss,7897088,1783858204.020012,-23.20883751
train/entropy_loss,7929856,1783858209.553712,-23.22767639
train/entropy_loss,7962624,1783858214.504075,-23.25196838
train/entropy_loss,7995392,1783858219.321110,-23.27129555
train/entropy_loss,8028160,1783858224.278052,-23.29863548
train/entropy_loss,8060928,1783858229.404431,-23.32303238
train/entropy_loss,8093696,1783858234.172663,-23.35043716
train/entropy_loss,8126464,1783858239.283607,-23.37226105
train/entropy_loss,8159232,1783858244.108299,-23.41238785
train/entropy_loss,8192000,1783858248.924756,-23.44960785
train/entropy_loss,8224768,1783858253.759569,-23.46309471
train/entropy_loss,8257536,1783858258.822733,-23.47181129
train/entropy_loss,8290304,1783858263.787262,-23.48635864
train/entropy_loss,8323072,1783858268.653600,-23.50588989
train/entropy_loss,8355840,1783858273.479536,-23.53746796
train/entropy_loss,8388608,1783858278.291499,-23.55552292
train/entropy_loss,8421376,1783858283.127086,-23.57604218
train/entropy_loss,8454144,1783858287.889720,-23.60081291
train/entropy_loss,8486912,1783858292.646010,-23.62423134
train/entropy_loss,8519680,1783858297.598615,-23.64362907
train/entropy_loss,8552448,1783858302.427474,-23.67067528
train/entropy_loss,8585216,1783858307.277175,-23.68288422
train/entropy_loss,8617984,1783858312.429445,-23.68219566
train/entropy_loss,8650752,1783858317.555023,-23.70667267
train/entropy_loss,8683520,1783858322.547101,-23.73072433
train/entropy_loss,8716288,1783858327.455174,-23.77562714
train/entropy_loss,8749056,1783858332.354612,-23.80156517
train/entropy_loss,8781824,1783858337.212292,-23.82167625
train/entropy_loss,8814592,1783858342.083696,-23.84595108
train/entropy_loss,8847360,1783858346.964611,-23.86384392
train/entropy_loss,8880128,1783858351.840813,-23.88713264
train/entropy_loss,8912896,1783858356.831340,-23.9132309
train/entropy_loss,8945664,1783858361.764906,-23.93523979
train/entropy_loss,8978432,1783858366.599394,-23.97123337
train/entropy_loss,9011200,1783858371.564852,-24.00426102
train/entropy_loss,9043968,1783858376.475387,-24.04723358
train/entropy_loss,9076736,1783858381.320378,-24.08185005
train/entropy_loss,9109504,1783858386.263727,-24.11341286
train/entropy_loss,9142272,1783858391.246213,-24.12905312
train/entropy_loss,9175040,1783858395.920719,-24.15394974
train/entropy_loss,9207808,1783858400.597232,-24.17460251
train/entropy_loss,9240576,1783858405.289602,-24.20446396
train/entropy_loss,9273344,1783858410.128393,-24.24771118
train/entropy_loss,9306112,1783858415.299222,-24.27266884
train/entropy_loss,9338880,1783858420.309227,-24.30550575
train/entropy_loss,9371648,1783858425.256688,-24.34726334
train/entropy_loss,9404416,1783858430.272306,-24.39116096
train/entropy_loss,9437184,1783858435.054179,-24.42111588
train/entropy_loss,9469952,1783858440.037364,-24.43655014
train/entropy_loss,9502720,1783858444.819123,-24.45884895
train/entropy_loss,9535488,1783858449.681267,-24.50459099
train/entropy_loss,9568256,1783858454.586480,-24.53959846
train/entropy_loss,9601024,1783858459.365671,-24.55807304
train/entropy_loss,9633792,1783858464.301710,-24.58429718
train/entropy_loss,9666560,1783858469.164579,-24.61600304
train/entropy_loss,9699328,1783858473.873073,-24.65613174
train/entropy_loss,9732096,1783858478.575789,-24.69874573
train/entropy_loss,9764864,1783858483.372259,-24.73508835
train/entropy_loss,9797632,1783858488.073560,-24.77081871
train/entropy_loss,9830400,1783858492.904808,-24.80261612
train/entropy_loss,9863168,1783858497.759518,-24.81921577
train/entropy_loss,9895936,1783858502.633762,-24.82305145
train/entropy_loss,9928704,1783858507.406194,-24.86024666
train/entropy_loss,9961472,1783858512.183637,-24.88418007
train/entropy_loss,9994240,1783858516.884834,-24.89458847
train/entropy_loss,10027008,1783858521.626868,-24.91680908
train/entropy_loss,10059776,1783858526.520503,-24.93931007
train/entropy_loss,10092544,1783858531.447066,-24.98141861
train/entropy_loss,10125312,1783858536.228250,-25.02851105
train/entropy_loss,10158080,1783858541.049719,-25.05410004
train/entropy_loss,10190848,1783858545.749660,-25.08530998
train/entropy_loss,10223616,1783858550.550457,-25.11655617
train/entropy_loss,10256384,1783858555.713315,-25.15736008
train/entropy_loss,10289152,1783858561.125289,-25.17950821
train/entropy_loss,10321920,1783858565.845715,-25.21329498
train/entropy_loss,10354688,1783858570.558758,-25.24059296
train/entropy_loss,10387456,1783858575.319435,-25.27752876
train/entropy_loss,10420224,1783858580.310893,-25.3046093
train/entropy_loss,10452992,1783858585.961656,-25.3106575
train/entropy_loss,10485760,1783858591.044621,-25.33964539
train/entropy_loss,10518528,1783858596.123498,-25.36803436
train/entropy_loss,10551296,1783858601.246866,-25.38775444
train/entropy_loss,10584064,1783858606.379342,-25.40532684
train/entropy_loss,10616832,1783858611.643382,-25.43622589
train/entropy_loss,10649600,1783858616.852174,-25.45756531
train/entropy_loss,10682368,1783858621.905853,-25.49392319
train/entropy_loss,10715136,1783858626.836284,-25.52847672
train/entropy_loss,10747904,1783858631.843666,-25.57229996
train/entropy_loss,10780672,1783858636.884935,-25.58766365
train/entropy_loss,10813440,1783858641.940222,-25.60933495
train/entropy_loss,10846208,1783858646.978979,-25.63965225
train/entropy_loss,10878976,1783858651.952539,-25.66388512
train/entropy_loss,10911744,1783858657.181337,-25.70635414
train/entropy_loss,10944512,1783858662.286639,-25.75852394
train/entropy_loss,10977280,1783858667.319995,-25.79321289
train/entropy_loss,11010048,1783858672.524232,-25.80565453
train/entropy_loss,11042816,1783858678.519991,-25.83150864
train/entropy_loss,11075584,1783858683.584246,-25.84656143
train/entropy_loss,11108352,1783858689.265506,-25.87517929
train/entropy_loss,11141120,1783858694.618052,-25.90343475
train/entropy_loss,11173888,1783858699.744149,-25.93037033
train/entropy_loss,11206656,1783858704.808403,-25.93837166
train/entropy_loss,11239424,1783858709.958366,-25.95722389
train/entropy_loss,11272192,1783858714.910534,-25.99730682
train/entropy_loss,11304960,1783858719.796587,-26.03496933
train/entropy_loss,11337728,1783858724.899108,-26.05852699
train/entropy_loss,11370496,1783858730.034930,-26.08158684
train/entropy_loss,11403264,1783858735.162844,-26.10340691
train/entropy_loss,11436032,1783858740.202905,-26.13415718
train/entropy_loss,11468800,1783858745.073370,-26.16713142
train/entropy_loss,11501568,1783858749.975085,-26.19419098
train/entropy_loss,11534336,1783858754.842054,-26.21290016
train/entropy_loss,11567104,1783858759.528521,-26.2355938
train/entropy_loss,11599872,1783858764.213118,-26.27260017
train/entropy_loss,11632640,1783858769.051870,-26.30369377
train/entropy_loss,11665408,1783858773.777728,-26.35457039
train/entropy_loss,11698176,1783858778.558019,-26.39609337
train/entropy_loss,11730944,1783858783.254890,-26.4264431
train/entropy_loss,11763712,1783858788.016259,-26.46289444
train/entropy_loss,11796480,1783858792.806936,-26.48573685
train/entropy_loss,11829248,1783858797.778847,-26.51085854
train/entropy_loss,11862016,1783858802.563662,-26.54038429
train/entropy_loss,11894784,1783858807.413176,-26.56666946
train/entropy_loss,11927552,1783858812.172781,-26.60626411
train/entropy_loss,11960320,1783858817.042003,-26.63107681
train/entropy_loss,11993088,1783858821.805073,-26.66338539
train/entropy_loss,12025856,1783858826.624796,-26.70440865
train/entropy_loss,12058624,1783858831.348338,-26.74092484
train/entropy_loss,12091392,1783858836.359203,-26.76594734
train/entropy_loss,12124160,1783858841.234142,-26.79414368
train/entropy_loss,12156928,1783858846.124872,-26.81873703
train/entropy_loss,12189696,1783858850.961181,-26.83152008
train/entropy_loss,12222464,1783858855.754099,-26.84465981
train/entropy_loss,12255232,1783858860.550019,-26.87973213
train/entropy_loss,12288000,1783858865.761541,-26.91141701
train/entropy_loss,12320768,1783858871.498955,-26.92357826
train/entropy_loss,12353536,1783858876.820874,-26.95160484
train/entropy_loss,12386304,1783858881.869101,-26.97343636
train/entropy_loss,12419072,1783858886.677007,-27.00910378
train/entropy_loss,12451840,1783858891.502890,-27.05282402
train/entropy_loss,12484608,1783858896.345168,-27.06783104
train/entropy_loss,12517376,1783858901.148215,-27.11117744
train/entropy_loss,12550144,1783858905.973031,-27.14212227
train/entropy_loss,12582912,1783858910.699382,-27.15568924
train/entropy_loss,12615680,1783858915.421829,-27.19633484
train/entropy_loss,12648448,1783858920.261498,-27.21835709
train/entropy_loss,12681216,1783858925.099965,-27.2314682
train/entropy_loss,12713984,1783858929.930770,-27.27415848
train/entropy_loss,12746752,1783858934.847672,-27.28223801
train/entropy_loss,12779520,1783858939.729906,-27.29871941
train/entropy_loss,12812288,1783858944.299846,-27.31586456
train/entropy_loss,12845056,1783858948.965555,-27.3358345
train/entropy_loss,12877824,1783858953.596101,-27.36018372
train/entropy_loss,12910592,1783858958.214142,-27.39576149
train/entropy_loss,12943360,1783858962.854255,-27.41543198
train/entropy_loss,12976128,1783858967.535544,-27.44498825
train/entropy_loss,13008896,1783858972.187210,-27.47031021
train/entropy_loss,13041664,1783858977.247301,-27.4900341
train/entropy_loss,13074432,1783858982.388566,-27.53229904
train/entropy_loss,13107200,1783858987.334282,-27.5679245
train/entropy_loss,13139968,1783858993.007630,-27.59723091
train/entropy_loss,13172736,1783858998.102005,-27.63494301
train/entropy_loss,13205504,1783859002.777998,-27.66960144
train/entropy_loss,13238272,1783859007.469580,-27.693573
train/entropy_loss,13271040,1783859012.261369,-27.73511124
train/entropy_loss,13303808,1783859017.246722,-27.75947571
train/entropy_loss,13336576,1783859022.185278,-27.78452682
train/entropy_loss,13369344,1783859026.897500,-27.79898262
train/entropy_loss,13402112,1783859031.595589,-27.83010292
train/entropy_loss,13434880,1783859036.393940,-27.86312294
train/entropy_loss,13467648,1783859041.085649,-27.87495422
train/entropy_loss,13500416,1783859045.786899,-27.9142971
train/entropy_loss,13533184,1783859050.477926,-27.93743896
train/entropy_loss,13565952,1783859055.151986,-27.96965599
train/entropy_loss,13598720,1783859059.840950,-27.97354126
train/entropy_loss,13631488,1783859064.499237,-28.01555061
train/entropy_loss,13664256,1783859069.191132,-28.0608902
train/entropy_loss,13697024,1783859073.861627,-28.07817078
train/entropy_loss,13729792,1783859078.547231,-28.10374832
train/entropy_loss,13762560,1783859083.252388,-28.14751244
train/entropy_loss,13795328,1783859087.935156,-28.1566124
train/entropy_loss,13828096,1783859092.705691,-28.18402863
train/entropy_loss,13860864,1783859097.593747,-28.19868851
train/entropy_loss,13893632,1783859102.348678,-28.22127342
train/entropy_loss,13926400,1783859107.026652,-28.24451637
train/entropy_loss,13959168,1783859111.743929,-28.27315331
train/entropy_loss,13991936,1783859116.460575,-28.30000687
train/entropy_loss,14024704,1783859121.176381,-28.33190727
train/entropy_loss,14057472,1783859125.861450,-28.34562874
train/entropy_loss,14090240,1783859130.844381,-28.37783813
train/entropy_loss,14123008,1783859135.887851,-28.40910339
train/entropy_loss,14155776,1783859140.711184,-28.43216515
train/entropy_loss,14188544,1783859145.445693,-28.44376945
train/entropy_loss,14221312,1783859150.227685,-28.46101379
train/entropy_loss,14254080,1783859154.979569,-28.4928112
train/entropy_loss,14286848,1783859159.926297,-28.51689148
train/entropy_loss,14319616,1783859164.928223,-28.54962349
train/entropy_loss,14352384,1783859169.617988,-28.58672905
train/entropy_loss,14385152,1783859174.401013,-28.61124039
train/entropy_loss,14417920,1783859179.110152,-28.62714386
train/entropy_loss,14450688,1783859183.816360,-28.64590073
train/entropy_loss,14483456,1783859188.545070,-28.67347908
train/entropy_loss,14516224,1783859193.538302,-28.70784569
train/entropy_loss,14548992,1783859199.106794,-28.73463058
train/entropy_loss,14581760,1783859203.872207,-28.77731133
train/entropy_loss,14614528,1783859208.713791,-28.79566574
train/entropy_loss,14647296,1783859213.403957,-28.81422997
train/entropy_loss,14680064,1783859218.304537,-28.84412003
train/entropy_loss,14712832,1783859222.994134,-28.84983635
train/entropy_loss,14745600,1783859227.691838,-28.87638092
train/entropy_loss,14778368,1783859232.358959,-28.91146088
train/entropy_loss,14811136,1783859237.047482,-28.92671013
train/entropy_loss,14843904,1783859241.726466,-28.9591732
train/entropy_loss,14876672,1783859246.408969,-28.99381638
train/entropy_loss,14909440,1783859251.068805,-29.02173805
train/entropy_loss,14942208,1783859255.734119,-29.03761101
train/entropy_loss,14974976,1783859260.429917,-29.06282234
train/entropy_loss,15007744,1783859265.079509,-29.0907135
train/entropy_loss,15040512,1783859269.736443,-29.10005188
train/entropy_loss,15073280,1783859274.393385,-29.11598015
train/entropy_loss,15106048,1783859279.289593,-29.14452934
train/entropy_loss,15138816,1783859283.957174,-29.15746307
train/entropy_loss,15171584,1783859288.873716,-29.17756462
train/entropy_loss,15204352,1783859293.899144,-29.20746994
train/entropy_loss,15237120,1783859298.642181,-29.24280548
train/entropy_loss,15269888,1783859303.483722,-29.28768921
train/entropy_loss,15302656,1783859308.339144,-29.3106041
train/entropy_loss,15335424,1783859313.043878,-29.34460068
train/entropy_loss,15368192,1783859317.827448,-29.35820007
train/entropy_loss,15400960,1783859322.448070,-29.38663864
train/entropy_loss,15433728,1783859327.220219,-29.40143967
train/entropy_loss,15466496,1783859332.116058,-29.4196167
train/entropy_loss,15499264,1783859337.891609,-29.42863083
train/entropy_loss,15532032,1783859342.497878,-29.43706512
train/entropy_loss,15564800,1783859347.228065,-29.45933342
train/entropy_loss,15597568,1783859351.909268,-29.48679352
train/entropy_loss,15630336,1783859356.651436,-29.50677872
train/entropy_loss,15663104,1783859361.280907,-29.53662491
train/entropy_loss,15695872,1783859366.033112,-29.56300735
train/entropy_loss,15728640,1783859370.744398,-29.58565903
train/entropy_loss,15761408,1783859375.491557,-29.6079464
train/entropy_loss,15794176,1783859380.663994,-29.63648796
train/entropy_loss,15826944,1783859385.526216,-29.64968109
train/entropy_loss,15859712,1783859390.250707,-29.6618824
train/entropy_loss,15892480,1783859395.231235,-29.68343925
train/entropy_loss,15925248,1783859400.287565,-29.71720123
train/entropy_loss,15958016,1783859405.212578,-29.74419022
train/entropy_loss,15990784,1783859410.130408,-29.77087593
train/entropy_loss,16023552,1783859415.091458,-29.78326225
train/entropy_loss,16056320,1783859419.883965,-29.81114197
train/entropy_loss,16089088,1783859424.663906,-29.85932922
train/entropy_loss,16121856,1783859429.445365,-29.88153076
train/entropy_loss,16154624,1783859434.321035,-29.8951149
train/entropy_loss,16187392,1783859439.100729,-29.90638161
train/entropy_loss,16220160,1783859443.859855,-29.92089462
train/entropy_loss,16252928,1783859448.917241,-29.95927429
train/entropy_loss,16285696,1783859453.641667,-29.9875412
train/entropy_loss,16318464,1783859458.555146,-29.99603271
train/entropy_loss,16351232,1783859463.491970,-30.03878975
train/entropy_loss,16384000,1783859468.520917,-30.06996727
train/entropy_loss,16416768,1783859473.460685,-30.09554863
train/entropy_loss,16449536,1783859478.205711,-30.13441277
train/entropy_loss,16482304,1783859482.980823,-30.16107559
train/entropy_loss,16515072,1783859487.910154,-30.17434883
train/entropy_loss,16547840,1783859492.985420,-30.19583511
train/entropy_loss,16580608,1783859497.958863,-30.21086121
train/entropy_loss,16613376,1783859502.892957,-30.24163437
train/entropy_loss,16646144,1783859507.851412,-30.25933456
train/entropy_loss,16678912,1783859512.776231,-30.29282951
train/entropy_loss,16711680,1783859517.839990,-30.30949783
train/entropy_loss,16744448,1783859522.969136,-30.32285881
train/entropy_loss,16777216,1783859527.990971,-30.35428047
train/entropy_loss,16809984,1783859532.939601,-30.38891602
train/entropy_loss,16842752,1783859537.709025,-30.41035271
train/entropy_loss,16875520,1783859542.425306,-30.42825699
train/entropy_loss,16908288,1783859547.175358,-30.4506588
train/entropy_loss,16941056,1783859551.918133,-30.46504402
train/entropy_loss,16973824,1783859556.642530,-30.48886299
train/entropy_loss,17006592,1783859561.382398,-30.51682854
train/entropy_loss,17039360,1783859566.083372,-30.54031563
train/entropy_loss,17072128,1783859570.911753,-30.55948639
train/entropy_loss,17104896,1783859575.721322,-30.57811928
train/entropy_loss,17137664,1783859580.865000,-30.62298012
train/entropy_loss,17170432,1783859586.010944,-30.65377235
train/entropy_loss,17203200,1783859590.721322,-30.68040466
train/entropy_loss,17235968,1783859595.312897,-30.69133186
train/entropy_loss,17268736,1783859599.900548,-30.71287727
train/entropy_loss,17301504,1783859604.447207,-30.72362518
train/entropy_loss,17334272,1783859609.098098,-30.73145866
train/entropy_loss,17367040,1783859613.691078,-30.75505829
train/entropy_loss,17399808,1783859618.279091,-30.77929497
train/entropy_loss,17432576,1783859622.859072,-30.80986404
train/entropy_loss,17465344,1783859627.442865,-30.83742332
train/entropy_loss,17498112,1783859631.989969,-30.86157608
train/entropy_loss,17530880,1783859636.819701,-30.88330078
train/entropy_loss,17563648,1783859641.736902,-30.90663528
train/entropy_loss,17596416,1783859646.747421,-30.94112587
train/entropy_loss,17629184,1783859651.740490,-30.96323967
train/entropy_loss,17661952,1783859656.957196,-30.9707756
train/entropy_loss,17694720,1783859661.966208,-30.97907448
train/entropy_loss,17727488,1783859667.062444,-30.99877548
train/entropy_loss,17760256,1783859672.106424,-31.00112724
train/entropy_loss,17793024,1783859677.030325,-31.02871513
train/entropy_loss,17825792,1783859681.935742,-31.04706192
train/entropy_loss,17858560,1783859686.557425,-31.06688881
train/entropy_loss,17891328,1783859691.427307,-31.10211563
train/entropy_loss,17924096,1783859696.419183,-31.13669777
train/entropy_loss,17956864,1783859701.416739,-31.1466465
train/entropy_loss,17989632,1783859706.316892,-31.16226768
train/entropy_loss,18022400,1783859711.153099,-31.18554878
train/entropy_loss,18055168,1783859716.111299,-31.17444038
train/entropy_loss,18087936,1783859720.982258,-31.18216515
train/entropy_loss,18120704,1783859725.942474,-31.19938469
train/entropy_loss,18153472,1783859730.932817,-31.21888542
train/entropy_loss,18186240,1783859735.986708,-31.24291229
train/entropy_loss,18219008,1783859741.213548,-31.2625618
train/entropy_loss,18251776,1783859746.787352,-31.28624725
train/entropy_loss,18284544,1783859751.591059,-31.31109238
train/entropy_loss,18317312,1783859756.474687,-31.32805634
train/entropy_loss,18350080,1783859761.156694,-31.35262871
train/entropy_loss,18382848,1783859765.867068,-31.37372398
train/entropy_loss,18415616,1783859770.544730,-31.39126205
train/entropy_loss,18448384,1783859775.396926,-31.41859436
train/entropy_loss,18481152,1783859780.146138,-31.43573189
train/entropy_loss,18513920,1783859784.861310,-31.45249939
train/entropy_loss,18546688,1783859789.762508,-31.47843742
train/entropy_loss,18579456,1783859794.499513,-31.49882698
train/entropy_loss,18612224,1783859799.181931,-31.50905228
train/entropy_loss,18644992,1783859804.131423,-31.52373505
train/entropy_loss,18677760,1783859808.850567,-31.52866173
train/entropy_loss,18710528,1783859813.515934,-31.55902481
train/entropy_loss,18743296,1783859818.441261,-31.58091164
train/entropy_loss,18776064,1783859822.932997,-31.60108185
train/entropy_loss,18808832,1783859827.523512,-31.60444641
train/entropy_loss,18841600,1783859832.036552,-31.63300133
train/entropy_loss,18874368,1783859836.995591,-31.63708496
train/entropy_loss,18907136,1783859841.919802,-31.65104675
train/entropy_loss,18939904,1783859846.990846,-31.6614666
train/entropy_loss,18972672,1783859851.944614,-31.66831017
train/entropy_loss,19005440,1783859856.925233,-31.70368195
train/entropy_loss,19038208,1783859861.554868,-31.72342873
train/entropy_loss,19070976,1783859866.147966,-31.74703789
train/entropy_loss,19103744,1783859870.853232,-31.77964211
train/entropy_loss,19136512,1783859875.537942,-31.81510544
train/entropy_loss,19169280,1783859880.141593,-31.8669014
train/entropy_loss,19202048,1783859884.778871,-31.89147949
train/entropy_loss,19234816,1783859889.458750,-31.92374611
train/entropy_loss,19267584,1783859894.142448,-31.93854332
train/entropy_loss,19300352,1783859898.810360,-31.95225716
train/entropy_loss,19333120,1783859903.395009,-31.96832275
train/entropy_loss,19365888,1783859907.936353,-32.0027771
train/entropy_loss,19398656,1783859912.503204,-32.00809479
train/entropy_loss,19431424,1783859917.012347,-32.02506256
train/entropy_loss,19464192,1783859921.532730,-32.05892563
train/entropy_loss,19496960,1783859926.036016,-32.07499313
train/entropy_loss,19529728,1783859930.584300,-32.10403442
train/entropy_loss,19562496,1783859935.113760,-32.12882996
train/entropy_loss,19595264,1783859939.862676,-32.1484375
train/entropy_loss,19628032,1783859944.307973,-32.15569687
train/entropy_loss,19660800,1783859948.763780,-32.177845
train/entropy_loss,19693568,1783859953.200703,-32.19999313
train/entropy_loss,19726336,1783859957.625397,-32.24246979
train/entropy_loss,19759104,1783859962.034887,-32.27529907
train/entropy_loss,19791872,1783859966.490471,-32.29084396
train/entropy_loss,19824640,1783859970.947957,-32.30298233
train/entropy_loss,19857408,1783859975.474427,-32.33105469
train/entropy_loss,19890176,1783859979.886301,-32.34088135
train/entropy_loss,19922944,1783859984.372126,-32.34149551
train/entropy_loss,19955712,1783859988.850399,-32.35476303
train/entropy_loss,19988480,1783859993.299680,-32.3800087
train/entropy_loss,20021248,1783859997.993871,-32.39892578
train/explained_variance,65536,1783857064.785718,-26.44205093
train/explained_variance,98304,1783857069.726894,-0.4260178804
train/explained_variance,131072,1783857074.477099,-0.2347708941
train/explained_variance,163840,1783857079.686752,-0.08392703533
train/explained_variance,196608,1783857084.633486,-0.01907265186
train/explained_variance,229376,1783857089.485672,0.003162443638
train/explained_variance,262144,1783857094.402419,0.09158706665
train/explained_variance,294912,1783857099.309464,0.2647330761
train/explained_variance,327680,1783857104.132791,0.5155268908
train/explained_variance,360448,1783857108.928532,0.6684029102
train/explained_variance,393216,1783857113.752046,0.6693922281
train/explained_variance,425984,1783857118.682936,0.7302299738
train/explained_variance,458752,1783857123.447607,0.7440230846
train/explained_variance,491520,1783857128.161171,0.7105345726
train/explained_variance,524288,1783857132.992543,0.8324462175
train/explained_variance,557056,1783857137.862297,0.804577291
train/explained_variance,589824,1783857142.783185,0.8074889183
train/explained_variance,622592,1783857147.669908,0.77971524
train/explained_variance,655360,1783857152.629723,0.8244059086
train/explained_variance,688128,1783857157.580010,0.8499721289
train/explained_variance,720896,1783857162.504925,0.8491379619
train/explained_variance,753664,1783857167.410197,0.8464998007
train/explained_variance,786432,1783857172.318538,0.8824938536
train/explained_variance,819200,1783857177.394934,0.9001826644
train/explained_variance,851968,1783857182.358343,0.9120596051
train/explained_variance,884736,1783857187.195195,0.9278227687
train/explained_variance,917504,1783857192.005630,0.9299557209
train/explained_variance,950272,1783857196.927881,0.9226162434
train/explained_variance,983040,1783857201.893756,0.936250627
train/explained_variance,1015808,1783857206.574303,0.9130458236
train/explained_variance,1048576,1783857211.308854,0.8888242841
train/explained_variance,1081344,1783857215.981967,0.9057475924
train/explained_variance,1114112,1783857220.900503,0.9216080308
train/explained_variance,1146880,1783857225.960228,0.9387276769
train/explained_variance,1179648,1783857231.006899,0.9263805151
train/explained_variance,1212416,1783857236.118588,0.9540851116
train/explained_variance,1245184,1783857241.216605,0.9347704053
train/explained_variance,1277952,1783857246.156796,0.929428339
train/explained_variance,1310720,1783857250.718141,0.9270752072
train/explained_variance,1343488,1783857255.437506,0.9427322149
train/explained_variance,1376256,1783857260.076081,0.9488251209
train/explained_variance,1409024,1783857264.592831,0.9258326292
train/explained_variance,1441792,1783857269.094428,0.9335277081
train/explained_variance,1474560,1783857273.644410,0.9382009506
train/explained_variance,1507328,1783857278.501971,0.9261386395
train/explained_variance,1540096,1783857283.027877,0.949568212
train/explained_variance,1572864,1783857287.561698,0.9444239736
train/explained_variance,1605632,1783857292.216889,0.9222864509
train/explained_variance,1638400,1783857297.014369,0.9526273012
train/explained_variance,1671168,1783857301.569560,0.9375293255
train/explained_variance,1703936,1783857306.128362,0.9549025893
train/explained_variance,1736704,1783857310.624054,0.9205369353
train/explained_variance,1769472,1783857315.437505,0.9540274143
train/explained_variance,1802240,1783857320.015354,0.961346209
train/explained_variance,1835008,1783857324.663077,0.9580601454
train/explained_variance,1867776,1783857329.379752,0.9330703616
train/explained_variance,1900544,1783857334.103596,0.9433435798
train/explained_variance,1933312,1783857338.730882,0.9499384165
train/explained_variance,1966080,1783857343.722820,0.9091016054
train/explained_variance,1998848,1783857348.513284,0.9412958622
train/explained_variance,2031616,1783857353.301553,0.9295133352
train/explained_variance,2064384,1783857358.239317,0.9499382377
train/explained_variance,2097152,1783857363.056182,0.9354291558
train/explained_variance,2129920,1783857367.790727,0.9311736822
train/explained_variance,2162688,1783857372.604060,0.9317820072
train/explained_variance,2195456,1783857377.516896,0.9490370154
train/explained_variance,2228224,1783857382.468390,0.9394590259
train/explained_variance,2260992,1783857387.329121,0.9463542104
train/explained_variance,2293760,1783857392.368385,0.9547902346
train/explained_variance,2326528,1783857397.277048,0.9012515545
train/explained_variance,2359296,1783857402.123777,0.9470618367
train/explained_variance,2392064,1783857406.964295,0.9131836295
train/explained_variance,2424832,1783857411.866594,0.9533865452
train/explained_variance,2457600,1783857416.814915,0.9354462624
train/explained_variance,2490368,1783857421.490676,0.9394756556
train/explained_variance,2523136,1783857426.272661,0.9364610314
train/explained_variance,2555904,1783857431.158610,0.9327433705
train/explained_variance,2588672,1783857436.125514,0.9418339133
train/explained_variance,2621440,1783857440.974861,0.9340754151
train/explained_variance,2654208,1783857445.786459,0.9281902313
train/explained_variance,2686976,1783857450.774815,0.9360491633
train/explained_variance,2719744,1783857455.631940,0.9416764379
train/explained_variance,2752512,1783857460.451123,0.9400370717
train/explained_variance,2785280,1783857465.149889,0.9422898293
train/explained_variance,2818048,1783857470.042675,0.9451693296
train/explained_variance,2850816,1783857474.916336,0.9174258113
train/explained_variance,2883584,1783857479.919407,0.9120647311
train/explained_variance,2916352,1783857485.095474,0.9166939855
train/explained_variance,2949120,1783857490.083424,0.9264376163
train/explained_variance,2981888,1783857494.959374,0.9057301879
train/explained_variance,3014656,1783857499.939019,0.9312837124
train/explained_variance,3047424,1783857504.735698,0.916402638
train/explained_variance,3080192,1783857509.497664,0.9111282229
train/explained_variance,3112960,1783857514.279354,0.9323530793
train/explained_variance,3145728,1783857519.080654,0.9376625419
train/explained_variance,3178496,1783857523.837751,0.9173449278
train/explained_variance,3211264,1783857528.596701,0.9170696735
train/explained_variance,3244032,1783857533.211226,0.9272916913
train/explained_variance,3276800,1783857538.113646,0.928805232
train/explained_variance,3309568,1783857542.998555,0.9269624352
train/explained_variance,3342336,1783857547.769345,0.9166887999
train/explained_variance,3375104,1783857552.341371,0.901014626
train/explained_variance,3407872,1783857557.043422,0.9221371412
train/explained_variance,3440640,1783857561.987526,0.9264449477
train/explained_variance,3473408,1783857566.719328,0.9178365469
train/explained_variance,3506176,1783857571.450939,0.9172302485
train/explained_variance,3538944,1783857576.311596,0.9106611609
train/explained_variance,3571712,1783857581.050543,0.8721200228
train/explained_variance,3604480,1783857585.763830,0.8979542851
train/explained_variance,3637248,1783857590.334956,0.9294660091
train/explained_variance,3670016,1783857594.897863,0.9141156673
train/explained_variance,3702784,1783857599.544933,0.9049862027
train/explained_variance,3735552,1783857604.191875,0.896387279
train/explained_variance,3768320,1783857608.797223,0.9252566695
train/explained_variance,3801088,1783857613.383757,0.9252658486
train/explained_variance,3833856,1783857618.062134,0.8914706111
train/explained_variance,3866624,1783857622.966804,0.8820152283
train/explained_variance,3899392,1783857627.927160,0.8834805489
train/explained_variance,3932160,1783857632.685278,0.9135019183
train/explained_variance,3964928,1783857637.356999,0.8705564141
train/explained_variance,3997696,1783857641.802481,0.8856883645
train/explained_variance,4030464,1783857646.296680,0.8845330477
train/explained_variance,4063232,1783857651.090980,0.8430140018
train/explained_variance,4096000,1783857655.726348,0.8763929605
train/explained_variance,4128768,1783857660.462209,0.8832541704
train/explained_variance,4161536,1783857665.453907,0.9038107395
train/explained_variance,4194304,1783857670.410431,0.906793654
train/explained_variance,4227072,1783857675.171173,0.8366370201
train/explained_variance,4259840,1783857679.966386,0.8719022274
train/explained_variance,4292608,1783857684.747024,0.8985085487
train/explained_variance,4325376,1783857689.502116,0.8800047636
train/explained_variance,4358144,1783857694.252138,0.8816501498
train/explained_variance,4390912,1783857699.013734,0.9079607129
train/explained_variance,4423680,1783857703.767407,0.9100477695
train/explained_variance,4456448,1783857708.508138,0.901222229
train/explained_variance,4489216,1783857713.232018,0.8551415205
train/explained_variance,4521984,1783857718.049347,0.8769347668
train/explained_variance,4554752,1783857722.906137,0.8755404353
train/explained_variance,4587520,1783857727.678547,0.8774453402
train/explained_variance,4620288,1783857732.427074,0.8578751087
train/explained_variance,4653056,1783857737.169129,0.8520857692
train/explained_variance,4685824,1783857742.002487,0.8612679243
train/explained_variance,4718592,1783857746.981203,0.8578053713
train/explained_variance,4751360,1783857751.951434,0.8837379217
train/explained_variance,4784128,1783857756.860262,0.8641573191
train/explained_variance,4816896,1783857761.942093,0.8319667578
train/explained_variance,4849664,1783857766.833280,0.8639246225
train/explained_variance,4882432,1783857771.754958,0.8921331763
train/explained_variance,4915200,1783857776.863556,0.8584939837
train/explained_variance,4947968,1783857781.837980,0.8784224987
train/explained_variance,4980736,1783857786.774887,0.8657919168
train/explained_variance,5013504,1783857791.769309,0.868483305
train/explained_variance,5046272,1783857796.673215,0.8052240014
train/explained_variance,5079040,1783857801.350722,0.8865477443
train/explained_variance,5111808,1783857806.140592,0.8319860101
train/explained_variance,5144576,1783857811.010239,0.8294665813
train/explained_variance,5177344,1783857815.885537,0.8879928589
train/explained_variance,5210112,1783857820.663390,0.8676987886
train/explained_variance,5242880,1783857825.649983,0.833982408
train/explained_variance,5275648,1783857830.538906,0.8824025989
train/explained_variance,5308416,1783857835.301239,0.8993866444
train/explained_variance,5341184,1783857839.945223,0.8964267373
train/explained_variance,5373952,1783857844.384545,0.85985291
train/explained_variance,5406720,1783857848.821533,0.8819471002
train/explained_variance,5439488,1783857853.254394,0.8413335681
train/explained_variance,5472256,1783857857.718072,0.8260694742
train/explained_variance,5505024,1783857862.181769,0.8711906672
train/explained_variance,5537792,1783857866.630913,0.8684606552
train/explained_variance,5570560,1783857871.068809,0.8433779478
train/explained_variance,5603328,1783857875.537313,0.8720753193
train/explained_variance,5636096,1783857879.977481,0.8740582466
train/explained_variance,5668864,1783857884.576569,0.8785890341
train/explained_variance,5701632,1783857889.405018,0.8663049936
train/explained_variance,5734400,1783857894.014446,0.8305810094
train/explained_variance,5767168,1783857898.650300,0.8408308625
train/explained_variance,5799936,1783857903.315328,0.8265414238
train/explained_variance,5832704,1783857908.037093,0.8387721181
train/explained_variance,5865472,1783857912.704021,0.8719014525
train/explained_variance,5898240,1783857917.389990,0.8886367083
train/explained_variance,5931008,1783857922.020725,0.8059568405
train/explained_variance,5963776,1783857926.689541,0.8739522696
train/explained_variance,5996544,1783857931.424538,0.7799605727
train/explained_variance,6029312,1783857936.226293,0.8655495048
train/explained_variance,6062080,1783857940.894434,0.8625781536
train/explained_variance,6094848,1783857945.520224,0.8571530581
train/explained_variance,6127616,1783857950.219142,0.8703526258
train/explained_variance,6160384,1783857955.005477,0.8648827076
train/explained_variance,6193152,1783857959.800736,0.8621358871
train/explained_variance,6225920,1783857965.482480,0.8431639671
train/explained_variance,6258688,1783857970.247791,0.8682237864
train/explained_variance,6291456,1783857974.850003,0.8801220059
train/explained_variance,6324224,1783857979.429714,0.8733961582
train/explained_variance,6356992,1783857984.019519,0.8763759136
train/explained_variance,6389760,1783857988.716693,0.8682988286
train/explained_variance,6422528,1783857993.454730,0.8458741903
train/explained_variance,6455296,1783857998.186141,0.8173299432
train/explained_variance,6488064,1783858002.775361,0.883251667
train/explained_variance,6520832,1783858007.587940,0.8855044246
train/explained_variance,6553600,1783858012.276002,0.8278087974
train/explained_variance,6586368,1783858017.021119,0.8601415157
train/explained_variance,6619136,1783858022.214055,0.8533952832
train/explained_variance,6651904,1783858026.940237,0.8289510012
train/explained_variance,6684672,1783858031.777971,0.8265981674
train/explained_variance,6717440,1783858036.658209,0.868868351
train/explained_variance,6750208,1783858041.144211,0.8774359226
train/explained_variance,6782976,1783858045.625990,0.7899729609
train/explained_variance,6815744,1783858050.110811,0.8228533268
train/explained_variance,6848512,1783858054.547158,0.821357131
train/explained_variance,6881280,1783858059.075954,0.8137859106
train/explained_variance,6914048,1783858063.569238,0.8635873795
train/explained_variance,6946816,1783858068.135797,0.8313025236
train/explained_variance,6979584,1783858072.781845,0.7860271931
train/explained_variance,7012352,1783858077.337474,0.7929803133
train/explained_variance,7045120,1783858081.967975,0.8321733475
train/explained_variance,7077888,1783858086.553176,0.8656263351
train/explained_variance,7110656,1783858091.244891,0.8731843233
train/explained_variance,7143424,1783858095.902962,0.7859781981
train/explained_variance,7176192,1783858100.534991,0.8589775562
train/explained_variance,7208960,1783858105.189748,0.8457050323
train/explained_variance,7241728,1783858109.879324,0.8947420716
train/explained_variance,7274496,1783858114.723291,0.8485733867
train/explained_variance,7307264,1783858119.400913,0.8611986041
train/explained_variance,7340032,1783858124.062533,0.8612866998
train/explained_variance,7372800,1783858128.909840,0.8398157358
train/explained_variance,7405568,1783858133.577068,0.8590101004
train/explained_variance,7438336,1783858138.260408,0.8196001053
train/explained_variance,7471104,1783858142.869991,0.8742963076
train/explained_variance,7503872,1783858147.497368,0.834987402
train/explained_variance,7536640,1783858152.116564,0.8458763361
train/explained_variance,7569408,1783858156.700954,0.8527690172
train/explained_variance,7602176,1783858161.276937,0.8335591555
train/explained_variance,7634944,1783858165.941355,0.8385602236
train/explained_variance,7667712,1783858170.544485,0.8237712383
train/explained_variance,7700480,1783858175.146204,0.8312790394
train/explained_variance,7733248,1783858179.786029,0.851560533
train/explained_variance,7766016,1783858184.591848,0.8452922702
train/explained_variance,7798784,1783858189.381930,0.8361282349
train/explained_variance,7831552,1783858194.176602,0.8503378034
train/explained_variance,7864320,1783858199.157197,0.8902261257
train/explained_variance,7897088,1783858204.020015,0.8473815322
train/explained_variance,7929856,1783858209.553716,0.8622618318
train/explained_variance,7962624,1783858214.504078,0.8150396943
train/explained_variance,7995392,1783858219.321114,0.8160939217
train/explained_variance,8028160,1783858224.278055,0.8700367212
train/explained_variance,8060928,1783858229.404434,0.826652348
train/explained_variance,8093696,1783858234.172667,0.8324545026
train/explained_variance,8126464,1783858239.283611,0.8376058936
train/explained_variance,8159232,1783858244.108302,0.8713217378
train/explained_variance,8192000,1783858248.924759,0.8601251245
train/explained_variance,8224768,1783858253.759572,0.8531266451
train/explained_variance,8257536,1783858258.822739,0.794339776
train/explained_variance,8290304,1783858263.787265,0.8372285962
train/explained_variance,8323072,1783858268.653603,0.8726146221
train/explained_variance,8355840,1783858273.479539,0.8624356985
train/explained_variance,8388608,1783858278.291502,0.8687247038
train/explained_variance,8421376,1783858283.127089,0.8726825118
train/explained_variance,8454144,1783858287.889724,0.8564736247
train/explained_variance,8486912,1783858292.646013,0.827340126
train/explained_variance,8519680,1783858297.598618,0.8608018756
train/explained_variance,8552448,1783858302.427478,0.8736969233
train/explained_variance,8585216,1783858307.277179,0.8599655628
train/explained_variance,8617984,1783858312.429449,0.8265978098
train/explained_variance,8650752,1783858317.555026,0.7920956016
train/explained_variance,8683520,1783858322.547104,0.8291122317
train/explained_variance,8716288,1783858327.455179,0.8235435486
train/explained_variance,8749056,1783858332.354616,0.8494102955
train/explained_variance,8781824,1783858337.212296,0.8679047823
train/explained_variance,8814592,1783858342.083699,0.8723600507
train/explained_variance,8847360,1783858346.964614,0.8532716036
train/explained_variance,8880128,1783858351.840816,0.8405998945
train/explained_variance,8912896,1783858356.831343,0.8412898183
train/explained_variance,8945664,1783858361.764910,0.9085429907
train/explained_variance,8978432,1783858366.599397,0.812351346
train/explained_variance,9011200,1783858371.564856,0.8321966529
train/explained_variance,9043968,1783858376.475390,0.8370927572
train/explained_variance,9076736,1783858381.320382,0.8517271876
train/explained_variance,9109504,1783858386.263730,0.8047648072
train/explained_variance,9142272,1783858391.246217,0.8819254637
train/explained_variance,9175040,1783858395.920722,0.8472906351
train/explained_variance,9207808,1783858400.597235,0.9047304392
train/explained_variance,9240576,1783858405.289605,0.8245875239
train/explained_variance,9273344,1783858410.128396,0.8846384287
train/explained_variance,9306112,1783858415.299226,0.8616455793
train/explained_variance,9338880,1783858420.309230,0.8458482027
train/explained_variance,9371648,1783858425.256693,0.8366910219
train/explained_variance,9404416,1783858430.272309,0.7912889719
train/explained_variance,9437184,1783858435.054182,0.8609403372
train/explained_variance,9469952,1783858440.037367,0.8855557442
train/explained_variance,9502720,1783858444.819126,0.8570647836
train/explained_variance,9535488,1783858449.681270,0.8274197578
train/explained_variance,9568256,1783858454.586484,0.7959481478
train/explained_variance,9601024,1783858459.365674,0.8371774554
train/explained_variance,9633792,1783858464.301713,0.8351837397
train/explained_variance,9666560,1783858469.164583,0.7788093686
train/explained_variance,9699328,1783858473.873077,0.8365334272
train/explained_variance,9732096,1783858478.575792,0.8561477661
train/explained_variance,9764864,1783858483.372263,0.8289572001
train/explained_variance,9797632,1783858488.073563,0.7983543873
train/explained_variance,9830400,1783858492.904811,0.803199172
train/explained_variance,9863168,1783858497.759521,0.8496454954
train/explained_variance,9895936,1783858502.633765,0.8457952738
train/explained_variance,9928704,1783858507.406197,0.7808627486
train/explained_variance,9961472,1783858512.183641,0.7151866555
train/explained_variance,9994240,1783858516.884838,0.814648807
train/explained_variance,10027008,1783858521.626871,0.8397960067
train/explained_variance,10059776,1783858526.520507,0.8594247103
train/explained_variance,10092544,1783858531.447069,0.8098045588
train/explained_variance,10125312,1783858536.228253,0.8125861883
train/explained_variance,10158080,1783858541.049723,0.8100936413
train/explained_variance,10190848,1783858545.749664,0.7744518518
train/explained_variance,10223616,1783858550.550460,0.792620182
train/explained_variance,10256384,1783858555.713320,0.815135777
train/explained_variance,10289152,1783858561.125293,0.8168177605
train/explained_variance,10321920,1783858565.845718,0.7857949734
train/explained_variance,10354688,1783858570.558761,0.7762107849
train/explained_variance,10387456,1783858575.319438,0.7555152178
train/explained_variance,10420224,1783858580.310897,0.8353616595
train/explained_variance,10452992,1783858585.961660,0.786703229
train/explained_variance,10485760,1783858591.044624,0.8296158314
train/explained_variance,10518528,1783858596.123502,0.789432168
train/explained_variance,10551296,1783858601.246870,0.8232366443
train/explained_variance,10584064,1783858606.379346,0.884801507
train/explained_variance,10616832,1783858611.643386,0.8103766441
train/explained_variance,10649600,1783858616.852177,0.8414472342
train/explained_variance,10682368,1783858621.905856,0.8282645941
train/explained_variance,10715136,1783858626.836288,0.7807834744
train/explained_variance,10747904,1783858631.843670,0.7841603756
train/explained_variance,10780672,1783858636.884938,0.7747240067
train/explained_variance,10813440,1783858641.940225,0.7867956161
train/explained_variance,10846208,1783858646.978985,0.8292515874
train/explained_variance,10878976,1783858651.952542,0.8200405836
train/explained_variance,10911744,1783858657.181340,0.7503710985
train/explained_variance,10944512,1783858662.286643,0.7807812095
train/explained_variance,10977280,1783858667.319998,0.749702692
train/explained_variance,11010048,1783858672.524236,0.8471669555
train/explained_variance,11042816,1783858678.519994,0.8152375221
train/explained_variance,11075584,1783858683.584249,0.8232699037
train/explained_variance,11108352,1783858689.265510,0.8026154637
train/explained_variance,11141120,1783858694.618055,0.7679888606
train/explained_variance,11173888,1783858699.744152,0.8369598389
train/explained_variance,11206656,1783858704.808406,0.8111462593
train/explained_variance,11239424,1783858709.958370,0.8372104168
train/explained_variance,11272192,1783858714.910537,0.8018599749
train/explained_variance,11304960,1783858719.796590,0.8335419893
train/explained_variance,11337728,1783858724.899111,0.8253981471
train/explained_variance,11370496,1783858730.034933,0.826261878
train/explained_variance,11403264,1783858735.162848,0.8382770419
train/explained_variance,11436032,1783858740.202909,0.8528923392
train/explained_variance,11468800,1783858745.073374,0.8398928046
train/explained_variance,11501568,1783858749.975088,0.752338171
train/explained_variance,11534336,1783858754.842058,0.834320128
train/explained_variance,11567104,1783858759.528524,0.743336916
train/explained_variance,11599872,1783858764.213122,0.7952821255
train/explained_variance,11632640,1783858769.051874,0.7863731384
train/explained_variance,11665408,1783858773.777731,0.7870126963
train/explained_variance,11698176,1783858778.558022,0.7894299626
train/explained_variance,11730944,1783858783.254893,0.819555521
train/explained_variance,11763712,1783858788.016263,0.8200871944
train/explained_variance,11796480,1783858792.806939,0.8359026909
train/explained_variance,11829248,1783858797.778850,0.8136154413
train/explained_variance,11862016,1783858802.563665,0.8402628303
train/explained_variance,11894784,1783858807.413179,0.8110729456
train/explained_variance,11927552,1783858812.172785,0.7959603071
train/explained_variance,11960320,1783858817.042007,0.8177863955
train/explained_variance,11993088,1783858821.805077,0.7297130823
train/explained_variance,12025856,1783858826.624799,0.7265334129
train/explained_variance,12058624,1783858831.348341,0.7828280926
train/explained_variance,12091392,1783858836.359206,0.7719022036
train/explained_variance,12124160,1783858841.234160,0.790576458
train/explained_variance,12156928,1783858846.124875,0.8125898838
train/explained_variance,12189696,1783858850.961184,0.7723841667
train/explained_variance,12222464,1783858855.754102,0.7653262615
train/explained_variance,12255232,1783858860.550022,0.8036656976
train/explained_variance,12288000,1783858865.761544,0.7425778508
train/explained_variance,12320768,1783858871.498958,0.8073040247
train/explained_variance,12353536,1783858876.820877,0.8128579855
train/explained_variance,12386304,1783858881.869104,0.8470175266
train/explained_variance,12419072,1783858886.677010,0.7987285852
train/explained_variance,12451840,1783858891.502893,0.809210062
train/explained_variance,12484608,1783858896.345171,0.8034666777
train/explained_variance,12517376,1783858901.148219,0.8084287047
train/explained_variance,12550144,1783858905.973035,0.8047934771
train/explained_variance,12582912,1783858910.699385,0.7706383467
train/explained_variance,12615680,1783858915.421836,0.7825270295
train/explained_variance,12648448,1783858920.261501,0.8020029068
train/explained_variance,12681216,1783858925.099968,0.7944697142
train/explained_variance,12713984,1783858929.930774,0.7520760894
train/explained_variance,12746752,1783858934.847676,0.7953905463
train/explained_variance,12779520,1783858939.729909,0.7832733393
train/explained_variance,12812288,1783858944.299849,0.8002716303
train/explained_variance,12845056,1783858948.965559,0.7745589018
train/explained_variance,12877824,1783858953.596104,0.8017913103
train/explained_variance,12910592,1783858958.214145,0.7753212452
train/explained_variance,12943360,1783858962.854258,0.8040013909
train/explained_variance,12976128,1783858967.535548,0.8481341004
train/explained_variance,13008896,1783858972.187213,0.8546682
train/explained_variance,13041664,1783858977.247304,0.8356488347
train/explained_variance,13074432,1783858982.388571,0.8234533072
train/explained_variance,13107200,1783858987.334285,0.8228912354
train/explained_variance,13139968,1783858993.007633,0.8272781968
train/explained_variance,13172736,1783858998.102009,0.8150743246
train/explained_variance,13205504,1783859002.778001,0.8533389568
train/explained_variance,13238272,1783859007.469584,0.7465478182
train/explained_variance,13271040,1783859012.261372,0.8142367601
train/explained_variance,13303808,1783859017.246725,0.8084697723
train/explained_variance,13336576,1783859022.185281,0.8448102474
train/explained_variance,13369344,1783859026.897504,0.8350226879
train/explained_variance,13402112,1783859031.595592,0.791411221
train/explained_variance,13434880,1783859036.393944,0.8024399281
train/explained_variance,13467648,1783859041.085653,0.8327458501
train/explained_variance,13500416,1783859045.786902,0.8192483187
train/explained_variance,13533184,1783859050.477929,0.8440019488
train/explained_variance,13565952,1783859055.151989,0.8454674482
train/explained_variance,13598720,1783859059.840954,0.8234294653
train/explained_variance,13631488,1783859064.499240,0.8008370399
train/explained_variance,13664256,1783859069.191135,0.7655675411
train/explained_variance,13697024,1783859073.861630,0.7847165465
train/explained_variance,13729792,1783859078.547235,0.7913768888
train/explained_variance,13762560,1783859083.252392,0.8001846671
train/explained_variance,13795328,1783859087.935159,0.8149753213
train/explained_variance,13828096,1783859092.705694,0.86011374
train/explained_variance,13860864,1783859097.593750,0.8021763563
train/explained_variance,13893632,1783859102.348681,0.843770504
train/explained_variance,13926400,1783859107.026655,0.7856532335
train/explained_variance,13959168,1783859111.743933,0.7890970111
train/explained_variance,13991936,1783859116.460578,0.7988086343
train/explained_variance,14024704,1783859121.176385,0.7643387318
train/explained_variance,14057472,1783859125.861453,0.7814414501
train/explained_variance,14090240,1783859130.844385,0.7949832082
train/explained_variance,14123008,1783859135.887854,0.8145608306
train/explained_variance,14155776,1783859140.711188,0.8276462555
train/explained_variance,14188544,1783859145.445696,0.7584479451
train/explained_variance,14221312,1783859150.227689,0.7133901119
train/explained_variance,14254080,1783859154.979573,0.7733148336
train/explained_variance,14286848,1783859159.926301,0.808829248
train/explained_variance,14319616,1783859164.928227,0.7605876923
train/explained_variance,14352384,1783859169.617992,0.7935233116
train/explained_variance,14385152,1783859174.401016,0.7656089664
train/explained_variance,14417920,1783859179.110155,0.8215453625
train/explained_variance,14450688,1783859183.816363,0.7215338945
train/explained_variance,14483456,1783859188.545073,0.8339743614
train/explained_variance,14516224,1783859193.538306,0.8427816629
train/explained_variance,14548992,1783859199.106799,0.794542253
train/explained_variance,14581760,1783859203.872211,0.7998936772
train/explained_variance,14614528,1783859208.713794,0.7841257453
train/explained_variance,14647296,1783859213.403961,0.7320483923
train/explained_variance,14680064,1783859218.304540,0.8012545109
train/explained_variance,14712832,1783859222.994137,0.7098383904
train/explained_variance,14745600,1783859227.691842,0.7745276093
train/explained_variance,14778368,1783859232.358963,0.7716324329
train/explained_variance,14811136,1783859237.047488,0.7647892237
train/explained_variance,14843904,1783859241.726469,0.8415666223
train/explained_variance,14876672,1783859246.408973,0.7856841087
train/explained_variance,14909440,1783859251.068809,0.7970208526
train/explained_variance,14942208,1783859255.734122,0.8173156381
train/explained_variance,14974976,1783859260.429921,0.8173565865
train/explained_variance,15007744,1783859265.079512,0.7254880667
train/explained_variance,15040512,1783859269.736447,0.7999413013
train/explained_variance,15073280,1783859274.393388,0.7936081886
train/explained_variance,15106048,1783859279.289596,0.7503749132
train/explained_variance,15138816,1783859283.957178,0.7548633218
train/explained_variance,15171584,1783859288.873719,0.836522758
train/explained_variance,15204352,1783859293.899148,0.7723199129
train/explained_variance,15237120,1783859298.642184,0.8474134803
train/explained_variance,15269888,1783859303.483725,0.8326290846
train/explained_variance,15302656,1783859308.339148,0.8238799572
train/explained_variance,15335424,1783859313.043882,0.7824825644
train/explained_variance,15368192,1783859317.827451,0.7924759984
train/explained_variance,15400960,1783859322.448073,0.8311877251
train/explained_variance,15433728,1783859327.220222,0.8268359303
train/explained_variance,15466496,1783859332.116062,0.8055925965
train/explained_variance,15499264,1783859337.891612,0.8122487068
train/explained_variance,15532032,1783859342.497881,0.8394941092
train/explained_variance,15564800,1783859347.228068,0.7997750044
train/explained_variance,15597568,1783859351.909272,0.8247702122
train/explained_variance,15630336,1783859356.651439,0.8284618855
train/explained_variance,15663104,1783859361.280911,0.8373277187
train/explained_variance,15695872,1783859366.033117,0.7815983295
train/explained_variance,15728640,1783859370.744401,0.7695301771
train/explained_variance,15761408,1783859375.491561,0.8001462221
train/explained_variance,15794176,1783859380.663998,0.7590159178
train/explained_variance,15826944,1783859385.526220,0.8260536194
train/explained_variance,15859712,1783859390.250711,0.8079326153
train/explained_variance,15892480,1783859395.231239,0.7832539082
train/explained_variance,15925248,1783859400.287568,0.7652062178
train/explained_variance,15958016,1783859405.212581,0.7477139831
train/explained_variance,15990784,1783859410.130411,0.8174541593
train/explained_variance,16023552,1783859415.091462,0.8397096395
train/explained_variance,16056320,1783859419.883968,0.8567881584
train/explained_variance,16089088,1783859424.663910,0.7891828418
train/explained_variance,16121856,1783859429.445368,0.8055706024
train/explained_variance,16154624,1783859434.321039,0.8099689484
train/explained_variance,16187392,1783859439.100733,0.8242691755
train/explained_variance,16220160,1783859443.859858,0.7807554603
train/explained_variance,16252928,1783859448.917245,0.7866370678
train/explained_variance,16285696,1783859453.641670,0.8372619748
train/explained_variance,16318464,1783859458.555149,0.8496541381
train/explained_variance,16351232,1783859463.491973,0.7923107147
train/explained_variance,16384000,1783859468.520920,0.8256722689
train/explained_variance,16416768,1783859473.460688,0.8139972687
train/explained_variance,16449536,1783859478.205715,0.8095327616
train/explained_variance,16482304,1783859482.980827,0.7857959867
train/explained_variance,16515072,1783859487.910158,0.8560881019
train/explained_variance,16547840,1783859492.985424,0.7863473892
train/explained_variance,16580608,1783859497.958867,0.8606296182
train/explained_variance,16613376,1783859502.892964,0.825735867
train/explained_variance,16646144,1783859507.851416,0.7858058214
train/explained_variance,16678912,1783859512.776234,0.8319693208
train/explained_variance,16711680,1783859517.839993,0.8074576855
train/explained_variance,16744448,1783859522.969139,0.7848963737
train/explained_variance,16777216,1783859527.990974,0.7941634655
train/explained_variance,16809984,1783859532.939604,0.8273694515
train/explained_variance,16842752,1783859537.709028,0.7785853148
train/explained_variance,16875520,1783859542.425309,0.7729312778
train/explained_variance,16908288,1783859547.175361,0.7895494699
train/explained_variance,16941056,1783859551.918136,0.7499383688
train/explained_variance,16973824,1783859556.642534,0.8686755896
train/explained_variance,17006592,1783859561.382401,0.8465481997
train/explained_variance,17039360,1783859566.083375,0.8141396046
train/explained_variance,17072128,1783859570.911756,0.8074979782
train/explained_variance,17104896,1783859575.721326,0.7429552078
train/explained_variance,17137664,1783859580.865003,0.8446843624
train/explained_variance,17170432,1783859586.010947,0.8578919172
train/explained_variance,17203200,1783859590.721325,0.8073188066
train/explained_variance,17235968,1783859595.312900,0.7859430313
train/explained_variance,17268736,1783859599.900552,0.8392986059
train/explained_variance,17301504,1783859604.447211,0.8238034844
train/explained_variance,17334272,1783859609.098102,0.8025686741
train/explained_variance,17367040,1783859613.691081,0.8344090581
train/explained_variance,17399808,1783859618.279094,0.8095504045
train/explained_variance,17432576,1783859622.859076,0.7780396938
train/explained_variance,17465344,1783859627.442869,0.8067967296
train/explained_variance,17498112,1783859631.989972,0.76994735
train/explained_variance,17530880,1783859636.819704,0.7604451776
train/explained_variance,17563648,1783859641.736905,0.7836893797
train/explained_variance,17596416,1783859646.747425,0.8384281993
train/explained_variance,17629184,1783859651.740494,0.8245767951
train/explained_variance,17661952,1783859656.957200,0.8436366916
train/explained_variance,17694720,1783859661.966212,0.7959499359
train/explained_variance,17727488,1783859667.062447,0.8437828422
train/explained_variance,17760256,1783859672.106428,0.7916016579
train/explained_variance,17793024,1783859677.030329,0.7663404942
train/explained_variance,17825792,1783859681.935745,0.8016862869
train/explained_variance,17858560,1783859686.557429,0.8059158325
train/explained_variance,17891328,1783859691.427310,0.8139395714
train/explained_variance,17924096,1783859696.419187,0.8461685181
train/explained_variance,17956864,1783859701.416742,0.8890906572
train/explained_variance,17989632,1783859706.316896,0.7890521884
train/explained_variance,18022400,1783859711.153102,0.7973612547
train/explained_variance,18055168,1783859716.111302,0.8729311824
train/explained_variance,18087936,1783859720.982262,0.8167059422
train/explained_variance,18120704,1783859725.942477,0.7812859416
train/explained_variance,18153472,1783859730.932820,0.8303983212
train/explained_variance,18186240,1783859735.986712,0.8192689419
train/explained_variance,18219008,1783859741.213552,0.8215710521
train/explained_variance,18251776,1783859746.787355,0.8634201884
train/explained_variance,18284544,1783859751.591062,0.7892637253
train/explained_variance,18317312,1783859756.474690,0.820222795
train/explained_variance,18350080,1783859761.156698,0.8233683109
train/explained_variance,18382848,1783859765.867071,0.8216632605
train/explained_variance,18415616,1783859770.544734,0.7939904332
train/explained_variance,18448384,1783859775.396930,0.7743607759
train/explained_variance,18481152,1783859780.146141,0.7341114283
train/explained_variance,18513920,1783859784.861314,0.808252573
train/explained_variance,18546688,1783859789.762512,0.8718245029
train/explained_variance,18579456,1783859794.499516,0.8587559462
train/explained_variance,18612224,1783859799.181936,0.8657670617
train/explained_variance,18644992,1783859804.131426,0.8126035929
train/explained_variance,18677760,1783859808.850571,0.8174919486
train/explained_variance,18710528,1783859813.515938,0.7365489006
train/explained_variance,18743296,1783859818.441264,0.825496316
train/explained_variance,18776064,1783859822.933001,0.8770701289
train/explained_variance,18808832,1783859827.523515,0.8130787611
train/explained_variance,18841600,1783859832.036555,0.7768948078
train/explained_variance,18874368,1783859836.995594,0.8240465522
train/explained_variance,18907136,1783859841.919805,0.7225400209
train/explained_variance,18939904,1783859846.990849,0.8015053272
train/explained_variance,18972672,1783859851.944618,0.8058979511
train/explained_variance,19005440,1783859856.925237,0.7808735371
train/explained_variance,19038208,1783859861.554872,0.8282536268
train/explained_variance,19070976,1783859866.147969,0.7279042006
train/explained_variance,19103744,1783859870.853235,0.8043289185
train/explained_variance,19136512,1783859875.537946,0.8436625004
train/explained_variance,19169280,1783859880.141596,0.7764629126
train/explained_variance,19202048,1783859884.778874,0.8010101318
train/explained_variance,19234816,1783859889.458754,0.8611825109
train/explained_variance,19267584,1783859894.142452,0.8386699557
train/explained_variance,19300352,1783859898.810363,0.8118209243
train/explained_variance,19333120,1783859903.395012,0.7864167094
train/explained_variance,19365888,1783859907.936357,0.8278633952
train/explained_variance,19398656,1783859912.503208,0.8213715553
train/explained_variance,19431424,1783859917.012351,0.8018832803
train/explained_variance,19464192,1783859921.532734,0.7415474653
train/explained_variance,19496960,1783859926.036019,0.7515228987
train/explained_variance,19529728,1783859930.584303,0.8140125275
train/explained_variance,19562496,1783859935.113763,0.8040091991
train/explained_variance,19595264,1783859939.862680,0.8192406893
train/explained_variance,19628032,1783859944.307976,0.8046206832
train/explained_variance,19660800,1783859948.763783,0.8603649139
train/explained_variance,19693568,1783859953.200707,0.7867550254
train/explained_variance,19726336,1783859957.625402,0.7966485023
train/explained_variance,19759104,1783859962.034892,0.8143934011
train/explained_variance,19791872,1783859966.490475,0.7721121311
train/explained_variance,19824640,1783859970.947961,0.79020679
train/explained_variance,19857408,1783859975.474431,0.816372335
train/explained_variance,19890176,1783859979.886305,0.8162415028
train/explained_variance,19922944,1783859984.372129,0.8243812323
train/explained_variance,19955712,1783859988.850403,0.7928215265
train/explained_variance,19988480,1783859993.299684,0.7842859626
train/explained_variance,20021248,1783859997.993874,0.8310770988
train/learning_rate,65536,1783857064.785724,0.0003000000142
train/learning_rate,98304,1783857069.726897,0.0003000000142
train/learning_rate,131072,1783857074.477102,0.0003000000142
train/learning_rate,163840,1783857079.686755,0.0003000000142
train/learning_rate,196608,1783857084.633490,0.0003000000142
train/learning_rate,229376,1783857089.485676,0.0003000000142
train/learning_rate,262144,1783857094.402422,0.0003000000142
train/learning_rate,294912,1783857099.309468,0.0003000000142
train/learning_rate,327680,1783857104.132795,0.0003000000142
train/learning_rate,360448,1783857108.928535,0.0003000000142
train/learning_rate,393216,1783857113.752049,0.0003000000142
train/learning_rate,425984,1783857118.682939,0.0003000000142
train/learning_rate,458752,1783857123.447610,0.0003000000142
train/learning_rate,491520,1783857128.161174,0.0003000000142
train/learning_rate,524288,1783857132.992546,0.0003000000142
train/learning_rate,557056,1783857137.862300,0.0003000000142
train/learning_rate,589824,1783857142.783188,0.0003000000142
train/learning_rate,622592,1783857147.669912,0.0003000000142
train/learning_rate,655360,1783857152.629726,0.0003000000142
train/learning_rate,688128,1783857157.580013,0.0003000000142
train/learning_rate,720896,1783857162.504928,0.0003000000142
train/learning_rate,753664,1783857167.410200,0.0003000000142
train/learning_rate,786432,1783857172.318541,0.0003000000142
train/learning_rate,819200,1783857177.394938,0.0003000000142
train/learning_rate,851968,1783857182.358346,0.0003000000142
train/learning_rate,884736,1783857187.195198,0.0003000000142
train/learning_rate,917504,1783857192.005633,0.0003000000142
train/learning_rate,950272,1783857196.927884,0.0003000000142
train/learning_rate,983040,1783857201.893760,0.0003000000142
train/learning_rate,1015808,1783857206.574307,0.0003000000142
train/learning_rate,1048576,1783857211.308859,0.0003000000142
train/learning_rate,1081344,1783857215.981971,0.0003000000142
train/learning_rate,1114112,1783857220.900506,0.0003000000142
train/learning_rate,1146880,1783857225.960232,0.0003000000142
train/learning_rate,1179648,1783857231.006902,0.0003000000142
train/learning_rate,1212416,1783857236.118591,0.0003000000142
train/learning_rate,1245184,1783857241.216609,0.0003000000142
train/learning_rate,1277952,1783857246.156799,0.0003000000142
train/learning_rate,1310720,1783857250.718144,0.0003000000142
train/learning_rate,1343488,1783857255.437509,0.0003000000142
train/learning_rate,1376256,1783857260.076085,0.0003000000142
train/learning_rate,1409024,1783857264.592835,0.0003000000142
train/learning_rate,1441792,1783857269.094432,0.0003000000142
train/learning_rate,1474560,1783857273.644413,0.0003000000142
train/learning_rate,1507328,1783857278.501974,0.0003000000142
train/learning_rate,1540096,1783857283.027881,0.0003000000142
train/learning_rate,1572864,1783857287.561701,0.0003000000142
train/learning_rate,1605632,1783857292.216892,0.0003000000142
train/learning_rate,1638400,1783857297.014373,0.0003000000142
train/learning_rate,1671168,1783857301.569563,0.0003000000142
train/learning_rate,1703936,1783857306.128366,0.0003000000142
train/learning_rate,1736704,1783857310.624057,0.0003000000142
train/learning_rate,1769472,1783857315.437508,0.0003000000142
train/learning_rate,1802240,1783857320.015357,0.0003000000142
train/learning_rate,1835008,1783857324.663080,0.0003000000142
train/learning_rate,1867776,1783857329.379755,0.0003000000142
train/learning_rate,1900544,1783857334.103600,0.0003000000142
train/learning_rate,1933312,1783857338.730885,0.0003000000142
train/learning_rate,1966080,1783857343.722823,0.0003000000142
train/learning_rate,1998848,1783857348.513287,0.0003000000142
train/learning_rate,2031616,1783857353.301557,0.0003000000142
train/learning_rate,2064384,1783857358.239321,0.0003000000142
train/learning_rate,2097152,1783857363.056185,0.0003000000142
train/learning_rate,2129920,1783857367.790731,0.0003000000142
train/learning_rate,2162688,1783857372.604063,0.0003000000142
train/learning_rate,2195456,1783857377.516899,0.0003000000142
train/learning_rate,2228224,1783857382.468393,0.0003000000142
train/learning_rate,2260992,1783857387.329124,0.0003000000142
train/learning_rate,2293760,1783857392.368388,0.0003000000142
train/learning_rate,2326528,1783857397.277051,0.0003000000142
train/learning_rate,2359296,1783857402.123781,0.0003000000142
train/learning_rate,2392064,1783857406.964299,0.0003000000142
train/learning_rate,2424832,1783857411.866597,0.0003000000142
train/learning_rate,2457600,1783857416.814919,0.0003000000142
train/learning_rate,2490368,1783857421.490679,0.0003000000142
train/learning_rate,2523136,1783857426.272664,0.0003000000142
train/learning_rate,2555904,1783857431.158613,0.0003000000142
train/learning_rate,2588672,1783857436.125529,0.0003000000142
train/learning_rate,2621440,1783857440.974864,0.0003000000142
train/learning_rate,2654208,1783857445.786462,0.0003000000142
train/learning_rate,2686976,1783857450.774818,0.0003000000142
train/learning_rate,2719744,1783857455.631943,0.0003000000142
train/learning_rate,2752512,1783857460.451126,0.0003000000142
train/learning_rate,2785280,1783857465.149893,0.0003000000142
train/learning_rate,2818048,1783857470.042678,0.0003000000142
train/learning_rate,2850816,1783857474.916339,0.0003000000142
train/learning_rate,2883584,1783857479.919411,0.0003000000142
train/learning_rate,2916352,1783857485.095477,0.0003000000142
train/learning_rate,2949120,1783857490.083427,0.0003000000142
train/learning_rate,2981888,1783857494.959377,0.0003000000142
train/learning_rate,3014656,1783857499.939023,0.0003000000142
train/learning_rate,3047424,1783857504.735702,0.0003000000142
train/learning_rate,3080192,1783857509.497668,0.0003000000142
train/learning_rate,3112960,1783857514.279358,0.0003000000142
train/learning_rate,3145728,1783857519.080658,0.0003000000142
train/learning_rate,3178496,1783857523.837754,0.0003000000142
train/learning_rate,3211264,1783857528.596704,0.0003000000142
train/learning_rate,3244032,1783857533.211229,0.0003000000142
train/learning_rate,3276800,1783857538.113649,0.0003000000142
train/learning_rate,3309568,1783857542.998558,0.0003000000142
train/learning_rate,3342336,1783857547.769348,0.0003000000142
train/learning_rate,3375104,1783857552.341374,0.0003000000142
train/learning_rate,3407872,1783857557.043425,0.0003000000142
train/learning_rate,3440640,1783857561.987529,0.0003000000142
train/learning_rate,3473408,1783857566.719331,0.0003000000142
train/learning_rate,3506176,1783857571.450942,0.0003000000142
train/learning_rate,3538944,1783857576.311599,0.0003000000142
train/learning_rate,3571712,1783857581.050546,0.0003000000142
train/learning_rate,3604480,1783857585.763833,0.0003000000142
train/learning_rate,3637248,1783857590.334960,0.0003000000142
train/learning_rate,3670016,1783857594.897866,0.0003000000142
train/learning_rate,3702784,1783857599.544937,0.0003000000142
train/learning_rate,3735552,1783857604.191878,0.0003000000142
train/learning_rate,3768320,1783857608.797227,0.0003000000142
train/learning_rate,3801088,1783857613.383760,0.0003000000142
train/learning_rate,3833856,1783857618.062137,0.0003000000142
train/learning_rate,3866624,1783857622.966807,0.0003000000142
train/learning_rate,3899392,1783857627.927164,0.0003000000142
train/learning_rate,3932160,1783857632.685281,0.0003000000142
train/learning_rate,3964928,1783857637.357002,0.0003000000142
train/learning_rate,3997696,1783857641.802485,0.0003000000142
train/learning_rate,4030464,1783857646.296683,0.0003000000142
train/learning_rate,4063232,1783857651.090983,0.0003000000142
train/learning_rate,4096000,1783857655.726352,0.0003000000142
train/learning_rate,4128768,1783857660.462213,0.0003000000142
train/learning_rate,4161536,1783857665.453910,0.0003000000142
train/learning_rate,4194304,1783857670.410434,0.0003000000142
train/learning_rate,4227072,1783857675.171177,0.0003000000142
train/learning_rate,4259840,1783857679.966390,0.0003000000142
train/learning_rate,4292608,1783857684.747026,0.0003000000142
train/learning_rate,4325376,1783857689.502120,0.0003000000142
train/learning_rate,4358144,1783857694.252141,0.0003000000142
train/learning_rate,4390912,1783857699.013737,0.0003000000142
train/learning_rate,4423680,1783857703.767411,0.0003000000142
train/learning_rate,4456448,1783857708.508141,0.0003000000142
train/learning_rate,4489216,1783857713.232021,0.0003000000142
train/learning_rate,4521984,1783857718.049350,0.0003000000142
train/learning_rate,4554752,1783857722.906140,0.0003000000142
train/learning_rate,4587520,1783857727.678550,0.0003000000142
train/learning_rate,4620288,1783857732.427078,0.0003000000142
train/learning_rate,4653056,1783857737.169132,0.0003000000142
train/learning_rate,4685824,1783857742.002491,0.0003000000142
train/learning_rate,4718592,1783857746.981206,0.0003000000142
train/learning_rate,4751360,1783857751.951437,0.0003000000142
train/learning_rate,4784128,1783857756.860265,0.0003000000142
train/learning_rate,4816896,1783857761.942097,0.0003000000142
train/learning_rate,4849664,1783857766.833283,0.0003000000142
train/learning_rate,4882432,1783857771.754962,0.0003000000142
train/learning_rate,4915200,1783857776.863559,0.0003000000142
train/learning_rate,4947968,1783857781.837983,0.0003000000142
train/learning_rate,4980736,1783857786.774890,0.0003000000142
train/learning_rate,5013504,1783857791.769313,0.0003000000142
train/learning_rate,5046272,1783857796.673218,0.0003000000142
train/learning_rate,5079040,1783857801.350725,0.0003000000142
train/learning_rate,5111808,1783857806.140596,0.0003000000142
train/learning_rate,5144576,1783857811.010242,0.0003000000142
train/learning_rate,5177344,1783857815.885540,0.0003000000142
train/learning_rate,5210112,1783857820.663393,0.0003000000142
train/learning_rate,5242880,1783857825.649986,0.0003000000142
train/learning_rate,5275648,1783857830.538909,0.0003000000142
train/learning_rate,5308416,1783857835.301242,0.0003000000142
train/learning_rate,5341184,1783857839.945226,0.0003000000142
train/learning_rate,5373952,1783857844.384548,0.0003000000142
train/learning_rate,5406720,1783857848.821537,0.0003000000142
train/learning_rate,5439488,1783857853.254398,0.0003000000142
train/learning_rate,5472256,1783857857.718075,0.0003000000142
train/learning_rate,5505024,1783857862.181772,0.0003000000142
train/learning_rate,5537792,1783857866.630916,0.0003000000142
train/learning_rate,5570560,1783857871.068812,0.0003000000142
train/learning_rate,5603328,1783857875.537317,0.0003000000142
train/learning_rate,5636096,1783857879.977485,0.0003000000142
train/learning_rate,5668864,1783857884.576572,0.0003000000142
train/learning_rate,5701632,1783857889.405022,0.0003000000142
train/learning_rate,5734400,1783857894.014449,0.0003000000142
train/learning_rate,5767168,1783857898.650303,0.0003000000142
train/learning_rate,5799936,1783857903.315331,0.0003000000142
train/learning_rate,5832704,1783857908.037097,0.0003000000142
train/learning_rate,5865472,1783857912.704024,0.0003000000142
train/learning_rate,5898240,1783857917.389994,0.0003000000142
train/learning_rate,5931008,1783857922.020729,0.0003000000142
train/learning_rate,5963776,1783857926.689544,0.0003000000142
train/learning_rate,5996544,1783857931.424541,0.0003000000142
train/learning_rate,6029312,1783857936.226297,0.0003000000142
train/learning_rate,6062080,1783857940.894437,0.0003000000142
train/learning_rate,6094848,1783857945.520227,0.0003000000142
train/learning_rate,6127616,1783857950.219146,0.0003000000142
train/learning_rate,6160384,1783857955.005480,0.0003000000142
train/learning_rate,6193152,1783857959.800740,0.0003000000142
train/learning_rate,6225920,1783857965.482484,0.0003000000142
train/learning_rate,6258688,1783857970.247794,0.0003000000142
train/learning_rate,6291456,1783857974.850006,0.0003000000142
train/learning_rate,6324224,1783857979.429719,0.0003000000142
train/learning_rate,6356992,1783857984.019522,0.0003000000142
train/learning_rate,6389760,1783857988.716696,0.0003000000142
train/learning_rate,6422528,1783857993.454733,0.0003000000142
train/learning_rate,6455296,1783857998.186144,0.0003000000142
train/learning_rate,6488064,1783858002.775364,0.0003000000142
train/learning_rate,6520832,1783858007.587943,0.0003000000142
train/learning_rate,6553600,1783858012.276006,0.0003000000142
train/learning_rate,6586368,1783858017.021122,0.0003000000142
train/learning_rate,6619136,1783858022.214058,0.0003000000142
train/learning_rate,6651904,1783858026.940241,0.0003000000142
train/learning_rate,6684672,1783858031.777974,0.0003000000142
train/learning_rate,6717440,1783858036.658212,0.0003000000142
train/learning_rate,6750208,1783858041.144215,0.0003000000142
train/learning_rate,6782976,1783858045.625994,0.0003000000142
train/learning_rate,6815744,1783858050.110814,0.0003000000142
train/learning_rate,6848512,1783858054.547162,0.0003000000142
train/learning_rate,6881280,1783858059.075957,0.0003000000142
train/learning_rate,6914048,1783858063.569241,0.0003000000142
train/learning_rate,6946816,1783858068.135801,0.0003000000142
train/learning_rate,6979584,1783858072.781849,0.0003000000142
train/learning_rate,7012352,1783858077.337478,0.0003000000142
train/learning_rate,7045120,1783858081.967979,0.0003000000142
train/learning_rate,7077888,1783858086.553179,0.0003000000142
train/learning_rate,7110656,1783858091.244894,0.0003000000142
train/learning_rate,7143424,1783858095.902967,0.0003000000142
train/learning_rate,7176192,1783858100.534994,0.0003000000142
train/learning_rate,7208960,1783858105.189751,0.0003000000142
train/learning_rate,7241728,1783858109.879327,0.0003000000142
train/learning_rate,7274496,1783858114.723295,0.0003000000142
train/learning_rate,7307264,1783858119.400916,0.0003000000142
train/learning_rate,7340032,1783858124.062536,0.0003000000142
train/learning_rate,7372800,1783858128.909843,0.0003000000142
train/learning_rate,7405568,1783858133.577071,0.0003000000142
train/learning_rate,7438336,1783858138.260411,0.0003000000142
train/learning_rate,7471104,1783858142.869995,0.0003000000142
train/learning_rate,7503872,1783858147.497371,0.0003000000142
train/learning_rate,7536640,1783858152.116568,0.0003000000142
train/learning_rate,7569408,1783858156.700958,0.0003000000142
train/learning_rate,7602176,1783858161.276940,0.0003000000142
train/learning_rate,7634944,1783858165.941358,0.0003000000142
train/learning_rate,7667712,1783858170.544488,0.0003000000142
train/learning_rate,7700480,1783858175.146207,0.0003000000142
train/learning_rate,7733248,1783858179.786033,0.0003000000142
train/learning_rate,7766016,1783858184.591851,0.0003000000142
train/learning_rate,7798784,1783858189.381934,0.0003000000142
train/learning_rate,7831552,1783858194.176605,0.0003000000142
train/learning_rate,7864320,1783858199.157200,0.0003000000142
train/learning_rate,7897088,1783858204.020018,0.0003000000142
train/learning_rate,7929856,1783858209.553719,0.0003000000142
train/learning_rate,7962624,1783858214.504081,0.0003000000142
train/learning_rate,7995392,1783858219.321117,0.0003000000142
train/learning_rate,8028160,1783858224.278059,0.0003000000142
train/learning_rate,8060928,1783858229.404438,0.0003000000142
train/learning_rate,8093696,1783858234.172670,0.0003000000142
train/learning_rate,8126464,1783858239.283614,0.0003000000142
train/learning_rate,8159232,1783858244.108305,0.0003000000142
train/learning_rate,8192000,1783858248.924762,0.0003000000142
train/learning_rate,8224768,1783858253.759576,0.0003000000142
train/learning_rate,8257536,1783858258.822742,0.0003000000142
train/learning_rate,8290304,1783858263.787268,0.0003000000142
train/learning_rate,8323072,1783858268.653607,0.0003000000142
train/learning_rate,8355840,1783858273.479542,0.0003000000142
train/learning_rate,8388608,1783858278.291506,0.0003000000142
train/learning_rate,8421376,1783858283.127093,0.0003000000142
train/learning_rate,8454144,1783858287.889727,0.0003000000142
train/learning_rate,8486912,1783858292.646017,0.0003000000142
train/learning_rate,8519680,1783858297.598621,0.0003000000142
train/learning_rate,8552448,1783858302.427481,0.0003000000142
train/learning_rate,8585216,1783858307.277183,0.0003000000142
train/learning_rate,8617984,1783858312.429452,0.0003000000142
train/learning_rate,8650752,1783858317.555030,0.0003000000142
train/learning_rate,8683520,1783858322.547108,0.0003000000142
train/learning_rate,8716288,1783858327.455183,0.0003000000142
train/learning_rate,8749056,1783858332.354619,0.0003000000142
train/learning_rate,8781824,1783858337.212299,0.0003000000142
train/learning_rate,8814592,1783858342.083702,0.0003000000142
train/learning_rate,8847360,1783858346.964618,0.0003000000142
train/learning_rate,8880128,1783858351.840819,0.0003000000142
train/learning_rate,8912896,1783858356.831347,0.0003000000142
train/learning_rate,8945664,1783858361.764913,0.0003000000142
train/learning_rate,8978432,1783858366.599401,0.0003000000142
train/learning_rate,9011200,1783858371.564859,0.0003000000142
train/learning_rate,9043968,1783858376.475393,0.0003000000142
train/learning_rate,9076736,1783858381.320385,0.0003000000142
train/learning_rate,9109504,1783858386.263733,0.0003000000142
train/learning_rate,9142272,1783858391.246220,0.0003000000142
train/learning_rate,9175040,1783858395.920725,0.0003000000142
train/learning_rate,9207808,1783858400.597239,0.0003000000142
train/learning_rate,9240576,1783858405.289609,0.0003000000142
train/learning_rate,9273344,1783858410.128400,0.0003000000142
train/learning_rate,9306112,1783858415.299229,0.0003000000142
train/learning_rate,9338880,1783858420.309234,0.0003000000142
train/learning_rate,9371648,1783858425.256697,0.0003000000142
train/learning_rate,9404416,1783858430.272313,0.0003000000142
train/learning_rate,9437184,1783858435.054185,0.0003000000142
train/learning_rate,9469952,1783858440.037370,0.0003000000142
train/learning_rate,9502720,1783858444.819129,0.0003000000142
train/learning_rate,9535488,1783858449.681273,0.0003000000142
train/learning_rate,9568256,1783858454.586487,0.0003000000142
train/learning_rate,9601024,1783858459.365677,0.0003000000142
train/learning_rate,9633792,1783858464.301717,0.0003000000142
train/learning_rate,9666560,1783858469.164586,0.0003000000142
train/learning_rate,9699328,1783858473.873080,0.0003000000142
train/learning_rate,9732096,1783858478.575795,0.0003000000142
train/learning_rate,9764864,1783858483.372266,0.0003000000142
train/learning_rate,9797632,1783858488.073567,0.0003000000142
train/learning_rate,9830400,1783858492.904815,0.0003000000142
train/learning_rate,9863168,1783858497.759525,0.0003000000142
train/learning_rate,9895936,1783858502.633769,0.0003000000142
train/learning_rate,9928704,1783858507.406201,0.0003000000142
train/learning_rate,9961472,1783858512.183645,0.0003000000142
train/learning_rate,9994240,1783858516.884841,0.0003000000142
train/learning_rate,10027008,1783858521.626875,0.0003000000142
train/learning_rate,10059776,1783858526.520510,0.0003000000142
train/learning_rate,10092544,1783858531.447072,0.0003000000142
train/learning_rate,10125312,1783858536.228256,0.0003000000142
train/learning_rate,10158080,1783858541.049726,0.0003000000142
train/learning_rate,10190848,1783858545.749669,0.0003000000142
train/learning_rate,10223616,1783858550.550463,0.0003000000142
train/learning_rate,10256384,1783858555.713324,0.0003000000142
train/learning_rate,10289152,1783858561.125298,0.0003000000142
train/learning_rate,10321920,1783858565.845721,0.0003000000142
train/learning_rate,10354688,1783858570.558765,0.0003000000142
train/learning_rate,10387456,1783858575.319441,0.0003000000142
train/learning_rate,10420224,1783858580.310900,0.0003000000142
train/learning_rate,10452992,1783858585.961663,0.0003000000142
train/learning_rate,10485760,1783858591.044627,0.0003000000142
train/learning_rate,10518528,1783858596.123505,0.0003000000142
train/learning_rate,10551296,1783858601.246874,0.0003000000142
train/learning_rate,10584064,1783858606.379349,0.0003000000142
train/learning_rate,10616832,1783858611.643389,0.0003000000142
train/learning_rate,10649600,1783858616.852181,0.0003000000142
train/learning_rate,10682368,1783858621.905859,0.0003000000142
train/learning_rate,10715136,1783858626.836291,0.0003000000142
train/learning_rate,10747904,1783858631.843673,0.0003000000142
train/learning_rate,10780672,1783858636.884941,0.0003000000142
train/learning_rate,10813440,1783858641.940229,0.0003000000142
train/learning_rate,10846208,1783858646.978989,0.0003000000142
train/learning_rate,10878976,1783858651.952545,0.0003000000142
train/learning_rate,10911744,1783858657.181343,0.0003000000142
train/learning_rate,10944512,1783858662.286647,0.0003000000142
train/learning_rate,10977280,1783858667.320002,0.0003000000142
train/learning_rate,11010048,1783858672.524239,0.0003000000142
train/learning_rate,11042816,1783858678.519997,0.0003000000142
train/learning_rate,11075584,1783858683.584252,0.0003000000142
train/learning_rate,11108352,1783858689.265513,0.0003000000142
train/learning_rate,11141120,1783858694.618059,0.0003000000142
train/learning_rate,11173888,1783858699.744156,0.0003000000142
train/learning_rate,11206656,1783858704.808410,0.0003000000142
train/learning_rate,11239424,1783858709.958373,0.0003000000142
train/learning_rate,11272192,1783858714.910540,0.0003000000142
train/learning_rate,11304960,1783858719.796594,0.0003000000142
train/learning_rate,11337728,1783858724.899114,0.0003000000142
train/learning_rate,11370496,1783858730.034937,0.0003000000142
train/learning_rate,11403264,1783858735.162851,0.0003000000142
train/learning_rate,11436032,1783858740.202912,0.0003000000142
train/learning_rate,11468800,1783858745.073377,0.0003000000142
train/learning_rate,11501568,1783858749.975091,0.0003000000142
train/learning_rate,11534336,1783858754.842061,0.0003000000142
train/learning_rate,11567104,1783858759.528528,0.0003000000142
train/learning_rate,11599872,1783858764.213126,0.0003000000142
train/learning_rate,11632640,1783858769.051878,0.0003000000142
train/learning_rate,11665408,1783858773.777734,0.0003000000142
train/learning_rate,11698176,1783858778.558025,0.0003000000142
train/learning_rate,11730944,1783858783.254896,0.0003000000142
train/learning_rate,11763712,1783858788.016266,0.0003000000142
train/learning_rate,11796480,1783858792.806942,0.0003000000142
train/learning_rate,11829248,1783858797.778854,0.0003000000142
train/learning_rate,11862016,1783858802.563669,0.0003000000142
train/learning_rate,11894784,1783858807.413183,0.0003000000142
train/learning_rate,11927552,1783858812.172788,0.0003000000142
train/learning_rate,11960320,1783858817.042010,0.0003000000142
train/learning_rate,11993088,1783858821.805080,0.0003000000142
train/learning_rate,12025856,1783858826.624802,0.0003000000142
train/learning_rate,12058624,1783858831.348345,0.0003000000142
train/learning_rate,12091392,1783858836.359210,0.0003000000142
train/learning_rate,12124160,1783858841.234165,0.0003000000142
train/learning_rate,12156928,1783858846.124878,0.0003000000142
train/learning_rate,12189696,1783858850.961187,0.0003000000142
train/learning_rate,12222464,1783858855.754105,0.0003000000142
train/learning_rate,12255232,1783858860.550025,0.0003000000142
train/learning_rate,12288000,1783858865.761548,0.0003000000142
train/learning_rate,12320768,1783858871.498961,0.0003000000142
train/learning_rate,12353536,1783858876.820880,0.0003000000142
train/learning_rate,12386304,1783858881.869107,0.0003000000142
train/learning_rate,12419072,1783858886.677013,0.0003000000142
train/learning_rate,12451840,1783858891.502896,0.0003000000142
train/learning_rate,12484608,1783858896.345175,0.0003000000142
train/learning_rate,12517376,1783858901.148222,0.0003000000142
train/learning_rate,12550144,1783858905.973038,0.0003000000142
train/learning_rate,12582912,1783858910.699388,0.0003000000142
train/learning_rate,12615680,1783858915.421839,0.0003000000142
train/learning_rate,12648448,1783858920.261505,0.0003000000142
train/learning_rate,12681216,1783858925.099972,0.0003000000142
train/learning_rate,12713984,1783858929.930777,0.0003000000142
train/learning_rate,12746752,1783858934.847679,0.0003000000142
train/learning_rate,12779520,1783858939.729913,0.0003000000142
train/learning_rate,12812288,1783858944.299852,0.0003000000142
train/learning_rate,12845056,1783858948.965562,0.0003000000142
train/learning_rate,12877824,1783858953.596107,0.0003000000142
train/learning_rate,12910592,1783858958.214148,0.0003000000142
train/learning_rate,12943360,1783858962.854262,0.0003000000142
train/learning_rate,12976128,1783858967.535551,0.0003000000142
train/learning_rate,13008896,1783858972.187216,0.0003000000142
train/learning_rate,13041664,1783858977.247308,0.0003000000142
train/learning_rate,13074432,1783858982.388575,0.0003000000142
train/learning_rate,13107200,1783858987.334289,0.0003000000142
train/learning_rate,13139968,1783858993.007637,0.0003000000142
train/learning_rate,13172736,1783858998.102012,0.0003000000142
train/learning_rate,13205504,1783859002.778004,0.0003000000142
train/learning_rate,13238272,1783859007.469587,0.0003000000142
train/learning_rate,13271040,1783859012.261376,0.0003000000142
train/learning_rate,13303808,1783859017.246728,0.0003000000142
train/learning_rate,13336576,1783859022.185285,0.0003000000142
train/learning_rate,13369344,1783859026.897507,0.0003000000142
train/learning_rate,13402112,1783859031.595595,0.0003000000142
train/learning_rate,13434880,1783859036.393947,0.0003000000142
train/learning_rate,13467648,1783859041.085656,0.0003000000142
train/learning_rate,13500416,1783859045.786906,0.0003000000142
train/learning_rate,13533184,1783859050.477933,0.0003000000142
train/learning_rate,13565952,1783859055.151992,0.0003000000142
train/learning_rate,13598720,1783859059.840958,0.0003000000142
train/learning_rate,13631488,1783859064.499244,0.0003000000142
train/learning_rate,13664256,1783859069.191138,0.0003000000142
train/learning_rate,13697024,1783859073.861634,0.0003000000142
train/learning_rate,13729792,1783859078.547238,0.0003000000142
train/learning_rate,13762560,1783859083.252395,0.0003000000142
train/learning_rate,13795328,1783859087.935163,0.0003000000142
train/learning_rate,13828096,1783859092.705697,0.0003000000142
train/learning_rate,13860864,1783859097.593753,0.0003000000142
train/learning_rate,13893632,1783859102.348685,0.0003000000142
train/learning_rate,13926400,1783859107.026659,0.0003000000142
train/learning_rate,13959168,1783859111.743936,0.0003000000142
train/learning_rate,13991936,1783859116.460582,0.0003000000142
train/learning_rate,14024704,1783859121.176388,0.0003000000142
train/learning_rate,14057472,1783859125.861457,0.0003000000142
train/learning_rate,14090240,1783859130.844388,0.0003000000142
train/learning_rate,14123008,1783859135.887857,0.0003000000142
train/learning_rate,14155776,1783859140.711191,0.0003000000142
train/learning_rate,14188544,1783859145.445699,0.0003000000142
train/learning_rate,14221312,1783859150.227692,0.0003000000142
train/learning_rate,14254080,1783859154.979576,0.0003000000142
train/learning_rate,14286848,1783859159.926304,0.0003000000142
train/learning_rate,14319616,1783859164.928230,0.0003000000142
train/learning_rate,14352384,1783859169.617996,0.0003000000142
train/learning_rate,14385152,1783859174.401019,0.0003000000142
train/learning_rate,14417920,1783859179.110158,0.0003000000142
train/learning_rate,14450688,1783859183.816366,0.0003000000142
train/learning_rate,14483456,1783859188.545076,0.0003000000142
train/learning_rate,14516224,1783859193.538309,0.0003000000142
train/learning_rate,14548992,1783859199.106803,0.0003000000142
train/learning_rate,14581760,1783859203.872214,0.0003000000142
train/learning_rate,14614528,1783859208.713797,0.0003000000142
train/learning_rate,14647296,1783859213.403965,0.0003000000142
train/learning_rate,14680064,1783859218.304543,0.0003000000142
train/learning_rate,14712832,1783859222.994141,0.0003000000142
train/learning_rate,14745600,1783859227.691845,0.0003000000142
train/learning_rate,14778368,1783859232.358966,0.0003000000142
train/learning_rate,14811136,1783859237.047492,0.0003000000142
train/learning_rate,14843904,1783859241.726473,0.0003000000142
train/learning_rate,14876672,1783859246.408976,0.0003000000142
train/learning_rate,14909440,1783859251.068812,0.0003000000142
train/learning_rate,14942208,1783859255.734126,0.0003000000142
train/learning_rate,14974976,1783859260.429924,0.0003000000142
train/learning_rate,15007744,1783859265.079516,0.0003000000142
train/learning_rate,15040512,1783859269.736450,0.0003000000142
train/learning_rate,15073280,1783859274.393392,0.0003000000142
train/learning_rate,15106048,1783859279.289600,0.0003000000142
train/learning_rate,15138816,1783859283.957181,0.0003000000142
train/learning_rate,15171584,1783859288.873723,0.0003000000142
train/learning_rate,15204352,1783859293.899151,0.0003000000142
train/learning_rate,15237120,1783859298.642187,0.0003000000142
train/learning_rate,15269888,1783859303.483729,0.0003000000142
train/learning_rate,15302656,1783859308.339151,0.0003000000142
train/learning_rate,15335424,1783859313.043885,0.0003000000142
train/learning_rate,15368192,1783859317.827454,0.0003000000142
train/learning_rate,15400960,1783859322.448076,0.0003000000142
train/learning_rate,15433728,1783859327.220225,0.0003000000142
train/learning_rate,15466496,1783859332.116067,0.0003000000142
train/learning_rate,15499264,1783859337.891615,0.0003000000142
train/learning_rate,15532032,1783859342.497886,0.0003000000142
train/learning_rate,15564800,1783859347.228071,0.0003000000142
train/learning_rate,15597568,1783859351.909275,0.0003000000142
train/learning_rate,15630336,1783859356.651443,0.0003000000142
train/learning_rate,15663104,1783859361.280915,0.0003000000142
train/learning_rate,15695872,1783859366.033121,0.0003000000142
train/learning_rate,15728640,1783859370.744405,0.0003000000142
train/learning_rate,15761408,1783859375.491564,0.0003000000142
train/learning_rate,15794176,1783859380.664001,0.0003000000142
train/learning_rate,15826944,1783859385.526223,0.0003000000142
train/learning_rate,15859712,1783859390.250714,0.0003000000142
train/learning_rate,15892480,1783859395.231242,0.0003000000142
train/learning_rate,15925248,1783859400.287571,0.0003000000142
train/learning_rate,15958016,1783859405.212584,0.0003000000142
train/learning_rate,15990784,1783859410.130414,0.0003000000142
train/learning_rate,16023552,1783859415.091466,0.0003000000142
train/learning_rate,16056320,1783859419.883971,0.0003000000142
train/learning_rate,16089088,1783859424.663913,0.0003000000142
train/learning_rate,16121856,1783859429.445372,0.0003000000142
train/learning_rate,16154624,1783859434.321043,0.0003000000142
train/learning_rate,16187392,1783859439.100737,0.0003000000142
train/learning_rate,16220160,1783859443.859862,0.0003000000142
train/learning_rate,16252928,1783859448.917248,0.0003000000142
train/learning_rate,16285696,1783859453.641674,0.0003000000142
train/learning_rate,16318464,1783859458.555152,0.0003000000142
train/learning_rate,16351232,1783859463.491976,0.0003000000142
train/learning_rate,16384000,1783859468.520924,0.0003000000142
train/learning_rate,16416768,1783859473.460692,0.0003000000142
train/learning_rate,16449536,1783859478.205718,0.0003000000142
train/learning_rate,16482304,1783859482.980830,0.0003000000142
train/learning_rate,16515072,1783859487.910161,0.0003000000142
train/learning_rate,16547840,1783859492.985427,0.0003000000142
train/learning_rate,16580608,1783859497.958870,0.0003000000142
train/learning_rate,16613376,1783859502.892967,0.0003000000142
train/learning_rate,16646144,1783859507.851419,0.0003000000142
train/learning_rate,16678912,1783859512.776238,0.0003000000142
train/learning_rate,16711680,1783859517.839996,0.0003000000142
train/learning_rate,16744448,1783859522.969143,0.0003000000142
train/learning_rate,16777216,1783859527.990978,0.0003000000142
train/learning_rate,16809984,1783859532.939607,0.0003000000142
train/learning_rate,16842752,1783859537.709031,0.0003000000142
train/learning_rate,16875520,1783859542.425313,0.0003000000142
train/learning_rate,16908288,1783859547.175364,0.0003000000142
train/learning_rate,16941056,1783859551.918139,0.0003000000142
train/learning_rate,16973824,1783859556.642537,0.0003000000142
train/learning_rate,17006592,1783859561.382405,0.0003000000142
train/learning_rate,17039360,1783859566.083379,0.0003000000142
train/learning_rate,17072128,1783859570.911759,0.0003000000142
train/learning_rate,17104896,1783859575.721329,0.0003000000142
train/learning_rate,17137664,1783859580.865007,0.0003000000142
train/learning_rate,17170432,1783859586.010951,0.0003000000142
train/learning_rate,17203200,1783859590.721329,0.0003000000142
train/learning_rate,17235968,1783859595.312903,0.0003000000142
train/learning_rate,17268736,1783859599.900555,0.0003000000142
train/learning_rate,17301504,1783859604.447214,0.0003000000142
train/learning_rate,17334272,1783859609.098105,0.0003000000142
train/learning_rate,17367040,1783859613.691084,0.0003000000142
train/learning_rate,17399808,1783859618.279097,0.0003000000142
train/learning_rate,17432576,1783859622.859080,0.0003000000142
train/learning_rate,17465344,1783859627.442872,0.0003000000142
train/learning_rate,17498112,1783859631.989976,0.0003000000142
train/learning_rate,17530880,1783859636.819707,0.0003000000142
train/learning_rate,17563648,1783859641.736908,0.0003000000142
train/learning_rate,17596416,1783859646.747428,0.0003000000142
train/learning_rate,17629184,1783859651.740497,0.0003000000142
train/learning_rate,17661952,1783859656.957203,0.0003000000142
train/learning_rate,17694720,1783859661.966215,0.0003000000142
train/learning_rate,17727488,1783859667.062450,0.0003000000142
train/learning_rate,17760256,1783859672.106431,0.0003000000142
train/learning_rate,17793024,1783859677.030332,0.0003000000142
train/learning_rate,17825792,1783859681.935749,0.0003000000142
train/learning_rate,17858560,1783859686.557432,0.0003000000142
train/learning_rate,17891328,1783859691.427313,0.0003000000142
train/learning_rate,17924096,1783859696.419191,0.0003000000142
train/learning_rate,17956864,1783859701.416746,0.0003000000142
train/learning_rate,17989632,1783859706.316899,0.0003000000142
train/learning_rate,18022400,1783859711.153105,0.0003000000142
train/learning_rate,18055168,1783859716.111305,0.0003000000142
train/learning_rate,18087936,1783859720.982265,0.0003000000142
train/learning_rate,18120704,1783859725.942481,0.0003000000142
train/learning_rate,18153472,1783859730.932823,0.0003000000142
train/learning_rate,18186240,1783859735.986715,0.0003000000142
train/learning_rate,18219008,1783859741.213555,0.0003000000142
train/learning_rate,18251776,1783859746.787358,0.0003000000142
train/learning_rate,18284544,1783859751.591065,0.0003000000142
train/learning_rate,18317312,1783859756.474693,0.0003000000142
train/learning_rate,18350080,1783859761.156701,0.0003000000142
train/learning_rate,18382848,1783859765.867075,0.0003000000142
train/learning_rate,18415616,1783859770.544737,0.0003000000142
train/learning_rate,18448384,1783859775.396933,0.0003000000142
train/learning_rate,18481152,1783859780.146145,0.0003000000142
train/learning_rate,18513920,1783859784.861317,0.0003000000142
train/learning_rate,18546688,1783859789.762515,0.0003000000142
train/learning_rate,18579456,1783859794.499519,0.0003000000142
train/learning_rate,18612224,1783859799.181940,0.0003000000142
train/learning_rate,18644992,1783859804.131429,0.0003000000142
train/learning_rate,18677760,1783859808.850574,0.0003000000142
train/learning_rate,18710528,1783859813.515941,0.0003000000142
train/learning_rate,18743296,1783859818.441267,0.0003000000142
train/learning_rate,18776064,1783859822.933004,0.0003000000142
train/learning_rate,18808832,1783859827.523519,0.0003000000142
train/learning_rate,18841600,1783859832.036559,0.0003000000142
train/learning_rate,18874368,1783859836.995597,0.0003000000142
train/learning_rate,18907136,1783859841.919808,0.0003000000142
train/learning_rate,18939904,1783859846.990852,0.0003000000142
train/learning_rate,18972672,1783859851.944621,0.0003000000142
train/learning_rate,19005440,1783859856.925241,0.0003000000142
train/learning_rate,19038208,1783859861.554875,0.0003000000142
train/learning_rate,19070976,1783859866.147972,0.0003000000142
train/learning_rate,19103744,1783859870.853238,0.0003000000142
train/learning_rate,19136512,1783859875.537949,0.0003000000142
train/learning_rate,19169280,1783859880.141599,0.0003000000142
train/learning_rate,19202048,1783859884.778879,0.0003000000142
train/learning_rate,19234816,1783859889.458758,0.0003000000142
train/learning_rate,19267584,1783859894.142455,0.0003000000142
train/learning_rate,19300352,1783859898.810366,0.0003000000142
train/learning_rate,19333120,1783859903.395015,0.0003000000142
train/learning_rate,19365888,1783859907.936360,0.0003000000142
train/learning_rate,19398656,1783859912.503212,0.0003000000142
train/learning_rate,19431424,1783859917.012354,0.0003000000142
train/learning_rate,19464192,1783859921.532737,0.0003000000142
train/learning_rate,19496960,1783859926.036022,0.0003000000142
train/learning_rate,19529728,1783859930.584307,0.0003000000142
train/learning_rate,19562496,1783859935.113767,0.0003000000142
train/learning_rate,19595264,1783859939.862684,0.0003000000142
train/learning_rate,19628032,1783859944.307979,0.0003000000142
train/learning_rate,19660800,1783859948.763786,0.0003000000142
train/learning_rate,19693568,1783859953.200711,0.0003000000142
train/learning_rate,19726336,1783859957.625406,0.0003000000142
train/learning_rate,19759104,1783859962.034896,0.0003000000142
train/learning_rate,19791872,1783859966.490479,0.0003000000142
train/learning_rate,19824640,1783859970.947965,0.0003000000142
train/learning_rate,19857408,1783859975.474434,0.0003000000142
train/learning_rate,19890176,1783859979.886308,0.0003000000142
train/learning_rate,19922944,1783859984.372133,0.0003000000142
train/learning_rate,19955712,1783859988.850406,0.0003000000142
train/learning_rate,19988480,1783859993.299687,0.0003000000142
train/learning_rate,20021248,1783859997.993877,0.0003000000142
train/loss,65536,1783857064.785729,-0.1675570458
train/loss,98304,1783857069.726900,-0.1970565617
train/loss,131072,1783857074.477105,-0.1555237919
train/loss,163840,1783857079.686759,-0.1858566105
train/loss,196608,1783857084.633493,-0.1857244968
train/loss,229376,1783857089.485680,-0.1835858077
train/loss,262144,1783857094.402425,-0.1856043041
train/loss,294912,1783857099.309471,-0.1962887943
train/loss,327680,1783857104.132798,-0.1894256473
train/loss,360448,1783857108.928539,-0.1977471262
train/loss,393216,1783857113.752052,-0.2036146373
train/loss,425984,1783857118.682942,-0.1826249957
train/loss,458752,1783857123.447613,-0.1889607757
train/loss,491520,1783857128.161177,-0.1977437735
train/loss,524288,1783857132.992550,-0.1966813505
train/loss,557056,1783857137.862304,-0.1983549595
train/loss,589824,1783857142.783191,-0.20255588
train/loss,622592,1783857147.669915,-0.2043133378
train/loss,655360,1783857152.629729,-0.1997756213
train/loss,688128,1783857157.580016,-0.200735569
train/loss,720896,1783857162.504931,-0.217392996
train/loss,753664,1783857167.410204,-0.1977221817
train/loss,786432,1783857172.318544,-0.2001150697
train/loss,819200,1783857177.394941,-0.1856903881
train/loss,851968,1783857182.358349,-0.2235455066
train/loss,884736,1783857187.195202,-0.2154638171
train/loss,917504,1783857192.005636,-0.2170416862
train/loss,950272,1783857196.927887,-0.2034521401
train/loss,983040,1783857201.893763,-0.1832526028
train/loss,1015808,1783857206.574311,-0.2036091685
train/loss,1048576,1783857211.308863,-0.2063566744
train/loss,1081344,1783857215.981974,-0.2070317715
train/loss,1114112,1783857220.900510,-0.2096170783
train/loss,1146880,1783857225.960235,-0.2254751027
train/loss,1179648,1783857231.006906,-0.2098669112
train/loss,1212416,1783857236.118594,-0.1878216267
train/loss,1245184,1783857241.216613,-0.2174464613
train/loss,1277952,1783857246.156802,-0.2105818391
train/loss,1310720,1783857250.718147,-0.2230897993
train/loss,1343488,1783857255.437512,-0.2229768187
train/loss,1376256,1783857260.076088,-0.2050768584
train/loss,1409024,1783857264.592838,-0.213938579
train/loss,1441792,1783857269.094435,-0.2119541019
train/loss,1474560,1783857273.644416,-0.2308152169
train/loss,1507328,1783857278.501978,-0.2209973484
train/loss,1540096,1783857283.027885,-0.2150988579
train/loss,1572864,1783857287.561705,-0.2179782093
train/loss,1605632,1783857292.216896,-0.214831844
train/loss,1638400,1783857297.014377,-0.2242918909
train/loss,1671168,1783857301.569567,-0.217987597
train/loss,1703936,1783857306.128369,-0.2097839713
train/loss,1736704,1783857310.624060,-0.2133439183
train/loss,1769472,1783857315.437512,-0.2216644734
train/loss,1802240,1783857320.015361,-0.2168207169
train/loss,1835008,1783857324.663083,-0.2260320634
train/loss,1867776,1783857329.379759,-0.2297354341
train/loss,1900544,1783857334.103603,-0.2224399745
train/loss,1933312,1783857338.730888,-0.2298952639
train/loss,1966080,1783857343.722826,-0.2121686488
train/loss,1998848,1783857348.513291,-0.2347524613
train/loss,2031616,1783857353.301561,-0.2335971296
train/loss,2064384,1783857358.239324,-0.2277098447
train/loss,2097152,1783857363.056189,-0.2234176099
train/loss,2129920,1783857367.790734,-0.2268667817
train/loss,2162688,1783857372.604067,-0.2215752155
train/loss,2195456,1783857377.516902,-0.212096706
train/loss,2228224,1783857382.468396,-0.2353143245
train/loss,2260992,1783857387.329127,-0.2349390686
train/loss,2293760,1783857392.368391,-0.2224131525
train/loss,2326528,1783857397.277055,-0.2257214338
train/loss,2359296,1783857402.123784,-0.2402838767
train/loss,2392064,1783857406.964302,-0.2145935595
train/loss,2424832,1783857411.866600,-0.2065085471
train/loss,2457600,1783857416.814923,-0.2231703848
train/loss,2490368,1783857421.490682,-0.2182994336
train/loss,2523136,1783857426.272667,-0.2326291502
train/loss,2555904,1783857431.158616,-0.2222798765
train/loss,2588672,1783857436.125534,-0.2377212048
train/loss,2621440,1783857440.974867,-0.2343127877
train/loss,2654208,1783857445.786465,-0.2170841247
train/loss,2686976,1783857450.774821,-0.2367155701
train/loss,2719744,1783857455.631946,-0.2336236089
train/loss,2752512,1783857460.451129,-0.2323325425
train/loss,2785280,1783857465.149897,-0.228843838
train/loss,2818048,1783857470.042681,-0.2183766216
train/loss,2850816,1783857474.916342,-0.2348619998
train/loss,2883584,1783857479.919415,-0.2279527783
train/loss,2916352,1783857485.095481,-0.2284780741
train/loss,2949120,1783857490.083430,-0.2452039421
train/loss,2981888,1783857494.959381,-0.2421985418
train/loss,3014656,1783857499.939026,-0.2490356117
train/loss,3047424,1783857504.735705,-0.2375840992
train/loss,3080192,1783857509.497671,-0.2428462952
train/loss,3112960,1783857514.279362,-0.2368197292
train/loss,3145728,1783857519.080663,-0.2398607135
train/loss,3178496,1783857523.837757,-0.2310399115
train/loss,3211264,1783857528.596707,-0.2398434877
train/loss,3244032,1783857533.211232,-0.2107270956
train/loss,3276800,1783857538.113652,-0.2327863127
train/loss,3309568,1783857542.998561,-0.2418441623
train/loss,3342336,1783857547.769352,-0.2400699556
train/loss,3375104,1783857552.341377,-0.2413247973
train/loss,3407872,1783857557.043428,-0.2437278926
train/loss,3440640,1783857561.987533,-0.2427180856
train/loss,3473408,1783857566.719334,-0.2232545018
train/loss,3506176,1783857571.450945,-0.2474074811
train/loss,3538944,1783857576.311603,-0.2401787639
train/loss,3571712,1783857581.050550,-0.2396482974
train/loss,3604480,1783857585.763835,-0.2521829307
train/loss,3637248,1783857590.334963,-0.2396174371
train/loss,3670016,1783857594.897870,-0.2537724078
train/loss,3702784,1783857599.544940,-0.2362766713
train/loss,3735552,1783857604.191881,-0.2489196956
train/loss,3768320,1783857608.797230,-0.2390471697
train/loss,3801088,1783857613.383763,-0.2197203487
train/loss,3833856,1783857618.062140,-0.2381644547
train/loss,3866624,1783857622.966810,-0.2322832346
train/loss,3899392,1783857627.927167,-0.2513664663
train/loss,3932160,1783857632.685284,-0.2479107678
train/loss,3964928,1783857637.357006,-0.2608592212
train/loss,3997696,1783857641.802488,-0.2345699817
train/loss,4030464,1783857646.296687,-0.2336444557
train/loss,4063232,1783857651.090987,-0.2423926294
train/loss,4096000,1783857655.726355,-0.2352329344
train/loss,4128768,1783857660.462216,-0.249371022
train/loss,4161536,1783857665.453913,-0.2394705564
train/loss,4194304,1783857670.410437,-0.2414273471
train/loss,4227072,1783857675.171179,-0.2589697838
train/loss,4259840,1783857679.966393,-0.2368139327
train/loss,4292608,1783857684.747029,-0.2401288003
train/loss,4325376,1783857689.502123,-0.235513702
train/loss,4358144,1783857694.252144,-0.255830735
train/loss,4390912,1783857699.013740,-0.2532551289
train/loss,4423680,1783857703.767414,-0.2430679351
train/loss,4456448,1783857708.508144,-0.2376312017
train/loss,4489216,1783857713.232025,-0.2323183268
train/loss,4521984,1783857718.049354,-0.2354930639
train/loss,4554752,1783857722.906143,-0.2370301932
train/loss,4587520,1783857727.678553,-0.2539249957
train/loss,4620288,1783857732.427081,-0.2456635386
train/loss,4653056,1783857737.169135,-0.2439131141
train/loss,4685824,1783857742.002494,-0.249985218
train/loss,4718592,1783857746.981209,-0.2443688065
train/loss,4751360,1783857751.951440,-0.2504967451
train/loss,4784128,1783857756.860268,-0.2407305688
train/loss,4816896,1783857761.942101,-0.2420175076
train/loss,4849664,1783857766.833286,-0.2458840013
train/loss,4882432,1783857771.754965,-0.2348227799
train/loss,4915200,1783857776.863562,-0.2590608299
train/loss,4947968,1783857781.837987,-0.2541890144
train/loss,4980736,1783857786.774894,-0.2326512486
train/loss,5013504,1783857791.769316,-0.2468078732
train/loss,5046272,1783857796.673221,-0.2306768149
train/loss,5079040,1783857801.350728,-0.2412531078
train/loss,5111808,1783857806.140599,-0.2401397228
train/loss,5144576,1783857811.010244,-0.2419179678
train/loss,5177344,1783857815.885544,-0.2543459833
train/loss,5210112,1783857820.663397,-0.2490095645
train/loss,5242880,1783857825.649989,-0.2504711747
train/loss,5275648,1783857830.538912,-0.2482543737
train/loss,5308416,1783857835.301245,-0.2350542247
train/loss,5341184,1783857839.945231,-0.2552233636
train/loss,5373952,1783857844.384551,-0.2562335134
train/loss,5406720,1783857848.821542,-0.271584779
train/loss,5439488,1783857853.254401,-0.2518703938
train/loss,5472256,1783857857.718079,-0.2541356683
train/loss,5505024,1783857862.181775,-0.2474078238
train/loss,5537792,1783857866.630920,-0.2546205521
train/loss,5570560,1783857871.068816,-0.2419466227
train/loss,5603328,1783857875.537320,-0.2571762204
train/loss,5636096,1783857879.977488,-0.2659611106
train/loss,5668864,1783857884.576575,-0.2448604554
train/loss,5701632,1783857889.405025,-0.2634324729
train/loss,5734400,1783857894.014452,-0.2640981078
train/loss,5767168,1783857898.650306,-0.251276046
train/loss,5799936,1783857903.315334,-0.2454181165
train/loss,5832704,1783857908.037100,-0.2495122999
train/loss,5865472,1783857912.704028,-0.2455876768
train/loss,5898240,1783857917.389997,-0.2612682283
train/loss,5931008,1783857922.020732,-0.2515169382
train/loss,5963776,1783857926.689547,-0.2586138248
train/loss,5996544,1783857931.424544,-0.2539334595
train/loss,6029312,1783857936.226301,-0.2476777881
train/loss,6062080,1783857940.894440,-0.2690033615
train/loss,6094848,1783857945.520230,-0.2593078017
train/loss,6127616,1783857950.219149,-0.2487540692
train/loss,6160384,1783857955.005483,-0.2646784186
train/loss,6193152,1783857959.800744,-0.2560518682
train/loss,6225920,1783857965.482488,-0.264146328
train/loss,6258688,1783857970.247797,-0.2524759173
train/loss,6291456,1783857974.850009,-0.2389723659
train/loss,6324224,1783857979.429723,-0.2546127439
train/loss,6356992,1783857984.019525,-0.2602446973
train/loss,6389760,1783857988.716699,-0.254354924
train/loss,6422528,1783857993.454736,-0.2558768392
train/loss,6455296,1783857998.186147,-0.2580943406
train/loss,6488064,1783858002.775367,-0.2770852149
train/loss,6520832,1783858007.587947,-0.259513706
train/loss,6553600,1783858012.276009,-0.2580817342
train/loss,6586368,1783858017.021125,-0.2565342784
train/loss,6619136,1783858022.214062,-0.2561595738
train/loss,6651904,1783858026.940244,-0.2530254722
train/loss,6684672,1783858031.777977,-0.2579336166
train/loss,6717440,1783858036.658215,-0.2664174139
train/loss,6750208,1783858041.144218,-0.2612344623
train/loss,6782976,1783858045.625997,-0.2587588429
train/loss,6815744,1783858050.110817,-0.2517769933
train/loss,6848512,1783858054.547165,-0.2533170879
train/loss,6881280,1783858059.075960,-0.2526918054
train/loss,6914048,1783858063.569244,-0.2519665658
train/loss,6946816,1783858068.135804,-0.2585527897
train/loss,6979584,1783858072.781853,-0.2689665258
train/loss,7012352,1783858077.337482,-0.2662447095
train/loss,7045120,1783858081.967983,-0.2756316662
train/loss,7077888,1783858086.553183,-0.2758439481
train/loss,7110656,1783858091.244898,-0.2585374117
train/loss,7143424,1783858095.902971,-0.2663728893
train/loss,7176192,1783858100.534998,-0.2744647861
train/loss,7208960,1783858105.189754,-0.2653303146
train/loss,7241728,1783858109.879330,-0.2537610233
train/loss,7274496,1783858114.723298,-0.260897398
train/loss,7307264,1783858119.400920,-0.270419836
train/loss,7340032,1783858124.062539,-0.2680450082
train/loss,7372800,1783858128.909847,-0.2544496655
train/loss,7405568,1783858133.577074,-0.2612896264
train/loss,7438336,1783858138.260414,-0.2791430354
train/loss,7471104,1783858142.869998,-0.2615643442
train/loss,7503872,1783858147.497374,-0.2695432305
train/loss,7536640,1783858152.116572,-0.2632078528
train/loss,7569408,1783858156.700961,-0.264138937
train/loss,7602176,1783858161.276944,-0.2594407797
train/loss,7634944,1783858165.941362,-0.2779337466
train/loss,7667712,1783858170.544491,-0.2700875401
train/loss,7700480,1783858175.146210,-0.2685810328
train/loss,7733248,1783858179.786036,-0.2662727833
train/loss,7766016,1783858184.591855,-0.2691045105
train/loss,7798784,1783858189.381937,-0.2755829096
train/loss,7831552,1783858194.176609,-0.2739311457
train/loss,7864320,1783858199.157203,-0.2674686313
train/loss,7897088,1783858204.020021,-0.2700175047
train/loss,7929856,1783858209.553722,-0.271573931
train/loss,7962624,1783858214.504084,-0.2710053027
train/loss,7995392,1783858219.321120,-0.2797158659
train/loss,8028160,1783858224.278062,-0.2643078268
train/loss,8060928,1783858229.404441,-0.2739098966
train/loss,8093696,1783858234.172674,-0.2810013294
train/loss,8126464,1783858239.283617,-0.2758992314
train/loss,8159232,1783858244.108308,-0.2739950716
train/loss,8192000,1783858248.924766,-0.2766159475
train/loss,8224768,1783858253.759579,-0.2587957978
train/loss,8257536,1783858258.822745,-0.2819692791
train/loss,8290304,1783858263.787271,-0.2868219316
train/loss,8323072,1783858268.653610,-0.262978524
train/loss,8355840,1783858273.479545,-0.2808820307
train/loss,8388608,1783858278.291509,-0.276535213
train/loss,8421376,1783858283.127096,-0.2736779749
train/loss,8454144,1783858287.889730,-0.2595569789
train/loss,8486912,1783858292.646020,-0.276163727
train/loss,8519680,1783858297.598624,-0.2847526968
train/loss,8552448,1783858302.427484,-0.270970732
train/loss,8585216,1783858307.277188,-0.2829744518
train/loss,8617984,1783858312.429455,-0.266564548
train/loss,8650752,1783858317.555033,-0.2735137641
train/loss,8683520,1783858322.547111,-0.2828420401
train/loss,8716288,1783858327.455187,-0.2696191072
train/loss,8749056,1783858332.354622,-0.275880754
train/loss,8781824,1783858337.212302,-0.2935057282
train/loss,8814592,1783858342.083705,-0.2656303942
train/loss,8847360,1783858346.964621,-0.2699180841
train/loss,8880128,1783858351.840823,-0.2802393138
train/loss,8912896,1783858356.831350,-0.2798297703
train/loss,8945664,1783858361.764916,-0.277007699
train/loss,8978432,1783858366.599404,-0.272023946
train/loss,9011200,1783858371.564862,-0.2826629579
train/loss,9043968,1783858376.475396,-0.2722363472
train/loss,9076736,1783858381.320388,-0.2892320454
train/loss,9109504,1783858386.263736,-0.2745257914
train/loss,9142272,1783858391.246223,-0.2848282754
train/loss,9175040,1783858395.920729,-0.2829827964
train/loss,9207808,1783858400.597242,-0.2878669202
train/loss,9240576,1783858405.289612,-0.2713150084
train/loss,9273344,1783858410.128403,-0.2672539353
train/loss,9306112,1783858415.299232,-0.278652221
train/loss,9338880,1783858420.309237,-0.2877537906
train/loss,9371648,1783858425.256700,-0.274584353
train/loss,9404416,1783858430.272316,-0.2752337754
train/loss,9437184,1783858435.054189,-0.2703272402
train/loss,9469952,1783858440.037373,-0.2816695273
train/loss,9502720,1783858444.819133,-0.2742792964
train/loss,9535488,1783858449.681276,-0.2786614597
train/loss,9568256,1783858454.586490,-0.2696591318
train/loss,9601024,1783858459.365680,-0.2822737992
train/loss,9633792,1783858464.301720,-0.2700565159
train/loss,9666560,1783858469.164589,-0.2788198292
train/loss,9699328,1783858473.873083,-0.2975561321
train/loss,9732096,1783858478.575799,-0.2806187272
train/loss,9764864,1783858483.372269,-0.2864592075
train/loss,9797632,1783858488.073570,-0.2647438943
train/loss,9830400,1783858492.904818,-0.2884432673
train/loss,9863168,1783858497.759528,-0.2814599574
train/loss,9895936,1783858502.633772,-0.2860659361
train/loss,9928704,1783858507.406204,-0.2888772488
train/loss,9961472,1783858512.183648,-0.2902084291
train/loss,9994240,1783858516.884844,-0.280625999
train/loss,10027008,1783858521.626878,-0.2765489519
train/loss,10059776,1783858526.520513,-0.2834865451
train/loss,10092544,1783858531.447075,-0.281932056
train/loss,10125312,1783858536.228260,-0.2861892283
train/loss,10158080,1783858541.049729,-0.284352541
train/loss,10190848,1783858545.749673,-0.2919534743
train/loss,10223616,1783858550.550466,-0.2941620052
train/loss,10256384,1783858555.713328,-0.295262754
train/loss,10289152,1783858561.125302,-0.2922483087
train/loss,10321920,1783858565.845724,-0.2874004543
train/loss,10354688,1783858570.558768,-0.2811691761
train/loss,10387456,1783858575.319445,-0.3000640273
train/loss,10420224,1783858580.310903,-0.2875483036
train/loss,10452992,1783858585.961666,-0.2788538635
train/loss,10485760,1783858591.044630,-0.2845444083
train/loss,10518528,1783858596.123508,-0.2985739112
train/loss,10551296,1783858601.246877,-0.2888501585
train/loss,10584064,1783858606.379352,-0.292050004
train/loss,10616832,1783858611.643392,-0.2851021886
train/loss,10649600,1783858616.852184,-0.299028039
train/loss,10682368,1783858621.905863,-0.2823272347
train/loss,10715136,1783858626.836294,-0.2777599692
train/loss,10747904,1783858631.843676,-0.3054017127
train/loss,10780672,1783858636.884944,-0.2935407162
train/loss,10813440,1783858641.940232,-0.2953260243
train/loss,10846208,1783858646.978992,-0.2793516219
train/loss,10878976,1783858651.952549,-0.2863406241
train/loss,10911744,1783858657.181347,-0.3122260571
train/loss,10944512,1783858662.286650,-0.2838203609
train/loss,10977280,1783858667.320005,-0.2904540896
train/loss,11010048,1783858672.524242,-0.287060082
train/loss,11042816,1783858678.520000,-0.2932147384
train/loss,11075584,1783858683.584256,-0.3019468486
train/loss,11108352,1783858689.265516,-0.2906085849
train/loss,11141120,1783858694.618062,-0.3006646335
train/loss,11173888,1783858699.744160,-0.2915759385
train/loss,11206656,1783858704.808413,-0.283282578
train/loss,11239424,1783858709.958376,-0.2942500114
train/loss,11272192,1783858714.910544,-0.2825952172
train/loss,11304960,1783858719.796597,-0.3101042509
train/loss,11337728,1783858724.899117,-0.2981985211
train/loss,11370496,1783858730.034940,-0.3072100878
train/loss,11403264,1783858735.162854,-0.3002255261
train/loss,11436032,1783858740.202915,-0.2877610326
train/loss,11468800,1783858745.073381,-0.291375339
train/loss,11501568,1783858749.975095,-0.2873285413
train/loss,11534336,1783858754.842064,-0.2962870598
train/loss,11567104,1783858759.528531,-0.3004554212
train/loss,11599872,1783858764.213129,-0.2849216461
train/loss,11632640,1783858769.051882,-0.2850998342
train/loss,11665408,1783858773.777738,-0.2969647944
train/loss,11698176,1783858778.558028,-0.2998880148
train/loss,11730944,1783858783.254900,-0.2980591357
train/loss,11763712,1783858788.016269,-0.3127898574
train/loss,11796480,1783858792.806945,-0.3065906465
train/loss,11829248,1783858797.778857,-0.2947143018
train/loss,11862016,1783858802.563672,-0.311317116
train/loss,11894784,1783858807.413186,-0.2969537973
train/loss,11927552,1783858812.172791,-0.3028025031
train/loss,11960320,1783858817.042013,-0.2936218679
train/loss,11993088,1783858821.805083,-0.2970846295
train/loss,12025856,1783858826.624806,-0.2999815941
train/loss,12058624,1783858831.348348,-0.3057347834
train/loss,12091392,1783858836.359213,-0.3140247762
train/loss,12124160,1783858841.234168,-0.31572631
train/loss,12156928,1783858846.124881,-0.2947999239
train/loss,12189696,1783858850.961190,-0.2992208302
train/loss,12222464,1783858855.754108,-0.309360981
train/loss,12255232,1783858860.550029,-0.3194685876
train/loss,12288000,1783858865.761551,-0.3105029166
train/loss,12320768,1783858871.498964,-0.3216185868
train/loss,12353536,1783858876.820884,-0.3103215396
train/loss,12386304,1783858881.869111,-0.2865588069
train/loss,12419072,1783858886.677017,-0.3082194924
train/loss,12451840,1783858891.502900,-0.3124350607
train/loss,12484608,1783858896.345178,-0.3140330911
train/loss,12517376,1783858901.148225,-0.3206797838
train/loss,12550144,1783858905.973041,-0.3056055903
train/loss,12582912,1783858910.699392,-0.3075593412
train/loss,12615680,1783858915.421842,-0.3193383515
train/loss,12648448,1783858920.261508,-0.3197226822
train/loss,12681216,1783858925.099975,-0.3136081994
train/loss,12713984,1783858929.930780,-0.2948549688
train/loss,12746752,1783858934.847682,-0.3219570816
train/loss,12779520,1783858939.729916,-0.3056746423
train/loss,12812288,1783858944.299855,-0.3192101419
train/loss,12845056,1783858948.965565,-0.3120828569
train/loss,12877824,1783858953.596110,-0.3179376423
train/loss,12910592,1783858958.214151,-0.3071967065
train/loss,12943360,1783858962.854265,-0.3014812469
train/loss,12976128,1783858967.535554,-0.3155910671
train/loss,13008896,1783858972.187220,-0.3110601306
train/loss,13041664,1783858977.247311,-0.3207411766
train/loss,13074432,1783858982.388579,-0.3209185898
train/loss,13107200,1783858987.334292,-0.3180514276
train/loss,13139968,1783858993.007640,-0.3258604407
train/loss,13172736,1783858998.102015,-0.3206755519
train/loss,13205504,1783859002.778007,-0.3191653788
train/loss,13238272,1783859007.469590,-0.3234064877
train/loss,13271040,1783859012.261379,-0.327175498
train/loss,13303808,1783859017.246731,-0.320338428
train/loss,13336576,1783859022.185288,-0.3079244792
train/loss,13369344,1783859026.897511,-0.3248686194
train/loss,13402112,1783859031.595599,-0.3125148118
train/loss,13434880,1783859036.393952,-0.3296592832
train/loss,13467648,1783859041.085660,-0.321857065
train/loss,13500416,1783859045.786909,-0.309381634
train/loss,13533184,1783859050.477936,-0.3265833259
train/loss,13565952,1783859055.151995,-0.3274477422
train/loss,13598720,1783859059.840962,-0.3189856112
train/loss,13631488,1783859064.499247,-0.3147785366
train/loss,13664256,1783859069.191142,-0.3170896173
train/loss,13697024,1783859073.861637,-0.3097150624
train/loss,13729792,1783859078.547242,-0.31238693
train/loss,13762560,1783859083.252398,-0.3140502572
train/loss,13795328,1783859087.935166,-0.3215350211
train/loss,13828096,1783859092.705700,-0.3101770282
train/loss,13860864,1783859097.593756,-0.3361023664
train/loss,13893632,1783859102.348688,-0.3210214674
train/loss,13926400,1783859107.026662,-0.3079471588
train/loss,13959168,1783859111.743939,-0.3158565462
train/loss,13991936,1783859116.460585,-0.3221122026
train/loss,14024704,1783859121.176399,-0.3194250464
train/loss,14057472,1783859125.861460,-0.3229437172
train/loss,14090240,1783859130.844393,-0.3181301355
train/loss,14123008,1783859135.887860,-0.3282000721
train/loss,14155776,1783859140.711194,-0.3100697398
train/loss,14188544,1783859145.445702,-0.3181163669
train/loss,14221312,1783859150.227695,-0.3260447383
train/loss,14254080,1783859154.979579,-0.3306554258
train/loss,14286848,1783859159.926307,-0.3281719685
train/loss,14319616,1783859164.928233,-0.3204363286
train/loss,14352384,1783859169.618001,-0.3216480911
train/loss,14385152,1783859174.401023,-0.2993265688
train/loss,14417920,1783859179.110161,-0.3292412162
train/loss,14450688,1783859183.816369,-0.3304345608
train/loss,14483456,1783859188.545080,-0.330912441
train/loss,14516224,1783859193.538312,-0.316820085
train/loss,14548992,1783859199.106807,-0.3277466595
train/loss,14581760,1783859203.872217,-0.3274874389
train/loss,14614528,1783859208.713800,-0.3369309604
train/loss,14647296,1783859213.403968,-0.3315263093
train/loss,14680064,1783859218.304547,-0.3211623132
train/loss,14712832,1783859222.994144,-0.3268066347
train/loss,14745600,1783859227.691848,-0.3210075498
train/loss,14778368,1783859232.358969,-0.3215185404
train/loss,14811136,1783859237.047496,-0.3316420019
train/loss,14843904,1783859241.726476,-0.3439093232
train/loss,14876672,1783859246.408979,-0.3085579276
train/loss,14909440,1783859251.068815,-0.3401839435
train/loss,14942208,1783859255.734129,-0.3328950107
train/loss,14974976,1783859260.429927,-0.3254613876
train/loss,15007744,1783859265.079519,-0.3109064102
train/loss,15040512,1783859269.736454,-0.3224139512
train/loss,15073280,1783859274.393395,-0.3405898809
train/loss,15106048,1783859279.289603,-0.3312730193
train/loss,15138816,1783859283.957184,-0.3272792995
train/loss,15171584,1783859288.873726,-0.332067281
train/loss,15204352,1783859293.899154,-0.3243389428
train/loss,15237120,1783859298.642190,-0.321744889
train/loss,15269888,1783859303.483732,-0.3390238881
train/loss,15302656,1783859308.339154,-0.3294710815
train/loss,15335424,1783859313.043888,-0.3315063417
train/loss,15368192,1783859317.827458,-0.3376297057
train/loss,15400960,1783859322.448080,-0.3270131648
train/loss,15433728,1783859327.220229,-0.3268219531
train/loss,15466496,1783859332.116071,-0.3374896049
train/loss,15499264,1783859337.891618,-0.337674439
train/loss,15532032,1783859342.497890,-0.3243931532
train/loss,15564800,1783859347.228074,-0.3425727189
train/loss,15597568,1783859351.909279,-0.3411903083
train/loss,15630336,1783859356.651446,-0.3419584632
train/loss,15663104,1783859361.280919,-0.3216290772
train/loss,15695872,1783859366.033128,-0.323305279
train/loss,15728640,1783859370.744408,-0.3323756754
train/loss,15761408,1783859375.491567,-0.3304660916
train/loss,15794176,1783859380.664004,-0.3360805809
train/loss,15826944,1783859385.526226,-0.3419801295
train/loss,15859712,1783859390.250717,-0.3437262774
train/loss,15892480,1783859395.231245,-0.3300780356
train/loss,15925248,1783859400.287574,-0.3342908621
train/loss,15958016,1783859405.212587,-0.3470520377
train/loss,15990784,1783859410.130417,-0.3169265985
train/loss,16023552,1783859415.091469,-0.3489682376
train/loss,16056320,1783859419.883974,-0.3344205022
train/loss,16089088,1783859424.663916,-0.3342550099
train/loss,16121856,1783859429.445375,-0.3280721605
train/loss,16154624,1783859434.321046,-0.320605576
train/loss,16187392,1783859439.100741,-0.340846777
train/loss,16220160,1783859443.859865,-0.3282494545
train/loss,16252928,1783859448.917251,-0.3373655677
train/loss,16285696,1783859453.641677,-0.3506582975
train/loss,16318464,1783859458.555155,-0.3452161849
train/loss,16351232,1783859463.491979,-0.3371383846
train/loss,16384000,1783859468.520927,-0.3334415853
train/loss,16416768,1783859473.460695,-0.3285039365
train/loss,16449536,1783859478.205722,-0.3446860015
train/loss,16482304,1783859482.980833,-0.3325816095
train/loss,16515072,1783859487.910164,-0.3370768428
train/loss,16547840,1783859492.985430,-0.3345211744
train/loss,16580608,1783859497.958874,-0.3351630569
train/loss,16613376,1783859502.892971,-0.3323150873
train/loss,16646144,1783859507.851422,-0.3276252151
train/loss,16678912,1783859512.776241,-0.3300435543
train/loss,16711680,1783859517.840000,-0.336114198
train/loss,16744448,1783859522.969146,-0.3500994742
train/loss,16777216,1783859527.990981,-0.3402289748
train/loss,16809984,1783859532.939610,-0.3271897435
train/loss,16842752,1783859537.709035,-0.3510065973
train/loss,16875520,1783859542.425316,-0.3409332931
train/loss,16908288,1783859547.175368,-0.3418895602
train/loss,16941056,1783859551.918142,-0.3437640071
train/loss,16973824,1783859556.642541,-0.3469105065
train/loss,17006592,1783859561.382408,-0.3373975456
train/loss,17039360,1783859566.083382,-0.342471987
train/loss,17072128,1783859570.911763,-0.3521012962
train/loss,17104896,1783859575.721332,-0.3394261301
train/loss,17137664,1783859580.865010,-0.3388041854
train/loss,17170432,1783859586.010954,-0.3429730535
train/loss,17203200,1783859590.721332,-0.3422658741
train/loss,17235968,1783859595.312907,-0.3376979232
train/loss,17268736,1783859599.900558,-0.349424839
train/loss,17301504,1783859604.447217,-0.3445686996
train/loss,17334272,1783859609.098108,-0.3455948234
train/loss,17367040,1783859613.691087,-0.3566691875
train/loss,17399808,1783859618.279100,-0.339507103
train/loss,17432576,1783859622.859085,-0.3391764462
train/loss,17465344,1783859627.442875,-0.3415541053
train/loss,17498112,1783859631.989979,-0.3532662392
train/loss,17530880,1783859636.819711,-0.3490903676
train/loss,17563648,1783859641.736911,-0.3424200118
train/loss,17596416,1783859646.747431,-0.3584491611
train/loss,17629184,1783859651.740501,-0.3435462713
train/loss,17661952,1783859656.957206,-0.3495412171
train/loss,17694720,1783859661.966219,-0.3462186754
train/loss,17727488,1783859667.062455,-0.345698446
train/loss,17760256,1783859672.106435,-0.3431709111
train/loss,17793024,1783859677.030335,-0.3253152072
train/loss,17825792,1783859681.935752,-0.3474363685
train/loss,17858560,1783859686.557435,-0.3565934896
train/loss,17891328,1783859691.427317,-0.3488208055
train/loss,17924096,1783859696.419194,-0.3587890267
train/loss,17956864,1783859701.416749,-0.345330447
train/loss,17989632,1783859706.316902,-0.3536709547
train/loss,18022400,1783859711.153108,-0.3543107808
train/loss,18055168,1783859716.111308,-0.3660469055
train/loss,18087936,1783859720.982268,-0.3632555008
train/loss,18120704,1783859725.942484,-0.356993407
train/loss,18153472,1783859730.932826,-0.3434692919
train/loss,18186240,1783859735.986718,-0.3538272977
train/loss,18219008,1783859741.213560,-0.3503899276
train/loss,18251776,1783859746.787362,-0.3484982848
train/loss,18284544,1783859751.591068,-0.3626444042
train/loss,18317312,1783859756.474697,-0.3613417149
train/loss,18350080,1783859761.156704,-0.3586023748
train/loss,18382848,1783859765.867078,-0.3586063087
train/loss,18415616,1783859770.544740,-0.3525923193
train/loss,18448384,1783859775.396936,-0.3582967222
train/loss,18481152,1783859780.146148,-0.3495846093
train/loss,18513920,1783859784.861320,-0.3695992529
train/loss,18546688,1783859789.762520,-0.364659071
train/loss,18579456,1783859794.499522,-0.3549644947
train/loss,18612224,1783859799.181944,-0.3459894955
train/loss,18644992,1783859804.131432,-0.3577091396
train/loss,18677760,1783859808.850577,-0.3653082848
train/loss,18710528,1783859813.515944,-0.3580110967
train/loss,18743296,1783859818.441270,-0.35758093
train/loss,18776064,1783859822.933007,-0.3548420966
train/loss,18808832,1783859827.523522,-0.3476134539
train/loss,18841600,1783859832.036562,-0.3370773196
train/loss,18874368,1783859836.995601,-0.3393075764
train/loss,18907136,1783859841.919812,-0.3572266996
train/loss,18939904,1783859846.990856,-0.3569943607
train/loss,18972672,1783859851.944624,-0.3540109694
train/loss,19005440,1783859856.925246,-0.3631192744
train/loss,19038208,1783859861.554878,-0.3579140306
train/loss,19070976,1783859866.147975,-0.3545502126
train/loss,19103744,1783859870.853241,-0.3386679292
train/loss,19136512,1783859875.537952,-0.3521679044
train/loss,19169280,1783859880.141602,-0.3557917178
train/loss,19202048,1783859884.778883,-0.3613059819
train/loss,19234816,1783859889.458762,-0.3475869894
train/loss,19267584,1783859894.142458,-0.3625425398
train/loss,19300352,1783859898.810369,-0.3393162191
train/loss,19333120,1783859903.395019,-0.3513226211
train/loss,19365888,1783859907.936363,-0.3562147319
train/loss,19398656,1783859912.503215,-0.3607380986
train/loss,19431424,1783859917.012358,-0.3711195886
train/loss,19464192,1783859921.532740,-0.3420808911
train/loss,19496960,1783859926.036026,-0.3500101864
train/loss,19529728,1783859930.584310,-0.3659630418
train/loss,19562496,1783859935.113770,-0.3608834445
train/loss,19595264,1783859939.862688,-0.37161991
train/loss,19628032,1783859944.307982,-0.362867564
train/loss,19660800,1783859948.763789,-0.3637924194
train/loss,19693568,1783859953.200715,-0.3527127504
train/loss,19726336,1783859957.625410,-0.3467279375
train/loss,19759104,1783859962.034900,-0.3555959761
train/loss,19791872,1783859966.490482,-0.3771615028
train/loss,19824640,1783859970.947968,-0.3464182615
train/loss,19857408,1783859975.474437,-0.3530738056
train/loss,19890176,1783859979.886311,-0.3535823226
train/loss,19922944,1783859984.372136,-0.387137115
train/loss,19955712,1783859988.850409,-0.3566988409
train/loss,19988480,1783859993.299690,-0.3501619101
train/loss,20021248,1783859997.993880,-0.3560385108
train/policy_gradient_loss,65536,1783857064.785734,-0.004772310611
train/policy_gradient_loss,98304,1783857069.726904,-0.007915659808
train/policy_gradient_loss,131072,1783857074.477108,-0.008749818429
train/policy_gradient_loss,163840,1783857079.686764,-0.008611485362
train/policy_gradient_loss,196608,1783857084.633496,-0.01045954973
train/policy_gradient_loss,229376,1783857089.485684,-0.01041271444
train/policy_gradient_loss,262144,1783857094.402429,-0.01053842623
train/policy_gradient_loss,294912,1783857099.309474,-0.01026122272
train/policy_gradient_loss,327680,1783857104.132801,-0.01128767151
train/policy_gradient_loss,360448,1783857108.928542,-0.01222415362
train/policy_gradient_loss,393216,1783857113.752055,-0.01249398291
train/policy_gradient_loss,425984,1783857118.682946,-0.01178885996
train/policy_gradient_loss,458752,1783857123.447617,-0.01366263721
train/policy_gradient_loss,491520,1783857128.161180,-0.01105711795
train/policy_gradient_loss,524288,1783857132.992553,-0.01146974508
train/policy_gradient_loss,557056,1783857137.862307,-0.01353097521
train/policy_gradient_loss,589824,1783857142.783195,-0.01272160001
train/policy_gradient_loss,622592,1783857147.669918,-0.01308437809
train/policy_gradient_loss,655360,1783857152.629734,-0.0133481808
train/policy_gradient_loss,688128,1783857157.580019,-0.01357961819
train/policy_gradient_loss,720896,1783857162.504935,-0.01304753311
train/policy_gradient_loss,753664,1783857167.410207,-0.01329772174
train/policy_gradient_loss,786432,1783857172.318547,-0.01314100996
train/policy_gradient_loss,819200,1783857177.394944,-0.01305056829
train/policy_gradient_loss,851968,1783857182.358352,-0.01350845024
train/policy_gradient_loss,884736,1783857187.195205,-0.013964599
train/policy_gradient_loss,917504,1783857192.005639,-0.01375305746
train/policy_gradient_loss,950272,1783857196.927890,-0.01365624368
train/policy_gradient_loss,983040,1783857201.893766,-0.01454819739
train/policy_gradient_loss,1015808,1783857206.574315,-0.01502530091
train/policy_gradient_loss,1048576,1783857211.308867,-0.01485177223
train/policy_gradient_loss,1081344,1783857215.981978,-0.01442135219
train/policy_gradient_loss,1114112,1783857220.900513,-0.01578222588
train/policy_gradient_loss,1146880,1783857225.960238,-0.01695308648
train/policy_gradient_loss,1179648,1783857231.006909,-0.01571865007
train/policy_gradient_loss,1212416,1783857236.118597,-0.01607752778
train/policy_gradient_loss,1245184,1783857241.216617,-0.01616168767
train/policy_gradient_loss,1277952,1783857246.156806,-0.01533442084
train/policy_gradient_loss,1310720,1783857250.718150,-0.01634077355
train/policy_gradient_loss,1343488,1783857255.437515,-0.01686787233
train/policy_gradient_loss,1376256,1783857260.076091,-0.01505253371
train/policy_gradient_loss,1409024,1783857264.592841,-0.01551307179
train/policy_gradient_loss,1441792,1783857269.094438,-0.01658563502
train/policy_gradient_loss,1474560,1783857273.644419,-0.0160755422
train/policy_gradient_loss,1507328,1783857278.501981,-0.01594226807
train/policy_gradient_loss,1540096,1783857283.027889,-0.01682805642
train/policy_gradient_loss,1572864,1783857287.561708,-0.01621925458
train/policy_gradient_loss,1605632,1783857292.216899,-0.01507964358
train/policy_gradient_loss,1638400,1783857297.014381,-0.01840212941
train/policy_gradient_loss,1671168,1783857301.569570,-0.01588559896
train/policy_gradient_loss,1703936,1783857306.128372,-0.01679711789
train/policy_gradient_loss,1736704,1783857310.624063,-0.01788283698
train/policy_gradient_loss,1769472,1783857315.437515,-0.01850597188
train/policy_gradient_loss,1802240,1783857320.015364,-0.01926192082
train/policy_gradient_loss,1835008,1783857324.663087,-0.01764601097
train/policy_gradient_loss,1867776,1783857329.379762,-0.01828954928
train/policy_gradient_loss,1900544,1783857334.103606,-0.01838775165
train/policy_gradient_loss,1933312,1783857338.730891,-0.01920398697
train/policy_gradient_loss,1966080,1783857343.722829,-0.01744257286
train/policy_gradient_loss,1998848,1783857348.513294,-0.01809491962
train/policy_gradient_loss,2031616,1783857353.301564,-0.01770397834
train/policy_gradient_loss,2064384,1783857358.239327,-0.01972796209
train/policy_gradient_loss,2097152,1783857363.056192,-0.01818448491
train/policy_gradient_loss,2129920,1783857367.790737,-0.01853224821
train/policy_gradient_loss,2162688,1783857372.604070,-0.01886917278
train/policy_gradient_loss,2195456,1783857377.516905,-0.01936385408
train/policy_gradient_loss,2228224,1783857382.468399,-0.01815401763
train/policy_gradient_loss,2260992,1783857387.329131,-0.02066813782
train/policy_gradient_loss,2293760,1783857392.368394,-0.02000554092
train/policy_gradient_loss,2326528,1783857397.277058,-0.01875931025
train/policy_gradient_loss,2359296,1783857402.123787,-0.01868663728
train/policy_gradient_loss,2392064,1783857406.964305,-0.01862220094
train/policy_gradient_loss,2424832,1783857411.866603,-0.01921778731
train/policy_gradient_loss,2457600,1783857416.814928,-0.0213630069
train/policy_gradient_loss,2490368,1783857421.490685,-0.01842552237
train/policy_gradient_loss,2523136,1783857426.272670,-0.0204494074
train/policy_gradient_loss,2555904,1783857431.158619,-0.01973424479
train/policy_gradient_loss,2588672,1783857436.125538,-0.0196873527
train/policy_gradient_loss,2621440,1783857440.974871,-0.02079437487
train/policy_gradient_loss,2654208,1783857445.786468,-0.02021841705
train/policy_gradient_loss,2686976,1783857450.774825,-0.01977243647
train/policy_gradient_loss,2719744,1783857455.631950,-0.02079986967
train/policy_gradient_loss,2752512,1783857460.451132,-0.02115381323
train/policy_gradient_loss,2785280,1783857465.149901,-0.0200866051
train/policy_gradient_loss,2818048,1783857470.042685,-0.01961888559
train/policy_gradient_loss,2850816,1783857474.916345,-0.02003309689
train/policy_gradient_loss,2883584,1783857479.919420,-0.01918932609
train/policy_gradient_loss,2916352,1783857485.095485,-0.02080294862
train/policy_gradient_loss,2949120,1783857490.083433,-0.02037637867
train/policy_gradient_loss,2981888,1783857494.959384,-0.01957298443
train/policy_gradient_loss,3014656,1783857499.939029,-0.02115183137
train/policy_gradient_loss,3047424,1783857504.735709,-0.02088825032
train/policy_gradient_loss,3080192,1783857509.497674,-0.02026901394
train/policy_gradient_loss,3112960,1783857514.279366,-0.02037762851
train/policy_gradient_loss,3145728,1783857519.080667,-0.0205060672
train/policy_gradient_loss,3178496,1783857523.837761,-0.0211189054
train/policy_gradient_loss,3211264,1783857528.596711,-0.02198668569
train/policy_gradient_loss,3244032,1783857533.211236,-0.0211746525
train/policy_gradient_loss,3276800,1783857538.113656,-0.02083838172
train/policy_gradient_loss,3309568,1783857542.998564,-0.02228116058
train/policy_gradient_loss,3342336,1783857547.769355,-0.02141381986
train/policy_gradient_loss,3375104,1783857552.341380,-0.02027386986
train/policy_gradient_loss,3407872,1783857557.043431,-0.02014674433
train/policy_gradient_loss,3440640,1783857561.987536,-0.01986118406
train/policy_gradient_loss,3473408,1783857566.719337,-0.02089603432
train/policy_gradient_loss,3506176,1783857571.450948,-0.02018505707
train/policy_gradient_loss,3538944,1783857576.311606,-0.02147955261
train/policy_gradient_loss,3571712,1783857581.050553,-0.02181604505
train/policy_gradient_loss,3604480,1783857585.763838,-0.02039858699
train/policy_gradient_loss,3637248,1783857590.334966,-0.02007703856
train/policy_gradient_loss,3670016,1783857594.897873,-0.02208559215
train/policy_gradient_loss,3702784,1783857599.544943,-0.02150819264
train/policy_gradient_loss,3735552,1783857604.191884,-0.02057254128
train/policy_gradient_loss,3768320,1783857608.797234,-0.0207345821
train/policy_gradient_loss,3801088,1783857613.383766,-0.02109618299
train/policy_gradient_loss,3833856,1783857618.062143,-0.02002946846
train/policy_gradient_loss,3866624,1783857622.966814,-0.02060361207
train/policy_gradient_loss,3899392,1783857627.927170,-0.02122437768
train/policy_gradient_loss,3932160,1783857632.685291,-0.02106714435
train/policy_gradient_loss,3964928,1783857637.357009,-0.01997463778
train/policy_gradient_loss,3997696,1783857641.802491,-0.02026193216
train/policy_gradient_loss,4030464,1783857646.296696,-0.02204630896
train/policy_gradient_loss,4063232,1783857651.090990,-0.02157849446
train/policy_gradient_loss,4096000,1783857655.726359,-0.02095369622
train/policy_gradient_loss,4128768,1783857660.462220,-0.02044106834
train/policy_gradient_loss,4161536,1783857665.453916,-0.02132150158
train/policy_gradient_loss,4194304,1783857670.410441,-0.01976881362
train/policy_gradient_loss,4227072,1783857675.171182,-0.01876525953
train/policy_gradient_loss,4259840,1783857679.966396,-0.02132754959
train/policy_gradient_loss,4292608,1783857684.747033,-0.0205836948
train/policy_gradient_loss,4325376,1783857689.502126,-0.02098762989
train/policy_gradient_loss,4358144,1783857694.252147,-0.02185264975
train/policy_gradient_loss,4390912,1783857699.013744,-0.02216879465
train/policy_gradient_loss,4423680,1783857703.767417,-0.02173963934
train/policy_gradient_loss,4456448,1783857708.508147,-0.02127689123
train/policy_gradient_loss,4489216,1783857713.232028,-0.01898618042
train/policy_gradient_loss,4521984,1783857718.049357,-0.02059841529
train/policy_gradient_loss,4554752,1783857722.906146,-0.01904014312
train/policy_gradient_loss,4587520,1783857727.678557,-0.01974383742
train/policy_gradient_loss,4620288,1783857732.427084,-0.02073138766
train/policy_gradient_loss,4653056,1783857737.169139,-0.02095217071
train/policy_gradient_loss,4685824,1783857742.002498,-0.02041349933
train/policy_gradient_loss,4718592,1783857746.981213,-0.02009664848
train/policy_gradient_loss,4751360,1783857751.951444,-0.02015844919
train/policy_gradient_loss,4784128,1783857756.860271,-0.02184423245
train/policy_gradient_loss,4816896,1783857761.942106,-0.02032617107
train/policy_gradient_loss,4849664,1783857766.833289,-0.01976580545
train/policy_gradient_loss,4882432,1783857771.754969,-0.01984479465
train/policy_gradient_loss,4915200,1783857776.863566,-0.02132635936
train/policy_gradient_loss,4947968,1783857781.837990,-0.02104658075
train/policy_gradient_loss,4980736,1783857786.774897,-0.01984486915
train/policy_gradient_loss,5013504,1783857791.769319,-0.02094985545
train/policy_gradient_loss,5046272,1783857796.673225,-0.02059563622
train/policy_gradient_loss,5079040,1783857801.350731,-0.02174323983
train/policy_gradient_loss,5111808,1783857806.140602,-0.01896318421
train/policy_gradient_loss,5144576,1783857811.010247,-0.01999359205
train/policy_gradient_loss,5177344,1783857815.885547,-0.02096807398
train/policy_gradient_loss,5210112,1783857820.663400,-0.02109349146
train/policy_gradient_loss,5242880,1783857825.649993,-0.01961895078
train/policy_gradient_loss,5275648,1783857830.538915,-0.02158195898
train/policy_gradient_loss,5308416,1783857835.301248,-0.02188622952
train/policy_gradient_loss,5341184,1783857839.945235,-0.02191282436
train/policy_gradient_loss,5373952,1783857844.384554,-0.02173835784
train/policy_gradient_loss,5406720,1783857848.821546,-0.02223264985
train/policy_gradient_loss,5439488,1783857853.254404,-0.02135110646
train/policy_gradient_loss,5472256,1783857857.718082,-0.02067051828
train/policy_gradient_loss,5505024,1783857862.181778,-0.02111421525
train/policy_gradient_loss,5537792,1783857866.630923,-0.02194494382
train/policy_gradient_loss,5570560,1783857871.068819,-0.02098542079
train/policy_gradient_loss,5603328,1783857875.537323,-0.02025906928
train/policy_gradient_loss,5636096,1783857879.977491,-0.02059145458
train/policy_gradient_loss,5668864,1783857884.576578,-0.02075967751
train/policy_gradient_loss,5701632,1783857889.405028,-0.02140942402
train/policy_gradient_loss,5734400,1783857894.014455,-0.0212277472
train/policy_gradient_loss,5767168,1783857898.650310,-0.02129289135
train/policy_gradient_loss,5799936,1783857903.315338,-0.02188455127
train/policy_gradient_loss,5832704,1783857908.037103,-0.0217394717
train/policy_gradient_loss,5865472,1783857912.704031,-0.02190165594
train/policy_gradient_loss,5898240,1783857917.390001,-0.02184974588
train/policy_gradient_loss,5931008,1783857922.020735,-0.02088522539
train/policy_gradient_loss,5963776,1783857926.689551,-0.02025040053
train/policy_gradient_loss,5996544,1783857931.424547,-0.01943585649
train/policy_gradient_loss,6029312,1783857936.226306,-0.02086423337
train/policy_gradient_loss,6062080,1783857940.894444,-0.02221574634
train/policy_gradient_loss,6094848,1783857945.520233,-0.02099002153
train/policy_gradient_loss,6127616,1783857950.219153,-0.02126067132
train/policy_gradient_loss,6160384,1783857955.005487,-0.02032567747
train/policy_gradient_loss,6193152,1783857959.800757,-0.02212800086
train/policy_gradient_loss,6225920,1783857965.482491,-0.02156709321
train/policy_gradient_loss,6258688,1783857970.247800,-0.02085408382
train/policy_gradient_loss,6291456,1783857974.850013,-0.02088093385
train/policy_gradient_loss,6324224,1783857979.429727,-0.01967570744
train/policy_gradient_loss,6356992,1783857984.019529,-0.02324902825
train/policy_gradient_loss,6389760,1783857988.716703,-0.02200870775
train/policy_gradient_loss,6422528,1783857993.454739,-0.02230225131
train/policy_gradient_loss,6455296,1783857998.186151,-0.02089811862
train/policy_gradient_loss,6488064,1783858002.775371,-0.02249508724
train/policy_gradient_loss,6520832,1783858007.587950,-0.02203484252
train/policy_gradient_loss,6553600,1783858012.276013,-0.02004176378
train/policy_gradient_loss,6586368,1783858017.021129,-0.02061482333
train/policy_gradient_loss,6619136,1783858022.214065,-0.020976495
train/policy_gradient_loss,6651904,1783858026.940247,-0.02145267464
train/policy_gradient_loss,6684672,1783858031.777980,-0.02066199854
train/policy_gradient_loss,6717440,1783858036.658218,-0.01961438172
train/policy_gradient_loss,6750208,1783858041.144221,-0.02019209042
train/policy_gradient_loss,6782976,1783858045.626000,-0.01888622157
train/policy_gradient_loss,6815744,1783858050.110820,-0.01987194084
train/policy_gradient_loss,6848512,1783858054.547168,-0.0225544665
train/policy_gradient_loss,6881280,1783858059.075963,-0.02150583453
train/policy_gradient_loss,6914048,1783858063.569248,-0.02153231576
train/policy_gradient_loss,6946816,1783858068.135807,-0.02096238919
train/policy_gradient_loss,6979584,1783858072.781857,-0.02068948559
train/policy_gradient_loss,7012352,1783858077.337487,-0.02057381161
train/policy_gradient_loss,7045120,1783858081.967988,-0.02324440703
train/policy_gradient_loss,7077888,1783858086.553186,-0.02128402703
train/policy_gradient_loss,7110656,1783858091.244901,-0.02097331174
train/policy_gradient_loss,7143424,1783858095.902975,-0.02039866522
train/policy_gradient_loss,7176192,1783858100.535001,-0.02182531171
train/policy_gradient_loss,7208960,1783858105.189757,-0.02250370011
train/policy_gradient_loss,7241728,1783858109.879333,-0.02157007903
train/policy_gradient_loss,7274496,1783858114.723301,-0.02059178986
train/policy_gradient_loss,7307264,1783858119.400923,-0.02207671478
train/policy_gradient_loss,7340032,1783858124.062542,-0.02215776779
train/policy_gradient_loss,7372800,1783858128.909850,-0.02093011513
train/policy_gradient_loss,7405568,1783858133.577077,-0.02176465839
train/policy_gradient_loss,7438336,1783858138.260417,-0.02169421315
train/policy_gradient_loss,7471104,1783858142.870001,-0.02183461748
train/policy_gradient_loss,7503872,1783858147.497378,-0.02204900794
train/policy_gradient_loss,7536640,1783858152.116576,-0.02188193053
train/policy_gradient_loss,7569408,1783858156.700964,-0.02183048241
train/policy_gradient_loss,7602176,1783858161.276947,-0.02030205168
train/policy_gradient_loss,7634944,1783858165.941365,-0.02190200426
train/policy_gradient_loss,7667712,1783858170.544494,-0.02069300786
train/policy_gradient_loss,7700480,1783858175.146214,-0.02274526842
train/policy_gradient_loss,7733248,1783858179.786040,-0.02309654653
train/policy_gradient_loss,7766016,1783858184.591858,-0.02254609764
train/policy_gradient_loss,7798784,1783858189.381940,-0.02113235556
train/policy_gradient_loss,7831552,1783858194.176612,-0.02246470936
train/policy_gradient_loss,7864320,1783858199.157207,-0.02144992538
train/policy_gradient_loss,7897088,1783858204.020025,-0.02443344332
train/policy_gradient_loss,7929856,1783858209.553726,-0.02123033069
train/policy_gradient_loss,7962624,1783858214.504088,-0.02147304453
train/policy_gradient_loss,7995392,1783858219.321124,-0.02110669203
train/policy_gradient_loss,8028160,1783858224.278066,-0.02157464065
train/policy_gradient_loss,8060928,1783858229.404444,-0.02070042118
train/policy_gradient_loss,8093696,1783858234.172677,-0.02164055221
train/policy_gradient_loss,8126464,1783858239.283620,-0.02183997817
train/policy_gradient_loss,8159232,1783858244.108311,-0.02051163279
train/policy_gradient_loss,8192000,1783858248.924769,-0.02262602188
train/policy_gradient_loss,8224768,1783858253.759582,-0.02106729709
train/policy_gradient_loss,8257536,1783858258.822749,-0.02161776274
train/policy_gradient_loss,8290304,1783858263.787274,-0.02184937894
train/policy_gradient_loss,8323072,1783858268.653613,-0.02178022079
train/policy_gradient_loss,8355840,1783858273.479549,-0.02226877585
train/policy_gradient_loss,8388608,1783858278.291512,-0.02369536459
train/policy_gradient_loss,8421376,1783858283.127100,-0.0205502212
train/policy_gradient_loss,8454144,1783858287.889733,-0.02294144779
train/policy_gradient_loss,8486912,1783858292.646023,-0.01964743063
train/policy_gradient_loss,8519680,1783858297.598627,-0.02226949483
train/policy_gradient_loss,8552448,1783858302.427487,-0.02220566012
train/policy_gradient_loss,8585216,1783858307.277192,-0.02293133177
train/policy_gradient_loss,8617984,1783858312.429458,-0.02141273022
train/policy_gradient_loss,8650752,1783858317.555036,-0.02256292291
train/policy_gradient_loss,8683520,1783858322.547114,-0.0211476814
train/policy_gradient_loss,8716288,1783858327.455191,-0.02184135094
train/policy_gradient_loss,8749056,1783858332.354626,-0.02072558925
train/policy_gradient_loss,8781824,1783858337.212305,-0.02111616544
train/policy_gradient_loss,8814592,1783858342.083709,-0.0202287361
train/policy_gradient_loss,8847360,1783858346.964624,-0.02386277728
train/policy_gradient_loss,8880128,1783858351.840826,-0.02159719355
train/policy_gradient_loss,8912896,1783858356.831353,-0.02309603244
train/policy_gradient_loss,8945664,1783858361.764919,-0.02378524095
train/policy_gradient_loss,8978432,1783858366.599407,-0.02136898413
train/policy_gradient_loss,9011200,1783858371.564866,-0.02110974863
train/policy_gradient_loss,9043968,1783858376.475400,-0.02108948492
train/policy_gradient_loss,9076736,1783858381.320392,-0.02194820903
train/policy_gradient_loss,9109504,1783858386.263740,-0.0206691809
train/policy_gradient_loss,9142272,1783858391.246230,-0.0217279885
train/policy_gradient_loss,9175040,1783858395.920732,-0.02094697393
train/policy_gradient_loss,9207808,1783858400.597245,-0.02310458943
train/policy_gradient_loss,9240576,1783858405.289615,-0.02212914079
train/policy_gradient_loss,9273344,1783858410.128406,-0.0225618612
train/policy_gradient_loss,9306112,1783858415.299236,-0.02173425443
train/policy_gradient_loss,9338880,1783858420.309240,-0.01999635808
train/policy_gradient_loss,9371648,1783858425.256704,-0.02200067416
train/policy_gradient_loss,9404416,1783858430.272319,-0.01965826005
train/policy_gradient_loss,9437184,1783858435.054192,-0.0220050402
train/policy_gradient_loss,9469952,1783858440.037376,-0.02253805287
train/policy_gradient_loss,9502720,1783858444.819136,-0.02037038468
train/policy_gradient_loss,9535488,1783858449.681280,-0.02112605982
train/policy_gradient_loss,9568256,1783858454.586494,-0.0219919458
train/policy_gradient_loss,9601024,1783858459.365683,-0.02006469853
train/policy_gradient_loss,9633792,1783858464.301723,-0.02141805366
train/policy_gradient_loss,9666560,1783858469.164593,-0.02155440114
train/policy_gradient_loss,9699328,1783858473.873087,-0.02227376401
train/policy_gradient_loss,9732096,1783858478.575802,-0.02183148451
train/policy_gradient_loss,9764864,1783858483.372272,-0.022457771
train/policy_gradient_loss,9797632,1783858488.073573,-0.02057635039
train/policy_gradient_loss,9830400,1783858492.904822,-0.02176812664
train/policy_gradient_loss,9863168,1783858497.759531,-0.02293819748
train/policy_gradient_loss,9895936,1783858502.633775,-0.02227634378
train/policy_gradient_loss,9928704,1783858507.406207,-0.02036160603
train/policy_gradient_loss,9961472,1783858512.183652,-0.02228959277
train/policy_gradient_loss,9994240,1783858516.884848,-0.02206080034
train/policy_gradient_loss,10027008,1783858521.626881,-0.02247559279
train/policy_gradient_loss,10059776,1783858526.520516,-0.02134587802
train/policy_gradient_loss,10092544,1783858531.447079,-0.02095153369
train/policy_gradient_loss,10125312,1783858536.228263,-0.02220295556
train/policy_gradient_loss,10158080,1783858541.049732,-0.02284439094
train/policy_gradient_loss,10190848,1783858545.749677,-0.0207260903
train/policy_gradient_loss,10223616,1783858550.550470,-0.02189766616
train/policy_gradient_loss,10256384,1783858555.713331,-0.0227856487
train/policy_gradient_loss,10289152,1783858561.125305,-0.02173248306
train/policy_gradient_loss,10321920,1783858565.845728,-0.02007564902
train/policy_gradient_loss,10354688,1783858570.558771,-0.02189917676
train/policy_gradient_loss,10387456,1783858575.319448,-0.02163319662
train/policy_gradient_loss,10420224,1783858580.310907,-0.02087195963
train/policy_gradient_loss,10452992,1783858585.961669,-0.02222893946
train/policy_gradient_loss,10485760,1783858591.044634,-0.02220217511
train/policy_gradient_loss,10518528,1783858596.123512,-0.02041736618
train/policy_gradient_loss,10551296,1783858601.246880,-0.02235363796
train/policy_gradient_loss,10584064,1783858606.379355,-0.02283577621
train/policy_gradient_loss,10616832,1783858611.643395,-0.02132104151
train/policy_gradient_loss,10649600,1783858616.852187,-0.02172765695
train/policy_gradient_loss,10682368,1783858621.905866,-0.02140136808
train/policy_gradient_loss,10715136,1783858626.836297,-0.02189355344
train/policy_gradient_loss,10747904,1783858631.843679,-0.02162689902
train/policy_gradient_loss,10780672,1783858636.884948,-0.0225668475
train/policy_gradient_loss,10813440,1783858641.940235,-0.02267178148
train/policy_gradient_loss,10846208,1783858646.978995,-0.02053790726
train/policy_gradient_loss,10878976,1783858651.952552,-0.02302969992
train/policy_gradient_loss,10911744,1783858657.181350,-0.02105747722
train/policy_gradient_loss,10944512,1783858662.286653,-0.02217629179
train/policy_gradient_loss,10977280,1783858667.320009,-0.02060372569
train/policy_gradient_loss,11010048,1783858672.524246,-0.02283918858
train/policy_gradient_loss,11042816,1783858678.520003,-0.02231105231
train/policy_gradient_loss,11075584,1783858683.584259,-0.02317959629
train/policy_gradient_loss,11108352,1783858689.265520,-0.02194309793
train/policy_gradient_loss,11141120,1783858694.618065,-0.02183494717
train/policy_gradient_loss,11173888,1783858699.744165,-0.0237833634
train/policy_gradient_loss,11206656,1783858704.808416,-0.02226025611
train/policy_gradient_loss,11239424,1783858709.958379,-0.02365582623
train/policy_gradient_loss,11272192,1783858714.910547,-0.02248392627
train/policy_gradient_loss,11304960,1783858719.796600,-0.02289407142
train/policy_gradient_loss,11337728,1783858724.899120,-0.02252452448
train/policy_gradient_loss,11370496,1783858730.034943,-0.02280562744
train/policy_gradient_loss,11403264,1783858735.162857,-0.02235298045
train/policy_gradient_loss,11436032,1783858740.202918,-0.02278093062
train/policy_gradient_loss,11468800,1783858745.073384,-0.02172072046
train/policy_gradient_loss,11501568,1783858749.975098,-0.02252266742
train/policy_gradient_loss,11534336,1783858754.842067,-0.0225179065
train/policy_gradient_loss,11567104,1783858759.528534,-0.02123334818
train/policy_gradient_loss,11599872,1783858764.213132,-0.02154797129
train/policy_gradient_loss,11632640,1783858769.051885,-0.02151322551
train/policy_gradient_loss,11665408,1783858773.777741,-0.02135369368
train/policy_gradient_loss,11698176,1783858778.558032,-0.02201425657
train/policy_gradient_loss,11730944,1783858783.254903,-0.02246589959
train/policy_gradient_loss,11763712,1783858788.016273,-0.02470838651
train/policy_gradient_loss,11796480,1783858792.806948,-0.02305127308
train/policy_gradient_loss,11829248,1783858797.778860,-0.02211589925
train/policy_gradient_loss,11862016,1783858802.563675,-0.02217348851
train/policy_gradient_loss,11894784,1783858807.413189,-0.02161149122
train/policy_gradient_loss,11927552,1783858812.172795,-0.02159907483
train/policy_gradient_loss,11960320,1783858817.042017,-0.02200126275
train/policy_gradient_loss,11993088,1783858821.805086,-0.02246248722
train/policy_gradient_loss,12025856,1783858826.624809,-0.02112225816
train/policy_gradient_loss,12058624,1783858831.348351,-0.02293753624
train/policy_gradient_loss,12091392,1783858836.359216,-0.02084299549
train/policy_gradient_loss,12124160,1783858841.234172,-0.02133942395
train/policy_gradient_loss,12156928,1783858846.124885,-0.0224197302
train/policy_gradient_loss,12189696,1783858850.961194,-0.02096082084
train/policy_gradient_loss,12222464,1783858855.754112,-0.02305008471
train/policy_gradient_loss,12255232,1783858860.550032,-0.02305371128
train/policy_gradient_loss,12288000,1783858865.761555,-0.02357192338
train/policy_gradient_loss,12320768,1783858871.498968,-0.02188124135
train/policy_gradient_loss,12353536,1783858876.820887,-0.02191779576
train/policy_gradient_loss,12386304,1783858881.869114,-0.02244501188
train/policy_gradient_loss,12419072,1783858886.677020,-0.02208042517
train/policy_gradient_loss,12451840,1783858891.502903,-0.02278663032
train/policy_gradient_loss,12484608,1783858896.345181,-0.02382759936
train/policy_gradient_loss,12517376,1783858901.148228,-0.02090792917
train/policy_gradient_loss,12550144,1783858905.973044,-0.02288990654
train/policy_gradient_loss,12582912,1783858910.699395,-0.02322528884
train/policy_gradient_loss,12615680,1783858915.421846,-0.02151595056
train/policy_gradient_loss,12648448,1783858920.261511,-0.02254262008
train/policy_gradient_loss,12681216,1783858925.099978,-0.02036559023
train/policy_gradient_loss,12713984,1783858929.930783,-0.0210594926
train/policy_gradient_loss,12746752,1783858934.847685,-0.02245012112
train/policy_gradient_loss,12779520,1783858939.729919,-0.02100253105
train/policy_gradient_loss,12812288,1783858944.299858,-0.02360646613
train/policy_gradient_loss,12845056,1783858948.965568,-0.02350205183
train/policy_gradient_loss,12877824,1783858953.596113,-0.02212527022
train/policy_gradient_loss,12910592,1783858958.214154,-0.02178871073
train/policy_gradient_loss,12943360,1783858962.854268,-0.02133305371
train/policy_gradient_loss,12976128,1783858967.535557,-0.02286138386
train/policy_gradient_loss,13008896,1783858972.187223,-0.02255901694
train/policy_gradient_loss,13041664,1783858977.247314,-0.022245856
train/policy_gradient_loss,13074432,1783858982.388583,-0.02337248996
train/policy_gradient_loss,13107200,1783858987.334296,-0.02231276594
train/policy_gradient_loss,13139968,1783858993.007643,-0.02225233614
train/policy_gradient_loss,13172736,1783858998.102018,-0.02155885287
train/policy_gradient_loss,13205504,1783859002.778011,-0.02290033177
train/policy_gradient_loss,13238272,1783859007.469594,-0.02262126282
train/policy_gradient_loss,13271040,1783859012.261382,-0.02170494944
train/policy_gradient_loss,13303808,1783859017.246735,-0.02286292985
train/policy_gradient_loss,13336576,1783859022.185291,-0.02355336584
train/policy_gradient_loss,13369344,1783859026.897516,-0.02350614406
train/policy_gradient_loss,13402112,1783859031.595602,-0.02349687368
train/policy_gradient_loss,13434880,1783859036.393956,-0.02225268446
train/policy_gradient_loss,13467648,1783859041.085663,-0.02329407446
train/policy_gradient_loss,13500416,1783859045.786912,-0.02323811315
train/policy_gradient_loss,13533184,1783859050.477939,-0.0225188788
train/policy_gradient_loss,13565952,1783859055.151998,-0.02266999148
train/policy_gradient_loss,13598720,1783859059.840966,-0.02366928943
train/policy_gradient_loss,13631488,1783859064.499252,-0.02211176418
train/policy_gradient_loss,13664256,1783859069.191146,-0.02187823318
train/policy_gradient_loss,13697024,1783859073.861640,-0.02170338109
train/policy_gradient_loss,13729792,1783859078.547245,-0.02255528979
train/policy_gradient_loss,13762560,1783859083.252402,-0.02132680081
train/policy_gradient_loss,13795328,1783859087.935169,-0.02198464423
train/policy_gradient_loss,13828096,1783859092.705704,-0.02262527309
train/policy_gradient_loss,13860864,1783859097.593760,-0.02304938622
train/policy_gradient_loss,13893632,1783859102.348691,-0.02217569016
train/policy_gradient_loss,13926400,1783859107.026666,-0.02143475786
train/policy_gradient_loss,13959168,1783859111.743943,-0.02227879129
train/policy_gradient_loss,13991936,1783859116.460589,-0.02197746001
train/policy_gradient_loss,14024704,1783859121.176402,-0.02208086103
train/policy_gradient_loss,14057472,1783859125.861463,-0.02396896482
train/policy_gradient_loss,14090240,1783859130.844397,-0.02388833091
train/policy_gradient_loss,14123008,1783859135.887864,-0.02260118723
train/policy_gradient_loss,14155776,1783859140.711198,-0.02252485603
train/policy_gradient_loss,14188544,1783859145.445706,-0.02286701836
train/policy_gradient_loss,14221312,1783859150.227698,-0.02163726091
train/policy_gradient_loss,14254080,1783859154.979582,-0.02241243981
train/policy_gradient_loss,14286848,1783859159.926311,-0.02286311053
train/policy_gradient_loss,14319616,1783859164.928236,-0.02274923585
train/policy_gradient_loss,14352384,1783859169.618005,-0.02233115584
train/policy_gradient_loss,14385152,1783859174.401026,-0.02269374765
train/policy_gradient_loss,14417920,1783859179.110165,-0.02250807732
train/policy_gradient_loss,14450688,1783859183.816373,-0.02252583206
train/policy_gradient_loss,14483456,1783859188.545083,-0.02424051985
train/policy_gradient_loss,14516224,1783859193.538316,-0.02272474952
train/policy_gradient_loss,14548992,1783859199.106811,-0.0220487304
train/policy_gradient_loss,14581760,1783859203.872221,-0.02280963957
train/policy_gradient_loss,14614528,1783859208.713803,-0.02355666831
train/policy_gradient_loss,14647296,1783859213.403971,-0.02126420103
train/policy_gradient_loss,14680064,1783859218.304550,-0.02160526812
train/policy_gradient_loss,14712832,1783859222.994147,-0.02242263034
train/policy_gradient_loss,14745600,1783859227.691852,-0.02125658281
train/policy_gradient_loss,14778368,1783859232.358973,-0.0248811543
train/policy_gradient_loss,14811136,1783859237.047501,-0.02242818102
train/policy_gradient_loss,14843904,1783859241.726479,-0.02238511108
train/policy_gradient_loss,14876672,1783859246.408982,-0.02225669473
train/policy_gradient_loss,14909440,1783859251.068818,-0.02329361252
train/policy_gradient_loss,14942208,1783859255.734132,-0.02339365333
train/policy_gradient_loss,14974976,1783859260.429931,-0.02320403233
train/policy_gradient_loss,15007744,1783859265.079522,-0.02086682618
train/policy_gradient_loss,15040512,1783859269.736457,-0.02348711528
train/policy_gradient_loss,15073280,1783859274.393398,-0.02188475057
train/policy_gradient_loss,15106048,1783859279.289607,-0.02250040881
train/policy_gradient_loss,15138816,1783859283.957188,-0.02270319313
train/policy_gradient_loss,15171584,1783859288.873729,-0.0235724058
train/policy_gradient_loss,15204352,1783859293.899158,-0.02321096323
train/policy_gradient_loss,15237120,1783859298.642194,-0.02393553965
train/policy_gradient_loss,15269888,1783859303.483736,-0.02241563797
train/policy_gradient_loss,15302656,1783859308.339157,-0.02275830507
train/policy_gradient_loss,15335424,1783859313.043892,-0.02348985896
train/policy_gradient_loss,15368192,1783859317.827461,-0.02208016627
train/policy_gradient_loss,15400960,1783859322.448083,-0.02256265841
train/policy_gradient_loss,15433728,1783859327.220232,-0.02540332451
train/policy_gradient_loss,15466496,1783859332.116074,-0.02307198383
train/policy_gradient_loss,15499264,1783859337.891621,-0.02283636481
train/policy_gradient_loss,15532032,1783859342.497894,-0.02305856161
train/policy_gradient_loss,15564800,1783859347.228078,-0.02271254919
train/policy_gradient_loss,15597568,1783859351.909283,-0.022325214
train/policy_gradient_loss,15630336,1783859356.651470,-0.02423701808
train/policy_gradient_loss,15663104,1783859361.280923,-0.02263339236
train/policy_gradient_loss,15695872,1783859366.033132,-0.02287102491
train/policy_gradient_loss,15728640,1783859370.744411,-0.02244908921
train/policy_gradient_loss,15761408,1783859375.491571,-0.02233303152
train/policy_gradient_loss,15794176,1783859380.664007,-0.02132948115
train/policy_gradient_loss,15826944,1783859385.526229,-0.0236317534
train/policy_gradient_loss,15859712,1783859390.250720,-0.02369074151
train/policy_gradient_loss,15892480,1783859395.231249,-0.02426580153
train/policy_gradient_loss,15925248,1783859400.287577,-0.02217405662
train/policy_gradient_loss,15958016,1783859405.212591,-0.02171296813
train/policy_gradient_loss,15990784,1783859410.130421,-0.02295772918
train/policy_gradient_loss,16023552,1783859415.091473,-0.02203152888
train/policy_gradient_loss,16056320,1783859419.883977,-0.02322644368
train/policy_gradient_loss,16089088,1783859424.663920,-0.02207510546
train/policy_gradient_loss,16121856,1783859429.445379,-0.02217521518
train/policy_gradient_loss,16154624,1783859434.321049,-0.02406310663
train/policy_gradient_loss,16187392,1783859439.100745,-0.02255116776
train/policy_gradient_loss,16220160,1783859443.859868,-0.02172971517
train/policy_gradient_loss,16252928,1783859448.917254,-0.02341749519
train/policy_gradient_loss,16285696,1783859453.641681,-0.02379759587
train/policy_gradient_loss,16318464,1783859458.555159,-0.02283403836
train/policy_gradient_loss,16351232,1783859463.491983,-0.02145973407
train/policy_gradient_loss,16384000,1783859468.520930,-0.02216068655
train/policy_gradient_loss,16416768,1783859473.460699,-0.02366586588
train/policy_gradient_loss,16449536,1783859478.205727,-0.02312423103
train/policy_gradient_loss,16482304,1783859482.980836,-0.02189848758
train/policy_gradient_loss,16515072,1783859487.910168,-0.02313454263
train/policy_gradient_loss,16547840,1783859492.985433,-0.02212466858
train/policy_gradient_loss,16580608,1783859497.958878,-0.02185257338
train/policy_gradient_loss,16613376,1783859502.892974,-0.02323937416
train/policy_gradient_loss,16646144,1783859507.851426,-0.02443660423
train/policy_gradient_loss,16678912,1783859512.776244,-0.02161671221
train/policy_gradient_loss,16711680,1783859517.840003,-0.02370660193
train/policy_gradient_loss,16744448,1783859522.969149,-0.02264603972
train/policy_gradient_loss,16777216,1783859527.990984,-0.02194773778
train/policy_gradient_loss,16809984,1783859532.939613,-0.02230938338
train/policy_gradient_loss,16842752,1783859537.709038,-0.02136654966
train/policy_gradient_loss,16875520,1783859542.425319,-0.02167945728
train/policy_gradient_loss,16908288,1783859547.175371,-0.02242411114
train/policy_gradient_loss,16941056,1783859551.918146,-0.02244086005
train/policy_gradient_loss,16973824,1783859556.642544,-0.02291770652
train/policy_gradient_loss,17006592,1783859561.382411,-0.02371928841
train/policy_gradient_loss,17039360,1783859566.083385,-0.02419505082
train/policy_gradient_loss,17072128,1783859570.911766,-0.02204164863
train/policy_gradient_loss,17104896,1783859575.721336,-0.02133980766
train/policy_gradient_loss,17137664,1783859580.865013,-0.02256744169
train/policy_gradient_loss,17170432,1783859586.010957,-0.02361492813
train/policy_gradient_loss,17203200,1783859590.721335,-0.02302496694
train/policy_gradient_loss,17235968,1783859595.312910,-0.02204510942
train/policy_gradient_loss,17268736,1783859599.900562,-0.02294898592
train/policy_gradient_loss,17301504,1783859604.447221,-0.02463750355
train/policy_gradient_loss,17334272,1783859609.098112,-0.02304887772
train/policy_gradient_loss,17367040,1783859613.691091,-0.02322730981
train/policy_gradient_loss,17399808,1783859618.279104,-0.02208099142
train/policy_gradient_loss,17432576,1783859622.859089,-0.02338231355
train/policy_gradient_loss,17465344,1783859627.442878,-0.02267603762
train/policy_gradient_loss,17498112,1783859631.989984,-0.02304276265
train/policy_gradient_loss,17530880,1783859636.819714,-0.02243898809
train/policy_gradient_loss,17563648,1783859641.736915,-0.02203889005
train/policy_gradient_loss,17596416,1783859646.747434,-0.02261042595
train/policy_gradient_loss,17629184,1783859651.740504,-0.02298432775
train/policy_gradient_loss,17661952,1783859656.957210,-0.02425870113
train/policy_gradient_loss,17694720,1783859661.966223,-0.02311304212
train/policy_gradient_loss,17727488,1783859667.062458,-0.02405892685
train/policy_gradient_loss,17760256,1783859672.106438,-0.02209151536
train/policy_gradient_loss,17793024,1783859677.030339,-0.02193736844
train/policy_gradient_loss,17825792,1783859681.935756,-0.0239909254
train/policy_gradient_loss,17858560,1783859686.557439,-0.02241513878
train/policy_gradient_loss,17891328,1783859691.427320,-0.02198256925
train/policy_gradient_loss,17924096,1783859696.419198,-0.02526530623
train/policy_gradient_loss,17956864,1783859701.416752,-0.02284245007
train/policy_gradient_loss,17989632,1783859706.316905,-0.02303382382
train/policy_gradient_loss,18022400,1783859711.153112,-0.02161162533
train/policy_gradient_loss,18055168,1783859716.111311,-0.02401862107
train/policy_gradient_loss,18087936,1783859720.982272,-0.02266039699
train/policy_gradient_loss,18120704,1783859725.942488,-0.02152085863
train/policy_gradient_loss,18153472,1783859730.932829,-0.0231628865
train/policy_gradient_loss,18186240,1783859735.986721,-0.02372344583
train/policy_gradient_loss,18219008,1783859741.213564,-0.0227102302
train/policy_gradient_loss,18251776,1783859746.787365,-0.02479428798
train/policy_gradient_loss,18284544,1783859751.591072,-0.02235354669
train/policy_gradient_loss,18317312,1783859756.474700,-0.02245205827
train/policy_gradient_loss,18350080,1783859761.156707,-0.02173488215
train/policy_gradient_loss,18382848,1783859765.867081,-0.02346299775
train/policy_gradient_loss,18415616,1783859770.544743,-0.02226044238
train/policy_gradient_loss,18448384,1783859775.396939,-0.02062527649
train/policy_gradient_loss,18481152,1783859780.146151,-0.02244095132
train/policy_gradient_loss,18513920,1783859784.861323,-0.02327318303
train/policy_gradient_loss,18546688,1783859789.762523,-0.02376643755
train/policy_gradient_loss,18579456,1783859794.499525,-0.02344347164
train/policy_gradient_loss,18612224,1783859799.181948,-0.02409187704
train/policy_gradient_loss,18644992,1783859804.131436,-0.02352349646
train/policy_gradient_loss,18677760,1783859808.850580,-0.02338445559
train/policy_gradient_loss,18710528,1783859813.515948,-0.02169665694
train/policy_gradient_loss,18743296,1783859818.441274,-0.02303052321
train/policy_gradient_loss,18776064,1783859822.933010,-0.02097923867
train/policy_gradient_loss,18808832,1783859827.523526,-0.0229456909
train/policy_gradient_loss,18841600,1783859832.036565,-0.02099945582
train/policy_gradient_loss,18874368,1783859836.995604,-0.02443190292
train/policy_gradient_loss,18907136,1783859841.919815,-0.02244635671
train/policy_gradient_loss,18939904,1783859846.990860,-0.02417681925
train/policy_gradient_loss,18972672,1783859851.944627,-0.02195766196
train/policy_gradient_loss,19005440,1783859856.925250,-0.02226195484
train/policy_gradient_loss,19038208,1783859861.554882,-0.02206083946
train/policy_gradient_loss,19070976,1783859866.147979,-0.02111477032
train/policy_gradient_loss,19103744,1783859870.853244,-0.02373331226
train/policy_gradient_loss,19136512,1783859875.537956,-0.02381520905
train/policy_gradient_loss,19169280,1783859880.141606,-0.02080189809
train/policy_gradient_loss,19202048,1783859884.778887,-0.02301273309
train/policy_gradient_loss,19234816,1783859889.458765,-0.02261762694
train/policy_gradient_loss,19267584,1783859894.142464,-0.02359007485
train/policy_gradient_loss,19300352,1783859898.810373,-0.02217274904
train/policy_gradient_loss,19333120,1783859903.395022,-0.02282232977
train/policy_gradient_loss,19365888,1783859907.936366,-0.02233515494
train/policy_gradient_loss,19398656,1783859912.503219,-0.02312387154
train/policy_gradient_loss,19431424,1783859917.012361,-0.02290005796
train/policy_gradient_loss,19464192,1783859921.532744,-0.02086039633
train/policy_gradient_loss,19496960,1783859926.036029,-0.02061446756
train/policy_gradient_loss,19529728,1783859930.584314,-0.02323009633
train/policy_gradient_loss,19562496,1783859935.113773,-0.02206273749
train/policy_gradient_loss,19595264,1783859939.862693,-0.02208815515
train/policy_gradient_loss,19628032,1783859944.307986,-0.02327053249
train/policy_gradient_loss,19660800,1783859948.763793,-0.02296614274
train/policy_gradient_loss,19693568,1783859953.200720,-0.02131237648
train/policy_gradient_loss,19726336,1783859957.625414,-0.02185734175
train/policy_gradient_loss,19759104,1783859962.034904,-0.02292323112
train/policy_gradient_loss,19791872,1783859966.490486,-0.02149344981
train/policy_gradient_loss,19824640,1783859970.947971,-0.02261918597
train/policy_gradient_loss,19857408,1783859975.474441,-0.02219226211
train/policy_gradient_loss,19890176,1783859979.886314,-0.02192601189
train/policy_gradient_loss,19922944,1783859984.372139,-0.02319541201
train/policy_gradient_loss,19955712,1783859988.850413,-0.02142163366
train/policy_gradient_loss,19988480,1783859993.299693,-0.02187860757
train/policy_gradient_loss,20021248,1783859997.993884,-0.02206882462
train/std,65536,1783857064.785836,1.002796531
train/std,98304,1783857069.726990,1.003466964
train/std,131072,1783857074.477188,1.006678939
train/std,163840,1783857079.686858,1.008334756
train/std,196608,1783857084.633591,1.012460113
train/std,229376,1783857089.485757,1.016416669
train/std,262144,1783857094.402528,1.016866565
train/std,294912,1783857099.309546,1.021282792
train/std,327680,1783857104.132875,1.025216222
train/std,360448,1783857108.928607,1.02714622
train/std,393216,1783857113.752156,1.029732585
train/std,425984,1783857118.683033,1.034071445
train/std,458752,1783857123.447699,1.039859772
train/std,491520,1783857128.161241,1.043444276
train/std,524288,1783857132.992619,1.049027205
train/std,557056,1783857137.862398,1.051443338
train/std,589824,1783857142.783295,1.052773118
train/std,622592,1783857147.670000,1.055128217
train/std,655360,1783857152.629826,1.057008624
train/std,688128,1783857157.580111,1.058742404
train/std,720896,1783857162.505027,1.062924862
train/std,753664,1783857167.410301,1.065160394
train/std,786432,1783857172.318640,1.069404364
train/std,819200,1783857177.395046,1.072940946
train/std,851968,1783857182.358445,1.076600909
train/std,884736,1783857187.195297,1.077176213
train/std,917504,1783857192.005737,1.081575632
train/std,950272,1783857196.927986,1.085610032
train/std,983040,1783857201.893863,1.089414477
train/std,1015808,1783857206.574415,1.090648532
train/std,1048576,1783857211.308936,1.091977715
train/std,1081344,1783857215.982029,1.09551096
train/std,1114112,1783857220.900575,1.098397136
train/std,1146880,1783857225.960324,1.101277471
train/std,1179648,1783857231.006978,1.104197502
train/std,1212416,1783857236.118705,1.107280612
train/std,1245184,1783857241.216682,1.111572266
train/std,1277952,1783857246.156893,1.115000725
train/std,1310720,1783857250.718210,1.117464066
train/std,1343488,1783857255.437608,1.121656895
train/std,1376256,1783857260.076151,1.123325229
train/std,1409024,1783857264.592913,1.125846744
train/std,1441792,1783857269.094500,1.127689481
train/std,1474560,1783857273.644513,1.130503654
train/std,1507328,1783857278.502045,1.133050561
train/std,1540096,1783857283.027955,1.136824965
train/std,1572864,1783857287.561767,1.140854478
train/std,1605632,1783857292.216994,1.144081712
train/std,1638400,1783857297.014449,1.146380544
train/std,1671168,1783857301.569635,1.148215652
train/std,1703936,1783857306.128433,1.152703285
train/std,1736704,1783857310.624139,1.156325102
train/std,1769472,1783857315.437589,1.159144402
train/std,1802240,1783857320.015419,1.161785722
train/std,1835008,1783857324.663148,1.164600849
train/std,1867776,1783857329.379828,1.16724956
train/std,1900544,1783857334.103685,1.169817686
train/std,1933312,1783857338.730981,1.173625827
train/std,1966080,1783857343.722920,1.17594564
train/std,1998848,1783857348.513378,1.180785537
train/std,2031616,1783857353.301619,1.184707284
train/std,2064384,1783857358.239414,1.187126279
train/std,2097152,1783857363.056257,1.188564897
train/std,2129920,1783857367.790799,1.192768455
train/std,2162688,1783857372.604134,1.194911957
train/std,2195456,1783857377.516994,1.198375344
train/std,2228224,1783857382.468480,1.201431036
train/std,2260992,1783857387.329241,1.205301166
train/std,2293760,1783857392.368496,1.208914399
train/std,2326528,1783857397.277147,1.212392449
train/std,2359296,1783857402.123875,1.214869499
train/std,2392064,1783857406.964398,1.216675878
train/std,2424832,1783857411.866693,1.219681144
train/std,2457600,1783857416.814993,1.222021699
train/std,2490368,1783857421.490769,1.22420156
train/std,2523136,1783857426.272764,1.227344871
train/std,2555904,1783857431.158722,1.229145885
train/std,2588672,1783857436.125603,1.231783152
train/std,2621440,1783857440.974932,1.233689547
train/std,2654208,1783857445.786555,1.233470082
train/std,2686976,1783857450.774921,1.234166622
train/std,2719744,1783857455.632011,1.236250043
train/std,2752512,1783857460.451219,1.238985658
train/std,2785280,1783857465.149957,1.239880443
train/std,2818048,1783857470.042779,1.241824269
train/std,2850816,1783857474.916434,1.243773103
train/std,2883584,1783857479.919511,1.246238351
train/std,2916352,1783857485.095550,1.248046756
train/std,2949120,1783857490.083534,1.254003406
train/std,2981888,1783857494.959445,1.258150101
train/std,3014656,1783857499.939135,1.261323929
train/std,3047424,1783857504.735802,1.263365626
train/std,3080192,1783857509.497726,1.266463637
train/std,3112960,1783857514.279431,1.270197988
train/std,3145728,1783857519.080735,1.273383617
train/std,3178496,1783857523.837854,1.276880503
train/std,3211264,1783857528.596773,1.277647614
train/std,3244032,1783857533.211311,1.277717471
train/std,3276800,1783857538.113814,1.27833569
train/std,3309568,1783857542.998647,1.280934691
train/std,3342336,1783857547.769446,1.282564163
train/std,3375104,1783857552.341442,1.283890128
train/std,3407872,1783857557.043520,1.285640359
train/std,3440640,1783857561.987648,1.287732482
train/std,3473408,1783857566.719442,1.289837718
train/std,3506176,1783857571.451001,1.292314887
train/std,3538944,1783857576.311686,1.292925358
train/std,3571712,1783857581.050616,1.295805335
train/std,3604480,1783857585.763920,1.297300696
train/std,3637248,1783857590.335044,1.301381946
train/std,3670016,1783857594.897934,1.304400802
train/std,3702784,1783857599.545006,1.305410981
train/std,3735552,1783857604.191981,1.307970524
train/std,3768320,1783857608.797307,1.310562611
train/std,3801088,1783857613.383829,1.312179208
train/std,3833856,1783857618.062247,1.314514875
train/std,3866624,1783857622.966908,1.318121076
train/std,3899392,1783857627.927271,1.319541454
train/std,3932160,1783857632.685387,1.319758773
train/std,3964928,1783857637.357073,1.322107792
train/std,3997696,1783857641.802550,1.325498939
train/std,4030464,1783857646.296800,1.325748801
train/std,4063232,1783857651.091080,1.328641772
train/std,4096000,1783857655.726419,1.330902219
train/std,4128768,1783857660.462342,1.332586765
train/std,4161536,1783857665.454024,1.334242821
train/std,4194304,1783857670.410533,1.336245418
train/std,4227072,1783857675.171269,1.34112978
train/std,4259840,1783857679.966492,1.343899369
train/std,4292608,1783857684.747121,1.3463974
train/std,4325376,1783857689.502217,1.348749042
train/std,4358144,1783857694.252250,1.351377487
train/std,4390912,1783857699.013838,1.349083304
train/std,4423680,1783857703.767504,1.351945877
train/std,4456448,1783857708.508238,1.35280323
train/std,4489216,1783857713.232092,1.356028557
train/std,4521984,1783857718.049463,1.357899189
train/std,4554752,1783857722.906238,1.362361908
train/std,4587520,1783857727.678621,1.364103675
train/std,4620288,1783857732.427174,1.363634109
train/std,4653056,1783857737.169196,1.36501801
train/std,4685824,1783857742.002568,1.369829535
train/std,4718592,1783857746.981279,1.372009397
train/std,4751360,1783857751.951564,1.374514937
train/std,4784128,1783857756.860363,1.376291156
train/std,4816896,1783857761.942201,1.380236983
train/std,4849664,1783857766.833413,1.38531363
train/std,4882432,1783857771.755032,1.387631893
train/std,4915200,1783857776.863637,1.390806556
train/std,4947968,1783857781.838087,1.395958304
train/std,4980736,1783857786.774952,1.398156762
train/std,5013504,1783857791.769418,1.4031955
train/std,5046272,1783857796.673315,1.405777335
train/std,5079040,1783857801.350814,1.408604622
train/std,5111808,1783857806.140696,1.414437294
train/std,5144576,1783857811.010330,1.418114066
train/std,5177344,1783857815.885659,1.42134726
train/std,5210112,1783857820.663508,1.424599051
train/std,5242880,1783857825.650084,1.428058624
train/std,5275648,1783857830.539004,1.431814075
train/std,5308416,1783857835.301326,1.433953166
train/std,5341184,1783857839.945298,1.435750008
train/std,5373952,1783857844.384629,1.435258746
train/std,5406720,1783857848.821603,1.436737061
train/std,5439488,1783857853.254463,1.440443158
train/std,5472256,1783857857.718140,1.443962097
train/std,5505024,1783857862.181855,1.44813776
train/std,5537792,1783857866.630984,1.451761365
train/std,5570560,1783857871.068902,1.45556581
train/std,5603328,1783857875.537391,1.458372474
train/std,5636096,1783857879.977569,1.459923744
train/std,5668864,1783857884.576688,1.463184714
train/std,5701632,1783857889.405096,1.464561462
train/std,5734400,1783857894.014546,1.46879518
train/std,5767168,1783857898.650372,1.470395684
train/std,5799936,1783857903.315436,1.473178864
train/std,5832704,1783857908.037165,1.474935412
train/std,5865472,1783857912.704094,1.474729061
train/std,5898240,1783857917.390062,1.478595257
train/std,5931008,1783857922.020864,1.481040955
train/std,5963776,1783857926.689620,1.482583523
train/std,5996544,1783857931.424637,1.487735748
train/std,6029312,1783857936.226383,1.493104935
train/std,6062080,1783857940.894510,1.494475961
train/std,6094848,1783857945.520335,1.496986985
train/std,6127616,1783857950.219219,1.501084924
train/std,6160384,1783857955.005552,1.505675316
train/std,6193152,1783857959.800861,1.510424614
train/std,6225920,1783857965.482585,1.513364792
train/std,6258688,1783857970.247863,1.517578721
train/std,6291456,1783857974.850096,1.52125895
train/std,6324224,1783857979.429786,1.525750041
train/std,6356992,1783857984.019596,1.528474331
train/std,6389760,1783857988.716792,1.530520797
train/std,6422528,1783857993.454829,1.531633496
train/std,6455296,1783857998.186241,1.533640981
train/std,6488064,1783858002.775418,1.534711838
train/std,6520832,1783858007.588010,1.535874367
train/std,6553600,1783858012.276077,1.540306687
train/std,6586368,1783858017.021228,1.544448256
train/std,6619136,1783858022.214131,1.547999978
train/std,6651904,1783858026.940307,1.550605178
train/std,6684672,1783858031.778083,1.556132793
train/std,6717440,1783858036.658313,1.562286019
train/std,6750208,1783858041.144275,1.567397714
train/std,6782976,1783858045.626061,1.568956733
train/std,6815744,1783858050.110906,1.571248889
train/std,6848512,1783858054.547227,1.57627058
train/std,6881280,1783858059.076043,1.580145001
train/std,6914048,1783858063.569303,1.58385098
train/std,6946816,1783858068.135916,1.586437583
train/std,6979584,1783858072.781920,1.590427756
train/std,7012352,1783858077.337549,1.594789505
train/std,7045120,1783858081.968046,1.598252416
train/std,7077888,1783858086.553251,1.602095246
train/std,7110656,1783858091.244962,1.604864717
train/std,7143424,1783858095.903039,1.610960007
train/std,7176192,1783858100.535062,1.615095735
train/std,7208960,1783858105.189844,1.617184043
train/std,7241728,1783858109.879420,1.620560288
train/std,7274496,1783858114.723399,1.621860981
train/std,7307264,1783858119.400988,1.625783324
train/std,7340032,1783858124.062605,1.631798148
train/std,7372800,1783858128.909913,1.632267833
train/std,7405568,1783858133.577136,1.633828759
train/std,7438336,1783858138.260504,1.637402534
train/std,7471104,1783858142.870071,1.64170301
train/std,7503872,1783858147.497482,1.643159032
train/std,7536640,1783858152.116635,1.646930695
train/std,7569408,1783858156.701025,1.653410912
train/std,7602176,1783858161.277010,1.656071782
train/std,7634944,1783858165.941427,1.659163952
train/std,7667712,1783858170.544582,1.662598133
train/std,7700480,1783858175.146273,1.667378902
train/std,7733248,1783858179.786098,1.670335412
train/std,7766016,1783858184.591963,1.675040841
train/std,7798784,1783858189.382029,1.678452849
train/std,7831552,1783858194.176703,1.682926774
train/std,7864320,1783858199.157300,1.685028672
train/std,7897088,1783858204.020130,1.686073184
train/std,7929856,1783858209.553867,1.689865112
train/std,7962624,1783858214.504187,1.69205606
train/std,7995392,1783858219.321188,1.695625663
train/std,8028160,1783858224.278138,1.699733734
train/std,8060928,1783858229.404553,1.703711987
train/std,8093696,1783858234.172769,1.707377553
train/std,8126464,1783858239.283729,1.711137772
train/std,8159232,1783858244.108403,1.717745423
train/std,8192000,1783858248.924863,1.722535014
train/std,8224768,1783858253.759670,1.723810792
train/std,8257536,1783858258.822855,1.72526741
train/std,8290304,1783858263.787388,1.727933049
train/std,8323072,1783858268.653713,1.732058048
train/std,8355840,1783858273.479637,1.735391617
train/std,8388608,1783858278.291575,1.738420129
train/std,8421376,1783858283.127207,1.741434932
train/std,8454144,1783858287.889845,1.744251132
train/std,8486912,1783858292.646119,1.748489976
train/std,8519680,1783858297.598716,1.750453472
train/std,8552448,1783858302.427579,1.754585385
train/std,8585216,1783858307.277333,1.755025268
train/std,8617984,1783858312.429571,1.75658834
train/std,8650752,1783858317.555149,1.759995937
train/std,8683520,1783858322.547224,1.764976859
train/std,8716288,1783858327.455302,1.771278977
train/std,8749056,1783858332.354733,1.775081635
train/std,8781824,1783858337.212402,1.777492523
train/std,8814592,1783858342.083809,1.782114387
train/std,8847360,1783858346.964712,1.784613252
train/std,8880128,1783858351.840911,1.787669539
train/std,8912896,1783858356.831451,1.793168426
train/std,8945664,1783858361.765019,1.796199679
train/std,8978432,1783858366.599475,1.802051544
train/std,9011200,1783858371.564930,1.807815433
train/std,9043968,1783858376.475496,1.811640382
train/std,9076736,1783858381.320487,1.818941712
train/std,9109504,1783858386.263855,1.821251273
train/std,9142272,1783858391.246318,1.825922608
train/std,9175040,1783858395.920815,1.82693994
train/std,9207808,1783858400.597323,1.83249414
train/std,9240576,1783858405.289710,1.837789536
train/std,9273344,1783858410.128534,1.843356609
train/std,9306112,1783858415.299322,1.845082283
train/std,9338880,1783858420.309332,1.852653146
train/std,9371648,1783858425.256804,1.859683156
train/std,9404416,1783858430.272420,1.866144538
train/std,9437184,1783858435.054309,1.870576501
train/std,9469952,1783858440.037462,1.872621417
train/std,9502720,1783858444.819238,1.878166795
train/std,9535488,1783858449.681393,1.884897232
train/std,9568256,1783858454.586598,1.889526486
train/std,9601024,1783858459.365781,1.892706275
train/std,9633792,1783858464.301822,1.897160053
train/std,9666560,1783858469.164685,1.901484132
train/std,9699328,1783858473.873171,1.910551429
train/std,9732096,1783858478.575895,1.913922191
train/std,9764864,1783858483.372354,1.921050906
train/std,9797632,1783858488.073662,1.927053452
train/std,9830400,1783858492.904919,1.931652665
train/std,9863168,1783858497.759633,1.933065891
train/std,9895936,1783858502.633894,1.9365381
train/std,9928704,1783858507.406299,1.941485047
train/std,9961472,1783858512.183715,1.945017219
train/std,9994240,1783858516.884916,1.947096944
train/std,10027008,1783858521.626972,1.950676441
train/std,10059776,1783858526.520663,1.955309272
train/std,10092544,1783858531.447175,1.962462306
train/std,10125312,1783858536.228355,1.970059752
train/std,10158080,1783858541.049808,1.97413826
train/std,10190848,1783858545.749756,1.979922295
train/std,10223616,1783858550.550550,1.98634243
train/std,10256384,1783858555.713448,1.992042422
train/std,10289152,1783858561.125439,1.995865345
train/std,10321920,1783858565.845820,2.001332045
train/std,10354688,1783858570.558850,2.006554842
train/std,10387456,1783858575.319527,2.01308322
train/std,10420224,1783858580.310996,2.016360044
train/std,10452992,1783858585.961745,2.01909256
train/std,10485760,1783858591.044732,2.023285627
train/std,10518528,1783858596.123604,2.029026508
train/std,10551296,1783858601.247019,2.031655073
train/std,10584064,1783858606.379463,2.036757469
train/std,10616832,1783858611.643506,2.040981054
train/std,10649600,1783858616.852309,2.044867754
train/std,10682368,1783858621.905960,2.052202463
train/std,10715136,1783858626.836401,2.058763266
train/std,10747904,1783858631.843782,2.063437462
train/std,10780672,1783858636.885051,2.065365076
train/std,10813440,1783858641.940315,2.069982767
train/std,10846208,1783858646.979087,2.07531333
train/std,10878976,1783858651.952630,2.080727577
train/std,10911744,1783858657.181498,2.089173555
train/std,10944512,1783858662.286751,2.097302198
train/std,10977280,1783858667.320129,2.101108789
train/std,11010048,1783858672.524324,2.105537891
train/std,11042816,1783858678.520102,2.10949707
train/std,11075584,1783858683.584341,2.111907244
train/std,11108352,1783858689.265624,2.117488384
train/std,11141120,1783858694.618165,2.122378111
train/std,11173888,1783858699.744234,2.127476454
train/std,11206656,1783858704.808569,2.126799345
train/std,11239424,1783858709.958490,2.134423971
train/std,11272192,1783858714.910650,2.138929605
train/std,11304960,1783858719.796723,2.146252394
train/std,11337728,1783858724.899227,2.150224924
train/std,11370496,1783858730.035042,2.154976606
train/std,11403264,1783858735.162955,2.157640696
train/std,11436032,1783858740.203009,2.166837454
train/std,11468800,1783858745.073455,2.170998812
train/std,11501568,1783858749.975203,2.175836802
train/std,11534336,1783858754.842157,2.180019617
train/std,11567104,1783858759.528628,2.184790373
train/std,11599872,1783858764.213192,2.191311836
train/std,11632640,1783858769.051953,2.198585987
train/std,11665408,1783858773.777837,2.209001541
train/std,11698176,1783858778.558124,2.21386838
train/std,11730944,1783858783.254998,2.221662998
train/std,11763712,1783858788.016336,2.227526426
train/std,11796480,1783858792.807042,2.232673645
train/std,11829248,1783858797.778957,2.237932205
train/std,11862016,1783858802.563741,2.242027521
train/std,11894784,1783858807.413282,2.249247313
train/std,11927552,1783858812.172889,2.255531549
train/std,11960320,1783858817.042106,2.260204077
train/std,11993088,1783858821.805181,2.268480062
train/std,12025856,1783858826.624907,2.275560141
train/std,12058624,1783858831.348430,2.279635906
train/std,12091392,1783858836.359327,2.285356522
train/std,12124160,1783858841.234244,2.291820765
train/std,12156928,1783858846.124982,2.295146227
train/std,12189696,1783858850.961292,2.296252489
train/std,12222464,1783858855.754194,2.30363059
train/std,12255232,1783858860.550120,2.309013128
train/std,12288000,1783858865.761635,2.313556433
train/std,12320768,1783858871.499067,2.316380978
train/std,12353536,1783858876.821034,2.323085785
train/std,12386304,1783858881.869203,2.327739716
train/std,12419072,1783858886.677139,2.334887505
train/std,12451840,1783858891.502993,2.342516661
train/std,12484608,1783858896.345282,2.344273567
train/std,12517376,1783858901.148322,2.352771521
train/std,12550144,1783858905.973132,2.357162476
train/std,12582912,1783858910.699505,2.36162281
train/std,12615680,1783858915.421939,2.369480848
train/std,12648448,1783858920.261599,2.372448683
train/std,12681216,1783858925.100062,2.378014803
train/std,12713984,1783858929.930882,2.385409594
train/std,12746752,1783858934.847781,2.384341002
train/std,12779520,1783858939.729996,2.390904188
train/std,12812288,1783858944.299934,2.392231226
train/std,12845056,1783858948.965645,2.397618055
train/std,12877824,1783858953.596195,2.40361762
train/std,12910592,1783858958.214232,2.410114288
train/std,12943360,1783858962.854373,2.415299177
train/std,12976128,1783858967.535656,2.421857119
train/std,13008896,1783858972.187313,2.427040815
train/std,13041664,1783858977.247414,2.434713602
train/std,13074432,1783858982.388674,2.440705299
train/std,13107200,1783858987.334355,2.447618723
train/std,13139968,1783858993.007753,2.454857826
train/std,13172736,1783858998.102104,2.464509249
train/std,13205504,1783859002.778072,2.4696033
train/std,13238272,1783859007.469701,2.477883816
train/std,13271040,1783859012.261450,2.48541522
train/std,13303808,1783859017.246838,2.488638163
train/std,13336576,1783859022.185383,2.493688583
train/std,13369344,1783859026.897581,2.498351574
train/std,13402112,1783859031.595661,2.507079124
train/std,13434880,1783859036.394015,2.513502836
train/std,13467648,1783859041.085727,2.514368534
train/std,13500416,1783859045.786974,2.523156166
train/std,13533184,1783859050.478007,2.528052807
train/std,13565952,1783859055.152088,2.535928965
train/std,13598720,1783859059.841030,2.534475565
train/std,13631488,1783859064.499319,2.547564507
train/std,13664256,1783859069.191245,2.554129601
train/std,13697024,1783859073.861726,2.560270786
train/std,13729792,1783859078.547311,2.568042994
train/std,13762560,1783859083.252467,2.576279879
train/std,13795328,1783859087.935246,2.579340935
train/std,13828096,1783859092.705822,2.585281372
train/std,13860864,1783859097.593870,2.589276791
train/std,13893632,1783859102.348746,2.593987226
train/std,13926400,1783859107.026730,2.598997831
train/std,13959168,1783859111.744009,2.606798172
train/std,13991936,1783859116.460647,2.61290288
train/std,14024704,1783859121.176476,2.618471622
train/std,14057472,1783859125.861529,2.623707533
train/std,14090240,1783859130.844464,2.62996459
train/std,14123008,1783859135.887960,2.638945103
train/std,14155776,1783859140.711291,2.641466856
train/std,14188544,1783859145.445786,2.643168449
train/std,14221312,1783859150.227758,2.648994446
train/std,14254080,1783859154.979681,2.655040026
train/std,14286848,1783859159.926375,2.661371469
train/std,14319616,1783859164.928338,2.671000719
train/std,14352384,1783859169.618069,2.675549269
train/std,14385152,1783859174.401090,2.681463957
train/std,14417920,1783859179.110256,2.685329437
train/std,14450688,1783859183.816458,2.690780878
train/std,14483456,1783859188.545179,2.696186066
train/std,14516224,1783859193.538412,2.703255892
train/std,14548992,1783859199.106925,2.711748362
train/std,14581760,1783859203.872289,2.721108198
train/std,14614528,1783859208.713899,2.723706007
train/std,14647296,1783859213.404033,2.728815317
train/std,14680064,1783859218.304646,2.732095003
train/std,14712832,1783859222.994206,2.735699892
train/std,14745600,1783859227.691946,2.743831873
train/std,14778368,1783859232.359063,2.747262716
train/std,14811136,1783859237.047568,2.751971006
train/std,14843904,1783859241.726546,2.761173964
train/std,14876672,1783859246.409087,2.769889116
train/std,14909440,1783859251.068909,2.776152849
train/std,14942208,1783859255.734224,2.778121948
train/std,14974976,1783859260.429998,2.784644365
train/std,15007744,1783859265.079582,2.78968358
train/std,15040512,1783859269.736521,2.791459322
train/std,15073280,1783859274.393496,2.795795679
train/std,15106048,1783859279.289670,2.803162575
train/std,15138816,1783859283.957248,2.806460142
train/std,15171584,1783859288.873852,2.81191802
train/std,15204352,1783859293.899234,2.818426132
train/std,15237120,1783859298.642279,2.826836824
train/std,15269888,1783859303.483797,2.83840394
train/std,15302656,1783859308.339239,2.841926336
train/std,15335424,1783859313.043955,2.85039258
train/std,15368192,1783859317.827595,2.854698896
train/std,15400960,1783859322.448151,2.861012697
train/std,15433728,1783859327.220317,2.863855362
train/std,15466496,1783859332.116158,2.868168831
train/std,15499264,1783859337.891730,2.868894577
train/std,15532032,1783859342.497954,2.872647285
train/std,15564800,1783859347.228165,2.879714966
train/std,15597568,1783859351.909347,2.888998747
train/std,15630336,1783859356.651557,2.889540911
train/std,15663104,1783859361.280994,2.899433136
train/std,15695872,1783859366.033196,2.905044556
train/std,15728640,1783859370.744512,2.907759905
train/std,15761408,1783859375.491728,2.915338755
train/std,15794176,1783859380.664137,2.920642138
train/std,15826944,1783859385.526320,2.92338872
train/std,15859712,1783859390.250815,2.92718482
train/std,15892480,1783859395.231331,2.933813095
train/std,15925248,1783859400.287701,2.943184614
train/std,15958016,1783859405.212694,2.949450731
train/std,15990784,1783859410.130527,2.955240488
train/std,16023552,1783859415.091542,2.959976196
train/std,16056320,1783859419.884070,2.971075296
train/std,16089088,1783859424.664014,2.981425047
train/std,16121856,1783859429.445443,2.986023664
train/std,16154624,1783859434.321138,2.987412453
train/std,16187392,1783859439.100809,2.9911623
train/std,16220160,1783859443.859975,2.997647285
train/std,16252928,1783859448.917356,3.008809328
train/std,16285696,1783859453.641748,3.01220417
train/std,16318464,1783859458.555253,3.018357038
train/std,16351232,1783859463.492072,3.027236223
train/std,16384000,1783859468.521039,3.035697937
train/std,16416768,1783859473.460770,3.042606354
train/std,16449536,1783859478.205788,3.053714991
train/std,16482304,1783859482.980900,3.058319092
train/std,16515072,1783859487.910264,3.064843416
train/std,16547840,1783859492.985528,3.06718564
train/std,16580608,1783859497.958941,3.073331594
train/std,16613376,1783859502.893088,3.0799191
train/std,16646144,1783859507.851524,3.085815191
train/std,16678912,1783859512.776334,3.09404397
train/std,16711680,1783859517.840114,3.098112822
train/std,16744448,1783859522.969255,3.102406502
train/std,16777216,1783859527.991079,3.111629486
train/std,16809984,1783859532.939703,3.11971736
train/std,16842752,1783859537.709115,3.125885248
train/std,16875520,1783859542.425418,3.128977776
train/std,16908288,1783859547.175478,3.138194799
train/std,16941056,1783859551.918229,3.141467333
train/std,16973824,1783859556.642633,3.147150755
train/std,17006592,1783859561.382493,3.154811859
train/std,17039360,1783859566.083477,3.157393217
train/std,17072128,1783859570.911843,3.165697336
train/std,17104896,1783859575.721439,3.173476219
train/std,17137664,1783859580.865129,3.183777571
train/std,17170432,1783859586.011024,3.192354918
train/std,17203200,1783859590.721433,3.194961309
train/std,17235968,1783859595.312996,3.200098991
train/std,17268736,1783859599.900619,3.207807302
train/std,17301504,1783859604.447302,3.209303856
train/std,17334272,1783859609.098174,3.212168455
train/std,17367040,1783859613.691173,3.22004962
train/std,17399808,1783859618.279190,3.224552155
train/std,17432576,1783859622.859151,3.233006716
train/std,17465344,1783859627.442967,3.241004944
train/std,17498112,1783859631.990045,3.248083353
train/std,17530880,1783859636.819822,3.254889488
train/std,17563648,1783859641.737008,3.260785818
train/std,17596416,1783859646.747624,3.270524263
train/std,17629184,1783859651.740604,3.277989388
train/std,17661952,1783859656.957332,3.279157877
train/std,17694720,1783859661.966342,3.282273054
train/std,17727488,1783859667.062556,3.287696838
train/std,17760256,1783859672.106621,3.290008307
train/std,17793024,1783859677.030403,3.293947935
train/std,17825792,1783859681.935815,3.304786682
train/std,17858560,1783859686.557536,3.310186625
train/std,17891328,1783859691.427424,3.322962523
train/std,17924096,1783859696.419295,3.330385447
train/std,17956864,1783859701.416845,3.332639694
train/std,17989632,1783859706.317026,3.338124037
train/std,18022400,1783859711.153202,3.343488693
train/std,18055168,1783859716.111373,3.340699434
train/std,18087936,1783859720.982374,3.343631744
train/std,18120704,1783859725.942561,3.350528479
train/std,18153472,1783859730.932928,3.356386423
train/std,18186240,1783859735.986815,3.364443064
train/std,18219008,1783859741.213686,3.371140718
train/std,18251776,1783859746.787463,3.376177549
train/std,18284544,1783859751.591178,3.381516695
train/std,18317312,1783859756.474788,3.389455557
train/std,18350080,1783859761.156792,3.392359972
train/std,18382848,1783859765.867174,3.401469469
train/std,18415616,1783859770.544834,3.405716658
train/std,18448384,1783859775.397009,3.414189577
train/std,18481152,1783859780.146213,3.420317411
train/std,18513920,1783859784.861442,3.423141718
train/std,18546688,1783859789.762589,3.432574034
train/std,18579456,1783859794.499611,3.435661077
train/std,18612224,1783859799.182012,3.441661119
train/std,18644992,1783859804.131509,3.445478201
train/std,18677760,1783859808.850663,3.449377775
train/std,18710528,1783859813.516040,3.46030879
train/std,18743296,1783859818.441351,3.465269804
train/std,18776064,1783859822.933091,3.473017931
train/std,18808832,1783859827.523584,3.473293066
train/std,18841600,1783859832.036627,3.478607416
train/std,18874368,1783859836.995698,3.481907606
train/std,18907136,1783859841.919881,3.48692441
train/std,18939904,1783859846.990917,3.488448381
train/std,18972672,1783859851.944748,3.493220091
train/std,19005440,1783859856.925315,3.502044678
train/std,19038208,1783859861.554973,3.508034706
train/std,19070976,1783859866.148056,3.51947093
train/std,19103744,1783859870.853344,3.526770353
train/std,19136512,1783859875.538029,3.539366484
train/std,19169280,1783859880.141711,3.552088022
train/std,19202048,1783859884.778952,3.558071852
train/std,19234816,1783859889.458879,3.568098783
train/std,19267584,1783859894.142554,3.57593894
train/std,19300352,1783859898.810439,3.578562975
train/std,19333120,1783859903.395100,3.584663153
train/std,19365888,1783859907.936466,3.590333939
train/std,19398656,1783859912.503303,3.593556166
train/std,19431424,1783859917.012417,3.598496199
train/std,19464192,1783859921.532803,3.609875441
train/std,19496960,1783859926.036094,3.618186951
train/std,19529728,1783859930.584357,3.622691393
train/std,19562496,1783859935.113834,3.63171649
train/std,19595264,1783859939.862752,3.635976791
train/std,19628032,1783859944.308066,3.642412186
train/std,19660800,1783859948.763874,3.648720026
train/std,19693568,1783859953.200782,3.656867266
train/std,19726336,1783859957.625479,3.670710325
train/std,19759104,1783859962.034968,3.676361084
train/std,19791872,1783859966.490560,3.680903196
train/std,19824640,1783859970.948031,3.686943054
train/std,19857408,1783859975.474500,3.693405151
train/std,19890176,1783859979.886375,3.699139357
train/std,19922944,1783859984.372200,3.69524312
train/std,19955712,1783859988.850478,3.703751326
train/std,19988480,1783859993.299753,3.712336302
train/std,20021248,1783859997.993955,3.719504356
train/value_loss,65536,1783857064.786064,0.02612833306
train/value_loss,98304,1783857069.727205,0.01225386094
train/value_loss,131072,1783857074.478391,0.01126840245
train/value_loss,163840,1783857079.687096,0.009958474897
train/value_loss,196608,1783857084.633774,0.009082072414
train/value_loss,229376,1783857089.487434,0.01023562439
train/value_loss,262144,1783857094.402722,0.01041148789
train/value_loss,294912,1783857099.309787,0.007951581851
train/value_loss,327680,1783857104.133110,0.007511760574
train/value_loss,360448,1783857108.928856,0.006135290489
train/value_loss,393216,1783857113.752348,0.006488333922
train/value_loss,425984,1783857118.683278,0.005753031932
train/value_loss,458752,1783857123.447921,0.005951219238
train/value_loss,491520,1783857128.161474,0.005347339436
train/value_loss,524288,1783857132.992851,0.005042363424
train/value_loss,557056,1783857137.862593,0.005771148019
train/value_loss,589824,1783857142.783503,0.00556337228
train/value_loss,622592,1783857147.670209,0.005828571972
train/value_loss,655360,1783857152.630024,0.004801965784
train/value_loss,688128,1783857157.580314,0.004646619316
train/value_loss,720896,1783857162.505233,0.003698575776
train/value_loss,753664,1783857167.410527,0.003799291793
train/value_loss,786432,1783857172.318841,0.00308104651
train/value_loss,819200,1783857177.395236,0.003128095996
train/value_loss,851968,1783857182.358646,0.002931786003
train/value_loss,884736,1783857187.195494,0.002660264261
train/value_loss,917504,1783857192.005921,0.002985256724
train/value_loss,950272,1783857196.928178,0.003116446082
train/value_loss,983040,1783857201.894143,0.002620836487
train/value_loss,1015808,1783857206.574666,0.002736389637
train/value_loss,1048576,1783857211.309177,0.003402961185
train/value_loss,1081344,1783857215.982265,0.002713531954
train/value_loss,1114112,1783857220.900817,0.002817475703
train/value_loss,1146880,1783857225.961409,0.002412004163
train/value_loss,1179648,1783857231.007228,0.002254188759
train/value_loss,1212416,1783857236.119304,0.002305432223
train/value_loss,1245184,1783857241.216967,0.002788904589
train/value_loss,1277952,1783857246.157096,0.002642868552
train/value_loss,1310720,1783857250.718464,0.002692279173
train/value_loss,1343488,1783857255.437783,0.002426376566
train/value_loss,1376256,1783857260.076407,0.002631526208
train/value_loss,1409024,1783857264.593198,0.002704466227
train/value_loss,1441792,1783857269.094725,0.002826694399
train/value_loss,1474560,1783857273.644696,0.002696358599
train/value_loss,1507328,1783857278.502325,0.002808504272
train/value_loss,1540096,1783857283.028164,0.002519338159
train/value_loss,1572864,1783857287.561992,0.002649574773
train/value_loss,1605632,1783857292.217169,0.00353358034
train/value_loss,1638400,1783857297.014683,0.002144601662
train/value_loss,1671168,1783857301.569853,0.002661859849
train/value_loss,1703936,1783857306.128660,0.002540505258
train/value_loss,1736704,1783857310.624324,0.002849328797
train/value_loss,1769472,1783857315.437790,0.002311130753
train/value_loss,1802240,1783857320.015671,0.002126564737
train/value_loss,1835008,1783857324.663390,0.00230825739
train/value_loss,1867776,1783857329.380084,0.002502865158
train/value_loss,1900544,1783857334.103919,0.002246348187
train/value_loss,1933312,1783857338.731179,0.001862013363
train/value_loss,1966080,1783857343.723106,0.002660126425
train/value_loss,1998848,1783857348.513592,0.002310534706
train/value_loss,2031616,1783857353.301844,0.002902614418
train/value_loss,2064384,1783857358.239641,0.00225646235
train/value_loss,2097152,1783857363.056460,0.002656900557
train/value_loss,2129920,1783857367.791088,0.002892130055
train/value_loss,2162688,1783857372.604359,0.003162258072
train/value_loss,2195456,1783857377.517165,0.002598375781
train/value_loss,2228224,1783857382.468682,0.003039629199
train/value_loss,2260992,1783857387.329420,0.002249492798
train/value_loss,2293760,1783857392.368746,0.002017762279
train/value_loss,2326528,1783857397.277347,0.002855656203
train/value_loss,2359296,1783857402.124046,0.002397662262
train/value_loss,2392064,1783857406.964592,0.002785877557
train/value_loss,2424832,1783857411.866884,0.002227085177
train/value_loss,2457600,1783857416.815240,0.00228489982
train/value_loss,2490368,1783857421.490961,0.002651457209
train/value_loss,2523136,1783857426.272980,0.0024189502
train/value_loss,2555904,1783857431.158988,0.002529560123
train/value_loss,2588672,1783857436.125858,0.002504641656
train/value_loss,2621440,1783857440.975166,0.002754499437
train/value_loss,2654208,1783857445.786738,0.002490074374
train/value_loss,2686976,1783857450.775103,0.002691748319
train/value_loss,2719744,1783857455.632334,0.002369778696
train/value_loss,2752512,1783857460.451437,0.00228344393
train/value_loss,2785280,1783857465.150155,0.002116666641
train/value_loss,2818048,1783857470.042981,0.002324696165
train/value_loss,2850816,1783857474.916668,0.002557600616
train/value_loss,2883584,1783857479.919711,0.002635808429
train/value_loss,2916352,1783857485.095798,0.002559274668
train/value_loss,2949120,1783857490.083741,0.00270725973
train/value_loss,2981888,1783857494.959692,0.002766893478
train/value_loss,3014656,1783857499.939300,0.002450347412
train/value_loss,3047424,1783857504.736009,0.002559560584
train/value_loss,3080192,1783857509.497974,0.002324604196
train/value_loss,3112960,1783857514.279666,0.002801647177
train/value_loss,3145728,1783857519.080977,0.002665740671
train/value_loss,3178496,1783857523.838047,0.002644627122
train/value_loss,3211264,1783857528.597008,0.002403174527
train/value_loss,3244032,1783857533.211517,0.002476410707
train/value_loss,3276800,1783857538.114086,0.002355735051
train/value_loss,3309568,1783857542.998904,0.002643170301
train/value_loss,3342336,1783857547.769669,0.002499188296
train/value_loss,3375104,1783857552.341667,0.002487031743
train/value_loss,3407872,1783857557.043700,0.003074445296
train/value_loss,3440640,1783857561.987864,0.002431637142
train/value_loss,3473408,1783857566.719621,0.0025932875
train/value_loss,3506176,1783857571.451252,0.002705441788
train/value_loss,3538944,1783857576.311923,0.0024425101
train/value_loss,3571712,1783857581.050837,0.002906474518
train/value_loss,3604480,1783857585.764113,0.003255418735
train/value_loss,3637248,1783857590.335245,0.002566806041
train/value_loss,3670016,1783857594.898183,0.002411442343
train/value_loss,3702784,1783857599.545202,0.002625018125
train/value_loss,3735552,1783857604.192165,0.002753744135
train/value_loss,3768320,1783857608.797531,0.002493864857
train/value_loss,3801088,1783857613.384054,0.002533520339
train/value_loss,3833856,1783857618.062510,0.002713447437
train/value_loss,3866624,1783857622.967088,0.003232299117
train/value_loss,3899392,1783857627.927464,0.002489325358
train/value_loss,3932160,1783857632.685589,0.002770612948
train/value_loss,3964928,1783857637.357309,0.002947545843
train/value_loss,3997696,1783857641.802780,0.002604898531
train/value_loss,4030464,1783857646.296986,0.002809236525
train/value_loss,4063232,1783857651.091257,0.002821344649
train/value_loss,4096000,1783857655.726660,0.002447159728
train/value_loss,4128768,1783857660.462604,0.002455066424
train/value_loss,4161536,1783857665.454202,0.002188201761
train/value_loss,4194304,1783857670.410731,0.002163949423
train/value_loss,4227072,1783857675.171455,0.002499579685
train/value_loss,4259840,1783857679.966685,0.002518535126
train/value_loss,4292608,1783857684.747324,0.002171162982
train/value_loss,4325376,1783857689.502381,0.00247079879
train/value_loss,4358144,1783857694.252378,0.002434053924
train/value_loss,4390912,1783857699.014031,0.002064232947
train/value_loss,4423680,1783857703.767792,0.002552024322
train/value_loss,4456448,1783857708.508440,0.00227443804
train/value_loss,4489216,1783857713.232316,0.002264097333
train/value_loss,4521984,1783857718.049685,0.002657118486
train/value_loss,4554752,1783857722.906475,0.003146219999
train/value_loss,4587520,1783857727.678872,0.002512992825
train/value_loss,4620288,1783857732.427368,0.002729027765
train/value_loss,4653056,1783857737.169418,0.003199784318
train/value_loss,4685824,1783857742.002796,0.00310808327
train/value_loss,4718592,1783857746.981504,0.002770728897
train/value_loss,4751360,1783857751.951809,0.003019515425
train/value_loss,4784128,1783857756.860570,0.002062554238
train/value_loss,4816896,1783857761.942398,0.002534176921
train/value_loss,4849664,1783857766.833596,0.003034381662
train/value_loss,4882432,1783857771.755302,0.00318756653
train/value_loss,4915200,1783857776.863945,0.00307872612
train/value_loss,4947968,1783857781.838335,0.003072245279
train/value_loss,4980736,1783857786.775197,0.003424364142
train/value_loss,5013504,1783857791.769601,0.002927907743
train/value_loss,5046272,1783857796.673518,0.002906213747
train/value_loss,5079040,1783857801.351010,0.002330267802
train/value_loss,5111808,1783857806.140903,0.002987332875
train/value_loss,5144576,1783857811.010550,0.003088793019
train/value_loss,5177344,1783857815.885875,0.002361636842
train/value_loss,5210112,1783857820.663713,0.002512545325
train/value_loss,5242880,1783857825.650265,0.002825049916
train/value_loss,5275648,1783857830.539203,0.002964271
train/value_loss,5308416,1783857835.301515,0.002764864592
train/value_loss,5341184,1783857839.945551,0.002547987737
train/value_loss,5373952,1783857844.384838,0.002341764513
train/value_loss,5406720,1783857848.821836,0.002482511336
train/value_loss,5439488,1783857853.254632,0.002539182082
train/value_loss,5472256,1783857857.718380,0.003249069676
train/value_loss,5505024,1783857862.182064,0.002476862632
train/value_loss,5537792,1783857866.631219,0.002645557281
train/value_loss,5570560,1783857871.069105,0.003059127135
train/value_loss,5603328,1783857875.537617,0.003530693706
train/value_loss,5636096,1783857879.977784,0.002137542935
train/value_loss,5668864,1783857884.576876,0.00202222541
train/value_loss,5701632,1783857889.405334,0.002868385287
train/value_loss,5734400,1783857894.014740,0.002707823645
train/value_loss,5767168,1783857898.650599,0.002833969193
train/value_loss,5799936,1783857903.315617,0.00247312081
train/value_loss,5832704,1783857908.037411,0.002824320225
train/value_loss,5865472,1783857912.704334,0.002580636181
train/value_loss,5898240,1783857917.390284,0.002379240468
train/value_loss,5931008,1783857922.021084,0.002558692126
train/value_loss,5963776,1783857926.689837,0.002951754024
train/value_loss,5996544,1783857931.424823,0.003310593776
train/value_loss,6029312,1783857936.226608,0.003350080457
train/value_loss,6062080,1783857940.894751,0.00229441165
train/value_loss,6094848,1783857945.520520,0.002337715821
train/value_loss,6127616,1783857950.219448,0.002749431645
train/value_loss,6160384,1783857955.005748,0.002344727283
train/value_loss,6193152,1783857959.801060,0.002783818869
train/value_loss,6225920,1783857965.482769,0.003034966066
train/value_loss,6258688,1783857970.248089,0.002193527296
train/value_loss,6291456,1783857974.850287,0.002588813193
train/value_loss,6324224,1783857979.430017,0.003033167217
train/value_loss,6356992,1783857984.019817,0.003228266258
train/value_loss,6389760,1783857988.716978,0.003153742524
train/value_loss,6422528,1783857993.454993,0.002454675967
train/value_loss,6455296,1783857998.186444,0.002999944147
train/value_loss,6488064,1783858002.775617,0.00231634872
train/value_loss,6520832,1783858007.588239,0.00265500322
train/value_loss,6553600,1783858012.276285,0.002825999632
train/value_loss,6586368,1783858017.021402,0.002792367246
train/value_loss,6619136,1783858022.214392,0.002840304514
train/value_loss,6651904,1783858026.940550,0.003133383812
train/value_loss,6684672,1783858031.778248,0.002651535906
train/value_loss,6717440,1783858036.658475,0.003221246181
train/value_loss,6750208,1783858041.144508,0.002712702146
train/value_loss,6782976,1783858045.626292,0.002937884536
train/value_loss,6815744,1783858050.111108,0.002361269668
train/value_loss,6848512,1783858054.547459,0.003282765159
train/value_loss,6881280,1783858059.076255,0.003306841012
train/value_loss,6914048,1783858063.569550,0.003319109324
train/value_loss,6946816,1783858068.136098,0.002930937102
train/value_loss,6979584,1783858072.782180,0.003345338395
train/value_loss,7012352,1783858077.337763,0.003559572157
train/value_loss,7045120,1783858081.968270,0.002059277613
train/value_loss,7077888,1783858086.553467,0.002580156783
train/value_loss,7110656,1783858091.245211,0.002649655333
train/value_loss,7143424,1783858095.903278,0.002777927322
train/value_loss,7176192,1783858100.535320,0.002668520669
train/value_loss,7208960,1783858105.190028,0.002366011962
train/value_loss,7241728,1783858109.879631,0.002203835174
train/value_loss,7274496,1783858114.723580,0.002704522805
train/value_loss,7307264,1783858119.401206,0.002308467403
train/value_loss,7340032,1783858124.062834,0.002491318854
train/value_loss,7372800,1783858128.910144,0.002724822843
train/value_loss,7405568,1783858133.577334,0.003192649689
train/value_loss,7438336,1783858138.260706,0.002549565397
train/value_loss,7471104,1783858142.870290,0.002930941293
train/value_loss,7503872,1783858147.497641,0.002331008436
train/value_loss,7536640,1783858152.116894,0.003087414894
train/value_loss,7569408,1783858156.701265,0.002908746712
train/value_loss,7602176,1783858161.277248,0.002944165608
train/value_loss,7634944,1783858165.941649,0.002635786775
train/value_loss,7667712,1783858170.544786,0.0023395936
train/value_loss,7700480,1783858175.146578,0.002359842649
train/value_loss,7733248,1783858179.786335,0.002883577952
train/value_loss,7766016,1783858184.592145,0.002740393626
train/value_loss,7798784,1783858189.382202,0.003031837288
train/value_loss,7831552,1783858194.176911,0.002716407878
train/value_loss,7864320,1783858199.157499,0.00191227789
train/value_loss,7897088,1783858204.020348,0.002118005184
train/value_loss,7929856,1783858209.554047,0.002912169322
train/value_loss,7962624,1783858214.504374,0.002360239625
train/value_loss,7995392,1783858219.321405,0.002915346995
train/value_loss,8028160,1783858224.278423,0.002224117517
train/value_loss,8060928,1783858229.404722,0.003342103213
train/value_loss,8093696,1783858234.173088,0.003149567172
train/value_loss,8126464,1783858239.283951,0.002472128486
train/value_loss,8159232,1783858244.108597,0.003161905799
train/value_loss,8192000,1783858248.925030,0.002992025111
train/value_loss,8224768,1783858253.759852,0.002281404566
train/value_loss,8257536,1783858258.823064,0.00213138503
train/value_loss,8290304,1783858263.787606,0.0020075785
train/value_loss,8323072,1783858268.653922,0.002347258385
train/value_loss,8355840,1783858273.479821,0.002275909763
train/value_loss,8388608,1783858278.291833,0.00242367154
train/value_loss,8421376,1783858283.127481,0.002368990565
train/value_loss,8454144,1783858287.890060,0.002110632369
train/value_loss,8486912,1783858292.646331,0.002921311883
train/value_loss,8519680,1783858297.598906,0.002635704819
train/value_loss,8552448,1783858302.427763,0.002728020772
train/value_loss,8585216,1783858307.277495,0.001980402274
train/value_loss,8617984,1783858312.429817,0.002258484717
train/value_loss,8650752,1783858317.555374,0.002269726247
train/value_loss,8683520,1783858322.547427,0.002046479844
train/value_loss,8716288,1783858327.455531,0.002897520317
train/value_loss,8749056,1783858332.354950,0.002990401816
train/value_loss,8781824,1783858337.212597,0.002710015979
train/value_loss,8814592,1783858342.084015,0.002983315149
train/value_loss,8847360,1783858346.964906,0.002288007643
train/value_loss,8880128,1783858351.841151,0.002224204596
train/value_loss,8912896,1783858356.831640,0.003161210567
train/value_loss,8945664,1783858361.765191,0.002210872481
train/value_loss,8978432,1783858366.599717,0.002326193731
train/value_loss,9011200,1783858371.565216,0.002992799738
train/value_loss,9043968,1783858376.475685,0.003084755037
train/value_loss,9076736,1783858381.320689,0.002251650207
train/value_loss,9109504,1783858386.264065,0.003062953241
train/value_loss,9142272,1783858391.246516,0.002440966433
train/value_loss,9175040,1783858395.921012,0.002697504126
train/value_loss,9207808,1783858400.597591,0.002728734165
train/value_loss,9240576,1783858405.289897,0.003068075748
train/value_loss,9273344,1783858410.128783,0.00246775127
train/value_loss,9306112,1783858415.299526,0.00229560514
train/value_loss,9338880,1783858420.309517,0.003023105208
train/value_loss,9371648,1783858425.256912,0.002926901449
train/value_loss,9404416,1783858430.272618,0.002857089741
train/value_loss,9437184,1783858435.054582,0.002356876153
train/value_loss,9469952,1783858440.037658,0.002749230945
train/value_loss,9502720,1783858444.819415,0.002704228973
train/value_loss,9535488,1783858449.681611,0.003123956267
train/value_loss,9568256,1783858454.586895,0.002729191212
train/value_loss,9601024,1783858459.365956,0.00236828276
train/value_loss,9633792,1783858464.302099,0.002355506411
train/value_loss,9666560,1783858469.164869,0.002707867417
train/value_loss,9699328,1783858473.873365,0.003128243843
train/value_loss,9732096,1783858478.576062,0.002604133682
train/value_loss,9764864,1783858483.372541,0.002752769273
train/value_loss,9797632,1783858488.073849,0.002723831916
train/value_loss,9830400,1783858492.905133,0.002428501379
train/value_loss,9863168,1783858497.759833,0.002746260026
train/value_loss,9895936,1783858502.634112,0.002573360223
train/value_loss,9928704,1783858507.406502,0.002655417426
train/value_loss,9961472,1783858512.183916,0.002569641219
train/value_loss,9994240,1783858516.885163,0.002170386026
train/value_loss,10027008,1783858521.627157,0.002918234328
train/value_loss,10059776,1783858526.520936,0.002209073864
train/value_loss,10092544,1783858531.447402,0.00353731541
train/value_loss,10125312,1783858536.228590,0.002570296172
train/value_loss,10158080,1783858541.050003,0.002605786081
train/value_loss,10190848,1783858545.750084,0.002521899529
train/value_loss,10223616,1783858550.550743,0.00251267245
train/value_loss,10256384,1783858555.713688,0.002695700619
train/value_loss,10289152,1783858561.125681,0.002580926055
train/value_loss,10321920,1783858565.846032,0.002927107038
train/value_loss,10354688,1783858570.559062,0.002707583364
train/value_loss,10387456,1783858575.319730,0.003182871966
train/value_loss,10420224,1783858580.311294,0.002672686474
train/value_loss,10452992,1783858585.961964,0.002839677036
train/value_loss,10485760,1783858591.044906,0.003301066346
train/value_loss,10518528,1783858596.123808,0.003581659403
train/value_loss,10551296,1783858601.247224,0.002365906723
train/value_loss,10584064,1783858606.379638,0.001637780922
train/value_loss,10616832,1783858611.643726,0.002210010076
train/value_loss,10649600,1783858616.852528,0.001911596046
train/value_loss,10682368,1783858621.906157,0.002522619441
train/value_loss,10715136,1783858626.836669,0.003253697418
train/value_loss,10747904,1783858631.843967,0.002455736976
train/value_loss,10780672,1783858636.885237,0.00294110924
train/value_loss,10813440,1783858641.940567,0.002223183867
train/value_loss,10846208,1783858646.979284,0.003237089375
train/value_loss,10878976,1783858651.952900,0.002829056932
train/value_loss,10911744,1783858657.181701,0.003113356652
train/value_loss,10944512,1783858662.286937,0.002835445106
train/value_loss,10977280,1783858667.320395,0.00273363106
train/value_loss,11010048,1783858672.524519,0.002557572909
train/value_loss,11042816,1783858678.520265,0.002732830355
train/value_loss,11075584,1783858683.584570,0.002756746951
train/value_loss,11108352,1783858689.265788,0.003046158934
train/value_loss,11141120,1783858694.618347,0.002331898548
train/value_loss,11173888,1783858699.744482,0.00235407846
train/value_loss,11206656,1783858704.808772,0.003349508159
train/value_loss,11239424,1783858709.958659,0.003086195095
train/value_loss,11272192,1783858714.910828,0.002564724535
train/value_loss,11304960,1783858719.796961,0.003380541457
train/value_loss,11337728,1783858724.899485,0.002952946583
train/value_loss,11370496,1783858730.035237,0.003114832565
train/value_loss,11403264,1783858735.163145,0.002096259501
train/value_loss,11436032,1783858740.203212,0.002855199622
train/value_loss,11468800,1783858745.073673,0.003004144877
train/value_loss,11501568,1783858749.975390,0.00271342881
train/value_loss,11534336,1783858754.842354,0.002776233247
train/value_loss,11567104,1783858759.528828,0.002616080688
train/value_loss,11599872,1783858764.213389,0.002876787912
train/value_loss,11632640,1783858769.052176,0.002984454622
train/value_loss,11665408,1783858773.778030,0.002789151156
train/value_loss,11698176,1783858778.558296,0.00236818241
train/value_loss,11730944,1783858783.255171,0.002645167988
train/value_loss,11763712,1783858788.016564,0.00224939757
train/value_loss,11796480,1783858792.807230,0.002371127019
train/value_loss,11829248,1783858797.779141,0.002587503288
train/value_loss,11862016,1783858802.564044,0.002806657925
train/value_loss,11894784,1783858807.413497,0.002854122315
train/value_loss,11927552,1783858812.173067,0.00288969907
train/value_loss,11960320,1783858817.042312,0.002791283187
train/value_loss,11993088,1783858821.805372,0.002384014428
train/value_loss,12025856,1783858826.625112,0.002859790111
train/value_loss,12058624,1783858831.348594,0.003060667776
train/value_loss,12091392,1783858836.359492,0.002328756265
train/value_loss,12124160,1783858841.234500,0.002387259388
train/value_loss,12156928,1783858846.125158,0.002217671135
train/value_loss,12189696,1783858850.961512,0.002661277773
train/value_loss,12222464,1783858855.754372,0.002807598794
train/value_loss,12255232,1783858860.550308,0.003212110605
train/value_loss,12288000,1783858865.761855,0.001759543666
train/value_loss,12320768,1783858871.499237,0.002906207228
train/value_loss,12353536,1783858876.821221,0.003162592649
train/value_loss,12386304,1783858881.869448,0.002329636365
train/value_loss,12419072,1783858886.677446,0.003364419565
train/value_loss,12451840,1783858891.503199,0.002937930403
train/value_loss,12484608,1783858896.345462,0.002762172837
train/value_loss,12517376,1783858901.148514,0.002801785478
train/value_loss,12550144,1783858905.973330,0.003171201563
train/value_loss,12582912,1783858910.699669,0.00244450802
train/value_loss,12615680,1783858915.422144,0.002712544054
train/value_loss,12648448,1783858920.261804,0.003443477442
train/value_loss,12681216,1783858925.100251,0.002868989017
train/value_loss,12713984,1783858929.931068,0.002212410327
train/value_loss,12746752,1783858934.848017,0.002497083042
train/value_loss,12779520,1783858939.730185,0.002503888449
train/value_loss,12812288,1783858944.300146,0.00245127175
train/value_loss,12845056,1783858948.965839,0.002277341206
train/value_loss,12877824,1783858953.596424,0.002744990401
train/value_loss,12910592,1783858958.214438,0.003045224585
train/value_loss,12943360,1783858962.854582,0.002185524674
train/value_loss,12976128,1783858967.535894,0.002528545447
train/value_loss,13008896,1783858972.187524,0.002462092787
train/value_loss,13041664,1783858977.247554,0.002562875394
train/value_loss,13074432,1783858982.388891,0.00261416682
train/value_loss,13107200,1783858987.334504,0.002878948115
train/value_loss,13139968,1783858993.007954,0.003287750296
train/value_loss,13172736,1783858998.102283,0.003152344609
train/value_loss,13205504,1783859002.778309,0.002937972546
train/value_loss,13238272,1783859007.469923,0.002544045215
train/value_loss,13271040,1783859012.261667,0.002450816333
train/value_loss,13303808,1783859017.247042,0.002787742065
train/value_loss,13336576,1783859022.185619,0.002218441339
train/value_loss,13369344,1783859026.897833,0.001939540729
train/value_loss,13402112,1783859031.595903,0.002468961058
train/value_loss,13434880,1783859036.394253,0.002343478147
train/value_loss,13467648,1783859041.085955,0.002925703535
train/value_loss,13500416,1783859045.787207,0.003295217175
train/value_loss,13533184,1783859050.478232,0.002438200638
train/value_loss,13565952,1783859055.152283,0.002752575325
train/value_loss,13598720,1783859059.841280,0.002020756947
train/value_loss,13631488,1783859064.499546,0.002760220086
train/value_loss,13664256,1783859069.191469,0.002834435785
train/value_loss,13697024,1783859073.861927,0.003177526407
train/value_loss,13729792,1783859078.547481,0.002176343696
train/value_loss,13762560,1783859083.255968,0.002674057148
train/value_loss,13795328,1783859087.935474,0.002163113561
train/value_loss,13828096,1783859092.706020,0.002623625565
train/value_loss,13860864,1783859097.594115,0.002066683723
train/value_loss,13893632,1783859102.348986,0.00257678004
train/value_loss,13926400,1783859107.026969,0.002585661365
train/value_loss,13959168,1783859111.744250,0.003300298704
train/value_loss,13991936,1783859116.460882,0.002355450764
train/value_loss,14024704,1783859121.176721,0.002425777493
train/value_loss,14057472,1783859125.861792,0.00263634813
train/value_loss,14090240,1783859130.844684,0.002444828162
train/value_loss,14123008,1783859135.888168,0.002356866607
train/value_loss,14155776,1783859140.711495,0.002972883871
train/value_loss,14188544,1783859145.446005,0.003517092206
train/value_loss,14221312,1783859150.228009,0.002895005746
train/value_loss,14254080,1783859154.979985,0.00247122813
train/value_loss,14286848,1783859159.926622,0.002947101835
train/value_loss,14319616,1783859164.928517,0.003138061846
train/value_loss,14352384,1783859169.618304,0.002976438962
train/value_loss,14385152,1783859174.401375,0.002687191823
train/value_loss,14417920,1783859179.110457,0.00244617206
train/value_loss,14450688,1783859183.816662,0.002548797522
train/value_loss,14483456,1783859188.545385,0.003310248721
train/value_loss,14516224,1783859193.538532,0.002736408031
train/value_loss,14548992,1783859199.107107,0.003092511557
train/value_loss,14581760,1783859203.872562,0.003359443974
train/value_loss,14614528,1783859208.714107,0.001905929297
train/value_loss,14647296,1783859213.404264,0.002626020694
train/value_loss,14680064,1783859218.304839,0.003067741171
train/value_loss,14712832,1783859222.994439,0.002969122725
train/value_loss,14745600,1783859227.692147,0.002210181905
train/value_loss,14778368,1783859232.359300,0.003034383524
train/value_loss,14811136,1783859237.047791,0.002391805639
train/value_loss,14843904,1783859241.726785,0.002475144807
train/value_loss,14876672,1783859246.409284,0.002312372439
train/value_loss,14909440,1783859251.069099,0.002118152566
train/value_loss,14942208,1783859255.734423,0.002582931658
train/value_loss,14974976,1783859260.430227,0.001914286288
train/value_loss,15007744,1783859265.079808,0.003093689447
train/value_loss,15040512,1783859269.736731,0.002511895727
train/value_loss,15073280,1783859274.393676,0.003036744194
train/value_loss,15106048,1783859279.292110,0.002253896557
train/value_loss,15138816,1783859283.957415,0.002444763435
train/value_loss,15171584,1783859288.874122,0.003103571711
train/value_loss,15204352,1783859293.899482,0.002147953259
train/value_loss,15237120,1783859298.642472,0.002691127593
train/value_loss,15269888,1783859303.484034,0.002507527126
train/value_loss,15302656,1783859308.339449,0.003090122715
train/value_loss,15335424,1783859313.044189,0.002695734845
train/value_loss,15368192,1783859317.827832,0.003259505378
train/value_loss,15400960,1783859322.448395,0.003172735916
train/value_loss,15433728,1783859327.220509,0.001842962345
train/value_loss,15466496,1783859332.116389,0.002965861931
train/value_loss,15499264,1783859337.892039,0.002304877853
train/value_loss,15532032,1783859342.498198,0.002676559612
train/value_loss,15564800,1783859347.228391,0.00232230383
train/value_loss,15597568,1783859351.909623,0.003023864236
train/value_loss,15630336,1783859356.651737,0.002685095882
train/value_loss,15663104,1783859361.281227,0.002649543108
train/value_loss,15695872,1783859366.033452,0.002791753504
train/value_loss,15728640,1783859370.744711,0.0020932802
train/value_loss,15761408,1783859375.491911,0.002688879613
train/value_loss,15794176,1783859380.664309,0.003213658929
train/value_loss,15826944,1783859385.526505,0.002340160776
train/value_loss,15859712,1783859390.251021,0.002776520327
train/value_loss,15892480,1783859395.231536,0.002354111057
train/value_loss,15925248,1783859400.287913,0.00310265203
train/value_loss,15958016,1783859405.212898,0.002911150688
train/value_loss,15990784,1783859410.130715,0.002487475518
train/value_loss,16023552,1783859415.091776,0.003021707991
train/value_loss,16056320,1783859419.884257,0.00280831079
train/value_loss,16089088,1783859424.664215,0.002420099219
train/value_loss,16121856,1783859429.445688,0.003155401442
train/value_loss,16154624,1783859434.321352,0.002253730549
train/value_loss,16187392,1783859439.101150,0.002280104207
train/value_loss,16220160,1783859443.860185,0.002332002623
train/value_loss,16252928,1783859448.917532,0.002278409433
train/value_loss,16285696,1783859453.641910,0.002308144467
train/value_loss,16318464,1783859458.555430,0.002931694034
train/value_loss,16351232,1783859463.492277,0.002944023581
train/value_loss,16384000,1783859468.521173,0.002492516302
train/value_loss,16416768,1783859473.460992,0.002665934153
train/value_loss,16449536,1783859478.206040,0.002634000964
train/value_loss,16482304,1783859482.981092,0.0028221549
train/value_loss,16515072,1783859487.910463,0.002468765946
train/value_loss,16547840,1783859492.985737,0.002000636654
train/value_loss,16580608,1783859497.959193,0.003014284652
train/value_loss,16613376,1783859502.893347,0.002940709936
train/value_loss,16646144,1783859507.851733,0.002246859018
train/value_loss,16678912,1783859512.776511,0.002920631319
train/value_loss,16711680,1783859517.840306,0.003103961237
train/value_loss,16744448,1783859522.969437,0.002723742975
train/value_loss,16777216,1783859527.991325,0.002415035153
train/value_loss,16809984,1783859532.939913,0.002406979445
train/value_loss,16842752,1783859537.709341,0.002770630876
train/value_loss,16875520,1783859542.425653,0.002719428157
train/value_loss,16908288,1783859547.175698,0.002943861997
train/value_loss,16941056,1783859551.918432,0.001942577655
train/value_loss,16973824,1783859556.642840,0.002500415314
train/value_loss,17006592,1783859561.382689,0.001889754203
train/value_loss,17039360,1783859566.083701,0.002380131744
train/value_loss,17072128,1783859570.912127,0.002334636636
train/value_loss,17104896,1783859575.721625,0.002243106253
train/value_loss,17137664,1783859580.865465,0.002673706738
train/value_loss,17170432,1783859586.011320,0.002300400287
train/value_loss,17203200,1783859590.721629,0.002602521097
train/value_loss,17235968,1783859595.313200,0.002140779048
train/value_loss,17268736,1783859599.900881,0.002557604341
train/value_loss,17301504,1783859604.447508,0.001775775803
train/value_loss,17334272,1783859609.098413,0.002069363603
train/value_loss,17367040,1783859613.691363,0.002301472006
train/value_loss,17399808,1783859618.279410,0.00300338259
train/value_loss,17432576,1783859622.859384,0.002036555437
train/value_loss,17465344,1783859627.443188,0.003073846223
train/value_loss,17498112,1783859631.990270,0.002651427174
train/value_loss,17530880,1783859636.820018,0.002383182058
train/value_loss,17563648,1783859641.737201,0.002826083452
train/value_loss,17596416,1783859646.747810,0.002612646902
train/value_loss,17629184,1783859651.740793,0.002643356565
train/value_loss,17661952,1783859656.957548,0.002761331154
train/value_loss,17694720,1783859661.966572,0.002361888997
train/value_loss,17727488,1783859667.062768,0.002408934291
train/value_loss,17760256,1783859672.106822,0.002844610717
train/value_loss,17793024,1783859677.030630,0.002938962309
train/value_loss,17825792,1783859681.936075,0.002670852933
train/value_loss,17858560,1783859686.557732,0.001851857291
train/value_loss,17891328,1783859691.427609,0.002118578646
train/value_loss,17924096,1783859696.419519,0.001965181204
train/value_loss,17956864,1783859701.417045,0.002247067168
train/value_loss,17989632,1783859706.317232,0.001768074115
train/value_loss,18022400,1783859711.153387,0.002250502817
train/value_loss,18055168,1783859716.111582,0.001516219229
train/value_loss,18087936,1783859720.982590,0.002322691493
train/value_loss,18120704,1783859725.942825,0.001960740192
train/value_loss,18153472,1783859730.933124,0.002373832045
train/value_loss,18186240,1783859735.986991,0.00285914354
train/value_loss,18219008,1783859741.213898,0.002342342865
train/value_loss,18251776,1783859746.787648,0.00220748526
train/value_loss,18284544,1783859751.591406,0.002400619909
train/value_loss,18317312,1783859756.474983,0.002786064986
train/value_loss,18350080,1783859761.156977,0.002817767207
train/value_loss,18382848,1783859765.867369,0.002532712184
train/value_loss,18415616,1783859770.545035,0.002191212494
train/value_loss,18448384,1783859775.397220,0.002820951631
train/value_loss,18481152,1783859780.146449,0.002672856441
train/value_loss,18513920,1783859784.861684,0.001904745353
train/value_loss,18546688,1783859789.762804,0.002043746645
train/value_loss,18579456,1783859794.499814,0.002395944903
train/value_loss,18612224,1783859799.182253,0.002065346343
train/value_loss,18644992,1783859804.131704,0.001692916267
train/value_loss,18677760,1783859808.850847,0.002128578722
train/value_loss,18710528,1783859813.516233,0.002036473248
train/value_loss,18743296,1783859818.441562,0.001665423973
train/value_loss,18776064,1783859822.933284,0.002432420617
train/value_loss,18808832,1783859827.523800,0.002357668942
train/value_loss,18841600,1783859832.036864,0.00218069111
train/value_loss,18874368,1783859836.995894,0.002155206399
train/value_loss,18907136,1783859841.920155,0.002395563992
train/value_loss,18939904,1783859846.991176,0.001859404962
train/value_loss,18972672,1783859851.944950,0.002566437935
train/value_loss,19005440,1783859856.925581,0.002534709405
train/value_loss,19038208,1783859861.555194,0.002701232908
train/value_loss,19070976,1783859866.148260,0.002048104769
train/value_loss,19103744,1783859870.853532,0.001792088267
train/value_loss,19136512,1783859875.538202,0.002334955148
train/value_loss,19169280,1783859880.141862,0.002644383116
train/value_loss,19202048,1783859884.779189,0.003147822339
train/value_loss,19234816,1783859889.459090,0.002356361365
train/value_loss,19267584,1783859894.142753,0.002525827615
train/value_loss,19300352,1783859898.810681,0.002226175275
train/value_loss,19333120,1783859903.395320,0.00228989101
train/value_loss,19365888,1783859907.936658,0.002012735233
train/value_loss,19398656,1783859912.503538,0.002426950494
train/value_loss,19431424,1783859917.012641,0.002401789417
train/value_loss,19464192,1783859921.533022,0.003018775955
train/value_loss,19496960,1783859926.036324,0.002683456987
train/value_loss,19529728,1783859930.584470,0.002326100366
train/value_loss,19562496,1783859935.114022,0.002240615198
train/value_loss,19595264,1783859939.863040,0.002368102083
train/value_loss,19628032,1783859944.308287,0.002238179324
train/value_loss,19660800,1783859948.764092,0.002422738587
train/value_loss,19693568,1783859953.201015,0.002331367461
train/value_loss,19726336,1783859957.625686,0.002936258679
train/value_loss,19759104,1783859962.035184,0.002670491813
train/value_loss,19791872,1783859966.490842,0.002268082928
train/value_loss,19824640,1783859970.948271,0.002110518748
train/value_loss,19857408,1783859975.474733,0.002878751839
train/value_loss,19890176,1783859979.886618,0.002632640302
train/value_loss,19922944,1783859984.372435,0.002259180415
train/value_loss,19955712,1783859988.850700,0.002513461979
train/value_loss,19988480,1783859993.299996,0.00230594282
train/value_loss,20021248,1783859997.994164,0.002013215097
