tag,step,wall_time,value
rollout/ep_len_mean,32768,1786512496.107877,885.9714355
rollout/ep_len_mean,65536,1786512501.246923,880.8168945
rollout/ep_len_mean,98304,1786512506.370602,906.1099854
rollout/ep_len_mean,131072,1786512511.536639,909.4199829
rollout/ep_len_mean,163840,1786512516.693939,894.6300049
rollout/ep_len_mean,196608,1786512521.850050,899.789978
rollout/ep_len_mean,229376,1786512526.922042,884.710022
rollout/ep_len_mean,262144,1786512531.994910,883.5900269
rollout/ep_len_mean,294912,1786512537.144490,886.9799805
rollout/ep_len_mean,327680,1786512542.315321,876.6199951
rollout/ep_len_mean,360448,1786512547.430113,899.1699829
rollout/ep_len_mean,393216,1786512552.631406,900.2299805
rollout/ep_len_mean,425984,1786512557.794829,919.039978
rollout/ep_len_mean,458752,1786512562.991196,910.3599854
rollout/ep_len_mean,491520,1786512568.165931,901.6099854
rollout/ep_len_mean,524288,1786512573.366091,888.3099976
rollout/ep_len_mean,557056,1786512578.517000,883.3400269
rollout/ep_len_mean,589824,1786512583.689551,848.9699707
rollout/ep_len_mean,622592,1786512588.862661,874.2299805
rollout/ep_len_mean,655360,1786512594.067245,868.4299927
rollout/ep_len_mean,688128,1786512599.225494,896.7399902
rollout/ep_len_mean,720896,1786512604.415103,903.6799927
rollout/ep_len_mean,753664,1786512609.572546,909.0300293
rollout/ep_len_mean,786432,1786512614.760506,922.0800171
rollout/ep_len_mean,819200,1786512619.932813,911.0900269
rollout/ep_len_mean,851968,1786512625.116293,892.1199951
rollout/ep_len_mean,884736,1786512630.294776,879.1699829
rollout/ep_len_mean,917504,1786512635.473964,915.4000244
rollout/ep_len_mean,950272,1786512640.604008,901.289978
rollout/ep_len_mean,983040,1786512645.777673,914.4099731
rollout/ep_len_mean,1015808,1786512650.936457,890.5999756
rollout/ep_len_mean,1048576,1786512656.096235,891.7600098
rollout/ep_len_mean,1081344,1786512661.236932,873.1099854
rollout/ep_len_mean,1114112,1786512666.417468,886.5
rollout/ep_len_mean,1146880,1786512671.579310,872.9299927
rollout/ep_len_mean,1179648,1786512676.719648,859.6699829
rollout/ep_len_mean,1212416,1786512681.867995,869.1599731
rollout/ep_len_mean,1245184,1786512687.013467,916.8800049
rollout/ep_len_mean,1277952,1786512692.192400,922.9699707
rollout/ep_len_mean,1310720,1786512697.316646,895.1699829
rollout/ep_len_mean,1343488,1786512702.470272,841.5999756
rollout/ep_len_mean,1376256,1786512707.604700,862.2399902
rollout/ep_len_mean,1409024,1786512712.790916,905.4000244
rollout/ep_len_mean,1441792,1786512717.926826,906.3599854
rollout/ep_len_mean,1474560,1786512723.105977,913.1400146
rollout/ep_len_mean,1507328,1786512728.245404,918.4500122
rollout/ep_len_mean,1540096,1786512733.415400,928.1300049
rollout/ep_len_mean,1572864,1786512738.576321,920.4000244
rollout/ep_len_mean,1605632,1786512743.764723,925.9500122
rollout/ep_len_mean,1638400,1786512748.893883,904.960022
rollout/ep_len_mean,1671168,1786512754.099093,921.0599976
rollout/ep_len_mean,1703936,1786512759.233936,907.1900024
rollout/ep_len_mean,1736704,1786512764.403719,910.4899902
rollout/ep_len_mean,1769472,1786512769.528560,893.210022
rollout/ep_len_mean,1802240,1786512774.687355,903.710022
rollout/ep_len_mean,1835008,1786512779.806772,892.5999756
rollout/ep_len_mean,1867776,1786512784.964377,894.8099976
rollout/ep_len_mean,1900544,1786512790.082874,908.289978
rollout/ep_len_mean,1933312,1786512795.246272,915.5800171
rollout/ep_len_mean,1966080,1786512800.362600,913.5900269
rollout/ep_len_mean,1998848,1786512805.560407,909.1599731
rollout/ep_len_mean,2031616,1786512810.691163,901.3599854
rollout/ep_len_mean,2064384,1786512815.853644,886.6599731
rollout/ep_len_mean,2097152,1786512820.955343,898.5
rollout/ep_len_mean,2129920,1786512826.089305,898.7800293
rollout/ep_len_mean,2162688,1786512831.236074,891.5
rollout/ep_len_mean,2195456,1786512836.386051,912.3099976
rollout/ep_len_mean,2228224,1786512841.490963,904.3300171
rollout/ep_len_mean,2260992,1786512846.604815,892.7299805
rollout/ep_len_mean,2293760,1786512851.716310,887.0499878
rollout/ep_len_mean,2326528,1786512856.847552,894.9500122
rollout/ep_len_mean,2359296,1786512861.964409,898.0200195
rollout/ep_len_mean,2392064,1786512867.075595,882.5900269
rollout/ep_len_mean,2424832,1786512872.213218,864.0900269
rollout/ep_len_mean,2457600,1786512877.302378,878.3499756
rollout/ep_len_mean,2490368,1786512882.449397,871.9799805
rollout/ep_len_mean,2523136,1786512887.533153,914.7999878
rollout/ep_len_mean,2555904,1786512892.659658,881.289978
rollout/ep_len_mean,2588672,1786512897.747360,867.8800049
rollout/ep_len_mean,2621440,1786512902.886961,838.8800049
rollout/ep_len_mean,2654208,1786512908.004426,873.3099976
rollout/ep_len_mean,2686976,1786512913.149339,860.8699951
rollout/ep_len_mean,2719744,1786512918.250568,889.789978
rollout/ep_len_mean,2752512,1786512923.358392,874.5100098
rollout/ep_len_mean,2785280,1786512928.477689,853.1599731
rollout/ep_len_mean,2818048,1786512933.628646,833.6799927
rollout/ep_len_mean,2850816,1786512938.712495,845.460022
rollout/ep_len_mean,2883584,1786512943.831180,888.8699951
rollout/ep_len_mean,2916352,1786512948.937691,872.7199707
rollout/ep_len_mean,2949120,1786512954.080334,874.75
rollout/ep_len_mean,2981888,1786512959.165273,863.8099976
rollout/ep_len_mean,3014656,1786512964.294473,882.7000122
rollout/ep_len_mean,3047424,1786512969.391202,865.1599731
rollout/ep_len_mean,3080192,1786512974.543341,862.9699707
rollout/ep_len_mean,3112960,1786512979.643175,845.75
rollout/ep_len_mean,3145728,1786512984.752314,842.9899902
rollout/ep_len_mean,3178496,1786512989.850173,847.7800293
rollout/ep_len_mean,3211264,1786512994.975036,912.0499878
rollout/ep_len_mean,3244032,1786513000.087620,906.3800049
rollout/ep_len_mean,3276800,1786513005.215732,893.4400024
rollout/ep_len_mean,3309568,1786513010.299311,884.4899902
rollout/ep_len_mean,3342336,1786513015.424170,896.4400024
rollout/ep_len_mean,3375104,1786513020.527706,891.2299805
rollout/ep_len_mean,3407872,1786513025.672770,890.289978
rollout/ep_len_mean,3440640,1786513030.757827,892.0800171
rollout/ep_len_mean,3473408,1786513035.889788,876.8200073
rollout/ep_len_mean,3506176,1786513040.973350,857.5999756
rollout/ep_len_mean,3538944,1786513046.118969,842.0800171
rollout/ep_len_mean,3571712,1786513051.231767,877.8900146
rollout/ep_len_mean,3604480,1786513056.356240,910.1099854
rollout/ep_len_mean,3637248,1786513061.462605,930.8900146
rollout/ep_len_mean,3670016,1786513066.571735,916.6400146
rollout/ep_len_mean,3702784,1786513071.701021,922.8599854
rollout/ep_len_mean,3735552,1786513076.797196,921.0300293
rollout/ep_len_mean,3768320,1786513081.906384,910
rollout/ep_len_mean,3801088,1786513086.986000,902.1699829
rollout/ep_len_mean,3833856,1786513092.126792,904.0300293
rollout/ep_len_mean,3866624,1786513097.230634,898.539978
rollout/ep_len_mean,3899392,1786513102.347333,891.2299805
rollout/ep_len_mean,3932160,1786513107.415667,865.4799805
rollout/ep_len_mean,3964928,1786513112.530599,863.0700073
rollout/ep_len_mean,3997696,1786513117.679921,900
rollout/ep_len_mean,4030464,1786513122.811692,934.9099731
rollout/ep_len_mean,4063232,1786513127.903695,927.3499756
rollout/ep_len_mean,4096000,1786513133.034568,892.3499756
rollout/ep_len_mean,4128768,1786513138.127498,872.0200195
rollout/ep_len_mean,4161536,1786513143.284126,827.6799927
rollout/ep_len_mean,4194304,1786513148.363086,849.2299805
rollout/ep_len_mean,4227072,1786513153.504155,863.6900024
rollout/ep_len_mean,4259840,1786513158.588509,862.0599976
rollout/ep_len_mean,4292608,1786513163.723450,847.3300171
rollout/ep_len_mean,4325376,1786513168.816463,826.0700073
rollout/ep_len_mean,4358144,1786513173.917576,897.1199951
rollout/ep_len_mean,4390912,1786513178.992901,911.4899902
rollout/ep_len_mean,4423680,1786513184.109467,908.5999756
rollout/ep_len_mean,4456448,1786513189.216525,833.5800171
rollout/ep_len_mean,4489216,1786513194.349530,873.4000244
rollout/ep_len_mean,4521984,1786513199.428059,872.1400146
rollout/ep_len_mean,4554752,1786513204.527698,909.7299805
rollout/ep_len_mean,4587520,1786513209.627005,883.4000244
rollout/ep_len_mean,4620288,1786513214.810396,892.2600098
rollout/ep_len_mean,4653056,1786513219.897552,880.3400269
rollout/ep_len_mean,4685824,1786513225.023640,895.539978
rollout/ep_len_mean,4718592,1786513230.103015,909.5900269
rollout/ep_len_mean,4751360,1786513235.237098,893.8099976
rollout/ep_len_mean,4784128,1786513240.316286,903.6699829
rollout/ep_len_mean,4816896,1786513245.460881,891.0200195
rollout/ep_len_mean,4849664,1786513250.544761,895.7000122
rollout/ep_len_mean,4882432,1786513255.672388,885.7999878
rollout/ep_len_mean,4915200,1786513260.769399,899.289978
rollout/ep_len_mean,4947968,1786513265.917113,906.8900146
rollout/ep_len_mean,4980736,1786513270.987721,947.5999756
rollout/ep_len_mean,5013504,1786513276.107853,960.289978
rollout/ep_len_mean,5046272,1786513281.194039,923.3400269
rollout/ep_len_mean,5079040,1786513286.332079,906.8400269
rollout/ep_len_mean,5111808,1786513291.425358,876.460022
rollout/ep_len_mean,5144576,1786513296.520193,856.2000122
rollout/ep_len_mean,5177344,1786513301.631435,861.1699829
rollout/ep_len_mean,5210112,1786513306.748103,882.6799927
rollout/ep_len_mean,5242880,1786513311.913982,889.4299927
rollout/ep_len_mean,5275648,1786513317.025456,879.3400269
rollout/ep_len_mean,5308416,1786513322.143257,917.039978
rollout/ep_len_mean,5341184,1786513327.234449,930.8900146
rollout/ep_len_mean,5373952,1786513332.357935,939.1400146
rollout/ep_len_mean,5406720,1786513337.465227,931.2000122
rollout/ep_len_mean,5439488,1786513342.581599,902.4899902
rollout/ep_len_mean,5472256,1786513347.685086,912.3099976
rollout/ep_len_mean,5505024,1786513352.826321,894.539978
rollout/ep_len_mean,5537792,1786513357.938041,905.9099731
rollout/ep_len_mean,5570560,1786513363.081148,904.2199707
rollout/ep_len_mean,5603328,1786513368.176802,913.4799805
rollout/ep_len_mean,5636096,1786513373.318745,859.0900269
rollout/ep_len_mean,5668864,1786513378.425302,865.4199829
rollout/ep_len_mean,5701632,1786513383.561351,886.8800049
rollout/ep_len_mean,5734400,1786513388.686711,901.4199829
rollout/ep_len_mean,5767168,1786513393.809459,895.7700195
rollout/ep_len_mean,5799936,1786513398.974442,895.5300293
rollout/ep_len_mean,5832704,1786513404.131551,914.7299805
rollout/ep_len_mean,5865472,1786513409.223857,924.1500244
rollout/ep_len_mean,5898240,1786513414.353003,888.3400269
rollout/ep_len_mean,5931008,1786513419.443491,854.8499756
rollout/ep_len_mean,5963776,1786513424.566649,861.710022
rollout/ep_len_mean,5996544,1786513429.682493,880.3699951
rollout/ep_len_mean,6029312,1786513434.812278,891.6400146
rollout/ep_len_mean,6062080,1786513439.888906,887.3800049
rollout/ep_len_mean,6094848,1786513445.006055,883.8099976
rollout/ep_len_mean,6127616,1786513450.105958,901.8699951
rollout/ep_len_mean,6160384,1786513455.253643,910.0200195
rollout/ep_len_mean,6193152,1786513460.354866,890.6099854
rollout/ep_len_mean,6225920,1786513465.474952,900.5599976
rollout/ep_len_mean,6258688,1786513470.562250,915.5999756
rollout/ep_len_mean,6291456,1786513475.700755,934.5999756
rollout/ep_len_mean,6324224,1786513480.786855,893.2399902
rollout/ep_len_mean,6356992,1786513485.909367,885.9000244
rollout/ep_len_mean,6389760,1786513490.991227,889.4099731
rollout/ep_len_mean,6422528,1786513496.139401,889.039978
rollout/ep_len_mean,6455296,1786513501.258226,869.0900269
rollout/ep_len_mean,6488064,1786513506.378640,871.9400024
rollout/ep_len_mean,6520832,1786513511.484767,880.9000244
rollout/ep_len_mean,6553600,1786513516.598447,923.3400269
rollout/ep_len_mean,6586368,1786513521.709865,942.1300049
rollout/ep_len_mean,6619136,1786513526.846757,937.1799927
rollout/ep_len_mean,6651904,1786513531.970205,932.4099731
rollout/ep_len_mean,6684672,1786513537.066393,911.9199829
rollout/ep_len_mean,6717440,1786513542.207389,921.8099976
rollout/ep_len_mean,6750208,1786513547.319152,864.0200195
rollout/ep_len_mean,6782976,1786513552.454261,819.9799805
rollout/ep_len_mean,6815744,1786513557.549396,825.039978
rollout/ep_len_mean,6848512,1786513562.667079,852.6799927
rollout/ep_len_mean,6881280,1786513567.761523,891.9099731
rollout/ep_len_mean,6914048,1786513572.914255,911.0300293
rollout/ep_len_mean,6946816,1786513578.000232,890.5499878
rollout/ep_len_mean,6979584,1786513583.129995,871.1400146
rollout/ep_len_mean,7012352,1786513588.239815,905.5
rollout/ep_len_mean,7045120,1786513593.387222,911.9199829
rollout/ep_len_mean,7077888,1786513598.494582,890.9400024
rollout/ep_len_mean,7110656,1786513603.631634,882.9400024
rollout/ep_len_mean,7143424,1786513608.732365,898.1099854
rollout/ep_len_mean,7176192,1786513613.875609,913.9799805
rollout/ep_len_mean,7208960,1786513618.989171,923.3900146
rollout/ep_len_mean,7241728,1786513624.127572,903.4899902
rollout/ep_len_mean,7274496,1786513629.214055,887.2800293
rollout/ep_len_mean,7307264,1786513634.335022,877.6300049
rollout/ep_len_mean,7340032,1786513639.436974,908.4099731
rollout/ep_len_mean,7372800,1786513644.582295,910.289978
rollout/ep_len_mean,7405568,1786513649.676132,920.3599854
rollout/ep_len_mean,7438336,1786513654.790260,894
rollout/ep_len_mean,7471104,1786513659.885732,887.0999756
rollout/ep_len_mean,7503872,1786513665.015326,876.9099731
rollout/ep_len_mean,7536640,1786513670.125762,885.4299927
rollout/ep_len_mean,7569408,1786513675.248790,891.3900146
rollout/ep_len_mean,7602176,1786513680.338619,889.9699707
rollout/ep_len_mean,7634944,1786513685.473911,900.5
rollout/ep_len_mean,7667712,1786513690.589160,907.5999756
rollout/ep_len_mean,7700480,1786513695.746641,879.3699951
rollout/ep_len_mean,7733248,1786513700.849495,909.1400146
rollout/ep_len_mean,7766016,1786513705.973555,934.4400024
rollout/ep_len_mean,7798784,1786513711.058584,948.6099854
rollout/ep_len_mean,7831552,1786513716.236502,903.5100098
rollout/ep_len_mean,7864320,1786513721.335672,873.4699707
rollout/ep_len_mean,7897088,1786513726.446828,869.9199829
rollout/ep_len_mean,7929856,1786513731.566305,922.4400024
rollout/ep_len_mean,7962624,1786513736.703405,924.5200195
rollout/ep_len_mean,7995392,1786513741.823954,921.7000122
rollout/ep_len_mean,8028160,1786513746.925848,916.9199829
rollout/ep_rew_mean,32768,1786512496.107912,70.51729584
rollout/ep_rew_mean,65536,1786512501.246942,70.93539429
rollout/ep_rew_mean,98304,1786512506.370618,73.21240997
rollout/ep_rew_mean,131072,1786512511.536657,73.26246643
rollout/ep_rew_mean,163840,1786512516.693957,71.21999359
rollout/ep_rew_mean,196608,1786512521.850067,72.01517487
rollout/ep_rew_mean,229376,1786512526.922059,70.98730469
rollout/ep_rew_mean,262144,1786512531.994927,71.84786224
rollout/ep_rew_mean,294912,1786512537.144506,71.45761871
rollout/ep_rew_mean,327680,1786512542.315342,69.51650238
rollout/ep_rew_mean,360448,1786512547.430132,71.06594086
rollout/ep_rew_mean,393216,1786512552.631424,72.91351318
rollout/ep_rew_mean,425984,1786512557.794846,74.68241119
rollout/ep_rew_mean,458752,1786512562.991217,74.36418152
rollout/ep_rew_mean,491520,1786512568.165952,73.15163422
rollout/ep_rew_mean,524288,1786512573.366114,71.56058502
rollout/ep_rew_mean,557056,1786512578.517017,70.5537262
rollout/ep_rew_mean,589824,1786512583.689568,68.8605423
rollout/ep_rew_mean,622592,1786512588.862679,71.1068573
rollout/ep_rew_mean,655360,1786512594.067263,69.93881989
rollout/ep_rew_mean,688128,1786512599.225513,73.4081955
rollout/ep_rew_mean,720896,1786512604.415122,73.82498932
rollout/ep_rew_mean,753664,1786512609.572563,74.61782837
rollout/ep_rew_mean,786432,1786512614.760524,75.42980957
rollout/ep_rew_mean,819200,1786512619.932835,75.02126312
rollout/ep_rew_mean,851968,1786512625.116312,72.91299438
rollout/ep_rew_mean,884736,1786512630.294792,71.06373596
rollout/ep_rew_mean,917504,1786512635.473983,74.1643219
rollout/ep_rew_mean,950272,1786512640.604024,72.17305756
rollout/ep_rew_mean,983040,1786512645.777691,73.77470398
rollout/ep_rew_mean,1015808,1786512650.936496,72.38304901
rollout/ep_rew_mean,1048576,1786512656.096251,72.79992676
rollout/ep_rew_mean,1081344,1786512661.236949,71.48155212
rollout/ep_rew_mean,1114112,1786512666.417490,73.02848053
rollout/ep_rew_mean,1146880,1786512671.579333,71.2305603
rollout/ep_rew_mean,1179648,1786512676.719664,68.62780762
rollout/ep_rew_mean,1212416,1786512681.868020,70.5213623
rollout/ep_rew_mean,1245184,1786512687.013484,75.2008667
rollout/ep_rew_mean,1277952,1786512692.192422,75.69786072
rollout/ep_rew_mean,1310720,1786512697.316670,73.06874847
rollout/ep_rew_mean,1343488,1786512702.470288,68.61357117
rollout/ep_rew_mean,1376256,1786512707.604721,70.70118713
rollout/ep_rew_mean,1409024,1786512712.790938,73.86293793
rollout/ep_rew_mean,1441792,1786512717.926843,74.71042633
rollout/ep_rew_mean,1474560,1786512723.105994,75.68505859
rollout/ep_rew_mean,1507328,1786512728.245421,75.83878326
rollout/ep_rew_mean,1540096,1786512733.415417,75.9640274
rollout/ep_rew_mean,1572864,1786512738.576337,75.62410736
rollout/ep_rew_mean,1605632,1786512743.764740,75.75570679
rollout/ep_rew_mean,1638400,1786512748.893905,73.67359161
rollout/ep_rew_mean,1671168,1786512754.099110,74.42366028
rollout/ep_rew_mean,1703936,1786512759.233954,73.97420502
rollout/ep_rew_mean,1736704,1786512764.403746,73.41146851
rollout/ep_rew_mean,1769472,1786512769.528582,72.6656189
rollout/ep_rew_mean,1802240,1786512774.687378,73.85656738
rollout/ep_rew_mean,1835008,1786512779.806789,71.90229034
rollout/ep_rew_mean,1867776,1786512784.964394,72.01496887
rollout/ep_rew_mean,1900544,1786512790.082894,72.70511627
rollout/ep_rew_mean,1933312,1786512795.246296,74.9553299
rollout/ep_rew_mean,1966080,1786512800.362627,76.19077301
rollout/ep_rew_mean,1998848,1786512805.560424,76.16117096
rollout/ep_rew_mean,2031616,1786512810.691184,74.62572479
rollout/ep_rew_mean,2064384,1786512815.853662,72.80749512
rollout/ep_rew_mean,2097152,1786512820.955364,73.93000793
rollout/ep_rew_mean,2129920,1786512826.089323,74.25007629
rollout/ep_rew_mean,2162688,1786512831.236092,72.69774628
rollout/ep_rew_mean,2195456,1786512836.386070,73.94052124
rollout/ep_rew_mean,2228224,1786512841.490985,74.24468994
rollout/ep_rew_mean,2260992,1786512846.604840,73.3863678
rollout/ep_rew_mean,2293760,1786512851.716328,72.83889008
rollout/ep_rew_mean,2326528,1786512856.847571,73.15284729
rollout/ep_rew_mean,2359296,1786512861.964430,73.07014465
rollout/ep_rew_mean,2392064,1786512867.075611,71.6925354
rollout/ep_rew_mean,2424832,1786512872.213235,70.98270416
rollout/ep_rew_mean,2457600,1786512877.302400,72.07833099
rollout/ep_rew_mean,2490368,1786512882.449415,71.45715332
rollout/ep_rew_mean,2523136,1786512887.533169,75.4912262
rollout/ep_rew_mean,2555904,1786512892.659677,72.73920441
rollout/ep_rew_mean,2588672,1786512897.747377,71.61141205
rollout/ep_rew_mean,2621440,1786512902.886979,68.91918182
rollout/ep_rew_mean,2654208,1786512908.004443,72.12556458
rollout/ep_rew_mean,2686976,1786512913.149360,70.86034393
rollout/ep_rew_mean,2719744,1786512918.250586,73.75666046
rollout/ep_rew_mean,2752512,1786512923.358410,72.79594421
rollout/ep_rew_mean,2785280,1786512928.477712,71.56502533
rollout/ep_rew_mean,2818048,1786512933.628664,68.92658997
rollout/ep_rew_mean,2850816,1786512938.712517,69.60631561
rollout/ep_rew_mean,2883584,1786512943.831197,72.45074463
rollout/ep_rew_mean,2916352,1786512948.937709,71.14030457
rollout/ep_rew_mean,2949120,1786512954.080349,71.84937286
rollout/ep_rew_mean,2981888,1786512959.165290,71.19519043
rollout/ep_rew_mean,3014656,1786512964.294490,73.17110443
rollout/ep_rew_mean,3047424,1786512969.391219,72.050354
rollout/ep_rew_mean,3080192,1786512974.543360,72.05280304
rollout/ep_rew_mean,3112960,1786512979.643192,71.28533936
rollout/ep_rew_mean,3145728,1786512984.752331,70.64506531
rollout/ep_rew_mean,3178496,1786512989.850190,70.94801331
rollout/ep_rew_mean,3211264,1786512994.975057,75.94998932
rollout/ep_rew_mean,3244032,1786513000.087640,75.44280243
rollout/ep_rew_mean,3276800,1786513005.215751,73.78687286
rollout/ep_rew_mean,3309568,1786513010.299330,73.36808014
rollout/ep_rew_mean,3342336,1786513015.424193,75.20513153
rollout/ep_rew_mean,3375104,1786513020.527723,74.68379974
rollout/ep_rew_mean,3407872,1786513025.672787,73.55859375
rollout/ep_rew_mean,3440640,1786513030.757844,73.02096558
rollout/ep_rew_mean,3473408,1786513035.889808,72.82714081
rollout/ep_rew_mean,3506176,1786513040.973368,71.84549713
rollout/ep_rew_mean,3538944,1786513046.118989,69.92755127
rollout/ep_rew_mean,3571712,1786513051.231787,72.64897919
rollout/ep_rew_mean,3604480,1786513056.356257,75.66947174
rollout/ep_rew_mean,3637248,1786513061.462620,77.93125153
rollout/ep_rew_mean,3670016,1786513066.571752,75.93533325
rollout/ep_rew_mean,3702784,1786513071.701038,75.85188293
rollout/ep_rew_mean,3735552,1786513076.797214,76.03594971
rollout/ep_rew_mean,3768320,1786513081.906401,76.3769989
rollout/ep_rew_mean,3801088,1786513086.986017,75.41468048
rollout/ep_rew_mean,3833856,1786513092.126809,75.28034973
rollout/ep_rew_mean,3866624,1786513097.230652,74.58468628
rollout/ep_rew_mean,3899392,1786513102.347350,74.53585815
rollout/ep_rew_mean,3932160,1786513107.415689,72.04742432
rollout/ep_rew_mean,3964928,1786513112.530616,71.69438171
rollout/ep_rew_mean,3997696,1786513117.679937,73.85926056
rollout/ep_rew_mean,4030464,1786513122.811709,77.16921997
rollout/ep_rew_mean,4063232,1786513127.903712,77.92681122
rollout/ep_rew_mean,4096000,1786513133.034588,76.03082275
rollout/ep_rew_mean,4128768,1786513138.127514,73.81227875
rollout/ep_rew_mean,4161536,1786513143.284143,70.41249084
rollout/ep_rew_mean,4194304,1786513148.363104,70.6893692
rollout/ep_rew_mean,4227072,1786513153.504171,72.1164093
rollout/ep_rew_mean,4259840,1786513158.588527,71.53311157
rollout/ep_rew_mean,4292608,1786513163.723466,70.63039398
rollout/ep_rew_mean,4325376,1786513168.816482,69.55767059
rollout/ep_rew_mean,4358144,1786513173.917595,75.58498383
rollout/ep_rew_mean,4390912,1786513178.992918,76.49015045
rollout/ep_rew_mean,4423680,1786513184.109484,75.75753784
rollout/ep_rew_mean,4456448,1786513189.216541,69.0654068
rollout/ep_rew_mean,4489216,1786513194.349551,72.68681335
rollout/ep_rew_mean,4521984,1786513199.428077,72.82958984
rollout/ep_rew_mean,4554752,1786513204.527716,76.30944824
rollout/ep_rew_mean,4587520,1786513209.627022,72.97406769
rollout/ep_rew_mean,4620288,1786513214.810414,73.36658478
rollout/ep_rew_mean,4653056,1786513219.897573,71.73777008
rollout/ep_rew_mean,4685824,1786513225.023660,75.52207184
rollout/ep_rew_mean,4718592,1786513230.103040,76.87899017
rollout/ep_rew_mean,4751360,1786513235.237115,75.26950073
rollout/ep_rew_mean,4784128,1786513240.316304,75.38046265
rollout/ep_rew_mean,4816896,1786513245.460906,73.80223083
rollout/ep_rew_mean,4849664,1786513250.544778,74.96980286
rollout/ep_rew_mean,4882432,1786513255.672412,73.01693726
rollout/ep_rew_mean,4915200,1786513260.769416,74.76783752
rollout/ep_rew_mean,4947968,1786513265.917130,76.07053375
rollout/ep_rew_mean,4980736,1786513270.987740,80.76260376
rollout/ep_rew_mean,5013504,1786513276.107872,81.39315033
rollout/ep_rew_mean,5046272,1786513281.194058,77.74157715
rollout/ep_rew_mean,5079040,1786513286.332098,75.35138702
rollout/ep_rew_mean,5111808,1786513291.425374,72.05905914
rollout/ep_rew_mean,5144576,1786513296.520211,71.39672089
rollout/ep_rew_mean,5177344,1786513301.631451,72.9019165
rollout/ep_rew_mean,5210112,1786513306.748120,74.17182159
rollout/ep_rew_mean,5242880,1786513311.913999,74.37665558
rollout/ep_rew_mean,5275648,1786513317.025476,74.34204865
rollout/ep_rew_mean,5308416,1786513322.143274,78.45195007
rollout/ep_rew_mean,5341184,1786513327.234465,79.23879242
rollout/ep_rew_mean,5373952,1786513332.357952,79.43962097
rollout/ep_rew_mean,5406720,1786513337.465246,78.92440033
rollout/ep_rew_mean,5439488,1786513342.581617,76.71240234
rollout/ep_rew_mean,5472256,1786513347.685104,77.99784088
rollout/ep_rew_mean,5505024,1786513352.826338,76.40809631
rollout/ep_rew_mean,5537792,1786513357.938060,76.81322479
rollout/ep_rew_mean,5570560,1786513363.081165,76.33665466
rollout/ep_rew_mean,5603328,1786513368.176820,77.27874756
rollout/ep_rew_mean,5636096,1786513373.318762,71.6037674
rollout/ep_rew_mean,5668864,1786513378.425322,71.99292755
rollout/ep_rew_mean,5701632,1786513383.561369,74.30332184
rollout/ep_rew_mean,5734400,1786513388.686730,75.4444046
rollout/ep_rew_mean,5767168,1786513393.809480,74.61548615
rollout/ep_rew_mean,5799936,1786513398.974458,74.67874908
rollout/ep_rew_mean,5832704,1786513404.131568,76.79264832
rollout/ep_rew_mean,5865472,1786513409.223874,78.25904083
rollout/ep_rew_mean,5898240,1786513414.353020,74.36128998
rollout/ep_rew_mean,5931008,1786513419.443513,71.38679504
rollout/ep_rew_mean,5963776,1786513424.566668,71.66329193
rollout/ep_rew_mean,5996544,1786513429.682511,73.53335571
rollout/ep_rew_mean,6029312,1786513434.812296,74.99500275
rollout/ep_rew_mean,6062080,1786513439.888922,75.27478027
rollout/ep_rew_mean,6094848,1786513445.006073,74.66651154
rollout/ep_rew_mean,6127616,1786513450.105977,75.98127747
rollout/ep_rew_mean,6160384,1786513455.253661,77.53217316
rollout/ep_rew_mean,6193152,1786513460.354884,76.66191101
rollout/ep_rew_mean,6225920,1786513465.474969,77.75314331
rollout/ep_rew_mean,6258688,1786513470.562267,79.59748077
rollout/ep_rew_mean,6291456,1786513475.700772,81.16455078
rollout/ep_rew_mean,6324224,1786513480.786875,76.05235291
rollout/ep_rew_mean,6356992,1786513485.909385,74.62533569
rollout/ep_rew_mean,6389760,1786513490.991247,74.81941223
rollout/ep_rew_mean,6422528,1786513496.139418,75.91395569
rollout/ep_rew_mean,6455296,1786513501.258246,74.3955307
rollout/ep_rew_mean,6488064,1786513506.378658,73.55576324
rollout/ep_rew_mean,6520832,1786513511.484784,74.54107666
rollout/ep_rew_mean,6553600,1786513516.598464,78.23918915
rollout/ep_rew_mean,6586368,1786513521.709882,80.23064423
rollout/ep_rew_mean,6619136,1786513526.846774,78.846138
rollout/ep_rew_mean,6651904,1786513531.970222,78.59589386
rollout/ep_rew_mean,6684672,1786513537.066414,76.9604187
rollout/ep_rew_mean,6717440,1786513542.207408,79.33759308
rollout/ep_rew_mean,6750208,1786513547.319169,74.56820679
rollout/ep_rew_mean,6782976,1786513552.454278,70.2017746
rollout/ep_rew_mean,6815744,1786513557.549412,70.3012619
rollout/ep_rew_mean,6848512,1786513562.667097,72.92166901
rollout/ep_rew_mean,6881280,1786513567.761540,77.32248688
rollout/ep_rew_mean,6914048,1786513572.914271,78.99005127
rollout/ep_rew_mean,6946816,1786513578.000249,76.52899933
rollout/ep_rew_mean,6979584,1786513583.130017,73.72341919
rollout/ep_rew_mean,7012352,1786513588.239834,76.33813477
rollout/ep_rew_mean,7045120,1786513593.387243,77.85653687
rollout/ep_rew_mean,7077888,1786513598.494600,76.22895813
rollout/ep_rew_mean,7110656,1786513603.631651,76.27275085
rollout/ep_rew_mean,7143424,1786513608.732383,77.03903198
rollout/ep_rew_mean,7176192,1786513613.875625,78.90614319
rollout/ep_rew_mean,7208960,1786513618.989188,79.23958588
rollout/ep_rew_mean,7241728,1786513624.127590,76.5845871
rollout/ep_rew_mean,7274496,1786513629.214072,73.98309326
rollout/ep_rew_mean,7307264,1786513634.335040,73.23911285
rollout/ep_rew_mean,7340032,1786513639.436995,76.42689514
rollout/ep_rew_mean,7372800,1786513644.582312,77.44553375
rollout/ep_rew_mean,7405568,1786513649.676149,78.84647369
rollout/ep_rew_mean,7438336,1786513654.790290,76.92307281
rollout/ep_rew_mean,7471104,1786513659.885749,76.73675537
rollout/ep_rew_mean,7503872,1786513665.015343,75.3939743
rollout/ep_rew_mean,7536640,1786513670.125780,74.68727112
rollout/ep_rew_mean,7569408,1786513675.248807,75.73908234
rollout/ep_rew_mean,7602176,1786513680.338636,76.09842682
rollout/ep_rew_mean,7634944,1786513685.473930,77.85865784
rollout/ep_rew_mean,7667712,1786513690.589178,77.40718842
rollout/ep_rew_mean,7700480,1786513695.746659,75.32645416
rollout/ep_rew_mean,7733248,1786513700.849518,78.38990021
rollout/ep_rew_mean,7766016,1786513705.973576,80.80838013
rollout/ep_rew_mean,7798784,1786513711.058606,80.88755035
rollout/ep_rew_mean,7831552,1786513716.236524,76.06279755
rollout/ep_rew_mean,7864320,1786513721.335688,73.31421661
rollout/ep_rew_mean,7897088,1786513726.446849,73.47047424
rollout/ep_rew_mean,7929856,1786513731.566323,78.88835144
rollout/ep_rew_mean,7962624,1786513736.703422,80.01261139
rollout/ep_rew_mean,7995392,1786513741.823971,80.30961609
rollout/ep_rew_mean,8028160,1786513746.925866,79.39938354
time/fps,32768,1786512496.107929,12553
time/fps,65536,1786512501.246947,8457
time/fps,98304,1786512506.370622,7636
time/fps,131072,1786512511.536663,7266
time/fps,163840,1786512516.693962,7063
time/fps,196608,1786512521.850072,6934
time/fps,229376,1786512526.922064,6862
time/fps,262144,1786512531.994932,6809
time/fps,294912,1786512537.144511,6756
time/fps,327680,1786512542.315349,6712
time/fps,360448,1786512547.430137,6683
time/fps,393216,1786512552.631429,6649
time/fps,425984,1786512557.794851,6625
time/fps,458752,1786512562.991223,6601
time/fps,491520,1786512568.165958,6582
time/fps,524288,1786512573.366119,6564
time/fps,557056,1786512578.517022,6552
time/fps,589824,1786512583.689574,6539
time/fps,622592,1786512588.862684,6528
time/fps,655360,1786512594.067268,6516
time/fps,688128,1786512599.225518,6508
time/fps,720896,1786512604.415127,6499
time/fps,753664,1786512609.572567,6492
time/fps,786432,1786512614.760529,6485
time/fps,819200,1786512619.932840,6479
time/fps,851968,1786512625.116317,6473
time/fps,884736,1786512630.294797,6467
time/fps,917504,1786512635.473988,6462
time/fps,950272,1786512640.604029,6459
time/fps,983040,1786512645.777696,6455
time/fps,1015808,1786512650.936503,6452
time/fps,1048576,1786512656.096256,6448
time/fps,1081344,1786512661.236954,6446
time/fps,1114112,1786512666.417495,6442
time/fps,1146880,1786512671.579339,6440
time/fps,1179648,1786512676.719669,6438
time/fps,1212416,1786512681.868025,6436
time/fps,1245184,1786512687.013489,6434
time/fps,1277952,1786512692.192427,6431
time/fps,1310720,1786512697.316675,6430
time/fps,1343488,1786512702.470293,6429
time/fps,1376256,1786512707.604726,6427
time/fps,1409024,1786512712.790945,6425
time/fps,1441792,1786512717.926848,6424
time/fps,1474560,1786512723.105999,6422
time/fps,1507328,1786512728.245426,6421
time/fps,1540096,1786512733.415422,6419
time/fps,1572864,1786512738.576342,6417
time/fps,1605632,1786512743.764745,6415
time/fps,1638400,1786512748.893911,6415
time/fps,1671168,1786512754.099115,6412
time/fps,1703936,1786512759.233958,6412
time/fps,1736704,1786512764.403752,6410
time/fps,1769472,1786512769.528587,6410
time/fps,1802240,1786512774.687383,6409
time/fps,1835008,1786512779.806794,6409
time/fps,1867776,1786512784.964399,6408
time/fps,1900544,1786512790.082901,6408
time/fps,1933312,1786512795.246301,6407
time/fps,1966080,1786512800.362633,6406
time/fps,1998848,1786512805.560429,6405
time/fps,2031616,1786512810.691189,6404
time/fps,2064384,1786512815.853667,6404
time/fps,2097152,1786512820.955371,6404
time/fps,2129920,1786512826.089328,6404
time/fps,2162688,1786512831.236097,6403
time/fps,2195456,1786512836.386075,6402
time/fps,2228224,1786512841.490992,6403
time/fps,2260992,1786512846.604847,6403
time/fps,2293760,1786512851.716333,6403
time/fps,2326528,1786512856.847576,6402
time/fps,2359296,1786512861.964437,6403
time/fps,2392064,1786512867.075616,6403
time/fps,2424832,1786512872.213240,6402
time/fps,2457600,1786512877.302407,6403
time/fps,2490368,1786512882.449420,6402
time/fps,2523136,1786512887.533175,6403
time/fps,2555904,1786512892.659682,6403
time/fps,2588672,1786512897.747382,6403
time/fps,2621440,1786512902.886984,6403
time/fps,2654208,1786512908.004448,6403
time/fps,2686976,1786512913.149366,6402
time/fps,2719744,1786512918.250591,6403
time/fps,2752512,1786512923.358415,6403
time/fps,2785280,1786512928.477719,6403
time/fps,2818048,1786512933.628669,6402
time/fps,2850816,1786512938.712522,6403
time/fps,2883584,1786512943.831202,6403
time/fps,2916352,1786512948.937714,6403
time/fps,2949120,1786512954.080354,6403
time/fps,2981888,1786512959.165295,6403
time/fps,3014656,1786512964.294495,6403
time/fps,3047424,1786512969.391224,6403
time/fps,3080192,1786512974.543365,6403
time/fps,3112960,1786512979.643197,6403
time/fps,3145728,1786512984.752336,6403
time/fps,3178496,1786512989.850195,6403
time/fps,3211264,1786512994.975062,6403
time/fps,3244032,1786513000.087647,6403
time/fps,3276800,1786513005.215756,6403
time/fps,3309568,1786513010.299335,6403
time/fps,3342336,1786513015.424198,6403
time/fps,3375104,1786513020.527728,6404
time/fps,3407872,1786513025.672792,6403
time/fps,3440640,1786513030.757849,6404
time/fps,3473408,1786513035.889815,6403
time/fps,3506176,1786513040.973373,6404
time/fps,3538944,1786513046.118994,6403
time/fps,3571712,1786513051.231792,6403
time/fps,3604480,1786513056.356262,6403
time/fps,3637248,1786513061.462625,6404
time/fps,3670016,1786513066.571757,6404
time/fps,3702784,1786513071.701043,6403
time/fps,3735552,1786513076.797219,6404
time/fps,3768320,1786513081.906407,6404
time/fps,3801088,1786513086.986022,6404
time/fps,3833856,1786513092.126814,6404
time/fps,3866624,1786513097.230657,6404
time/fps,3899392,1786513102.347355,6404
time/fps,3932160,1786513107.415695,6405
time/fps,3964928,1786513112.530621,6405
time/fps,3997696,1786513117.679942,6404
time/fps,4030464,1786513122.811714,6404
time/fps,4063232,1786513127.903717,6404
time/fps,4096000,1786513133.034593,6404
time/fps,4128768,1786513138.127519,6404
time/fps,4161536,1786513143.284148,6404
time/fps,4194304,1786513148.363109,6404
time/fps,4227072,1786513153.504176,6404
time/fps,4259840,1786513158.588532,6404
time/fps,4292608,1786513163.723471,6404
time/fps,4325376,1786513168.816488,6404
time/fps,4358144,1786513173.917602,6405
time/fps,4390912,1786513178.992923,6405
time/fps,4423680,1786513184.109489,6405
time/fps,4456448,1786513189.216546,6405
time/fps,4489216,1786513194.349557,6405
time/fps,4521984,1786513199.428082,6405
time/fps,4554752,1786513204.527721,6405
time/fps,4587520,1786513209.627027,6405
time/fps,4620288,1786513214.810419,6405
time/fps,4653056,1786513219.897578,6405
time/fps,4685824,1786513225.023671,6405
time/fps,4718592,1786513230.103045,6405
time/fps,4751360,1786513235.237120,6405
time/fps,4784128,1786513240.316309,6406
time/fps,4816896,1786513245.460913,6405
time/fps,4849664,1786513250.544783,6406
time/fps,4882432,1786513255.672418,6405
time/fps,4915200,1786513260.769421,6406
time/fps,4947968,1786513265.917135,6405
time/fps,4980736,1786513270.987745,6406
time/fps,5013504,1786513276.107877,6406
time/fps,5046272,1786513281.194063,6406
time/fps,5079040,1786513286.332103,6406
time/fps,5111808,1786513291.425379,6406
time/fps,5144576,1786513296.520216,6406
time/fps,5177344,1786513301.631456,6406
time/fps,5210112,1786513306.748125,6406
time/fps,5242880,1786513311.914005,6406
time/fps,5275648,1786513317.025481,6406
time/fps,5308416,1786513322.143279,6406
time/fps,5341184,1786513327.234469,6406
time/fps,5373952,1786513332.357958,6406
time/fps,5406720,1786513337.465251,6406
time/fps,5439488,1786513342.581622,6406
time/fps,5472256,1786513347.685109,6406
time/fps,5505024,1786513352.826343,6406
time/fps,5537792,1786513357.938065,6406
time/fps,5570560,1786513363.081170,6406
time/fps,5603328,1786513368.176825,6406
time/fps,5636096,1786513373.318767,6405
time/fps,5668864,1786513378.425329,6406
time/fps,5701632,1786513383.561374,6405
time/fps,5734400,1786513388.686735,6405
time/fps,5767168,1786513393.809485,6405
time/fps,5799936,1786513398.974463,6405
time/fps,5832704,1786513404.131573,6405
time/fps,5865472,1786513409.223878,6405
time/fps,5898240,1786513414.353025,6405
time/fps,5931008,1786513419.443519,6405
time/fps,5963776,1786513424.566673,6405
time/fps,5996544,1786513429.682516,6405
time/fps,6029312,1786513434.812301,6405
time/fps,6062080,1786513439.888927,6405
time/fps,6094848,1786513445.006079,6405
time/fps,6127616,1786513450.105981,6405
time/fps,6160384,1786513455.253666,6405
time/fps,6193152,1786513460.354889,6405
time/fps,6225920,1786513465.474974,6405
time/fps,6258688,1786513470.562273,6405
time/fps,6291456,1786513475.700778,6405
time/fps,6324224,1786513480.786880,6405
time/fps,6356992,1786513485.909390,6405
time/fps,6389760,1786513490.991252,6405
time/fps,6422528,1786513496.139423,6405
time/fps,6455296,1786513501.258252,6405
time/fps,6488064,1786513506.378663,6405
time/fps,6520832,1786513511.484790,6405
time/fps,6553600,1786513516.598469,6405
time/fps,6586368,1786513521.709887,6405
time/fps,6619136,1786513526.846779,6405
time/fps,6651904,1786513531.970227,6405
time/fps,6684672,1786513537.066420,6405
time/fps,6717440,1786513542.207415,6405
time/fps,6750208,1786513547.319175,6405
time/fps,6782976,1786513552.454283,6405
time/fps,6815744,1786513557.549418,6405
time/fps,6848512,1786513562.667102,6405
time/fps,6881280,1786513567.761545,6405
time/fps,6914048,1786513572.914276,6405
time/fps,6946816,1786513578.000254,6405
time/fps,6979584,1786513583.130022,6405
time/fps,7012352,1786513588.239840,6405
time/fps,7045120,1786513593.387250,6405
time/fps,7077888,1786513598.494605,6405
time/fps,7110656,1786513603.631656,6405
time/fps,7143424,1786513608.732388,6405
time/fps,7176192,1786513613.875630,6405
time/fps,7208960,1786513618.989193,6405
time/fps,7241728,1786513624.127595,6405
time/fps,7274496,1786513629.214078,6405
time/fps,7307264,1786513634.335045,6405
time/fps,7340032,1786513639.437001,6405
time/fps,7372800,1786513644.582317,6405
time/fps,7405568,1786513649.676154,6405
time/fps,7438336,1786513654.790295,6405
time/fps,7471104,1786513659.885754,6405
time/fps,7503872,1786513665.015348,6405
time/fps,7536640,1786513670.125785,6405
time/fps,7569408,1786513675.248812,6405
time/fps,7602176,1786513680.338641,6405
time/fps,7634944,1786513685.473935,6405
time/fps,7667712,1786513690.589183,6405
time/fps,7700480,1786513695.746664,6405
time/fps,7733248,1786513700.849524,6405
time/fps,7766016,1786513705.973582,6405
time/fps,7798784,1786513711.058611,6405
time/fps,7831552,1786513716.236530,6404
time/fps,7864320,1786513721.335694,6405
time/fps,7897088,1786513726.446854,6405
time/fps,7929856,1786513731.566328,6405
time/fps,7962624,1786513736.703427,6404
time/fps,7995392,1786513741.823976,6404
time/fps,8028160,1786513746.925871,6404
train/approx_kl,65536,1786512501.246952,0.02253666148
train/approx_kl,98304,1786512506.370627,0.02352137864
train/approx_kl,131072,1786512511.536667,0.02452663332
train/approx_kl,163840,1786512516.693966,0.02404250018
train/approx_kl,196608,1786512521.850076,0.02419060655
train/approx_kl,229376,1786512526.922068,0.02413960546
train/approx_kl,262144,1786512531.994937,0.02324519306
train/approx_kl,294912,1786512537.144516,0.02430145815
train/approx_kl,327680,1786512542.315354,0.02369816601
train/approx_kl,360448,1786512547.430141,0.02351683006
train/approx_kl,393216,1786512552.631434,0.02334449068
train/approx_kl,425984,1786512557.794856,0.02396776527
train/approx_kl,458752,1786512562.991229,0.02385956794
train/approx_kl,491520,1786512568.165963,0.02384850197
train/approx_kl,524288,1786512573.366124,0.02310135588
train/approx_kl,557056,1786512578.517026,0.02374454029
train/approx_kl,589824,1786512583.689578,0.02358381823
train/approx_kl,622592,1786512588.862688,0.02349628322
train/approx_kl,655360,1786512594.067272,0.02329851501
train/approx_kl,688128,1786512599.225522,0.024276454
train/approx_kl,720896,1786512604.415131,0.02363552339
train/approx_kl,753664,1786512609.572572,0.02449451014
train/approx_kl,786432,1786512614.760533,0.0226963684
train/approx_kl,819200,1786512619.932844,0.02451570705
train/approx_kl,851968,1786512625.116321,0.02474950813
train/approx_kl,884736,1786512630.294801,0.02353675663
train/approx_kl,917504,1786512635.473993,0.02381259575
train/approx_kl,950272,1786512640.604034,0.02443610504
train/approx_kl,983040,1786512645.777700,0.02379835024
train/approx_kl,1015808,1786512650.936508,0.02371517755
train/approx_kl,1048576,1786512656.096261,0.02388177067
train/approx_kl,1081344,1786512661.236958,0.02556650899
train/approx_kl,1114112,1786512666.417500,0.0234356001
train/approx_kl,1146880,1786512671.579345,0.02448644117
train/approx_kl,1179648,1786512676.719673,0.02463472448
train/approx_kl,1212416,1786512681.868031,0.02481084317
train/approx_kl,1245184,1786512687.013494,0.02340575308
train/approx_kl,1277952,1786512692.192431,0.0235794764
train/approx_kl,1310720,1786512697.316679,0.02415437624
train/approx_kl,1343488,1786512702.470297,0.02359143831
train/approx_kl,1376256,1786512707.604731,0.02391473204
train/approx_kl,1409024,1786512712.790951,0.02562463284
train/approx_kl,1441792,1786512717.926853,0.0249771066
train/approx_kl,1474560,1786512723.106003,0.02352271974
train/approx_kl,1507328,1786512728.245430,0.02451974712
train/approx_kl,1540096,1786512733.415427,0.02423872612
train/approx_kl,1572864,1786512738.576347,0.02475834638
train/approx_kl,1605632,1786512743.764749,0.02466756478
train/approx_kl,1638400,1786512748.893916,0.02479675598
train/approx_kl,1671168,1786512754.099120,0.02443908155
train/approx_kl,1703936,1786512759.233963,0.02495783009
train/approx_kl,1736704,1786512764.403759,0.02541914396
train/approx_kl,1769472,1786512769.528592,0.02442584001
train/approx_kl,1802240,1786512774.687388,0.0252887588
train/approx_kl,1835008,1786512779.806799,0.02519172244
train/approx_kl,1867776,1786512784.964403,0.02614520118
train/approx_kl,1900544,1786512790.082907,0.02428262495
train/approx_kl,1933312,1786512795.246306,0.02470242977
train/approx_kl,1966080,1786512800.362638,0.02461523749
train/approx_kl,1998848,1786512805.560433,0.02454504743
train/approx_kl,2031616,1786512810.691194,0.02485474758
train/approx_kl,2064384,1786512815.853671,0.02446651086
train/approx_kl,2097152,1786512820.955377,0.02406866103
train/approx_kl,2129920,1786512826.089332,0.0252751112
train/approx_kl,2162688,1786512831.236101,0.0250471849
train/approx_kl,2195456,1786512836.386080,0.02442754433
train/approx_kl,2228224,1786512841.490997,0.02540765144
train/approx_kl,2260992,1786512846.604853,0.02526929229
train/approx_kl,2293760,1786512851.716337,0.0265666917
train/approx_kl,2326528,1786512856.847580,0.02446123399
train/approx_kl,2359296,1786512861.964443,0.02418464795
train/approx_kl,2392064,1786512867.075621,0.02485731244
train/approx_kl,2424832,1786512872.213245,0.02621166036
train/approx_kl,2457600,1786512877.302413,0.02583254874
train/approx_kl,2490368,1786512882.449425,0.02391177043
train/approx_kl,2523136,1786512887.533179,0.0256806165
train/approx_kl,2555904,1786512892.659686,0.02519831061
train/approx_kl,2588672,1786512897.747386,0.02584069967
train/approx_kl,2621440,1786512902.886989,0.02567939274
train/approx_kl,2654208,1786512908.004453,0.02389908768
train/approx_kl,2686976,1786512913.149371,0.02527284622
train/approx_kl,2719744,1786512918.250596,0.02464255318
train/approx_kl,2752512,1786512923.358419,0.02574472502
train/approx_kl,2785280,1786512928.477723,0.02478815243
train/approx_kl,2818048,1786512933.628673,0.02415204421
train/approx_kl,2850816,1786512938.712526,0.02487930655
train/approx_kl,2883584,1786512943.831207,0.02582831122
train/approx_kl,2916352,1786512948.937718,0.02651459351
train/approx_kl,2949120,1786512954.080359,0.02528961003
train/approx_kl,2981888,1786512959.165300,0.02461589128
train/approx_kl,3014656,1786512964.294499,0.0262966007
train/approx_kl,3047424,1786512969.391229,0.0250916034
train/approx_kl,3080192,1786512974.543369,0.02643887512
train/approx_kl,3112960,1786512979.643202,0.02559476905
train/approx_kl,3145728,1786512984.752341,0.02669287659
train/approx_kl,3178496,1786512989.850199,0.0258404687
train/approx_kl,3211264,1786512994.975066,0.02584698237
train/approx_kl,3244032,1786513000.087653,0.02479983121
train/approx_kl,3276800,1786513005.215761,0.02608852088
train/approx_kl,3309568,1786513010.299340,0.02602425963
train/approx_kl,3342336,1786513015.424203,0.02566159517
train/approx_kl,3375104,1786513020.527733,0.02504963242
train/approx_kl,3407872,1786513025.672797,0.0242148526
train/approx_kl,3440640,1786513030.757853,0.02588469163
train/approx_kl,3473408,1786513035.889820,0.02515947632
train/approx_kl,3506176,1786513040.973378,0.02594369091
train/approx_kl,3538944,1786513046.118999,0.0251058843
train/approx_kl,3571712,1786513051.231797,0.02533347718
train/approx_kl,3604480,1786513056.356266,0.02707462013
train/approx_kl,3637248,1786513061.462630,0.02652790397
train/approx_kl,3670016,1786513066.571761,0.02669737488
train/approx_kl,3702784,1786513071.701047,0.02590675838
train/approx_kl,3735552,1786513076.797223,0.02699773014
train/approx_kl,3768320,1786513081.906411,0.02615265921
train/approx_kl,3801088,1786513086.986026,0.02460460737
train/approx_kl,3833856,1786513092.126818,0.02548529208
train/approx_kl,3866624,1786513097.230662,0.02651398256
train/approx_kl,3899392,1786513102.347359,0.02646105923
train/approx_kl,3932160,1786513107.415701,0.02556015924
train/approx_kl,3964928,1786513112.530626,0.02551918849
train/approx_kl,3997696,1786513117.679946,0.02626586705
train/approx_kl,4030464,1786513122.811719,0.02730621584
train/approx_kl,4063232,1786513127.903722,0.02596455626
train/approx_kl,4096000,1786513133.034598,0.02651620284
train/approx_kl,4128768,1786513138.127523,0.024864709
train/approx_kl,4161536,1786513143.284152,0.02603732236
train/approx_kl,4194304,1786513148.363113,0.02638027631
train/approx_kl,4227072,1786513153.504181,0.02542399615
train/approx_kl,4259840,1786513158.588536,0.02488544025
train/approx_kl,4292608,1786513163.723476,0.02539700642
train/approx_kl,4325376,1786513168.816492,0.02707990631
train/approx_kl,4358144,1786513173.917607,0.02668373659
train/approx_kl,4390912,1786513178.992927,0.02669308335
train/approx_kl,4423680,1786513184.109494,0.02600180544
train/approx_kl,4456448,1786513189.216551,0.02618227527
train/approx_kl,4489216,1786513194.349563,0.02521288767
train/approx_kl,4521984,1786513199.428087,0.02671184205
train/approx_kl,4554752,1786513204.527725,0.02668542415
train/approx_kl,4587520,1786513209.627032,0.02679726854
train/approx_kl,4620288,1786513214.810423,0.02668924257
train/approx_kl,4653056,1786513219.897582,0.02681763284
train/approx_kl,4685824,1786513225.023676,0.02624852955
train/approx_kl,4718592,1786513230.103050,0.02653387189
train/approx_kl,4751360,1786513235.237124,0.02663686872
train/approx_kl,4784128,1786513240.316314,0.02570764348
train/approx_kl,4816896,1786513245.460919,0.02587799728
train/approx_kl,4849664,1786513250.544788,0.02601018921
train/approx_kl,4882432,1786513255.672424,0.027348198
train/approx_kl,4915200,1786513260.769426,0.02679033205
train/approx_kl,4947968,1786513265.917139,0.02686324343
train/approx_kl,4980736,1786513270.987750,0.02684380673
train/approx_kl,5013504,1786513276.107882,0.02526605502
train/approx_kl,5046272,1786513281.194068,0.02781489864
train/approx_kl,5079040,1786513286.332107,0.02531427704
train/approx_kl,5111808,1786513291.425384,0.02678023279
train/approx_kl,5144576,1786513296.520220,0.0268693734
train/approx_kl,5177344,1786513301.631460,0.02725487947
train/approx_kl,5210112,1786513306.748129,0.02632839046
train/approx_kl,5242880,1786513311.914009,0.02696154267
train/approx_kl,5275648,1786513317.025486,0.02654212341
train/approx_kl,5308416,1786513322.143284,0.0268400535
train/approx_kl,5341184,1786513327.234474,0.02634572983
train/approx_kl,5373952,1786513332.357962,0.02631184831
train/approx_kl,5406720,1786513337.465255,0.02646833658
train/approx_kl,5439488,1786513342.581626,0.02656907588
train/approx_kl,5472256,1786513347.685113,0.0272314772
train/approx_kl,5505024,1786513352.826347,0.02629236877
train/approx_kl,5537792,1786513357.938070,0.02573573217
train/approx_kl,5570560,1786513363.081175,0.02710781991
train/approx_kl,5603328,1786513368.176830,0.02643234283
train/approx_kl,5636096,1786513373.318771,0.02639873512
train/approx_kl,5668864,1786513378.425335,0.02808697149
train/approx_kl,5701632,1786513383.561379,0.02685263008
train/approx_kl,5734400,1786513388.686740,0.02721506543
train/approx_kl,5767168,1786513393.809489,0.02865408733
train/approx_kl,5799936,1786513398.974467,0.02751820162
train/approx_kl,5832704,1786513404.131578,0.02969353274
train/approx_kl,5865472,1786513409.223883,0.02755346894
train/approx_kl,5898240,1786513414.353029,0.0264749527
train/approx_kl,5931008,1786513419.443524,0.02803281322
train/approx_kl,5963776,1786513424.566678,0.02634585276
train/approx_kl,5996544,1786513429.682521,0.02664235421
train/approx_kl,6029312,1786513434.812307,0.02695986256
train/approx_kl,6062080,1786513439.888932,0.02711975574
train/approx_kl,6094848,1786513445.006083,0.02871453762
train/approx_kl,6127616,1786513450.105986,0.02798500285
train/approx_kl,6160384,1786513455.253670,0.02713076398
train/approx_kl,6193152,1786513460.354893,0.02738890611
train/approx_kl,6225920,1786513465.474978,0.02733041719
train/approx_kl,6258688,1786513470.562277,0.02792862058
train/approx_kl,6291456,1786513475.700782,0.02675005794
train/approx_kl,6324224,1786513480.786885,0.02742561139
train/approx_kl,6356992,1786513485.909394,0.02655833587
train/approx_kl,6389760,1786513490.991256,0.02769139595
train/approx_kl,6422528,1786513496.139428,0.02850366384
train/approx_kl,6455296,1786513501.258256,0.02652983367
train/approx_kl,6488064,1786513506.378668,0.02867510915
train/approx_kl,6520832,1786513511.484794,0.02868436277
train/approx_kl,6553600,1786513516.598473,0.02710193582
train/approx_kl,6586368,1786513521.709891,0.02775842696
train/approx_kl,6619136,1786513526.846784,0.02690512687
train/approx_kl,6651904,1786513531.970232,0.02649199218
train/approx_kl,6684672,1786513537.066424,0.02743536793
train/approx_kl,6717440,1786513542.207421,0.0283272285
train/approx_kl,6750208,1786513547.319180,0.02961407602
train/approx_kl,6782976,1786513552.454287,0.02768972889
train/approx_kl,6815744,1786513557.549422,0.02742098086
train/approx_kl,6848512,1786513562.667106,0.02789702453
train/approx_kl,6881280,1786513567.761549,0.02873064205
train/approx_kl,6914048,1786513572.914281,0.02658442408
train/approx_kl,6946816,1786513578.000258,0.02725961059
train/approx_kl,6979584,1786513583.130026,0.02794983424
train/approx_kl,7012352,1786513588.239844,0.02881980315
train/approx_kl,7045120,1786513593.387255,0.02709463239
train/approx_kl,7077888,1786513598.494610,0.02982681431
train/approx_kl,7110656,1786513603.631660,0.02878925949
train/approx_kl,7143424,1786513608.732393,0.02720875293
train/approx_kl,7176192,1786513613.875635,0.02816952579
train/approx_kl,7208960,1786513618.989197,0.02838188224
train/approx_kl,7241728,1786513624.127599,0.03003392741
train/approx_kl,7274496,1786513629.214082,0.02833821997
train/approx_kl,7307264,1786513634.335050,0.02769770287
train/approx_kl,7340032,1786513639.437008,0.02760346793
train/approx_kl,7372800,1786513644.582321,0.02697978355
train/approx_kl,7405568,1786513649.676159,0.02772030979
train/approx_kl,7438336,1786513654.790300,0.02773949131
train/approx_kl,7471104,1786513659.885758,0.02797755226
train/approx_kl,7503872,1786513665.015353,0.02807196975
train/approx_kl,7536640,1786513670.125789,0.02882078849
train/approx_kl,7569408,1786513675.248817,0.02821160853
train/approx_kl,7602176,1786513680.338645,0.02915099077
train/approx_kl,7634944,1786513685.473940,0.02861420065
train/approx_kl,7667712,1786513690.589188,0.02777522802
train/approx_kl,7700480,1786513695.746669,0.02840533853
train/approx_kl,7733248,1786513700.849528,0.02663390711
train/approx_kl,7766016,1786513705.973586,0.02801769227
train/approx_kl,7798784,1786513711.058616,0.02943092212
train/approx_kl,7831552,1786513716.236535,0.02953035012
train/approx_kl,7864320,1786513721.335698,0.0270877704
train/approx_kl,7897088,1786513726.446858,0.02830113843
train/approx_kl,7929856,1786513731.566332,0.02864492685
train/approx_kl,7962624,1786513736.703432,0.0276541952
train/approx_kl,7995392,1786513741.823980,0.02812257037
train/approx_kl,8028160,1786513746.925876,0.02825870365
train/clip_fraction,65536,1786512501.246955,0.3891906738
train/clip_fraction,98304,1786512506.370630,0.3962097168
train/clip_fraction,131072,1786512511.536671,0.3983306885
train/clip_fraction,163840,1786512516.693970,0.3925476074
train/clip_fraction,196608,1786512521.850080,0.4014511108
train/clip_fraction,229376,1786512526.922071,0.3923873901
train/clip_fraction,262144,1786512531.994940,0.3947296143
train/clip_fraction,294912,1786512537.144519,0.3993301392
train/clip_fraction,327680,1786512542.315359,0.394859314
train/clip_fraction,360448,1786512547.430145,0.3959350586
train/clip_fraction,393216,1786512552.631438,0.3901367188
train/clip_fraction,425984,1786512557.794859,0.3973770142
train/clip_fraction,458752,1786512562.991234,0.399810791
train/clip_fraction,491520,1786512568.165968,0.3986129761
train/clip_fraction,524288,1786512573.366127,0.390914917
train/clip_fraction,557056,1786512578.517030,0.3959503174
train/clip_fraction,589824,1786512583.689582,0.3999786377
train/clip_fraction,622592,1786512588.862692,0.4007797241
train/clip_fraction,655360,1786512594.067276,0.3992996216
train/clip_fraction,688128,1786512599.225526,0.4029159546
train/clip_fraction,720896,1786512604.415135,0.3996429443
train/clip_fraction,753664,1786512609.572576,0.4022140503
train/clip_fraction,786432,1786512614.760537,0.3929290771
train/clip_fraction,819200,1786512619.932848,0.4022827148
train/clip_fraction,851968,1786512625.116325,0.3999023438
train/clip_fraction,884736,1786512630.294804,0.3992538452
train/clip_fraction,917504,1786512635.473997,0.3955688477
train/clip_fraction,950272,1786512640.604038,0.4020767212
train/clip_fraction,983040,1786512645.777704,0.4009628296
train/clip_fraction,1015808,1786512650.936512,0.4003753662
train/clip_fraction,1048576,1786512656.096264,0.400100708
train/clip_fraction,1081344,1786512661.236962,0.4150161743
train/clip_fraction,1114112,1786512666.417504,0.3983230591
train/clip_fraction,1146880,1786512671.579349,0.4076080322
train/clip_fraction,1179648,1786512676.719677,0.4036636353
train/clip_fraction,1212416,1786512681.868034,0.4062042236
train/clip_fraction,1245184,1786512687.013497,0.4007797241
train/clip_fraction,1277952,1786512692.192435,0.3942108154
train/clip_fraction,1310720,1786512697.316683,0.401512146
train/clip_fraction,1343488,1786512702.470301,0.4027709961
train/clip_fraction,1376256,1786512707.604735,0.4042129517
train/clip_fraction,1409024,1786512712.790955,0.406036377
train/clip_fraction,1441792,1786512717.926857,0.404548645
train/clip_fraction,1474560,1786512723.106007,0.3964996338
train/clip_fraction,1507328,1786512728.245434,0.4111099243
train/clip_fraction,1540096,1786512733.415431,0.4010391235
train/clip_fraction,1572864,1786512738.576350,0.4041824341
train/clip_fraction,1605632,1786512743.764753,0.3997650146
train/clip_fraction,1638400,1786512748.893920,0.41040802
train/clip_fraction,1671168,1786512754.099124,0.402961731
train/clip_fraction,1703936,1786512759.233966,0.4046478271
train/clip_fraction,1736704,1786512764.403764,0.4120254517
train/clip_fraction,1769472,1786512769.528596,0.4066619873
train/clip_fraction,1802240,1786512774.687392,0.4128265381
train/clip_fraction,1835008,1786512779.806802,0.4083328247
train/clip_fraction,1867776,1786512784.964407,0.4077148438
train/clip_fraction,1900544,1786512790.082910,0.4109649658
train/clip_fraction,1933312,1786512795.246310,0.4125671387
train/clip_fraction,1966080,1786512800.362642,0.405418396
train/clip_fraction,1998848,1786512805.560437,0.4033432007
train/clip_fraction,2031616,1786512810.691198,0.4094161987
train/clip_fraction,2064384,1786512815.853675,0.4055709839
train/clip_fraction,2097152,1786512820.955382,0.4063949585
train/clip_fraction,2129920,1786512826.089336,0.4130783081
train/clip_fraction,2162688,1786512831.236105,0.4160690308
train/clip_fraction,2195456,1786512836.386083,0.4056625366
train/clip_fraction,2228224,1786512841.491001,0.4130401611
train/clip_fraction,2260992,1786512846.604858,0.4114608765
train/clip_fraction,2293760,1786512851.716341,0.4170913696
train/clip_fraction,2326528,1786512856.847584,0.4122009277
train/clip_fraction,2359296,1786512861.964447,0.4086914062
train/clip_fraction,2392064,1786512867.075625,0.4029006958
train/clip_fraction,2424832,1786512872.213248,0.4223251343
train/clip_fraction,2457600,1786512877.302417,0.4174118042
train/clip_fraction,2490368,1786512882.449429,0.4051132202
train/clip_fraction,2523136,1786512887.533183,0.4144058228
train/clip_fraction,2555904,1786512892.659690,0.4160308838
train/clip_fraction,2588672,1786512897.747390,0.4176101685
train/clip_fraction,2621440,1786512902.886992,0.4070205688
train/clip_fraction,2654208,1786512908.004456,0.4038619995
train/clip_fraction,2686976,1786512913.149375,0.4123001099
train/clip_fraction,2719744,1786512918.250600,0.4042739868
train/clip_fraction,2752512,1786512923.358423,0.4172515869
train/clip_fraction,2785280,1786512928.477727,0.4094924927
train/clip_fraction,2818048,1786512933.628677,0.4145736694
train/clip_fraction,2850816,1786512938.712530,0.4100570679
train/clip_fraction,2883584,1786512943.831211,0.4113235474
train/clip_fraction,2916352,1786512948.937722,0.4231414795
train/clip_fraction,2949120,1786512954.080363,0.4188842773
train/clip_fraction,2981888,1786512959.165304,0.4099121094
train/clip_fraction,3014656,1786512964.294503,0.4180221558
train/clip_fraction,3047424,1786512969.391233,0.4109344482
train/clip_fraction,3080192,1786512974.543373,0.4203033447
train/clip_fraction,3112960,1786512979.643206,0.4092025757
train/clip_fraction,3145728,1786512984.752345,0.4221496582
train/clip_fraction,3178496,1786512989.850203,0.4172668457
train/clip_fraction,3211264,1786512994.975070,0.4160003662
train/clip_fraction,3244032,1786513000.087658,0.4138183594
train/clip_fraction,3276800,1786513005.215765,0.4200286865
train/clip_fraction,3309568,1786513010.299344,0.41431427
train/clip_fraction,3342336,1786513015.424207,0.4200820923
train/clip_fraction,3375104,1786513020.527737,0.4104537964
train/clip_fraction,3407872,1786513025.672800,0.40234375
train/clip_fraction,3440640,1786513030.757857,0.4178924561
train/clip_fraction,3473408,1786513035.889825,0.4151382446
train/clip_fraction,3506176,1786513040.973381,0.4160308838
train/clip_fraction,3538944,1786513046.119002,0.4172210693
train/clip_fraction,3571712,1786513051.231801,0.4155731201
train/clip_fraction,3604480,1786513056.356270,0.4247741699
train/clip_fraction,3637248,1786513061.462633,0.4129714966
train/clip_fraction,3670016,1786513066.571765,0.4210891724
train/clip_fraction,3702784,1786513071.701051,0.4122238159
train/clip_fraction,3735552,1786513076.797227,0.4182815552
train/clip_fraction,3768320,1786513081.906415,0.4195327759
train/clip_fraction,3801088,1786513086.986030,0.413444519
train/clip_fraction,3833856,1786513092.126822,0.409362793
train/clip_fraction,3866624,1786513097.230666,0.415802002
train/clip_fraction,3899392,1786513102.347363,0.4229507446
train/clip_fraction,3932160,1786513107.415706,0.4210662842
train/clip_fraction,3964928,1786513112.530629,0.4181747437
train/clip_fraction,3997696,1786513117.679949,0.4131774902
train/clip_fraction,4030464,1786513122.811723,0.4244384766
train/clip_fraction,4063232,1786513127.903725,0.4195098877
train/clip_fraction,4096000,1786513133.034602,0.4239730835
train/clip_fraction,4128768,1786513138.127527,0.4111328125
train/clip_fraction,4161536,1786513143.284156,0.4226989746
train/clip_fraction,4194304,1786513148.363117,0.4301452637
train/clip_fraction,4227072,1786513153.504184,0.4200820923
train/clip_fraction,4259840,1786513158.588540,0.4167098999
train/clip_fraction,4292608,1786513163.723480,0.4171981812
train/clip_fraction,4325376,1786513168.816496,0.4306411743
train/clip_fraction,4358144,1786513173.917613,0.4266967773
train/clip_fraction,4390912,1786513178.992931,0.4205932617
train/clip_fraction,4423680,1786513184.109497,0.4166107178
train/clip_fraction,4456448,1786513189.216554,0.4242324829
train/clip_fraction,4489216,1786513194.349568,0.4150924683
train/clip_fraction,4521984,1786513199.428091,0.4249954224
train/clip_fraction,4554752,1786513204.527729,0.4208526611
train/clip_fraction,4587520,1786513209.627035,0.4205551147
train/clip_fraction,4620288,1786513214.810427,0.4192886353
train/clip_fraction,4653056,1786513219.897586,0.4240264893
train/clip_fraction,4685824,1786513225.023681,0.423034668
train/clip_fraction,4718592,1786513230.103053,0.4218063354
train/clip_fraction,4751360,1786513235.237128,0.4248046875
train/clip_fraction,4784128,1786513240.316318,0.4282455444
train/clip_fraction,4816896,1786513245.460923,0.4200897217
train/clip_fraction,4849664,1786513250.544792,0.426109314
train/clip_fraction,4882432,1786513255.672429,0.4327468872
train/clip_fraction,4915200,1786513260.769430,0.4222564697
train/clip_fraction,4947968,1786513265.917143,0.4244232178
train/clip_fraction,4980736,1786513270.987753,0.4257125854
train/clip_fraction,5013504,1786513276.107889,0.4163208008
train/clip_fraction,5046272,1786513281.194071,0.4368591309
train/clip_fraction,5079040,1786513286.332111,0.4233398438
train/clip_fraction,5111808,1786513291.425388,0.4241867065
train/clip_fraction,5144576,1786513296.520224,0.4231567383
train/clip_fraction,5177344,1786513301.631464,0.4296569824
train/clip_fraction,5210112,1786513306.748133,0.4246826172
train/clip_fraction,5242880,1786513311.914013,0.4273910522
train/clip_fraction,5275648,1786513317.025490,0.4251708984
train/clip_fraction,5308416,1786513322.143287,0.4211578369
train/clip_fraction,5341184,1786513327.234477,0.4218139648
train/clip_fraction,5373952,1786513332.357965,0.4225387573
train/clip_fraction,5406720,1786513337.465259,0.4257354736
train/clip_fraction,5439488,1786513342.581630,0.4262084961
train/clip_fraction,5472256,1786513347.685116,0.4303283691
train/clip_fraction,5505024,1786513352.826351,0.4172286987
train/clip_fraction,5537792,1786513357.938074,0.4197158813
train/clip_fraction,5570560,1786513363.081179,0.4298782349
train/clip_fraction,5603328,1786513368.176833,0.4261169434
train/clip_fraction,5636096,1786513373.318775,0.4248428345
train/clip_fraction,5668864,1786513378.425340,0.4312210083
train/clip_fraction,5701632,1786513383.561383,0.4247207642
train/clip_fraction,5734400,1786513388.686744,0.4313812256
train/clip_fraction,5767168,1786513393.809493,0.4341506958
train/clip_fraction,5799936,1786513398.974471,0.4305953979
train/clip_fraction,5832704,1786513404.131582,0.4417724609
train/clip_fraction,5865472,1786513409.223887,0.4341125488
train/clip_fraction,5898240,1786513414.353033,0.4217224121
train/clip_fraction,5931008,1786513419.443527,0.4299850464
train/clip_fraction,5963776,1786513424.566682,0.431098938
train/clip_fraction,5996544,1786513429.682524,0.423866272
train/clip_fraction,6029312,1786513434.812310,0.4225234985
train/clip_fraction,6062080,1786513439.888935,0.427192688
train/clip_fraction,6094848,1786513445.006087,0.4425201416
train/clip_fraction,6127616,1786513450.105990,0.4329986572
train/clip_fraction,6160384,1786513455.253674,0.4272613525
train/clip_fraction,6193152,1786513460.354897,0.4343490601
train/clip_fraction,6225920,1786513465.474982,0.4325866699
train/clip_fraction,6258688,1786513470.562281,0.4263000488
train/clip_fraction,6291456,1786513475.700786,0.4229812622
train/clip_fraction,6324224,1786513480.786888,0.4337005615
train/clip_fraction,6356992,1786513485.909398,0.4259643555
train/clip_fraction,6389760,1786513490.991260,0.4287414551
train/clip_fraction,6422528,1786513496.139431,0.4331130981
train/clip_fraction,6455296,1786513501.258260,0.4343032837
train/clip_fraction,6488064,1786513506.378672,0.4362030029
train/clip_fraction,6520832,1786513511.484798,0.4276657104
train/clip_fraction,6553600,1786513516.598477,0.4276885986
train/clip_fraction,6586368,1786513521.709894,0.4411087036
train/clip_fraction,6619136,1786513526.846788,0.4287796021
train/clip_fraction,6651904,1786513531.970236,0.4235839844
train/clip_fraction,6684672,1786513537.066428,0.4351043701
train/clip_fraction,6717440,1786513542.207426,0.4334030151
train/clip_fraction,6750208,1786513547.319183,0.4414138794
train/clip_fraction,6782976,1786513552.454291,0.4339447021
train/clip_fraction,6815744,1786513557.549426,0.4339141846
train/clip_fraction,6848512,1786513562.667110,0.4332580566
train/clip_fraction,6881280,1786513567.761553,0.4417037964
train/clip_fraction,6914048,1786513572.914284,0.4268569946
train/clip_fraction,6946816,1786513578.000262,0.4339981079
train/clip_fraction,6979584,1786513583.130030,0.4390335083
train/clip_fraction,7012352,1786513588.239848,0.4343795776
train/clip_fraction,7045120,1786513593.387260,0.4298782349
train/clip_fraction,7077888,1786513598.494613,0.4447174072
train/clip_fraction,7110656,1786513603.631664,0.4369125366
train/clip_fraction,7143424,1786513608.732397,0.4382171631
train/clip_fraction,7176192,1786513613.875639,0.4327011108
train/clip_fraction,7208960,1786513618.989201,0.4390869141
train/clip_fraction,7241728,1786513624.127603,0.4529037476
train/clip_fraction,7274496,1786513629.214086,0.443321228
train/clip_fraction,7307264,1786513634.335053,0.4349975586
train/clip_fraction,7340032,1786513639.437012,0.4262084961
train/clip_fraction,7372800,1786513644.582325,0.4315719604
train/clip_fraction,7405568,1786513649.676162,0.4349517822
train/clip_fraction,7438336,1786513654.790304,0.4378433228
train/clip_fraction,7471104,1786513659.885762,0.4359359741
train/clip_fraction,7503872,1786513665.015357,0.4343032837
train/clip_fraction,7536640,1786513670.125793,0.4401550293
train/clip_fraction,7569408,1786513675.248820,0.4351577759
train/clip_fraction,7602176,1786513680.338649,0.443321228
train/clip_fraction,7634944,1786513685.473943,0.4368362427
train/clip_fraction,7667712,1786513690.589191,0.4341278076
train/clip_fraction,7700480,1786513695.746673,0.4393844604
train/clip_fraction,7733248,1786513700.849532,0.4235153198
train/clip_fraction,7766016,1786513705.973590,0.4375076294
train/clip_fraction,7798784,1786513711.058620,0.4414901733
train/clip_fraction,7831552,1786513716.236538,0.4395980835
train/clip_fraction,7864320,1786513721.335702,0.4243392944
train/clip_fraction,7897088,1786513726.446862,0.4382019043
train/clip_fraction,7929856,1786513731.566336,0.4398880005
train/clip_fraction,7962624,1786513736.703435,0.4344177246
train/clip_fraction,7995392,1786513741.823984,0.4345169067
train/clip_fraction,8028160,1786513746.925880,0.4429168701
train/clip_range,65536,1786512501.246958,0.150000006
train/clip_range,98304,1786512506.370633,0.150000006
train/clip_range,131072,1786512511.536675,0.150000006
train/clip_range,163840,1786512516.693973,0.150000006
train/clip_range,196608,1786512521.850084,0.150000006
train/clip_range,229376,1786512526.922075,0.150000006
train/clip_range,262144,1786512531.994944,0.150000006
train/clip_range,294912,1786512537.144523,0.150000006
train/clip_range,327680,1786512542.315363,0.150000006
train/clip_range,360448,1786512547.430149,0.150000006
train/clip_range,393216,1786512552.631441,0.150000006
train/clip_range,425984,1786512557.794863,0.150000006
train/clip_range,458752,1786512562.991239,0.150000006
train/clip_range,491520,1786512568.165972,0.150000006
train/clip_range,524288,1786512573.366131,0.150000006
train/clip_range,557056,1786512578.517033,0.150000006
train/clip_range,589824,1786512583.689586,0.150000006
train/clip_range,622592,1786512588.862697,0.150000006
train/clip_range,655360,1786512594.067280,0.150000006
train/clip_range,688128,1786512599.225529,0.150000006
train/clip_range,720896,1786512604.415138,0.150000006
train/clip_range,753664,1786512609.572579,0.150000006
train/clip_range,786432,1786512614.760540,0.150000006
train/clip_range,819200,1786512619.932851,0.150000006
train/clip_range,851968,1786512625.116328,0.150000006
train/clip_range,884736,1786512630.294807,0.150000006
train/clip_range,917504,1786512635.474000,0.150000006
train/clip_range,950272,1786512640.604041,0.150000006
train/clip_range,983040,1786512645.777707,0.150000006
train/clip_range,1015808,1786512650.936516,0.150000006
train/clip_range,1048576,1786512656.096268,0.150000006
train/clip_range,1081344,1786512661.236965,0.150000006
train/clip_range,1114112,1786512666.417507,0.150000006
train/clip_range,1146880,1786512671.579354,0.150000006
train/clip_range,1179648,1786512676.719680,0.150000006
train/clip_range,1212416,1786512681.868039,0.150000006
train/clip_range,1245184,1786512687.013501,0.150000006
train/clip_range,1277952,1786512692.192439,0.150000006
train/clip_range,1310720,1786512697.316687,0.150000006
train/clip_range,1343488,1786512702.470304,0.150000006
train/clip_range,1376256,1786512707.604738,0.150000006
train/clip_range,1409024,1786512712.790960,0.150000006
train/clip_range,1441792,1786512717.926860,0.150000006
train/clip_range,1474560,1786512723.106011,0.150000006
train/clip_range,1507328,1786512728.245437,0.150000006
train/clip_range,1540096,1786512733.415435,0.150000006
train/clip_range,1572864,1786512738.576354,0.150000006
train/clip_range,1605632,1786512743.764756,0.150000006
train/clip_range,1638400,1786512748.893924,0.150000006
train/clip_range,1671168,1786512754.099127,0.150000006
train/clip_range,1703936,1786512759.233970,0.150000006
train/clip_range,1736704,1786512764.403768,0.150000006
train/clip_range,1769472,1786512769.528600,0.150000006
train/clip_range,1802240,1786512774.687395,0.150000006
train/clip_range,1835008,1786512779.806806,0.150000006
train/clip_range,1867776,1786512784.964410,0.150000006
train/clip_range,1900544,1786512790.082915,0.150000006
train/clip_range,1933312,1786512795.246314,0.150000006
train/clip_range,1966080,1786512800.362645,0.150000006
train/clip_range,1998848,1786512805.560440,0.150000006
train/clip_range,2031616,1786512810.691201,0.150000006
train/clip_range,2064384,1786512815.853678,0.150000006
train/clip_range,2097152,1786512820.955386,0.150000006
train/clip_range,2129920,1786512826.089339,0.150000006
train/clip_range,2162688,1786512831.236108,0.150000006
train/clip_range,2195456,1786512836.386086,0.150000006
train/clip_range,2228224,1786512841.491005,0.150000006
train/clip_range,2260992,1786512846.604862,0.150000006
train/clip_range,2293760,1786512851.716344,0.150000006
train/clip_range,2326528,1786512856.847587,0.150000006
train/clip_range,2359296,1786512861.964452,0.150000006
train/clip_range,2392064,1786512867.075628,0.150000006
train/clip_range,2424832,1786512872.213251,0.150000006
train/clip_range,2457600,1786512877.302422,0.150000006
train/clip_range,2490368,1786512882.449433,0.150000006
train/clip_range,2523136,1786512887.533186,0.150000006
train/clip_range,2555904,1786512892.659693,0.150000006
train/clip_range,2588672,1786512897.747393,0.150000006
train/clip_range,2621440,1786512902.886996,0.150000006
train/clip_range,2654208,1786512908.004460,0.150000006
train/clip_range,2686976,1786512913.149378,0.150000006
train/clip_range,2719744,1786512918.250603,0.150000006
train/clip_range,2752512,1786512923.358427,0.150000006
train/clip_range,2785280,1786512928.477730,0.150000006
train/clip_range,2818048,1786512933.628680,0.150000006
train/clip_range,2850816,1786512938.712533,0.150000006
train/clip_range,2883584,1786512943.831214,0.150000006
train/clip_range,2916352,1786512948.937725,0.150000006
train/clip_range,2949120,1786512954.080366,0.150000006
train/clip_range,2981888,1786512959.165307,0.150000006
train/clip_range,3014656,1786512964.294507,0.150000006
train/clip_range,3047424,1786512969.391236,0.150000006
train/clip_range,3080192,1786512974.543376,0.150000006
train/clip_range,3112960,1786512979.643209,0.150000006
train/clip_range,3145728,1786512984.752348,0.150000006
train/clip_range,3178496,1786512989.850206,0.150000006
train/clip_range,3211264,1786512994.975074,0.150000006
train/clip_range,3244032,1786513000.087663,0.150000006
train/clip_range,3276800,1786513005.215768,0.150000006
train/clip_range,3309568,1786513010.299348,0.150000006
train/clip_range,3342336,1786513015.424210,0.150000006
train/clip_range,3375104,1786513020.527740,0.150000006
train/clip_range,3407872,1786513025.672804,0.150000006
train/clip_range,3440640,1786513030.757860,0.150000006
train/clip_range,3473408,1786513035.889828,0.150000006
train/clip_range,3506176,1786513040.973385,0.150000006
train/clip_range,3538944,1786513046.119006,0.150000006
train/clip_range,3571712,1786513051.231804,0.150000006
train/clip_range,3604480,1786513056.356273,0.150000006
train/clip_range,3637248,1786513061.462637,0.150000006
train/clip_range,3670016,1786513066.571769,0.150000006
train/clip_range,3702784,1786513071.701054,0.150000006
train/clip_range,3735552,1786513076.797230,0.150000006
train/clip_range,3768320,1786513081.906418,0.150000006
train/clip_range,3801088,1786513086.986033,0.150000006
train/clip_range,3833856,1786513092.126825,0.150000006
train/clip_range,3866624,1786513097.230669,0.150000006
train/clip_range,3899392,1786513102.347366,0.150000006
train/clip_range,3932160,1786513107.415710,0.150000006
train/clip_range,3964928,1786513112.530633,0.150000006
train/clip_range,3997696,1786513117.679953,0.150000006
train/clip_range,4030464,1786513122.811726,0.150000006
train/clip_range,4063232,1786513127.903729,0.150000006
train/clip_range,4096000,1786513133.034605,0.150000006
train/clip_range,4128768,1786513138.127530,0.150000006
train/clip_range,4161536,1786513143.284160,0.150000006
train/clip_range,4194304,1786513148.363120,0.150000006
train/clip_range,4227072,1786513153.504188,0.150000006
train/clip_range,4259840,1786513158.588543,0.150000006
train/clip_range,4292608,1786513163.723483,0.150000006
train/clip_range,4325376,1786513168.816500,0.150000006
train/clip_range,4358144,1786513173.917617,0.150000006
train/clip_range,4390912,1786513178.992934,0.150000006
train/clip_range,4423680,1786513184.109501,0.150000006
train/clip_range,4456448,1786513189.216558,0.150000006
train/clip_range,4489216,1786513194.349572,0.150000006
train/clip_range,4521984,1786513199.428094,0.150000006
train/clip_range,4554752,1786513204.527732,0.150000006
train/clip_range,4587520,1786513209.627039,0.150000006
train/clip_range,4620288,1786513214.810431,0.150000006
train/clip_range,4653056,1786513219.897589,0.150000006
train/clip_range,4685824,1786513225.023685,0.150000006
train/clip_range,4718592,1786513230.103057,0.150000006
train/clip_range,4751360,1786513235.237131,0.150000006
train/clip_range,4784128,1786513240.316321,0.150000006
train/clip_range,4816896,1786513245.460927,0.150000006
train/clip_range,4849664,1786513250.544795,0.150000006
train/clip_range,4882432,1786513255.672434,0.150000006
train/clip_range,4915200,1786513260.769433,0.150000006
train/clip_range,4947968,1786513265.917146,0.150000006
train/clip_range,4980736,1786513270.987757,0.150000006
train/clip_range,5013504,1786513276.107893,0.150000006
train/clip_range,5046272,1786513281.194075,0.150000006
train/clip_range,5079040,1786513286.332114,0.150000006
train/clip_range,5111808,1786513291.425391,0.150000006
train/clip_range,5144576,1786513296.520227,0.150000006
train/clip_range,5177344,1786513301.631468,0.150000006
train/clip_range,5210112,1786513306.748137,0.150000006
train/clip_range,5242880,1786513311.914016,0.150000006
train/clip_range,5275648,1786513317.025493,0.150000006
train/clip_range,5308416,1786513322.143290,0.150000006
train/clip_range,5341184,1786513327.234480,0.150000006
train/clip_range,5373952,1786513332.357969,0.150000006
train/clip_range,5406720,1786513337.465262,0.150000006
train/clip_range,5439488,1786513342.581633,0.150000006
train/clip_range,5472256,1786513347.685120,0.150000006
train/clip_range,5505024,1786513352.826354,0.150000006
train/clip_range,5537792,1786513357.938078,0.150000006
train/clip_range,5570560,1786513363.081182,0.150000006
train/clip_range,5603328,1786513368.176837,0.150000006
train/clip_range,5636096,1786513373.318778,0.150000006
train/clip_range,5668864,1786513378.425345,0.150000006
train/clip_range,5701632,1786513383.561386,0.150000006
train/clip_range,5734400,1786513388.686747,0.150000006
train/clip_range,5767168,1786513393.809496,0.150000006
train/clip_range,5799936,1786513398.974474,0.150000006
train/clip_range,5832704,1786513404.131585,0.150000006
train/clip_range,5865472,1786513409.223890,0.150000006
train/clip_range,5898240,1786513414.353037,0.150000006
train/clip_range,5931008,1786513419.443531,0.150000006
train/clip_range,5963776,1786513424.566685,0.150000006
train/clip_range,5996544,1786513429.682528,0.150000006
train/clip_range,6029312,1786513434.812314,0.150000006
train/clip_range,6062080,1786513439.888939,0.150000006
train/clip_range,6094848,1786513445.006091,0.150000006
train/clip_range,6127616,1786513450.105993,0.150000006
train/clip_range,6160384,1786513455.253677,0.150000006
train/clip_range,6193152,1786513460.354900,0.150000006
train/clip_range,6225920,1786513465.474986,0.150000006
train/clip_range,6258688,1786513470.562284,0.150000006
train/clip_range,6291456,1786513475.700789,0.150000006
train/clip_range,6324224,1786513480.786892,0.150000006
train/clip_range,6356992,1786513485.909402,0.150000006
train/clip_range,6389760,1786513490.991264,0.150000006
train/clip_range,6422528,1786513496.139435,0.150000006
train/clip_range,6455296,1786513501.258263,0.150000006
train/clip_range,6488064,1786513506.378675,0.150000006
train/clip_range,6520832,1786513511.484801,0.150000006
train/clip_range,6553600,1786513516.598480,0.150000006
train/clip_range,6586368,1786513521.709898,0.150000006
train/clip_range,6619136,1786513526.846791,0.150000006
train/clip_range,6651904,1786513531.970239,0.150000006
train/clip_range,6684672,1786513537.066431,0.150000006
train/clip_range,6717440,1786513542.207430,0.150000006
train/clip_range,6750208,1786513547.319187,0.150000006
train/clip_range,6782976,1786513552.454294,0.150000006
train/clip_range,6815744,1786513557.549429,0.150000006
train/clip_range,6848512,1786513562.667113,0.150000006
train/clip_range,6881280,1786513567.761557,0.150000006
train/clip_range,6914048,1786513572.914288,0.150000006
train/clip_range,6946816,1786513578.000265,0.150000006
train/clip_range,6979584,1786513583.130033,0.150000006
train/clip_range,7012352,1786513588.239851,0.150000006
train/clip_range,7045120,1786513593.387264,0.150000006
train/clip_range,7077888,1786513598.494617,0.150000006
train/clip_range,7110656,1786513603.631668,0.150000006
train/clip_range,7143424,1786513608.732400,0.150000006
train/clip_range,7176192,1786513613.875642,0.150000006
train/clip_range,7208960,1786513618.989205,0.150000006
train/clip_range,7241728,1786513624.127606,0.150000006
train/clip_range,7274496,1786513629.214090,0.150000006
train/clip_range,7307264,1786513634.335057,0.150000006
train/clip_range,7340032,1786513639.437017,0.150000006
train/clip_range,7372800,1786513644.582329,0.150000006
train/clip_range,7405568,1786513649.676166,0.150000006
train/clip_range,7438336,1786513654.790307,0.150000006
train/clip_range,7471104,1786513659.885766,0.150000006
train/clip_range,7503872,1786513665.015361,0.150000006
train/clip_range,7536640,1786513670.125796,0.150000006
train/clip_range,7569408,1786513675.248824,0.150000006
train/clip_range,7602176,1786513680.338652,0.150000006
train/clip_range,7634944,1786513685.473947,0.150000006
train/clip_range,7667712,1786513690.589195,0.150000006
train/clip_range,7700480,1786513695.746676,0.150000006
train/clip_range,7733248,1786513700.849535,0.150000006
train/clip_range,7766016,1786513705.973593,0.150000006
train/clip_range,7798784,1786513711.058623,0.150000006
train/clip_range,7831552,1786513716.236542,0.150000006
train/clip_range,7864320,1786513721.335705,0.150000006
train/clip_range,7897088,1786513726.446866,0.150000006
train/clip_range,7929856,1786513731.566339,0.150000006
train/clip_range,7962624,1786513736.703439,0.150000006
train/clip_range,7995392,1786513741.823988,0.150000006
train/clip_range,8028160,1786513746.925883,0.150000006
train/ent_coef,32768,1786512496.107934,0.0002382655948
train/ent_coef,65536,1786512501.246961,0.0004987712018
train/ent_coef,98304,1786512506.370636,0.0004975423799
train/ent_coef,131072,1786512511.536678,0.0004963136162
train/ent_coef,163840,1786512516.693976,0.0004950847942
train/ent_coef,196608,1786512521.850087,0.0004938559723
train/ent_coef,229376,1786512526.922078,0.0004926272086
train/ent_coef,262144,1786512531.994947,0.0004913983867
train/ent_coef,294912,1786512537.144526,0.0004901696229
train/ent_coef,327680,1786512542.315366,0.000488940801
train/ent_coef,360448,1786512547.430152,0.0004877120082
train/ent_coef,393216,1786512552.631444,0.0004864831863
train/ent_coef,425984,1786512557.794866,0.0004852543934
train/ent_coef,458752,1786512562.991243,0.0004840256006
train/ent_coef,491520,1786512568.165976,0.0004827968078
train/ent_coef,524288,1786512573.366134,0.0004815679858
train/ent_coef,557056,1786512578.517037,0.000480339193
train/ent_coef,589824,1786512583.689589,0.0004791104002
train/ent_coef,622592,1786512588.862701,0.0004778816074
train/ent_coef,655360,1786512594.067283,0.0004766528145
train/ent_coef,688128,1786512599.225533,0.0004754239926
train/ent_coef,720896,1786512604.415142,0.0004741951998
train/ent_coef,753664,1786512609.572583,0.000472966407
train/ent_coef,786432,1786512614.760544,0.0004717376141
train/ent_coef,819200,1786512619.932854,0.0004705087922
train/ent_coef,851968,1786512625.116331,0.0004692799994
train/ent_coef,884736,1786512630.294810,0.0004680512066
train/ent_coef,917504,1786512635.474004,0.0004668224137
train/ent_coef,950272,1786512640.604044,0.0004655935918
train/ent_coef,983040,1786512645.777711,0.000464364799
train/ent_coef,1015808,1786512650.936520,0.0004631360061
train/ent_coef,1048576,1786512656.096271,0.0004619072133
train/ent_coef,1081344,1786512661.236969,0.0004606783914
train/ent_coef,1114112,1786512666.417511,0.0004594495986
train/ent_coef,1146880,1786512671.579359,0.0004582208057
train/ent_coef,1179648,1786512676.719683,0.0004569920129
train/ent_coef,1212416,1786512681.868043,0.000455763191
train/ent_coef,1245184,1786512687.013504,0.0004545343982
train/ent_coef,1277952,1786512692.192442,0.0004533056053
train/ent_coef,1310720,1786512697.316690,0.0004520768125
train/ent_coef,1343488,1786512702.470307,0.0004508479906
train/ent_coef,1376256,1786512707.604741,0.0004496191978
train/ent_coef,1409024,1786512712.790964,0.0004483904049
train/ent_coef,1441792,1786512717.926864,0.0004471616121
train/ent_coef,1474560,1786512723.106014,0.0004459327902
train/ent_coef,1507328,1786512728.245440,0.0004447039973
train/ent_coef,1540096,1786512733.415438,0.0004434752045
train/ent_coef,1572864,1786512738.576357,0.0004422464117
train/ent_coef,1605632,1786512743.764760,0.0004410175898
train/ent_coef,1638400,1786512748.893927,0.0004397887969
train/ent_coef,1671168,1786512754.099130,0.0004385600041
train/ent_coef,1703936,1786512759.233973,0.0004373312113
train/ent_coef,1736704,1786512764.403772,0.0004361023894
train/ent_coef,1769472,1786512769.528604,0.0004348735965
train/ent_coef,1802240,1786512774.687399,0.0004336448037
train/ent_coef,1835008,1786512779.806809,0.0004324160109
train/ent_coef,1867776,1786512784.964414,0.000431187189
train/ent_coef,1900544,1786512790.082919,0.0004299583961
train/ent_coef,1933312,1786512795.246317,0.0004287296033
train/ent_coef,1966080,1786512800.362649,0.0004275008105
train/ent_coef,1998848,1786512805.560444,0.0004262719885
train/ent_coef,2031616,1786512810.691205,0.0004250431957
train/ent_coef,2064384,1786512815.853682,0.0004238144029
train/ent_coef,2097152,1786512820.955390,0.0004225856101
train/ent_coef,2129920,1786512826.089343,0.0004213567881
train/ent_coef,2162688,1786512831.236112,0.0004201279953
train/ent_coef,2195456,1786512836.386090,0.0004188992025
train/ent_coef,2228224,1786512841.491009,0.0004176704097
train/ent_coef,2260992,1786512846.604867,0.0004164415877
train/ent_coef,2293760,1786512851.716347,0.0004152127949
train/ent_coef,2326528,1786512856.847591,0.0004139840021
train/ent_coef,2359296,1786512861.964456,0.0004127552093
train/ent_coef,2392064,1786512867.075631,0.0004115263873
train/ent_coef,2424832,1786512872.213254,0.0004102975945
train/ent_coef,2457600,1786512877.302426,0.0004090688017
train/ent_coef,2490368,1786512882.449436,0.0004078400088
train/ent_coef,2523136,1786512887.533189,0.0004066111869
train/ent_coef,2555904,1786512892.659697,0.0004053823941
train/ent_coef,2588672,1786512897.747396,0.0004041536013
train/ent_coef,2621440,1786512902.886999,0.0004029248084
train/ent_coef,2654208,1786512908.004463,0.0004016959865
train/ent_coef,2686976,1786512913.149381,0.0004004671937
train/ent_coef,2719744,1786512918.250606,0.0003992384009
train/ent_coef,2752512,1786512923.358430,0.000398009608
train/ent_coef,2785280,1786512928.477733,0.0003967807861
train/ent_coef,2818048,1786512933.628684,0.0003955519933
train/ent_coef,2850816,1786512938.712536,0.0003943232005
train/ent_coef,2883584,1786512943.831218,0.0003930944076
train/ent_coef,2916352,1786512948.937728,0.0003918655857
train/ent_coef,2949120,1786512954.080369,0.0003906367929
train/ent_coef,2981888,1786512959.165311,0.000389408
train/ent_coef,3014656,1786512964.294510,0.0003881792072
train/ent_coef,3047424,1786512969.391239,0.0003869504144
train/ent_coef,3080192,1786512974.543380,0.0003857215925
train/ent_coef,3112960,1786512979.643213,0.0003844927996
train/ent_coef,3145728,1786512984.752351,0.0003832640068
train/ent_coef,3178496,1786512989.850209,0.000382035214
train/ent_coef,3211264,1786512994.975077,0.0003808063921
train/ent_coef,3244032,1786513000.087667,0.0003795775992
train/ent_coef,3276800,1786513005.215771,0.0003783488064
train/ent_coef,3309568,1786513010.299351,0.0003771200136
train/ent_coef,3342336,1786513015.424213,0.0003758911917
train/ent_coef,3375104,1786513020.527744,0.0003746623988
train/ent_coef,3407872,1786513025.672807,0.000373433606
train/ent_coef,3440640,1786513030.757864,0.0003722048132
train/ent_coef,3473408,1786513035.889832,0.0003709759912
train/ent_coef,3506176,1786513040.973388,0.0003697471984
train/ent_coef,3538944,1786513046.119009,0.0003685184056
train/ent_coef,3571712,1786513051.231808,0.0003672896128
train/ent_coef,3604480,1786513056.356277,0.0003660607908
train/ent_coef,3637248,1786513061.462640,0.000364831998
train/ent_coef,3670016,1786513066.571772,0.0003636032052
train/ent_coef,3702784,1786513071.701057,0.0003623744124
train/ent_coef,3735552,1786513076.797233,0.0003611455904
train/ent_coef,3768320,1786513081.906422,0.0003599167976
train/ent_coef,3801088,1786513086.986037,0.0003586880048
train/ent_coef,3833856,1786513092.126828,0.000357459212
train/ent_coef,3866624,1786513097.230673,0.00035623039
train/ent_coef,3899392,1786513102.347369,0.0003550015972
train/ent_coef,3932160,1786513107.415715,0.0003537728044
train/ent_coef,3964928,1786513112.530636,0.0003525440115
train/ent_coef,3997696,1786513117.679956,0.0003513151896
train/ent_coef,4030464,1786513122.811729,0.0003500863968
train/ent_coef,4063232,1786513127.903732,0.000348857604
train/ent_coef,4096000,1786513133.034609,0.0003476288111
train/ent_coef,4128768,1786513138.127534,0.0003463999892
train/ent_coef,4161536,1786513143.284163,0.0003451711964
train/ent_coef,4194304,1786513148.363124,0.0003439424036
train/ent_coef,4227072,1786513153.504191,0.0003427136107
train/ent_coef,4259840,1786513158.588547,0.0003414847888
train/ent_coef,4292608,1786513163.723486,0.000340255996
train/ent_coef,4325376,1786513168.816503,0.0003390272032
train/ent_coef,4358144,1786513173.917621,0.0003377984103
train/ent_coef,4390912,1786513178.992937,0.0003365695884
train/ent_coef,4423680,1786513184.109504,0.0003353407956
train/ent_coef,4456448,1786513189.216561,0.0003341120027
train/ent_coef,4489216,1786513194.349577,0.0003328832099
train/ent_coef,4521984,1786513199.428098,0.000331654388
train/ent_coef,4554752,1786513204.527736,0.0003304255952
train/ent_coef,4587520,1786513209.627042,0.0003291968023
train/ent_coef,4620288,1786513214.810434,0.0003279680095
train/ent_coef,4653056,1786513219.897593,0.0003267391876
train/ent_coef,4685824,1786513225.023689,0.0003255103948
train/ent_coef,4718592,1786513230.103060,0.0003242816019
train/ent_coef,4751360,1786513235.237134,0.0003230528091
train/ent_coef,4784128,1786513240.316325,0.0003218239872
train/ent_coef,4816896,1786513245.460930,0.0003205951944
train/ent_coef,4849664,1786513250.544799,0.0003193664015
train/ent_coef,4882432,1786513255.672438,0.0003181376087
train/ent_coef,4915200,1786513260.769436,0.0003169087868
train/ent_coef,4947968,1786513265.917149,0.0003156799939
train/ent_coef,4980736,1786513270.987760,0.0003144512011
train/ent_coef,5013504,1786513276.107896,0.0003132224083
train/ent_coef,5046272,1786513281.194078,0.0003119935864
train/ent_coef,5079040,1786513286.332118,0.0003107647935
train/ent_coef,5111808,1786513291.425394,0.0003095360007
train/ent_coef,5144576,1786513296.520230,0.0003083072079
train/ent_coef,5177344,1786513301.631471,0.000307078386
train/ent_coef,5210112,1786513306.748140,0.0003058495931
train/ent_coef,5242880,1786513311.914020,0.0003046208003
train/ent_coef,5275648,1786513317.025496,0.0003033920075
train/ent_coef,5308416,1786513322.143294,0.0003021631856
train/ent_coef,5341184,1786513327.234484,0.0003009343927
train/ent_coef,5373952,1786513332.357972,0.0002997055999
train/ent_coef,5406720,1786513337.465266,0.0002984768071
train/ent_coef,5439488,1786513342.581637,0.0002972480142
train/ent_coef,5472256,1786513347.685123,0.0002960191923
train/ent_coef,5505024,1786513352.826358,0.0002947903995
train/ent_coef,5537792,1786513357.938082,0.0002935616067
train/ent_coef,5570560,1786513363.081185,0.0002923328138
train/ent_coef,5603328,1786513368.176840,0.0002911039919
train/ent_coef,5636096,1786513373.318781,0.0002898751991
train/ent_coef,5668864,1786513378.425349,0.0002886464063
train/ent_coef,5701632,1786513383.561390,0.0002874176134
train/ent_coef,5734400,1786513388.686751,0.0002861887915
train/ent_coef,5767168,1786513393.809499,0.0002849599987
train/ent_coef,5799936,1786513398.974478,0.0002837312059
train/ent_coef,5832704,1786513404.131589,0.000282502413
train/ent_coef,5865472,1786513409.223893,0.0002812735911
train/ent_coef,5898240,1786513414.353040,0.0002800447983
train/ent_coef,5931008,1786513419.443534,0.0002788160054
train/ent_coef,5963776,1786513424.566689,0.0002775872126
train/ent_coef,5996544,1786513429.682531,0.0002763583907
train/ent_coef,6029312,1786513434.812317,0.0002751295979
train/ent_coef,6062080,1786513439.888942,0.000273900805
train/ent_coef,6094848,1786513445.006094,0.0002726720122
train/ent_coef,6127616,1786513450.105996,0.0002714431903
train/ent_coef,6160384,1786513455.253681,0.0002702143975
train/ent_coef,6193152,1786513460.354904,0.0002689856046
train/ent_coef,6225920,1786513465.474989,0.0002677568118
train/ent_coef,6258688,1786513470.562288,0.0002665279899
train/ent_coef,6291456,1786513475.700792,0.0002652991971
train/ent_coef,6324224,1786513480.786895,0.0002640704042
train/ent_coef,6356992,1786513485.909405,0.0002628416114
train/ent_coef,6389760,1786513490.991267,0.0002616127895
train/ent_coef,6422528,1786513496.139438,0.0002603839966
train/ent_coef,6455296,1786513501.258267,0.0002591552038
train/ent_coef,6488064,1786513506.378678,0.000257926411
train/ent_coef,6520832,1786513511.484805,0.0002566975891
train/ent_coef,6553600,1786513516.598484,0.0002554687962
train/ent_coef,6586368,1786513521.709901,0.0002542400034
train/ent_coef,6619136,1786513526.846795,0.0002530112106
train/ent_coef,6651904,1786513531.970243,0.0002517823887
train/ent_coef,6684672,1786513537.066434,0.0002505535958
train/ent_coef,6717440,1786513542.207435,0.000249324803
train/ent_coef,6750208,1786513547.319190,0.0002480960102
train/ent_coef,6782976,1786513552.454298,0.0002468671883
train/ent_coef,6815744,1786513557.549432,0.0002456383954
train/ent_coef,6848512,1786513562.667117,0.0002444096026
train/ent_coef,6881280,1786513567.761560,0.0002431807952
train/ent_coef,6914048,1786513572.914291,0.0002419520024
train/ent_coef,6946816,1786513578.000269,0.000240723195
train/ent_coef,6979584,1786513583.130037,0.0002394944022
train/ent_coef,7012352,1786513588.239855,0.0002382655948
train/ent_coef,7045120,1786513593.387267,0.000237036802
train/ent_coef,7077888,1786513598.494620,0.0002358079946
train/ent_coef,7110656,1786513603.631671,0.0002345792018
train/ent_coef,7143424,1786513608.732403,0.0002333503944
train/ent_coef,7176192,1786513613.875646,0.0002321216016
train/ent_coef,7208960,1786513618.989208,0.0002308927942
train/ent_coef,7241728,1786513624.127609,0.0002296640014
train/ent_coef,7274496,1786513629.214093,0.000228435194
train/ent_coef,7307264,1786513634.335060,0.0002272064012
train/ent_coef,7340032,1786513639.437022,0.0002259775938
train/ent_coef,7372800,1786513644.582332,0.000224748801
train/ent_coef,7405568,1786513649.676169,0.0002235199936
train/ent_coef,7438336,1786513654.790310,0.0002222912008
train/ent_coef,7471104,1786513659.885769,0.0002210623934
train/ent_coef,7503872,1786513665.015364,0.0002198336006
train/ent_coef,7536640,1786513670.125800,0.0002186047932
train/ent_coef,7569408,1786513675.248827,0.0002173760004
train/ent_coef,7602176,1786513680.338656,0.000216147193
train/ent_coef,7634944,1786513685.473950,0.0002149184002
train/ent_coef,7667712,1786513690.589198,0.0002136895928
train/ent_coef,7700480,1786513695.746680,0.0002124608
train/ent_coef,7733248,1786513700.849539,0.0002112320071
train/ent_coef,7766016,1786513705.973597,0.0002100031998
train/ent_coef,7798784,1786513711.058627,0.0002087744069
train/ent_coef,7831552,1786513716.236546,0.0002075455996
train/ent_coef,7864320,1786513721.335709,0.0002063168067
train/ent_coef,7897088,1786513726.446869,0.0002050879993
train/ent_coef,7929856,1786513731.566342,0.0002038592065
train/ent_coef,7962624,1786513736.703442,0.0002026303991
train/ent_coef,7995392,1786513741.823991,0.0002014016063
train/ent_coef,8028160,1786513746.925887,0.0002001727989
train/entropy_loss,65536,1786512501.246965,-14.36127186
train/entropy_loss,98304,1786512506.370639,-14.34474468
train/entropy_loss,131072,1786512511.536682,-14.33754158
train/entropy_loss,163840,1786512516.693980,-14.33398628
train/entropy_loss,196608,1786512521.850090,-14.33214664
train/entropy_loss,229376,1786512526.922081,-14.31844616
train/entropy_loss,262144,1786512531.994950,-14.29917908
train/entropy_loss,294912,1786512537.144530,-14.28628922
train/entropy_loss,327680,1786512542.315369,-14.27709961
train/entropy_loss,360448,1786512547.430156,-14.27266598
train/entropy_loss,393216,1786512552.631448,-14.25452614
train/entropy_loss,425984,1786512557.794869,-14.24768066
train/entropy_loss,458752,1786512562.991247,-14.24751186
train/entropy_loss,491520,1786512568.165979,-14.24337006
train/entropy_loss,524288,1786512573.366138,-14.24001408
train/entropy_loss,557056,1786512578.517040,-14.23381424
train/entropy_loss,589824,1786512583.689593,-14.22416306
train/entropy_loss,622592,1786512588.862704,-14.21836853
train/entropy_loss,655360,1786512594.067286,-14.20696449
train/entropy_loss,688128,1786512599.225536,-14.20376873
train/entropy_loss,720896,1786512604.415145,-14.19485283
train/entropy_loss,753664,1786512609.572586,-14.18306255
train/entropy_loss,786432,1786512614.760547,-14.17331886
train/entropy_loss,819200,1786512619.932858,-14.17025852
train/entropy_loss,851968,1786512625.116335,-14.15925407
train/entropy_loss,884736,1786512630.294813,-14.15520287
train/entropy_loss,917504,1786512635.474007,-14.14274693
train/entropy_loss,950272,1786512640.604048,-14.13531399
train/entropy_loss,983040,1786512645.777714,-14.12215042
train/entropy_loss,1015808,1786512650.936524,-14.10552406
train/entropy_loss,1048576,1786512656.096274,-14.09764481
train/entropy_loss,1081344,1786512661.236972,-14.08728123
train/entropy_loss,1114112,1786512666.417514,-14.07461834
train/entropy_loss,1146880,1786512671.579362,-14.06742382
train/entropy_loss,1179648,1786512676.719686,-14.05707073
train/entropy_loss,1212416,1786512681.868047,-14.05139256
train/entropy_loss,1245184,1786512687.013507,-14.03184509
train/entropy_loss,1277952,1786512692.192445,-14.01371956
train/entropy_loss,1310720,1786512697.316693,-14.00811005
train/entropy_loss,1343488,1786512702.470310,-13.99456406
train/entropy_loss,1376256,1786512707.604744,-13.98133373
train/entropy_loss,1409024,1786512712.790967,-13.97773361
train/entropy_loss,1441792,1786512717.926867,-13.98016834
train/entropy_loss,1474560,1786512723.106017,-13.96999073
train/entropy_loss,1507328,1786512728.245444,-13.95983696
train/entropy_loss,1540096,1786512733.415441,-13.945714
train/entropy_loss,1572864,1786512738.576360,-13.92724323
train/entropy_loss,1605632,1786512743.764763,-13.91594505
train/entropy_loss,1638400,1786512748.893931,-13.90252399
train/entropy_loss,1671168,1786512754.099134,-13.87978363
train/entropy_loss,1703936,1786512759.233976,-13.87101173
train/entropy_loss,1736704,1786512764.403776,-13.86009789
train/entropy_loss,1769472,1786512769.528609,-13.85548782
train/entropy_loss,1802240,1786512774.687402,-13.8511076
train/entropy_loss,1835008,1786512779.806812,-13.83895206
train/entropy_loss,1867776,1786512784.964417,-13.83176136
train/entropy_loss,1900544,1786512790.082923,-13.82720375
train/entropy_loss,1933312,1786512795.246321,-13.82570457
train/entropy_loss,1966080,1786512800.362652,-13.82199097
train/entropy_loss,1998848,1786512805.560447,-13.81032562
train/entropy_loss,2031616,1786512810.691208,-13.79972267
train/entropy_loss,2064384,1786512815.853685,-13.79514694
train/entropy_loss,2097152,1786512820.955394,-13.79362392
train/entropy_loss,2129920,1786512826.089346,-13.78083992
train/entropy_loss,2162688,1786512831.236115,-13.78115177
train/entropy_loss,2195456,1786512836.386093,-13.78517532
train/entropy_loss,2228224,1786512841.491012,-13.77603722
train/entropy_loss,2260992,1786512846.604871,-13.78233337
train/entropy_loss,2293760,1786512851.716351,-13.77698803
train/entropy_loss,2326528,1786512856.847594,-13.766716
train/entropy_loss,2359296,1786512861.964461,-13.76451206
train/entropy_loss,2392064,1786512867.075635,-13.75691032
train/entropy_loss,2424832,1786512872.213258,-13.75730419
train/entropy_loss,2457600,1786512877.302431,-13.74914265
train/entropy_loss,2490368,1786512882.449439,-13.73580265
train/entropy_loss,2523136,1786512887.533192,-13.72609711
train/entropy_loss,2555904,1786512892.659700,-13.71126461
train/entropy_loss,2588672,1786512897.747400,-13.69848728
train/entropy_loss,2621440,1786512902.887003,-13.69383335
train/entropy_loss,2654208,1786512908.004466,-13.68728256
train/entropy_loss,2686976,1786512913.149385,-13.6773634
train/entropy_loss,2719744,1786512918.250610,-13.66281128
train/entropy_loss,2752512,1786512923.358433,-13.65404892
train/entropy_loss,2785280,1786512928.477737,-13.64249706
train/entropy_loss,2818048,1786512933.628687,-13.63598824
train/entropy_loss,2850816,1786512938.712540,-13.63287544
train/entropy_loss,2883584,1786512943.831221,-13.63276005
train/entropy_loss,2916352,1786512948.937731,-13.64038563
train/entropy_loss,2949120,1786512954.080373,-13.6367979
train/entropy_loss,2981888,1786512959.165314,-13.64075184
train/entropy_loss,3014656,1786512964.294513,-13.63747978
train/entropy_loss,3047424,1786512969.391243,-13.62682629
train/entropy_loss,3080192,1786512974.543383,-13.61081028
train/entropy_loss,3112960,1786512979.643216,-13.59826851
train/entropy_loss,3145728,1786512984.752354,-13.58926582
train/entropy_loss,3178496,1786512989.850213,-13.58354187
train/entropy_loss,3211264,1786512994.975080,-13.57702923
train/entropy_loss,3244032,1786513000.087672,-13.56387997
train/entropy_loss,3276800,1786513005.215775,-13.55806732
train/entropy_loss,3309568,1786513010.299354,-13.56243515
train/entropy_loss,3342336,1786513015.424217,-13.56623745
train/entropy_loss,3375104,1786513020.527747,-13.56836319
train/entropy_loss,3407872,1786513025.672810,-13.56034565
train/entropy_loss,3440640,1786513030.757867,-13.54652023
train/entropy_loss,3473408,1786513035.889835,-13.54144669
train/entropy_loss,3506176,1786513040.973391,-13.53322315
train/entropy_loss,3538944,1786513046.119012,-13.51907825
train/entropy_loss,3571712,1786513051.231811,-13.50144386
train/entropy_loss,3604480,1786513056.356280,-13.49011993
train/entropy_loss,3637248,1786513061.462643,-13.48713589
train/entropy_loss,3670016,1786513066.571775,-13.48763752
train/entropy_loss,3702784,1786513071.701060,-13.48743439
train/entropy_loss,3735552,1786513076.797237,-13.47377491
train/entropy_loss,3768320,1786513081.906425,-13.46302414
train/entropy_loss,3801088,1786513086.986040,-13.45228958
train/entropy_loss,3833856,1786513092.126832,-13.44320774
train/entropy_loss,3866624,1786513097.230676,-13.43990231
train/entropy_loss,3899392,1786513102.347373,-13.4321909
train/entropy_loss,3932160,1786513107.415719,-13.42080021
train/entropy_loss,3964928,1786513112.530639,-13.40645981
train/entropy_loss,3997696,1786513117.679959,-13.38866615
train/entropy_loss,4030464,1786513122.811733,-13.3659153
train/entropy_loss,4063232,1786513127.903735,-13.35026264
train/entropy_loss,4096000,1786513133.034612,-13.34383774
train/entropy_loss,4128768,1786513138.127537,-13.33879185
train/entropy_loss,4161536,1786513143.284167,-13.33261013
train/entropy_loss,4194304,1786513148.363127,-13.33128834
train/entropy_loss,4227072,1786513153.504194,-13.32679176
train/entropy_loss,4259840,1786513158.588550,-13.31574535
train/entropy_loss,4292608,1786513163.723490,-13.31821823
train/entropy_loss,4325376,1786513168.816506,-13.32722092
train/entropy_loss,4358144,1786513173.917626,-13.32197094
train/entropy_loss,4390912,1786513178.992940,-13.31179047
train/entropy_loss,4423680,1786513184.109507,-13.30895901
train/entropy_loss,4456448,1786513189.216564,-13.3032856
train/entropy_loss,4489216,1786513194.349581,-13.30230141
train/entropy_loss,4521984,1786513199.428101,-13.29804993
train/entropy_loss,4554752,1786513204.527739,-13.29069138
train/entropy_loss,4587520,1786513209.627045,-13.28345108
train/entropy_loss,4620288,1786513214.810437,-13.27723503
train/entropy_loss,4653056,1786513219.897596,-13.27453136
train/entropy_loss,4685824,1786513225.023692,-13.2711134
train/entropy_loss,4718592,1786513230.103063,-13.26074982
train/entropy_loss,4751360,1786513235.237138,-13.25193787
train/entropy_loss,4784128,1786513240.316328,-13.24462032
train/entropy_loss,4816896,1786513245.460934,-13.22793579
train/entropy_loss,4849664,1786513250.544802,-13.21409416
train/entropy_loss,4882432,1786513255.672443,-13.20900726
train/entropy_loss,4915200,1786513260.769439,-13.20640278
train/entropy_loss,4947968,1786513265.917153,-13.20795059
train/entropy_loss,4980736,1786513270.987764,-13.19836617
train/entropy_loss,5013504,1786513276.107899,-13.20203686
train/entropy_loss,5046272,1786513281.194082,-13.20519447
train/entropy_loss,5079040,1786513286.332121,-13.19257069
train/entropy_loss,5111808,1786513291.425398,-13.17891693
train/entropy_loss,5144576,1786513296.520234,-13.16829681
train/entropy_loss,5177344,1786513301.631474,-13.15578556
train/entropy_loss,5210112,1786513306.748143,-13.14528084
train/entropy_loss,5242880,1786513311.914023,-13.13999653
train/entropy_loss,5275648,1786513317.025500,-13.13257122
train/entropy_loss,5308416,1786513322.143297,-13.12151623
train/entropy_loss,5341184,1786513327.234487,-13.11331844
train/entropy_loss,5373952,1786513332.357975,-13.11423111
train/entropy_loss,5406720,1786513337.465269,-13.11264229
train/entropy_loss,5439488,1786513342.581640,-13.10412121
train/entropy_loss,5472256,1786513347.685126,-13.09630871
train/entropy_loss,5505024,1786513352.826361,-13.07950497
train/entropy_loss,5537792,1786513357.938086,-13.06837273
train/entropy_loss,5570560,1786513363.081189,-13.05458736
train/entropy_loss,5603328,1786513368.176843,-13.04016685
train/entropy_loss,5636096,1786513373.318784,-13.02180004
train/entropy_loss,5668864,1786513378.425353,-13.00142097
train/entropy_loss,5701632,1786513383.561393,-12.98757362
train/entropy_loss,5734400,1786513388.686754,-12.98445129
train/entropy_loss,5767168,1786513393.809503,-12.98187447
train/entropy_loss,5799936,1786513398.974481,-12.97039032
train/entropy_loss,5832704,1786513404.131592,-12.96399117
train/entropy_loss,5865472,1786513409.223897,-12.96323967
train/entropy_loss,5898240,1786513414.353043,-12.95446491
train/entropy_loss,5931008,1786513419.443537,-12.94884396
train/entropy_loss,5963776,1786513424.566692,-12.92995548
train/entropy_loss,5996544,1786513429.682534,-12.91507339
train/entropy_loss,6029312,1786513434.812320,-12.90844345
train/entropy_loss,6062080,1786513439.888945,-12.89492893
train/entropy_loss,6094848,1786513445.006097,-12.88330364
train/entropy_loss,6127616,1786513450.105999,-12.87248135
train/entropy_loss,6160384,1786513455.253684,-12.86025143
train/entropy_loss,6193152,1786513460.354907,-12.85456848
train/entropy_loss,6225920,1786513465.474992,-12.84701443
train/entropy_loss,6258688,1786513470.562291,-12.8369236
train/entropy_loss,6291456,1786513475.700795,-12.82284832
train/entropy_loss,6324224,1786513480.786898,-12.81041908
train/entropy_loss,6356992,1786513485.909408,-12.79855633
train/entropy_loss,6389760,1786513490.991271,-12.78884315
train/entropy_loss,6422528,1786513496.139441,-12.78201103
train/entropy_loss,6455296,1786513501.258270,-12.7802515
train/entropy_loss,6488064,1786513506.378682,-12.77398205
train/entropy_loss,6520832,1786513511.484808,-12.77366066
train/entropy_loss,6553600,1786513516.598487,-12.77148151
train/entropy_loss,6586368,1786513521.709904,-12.76544666
train/entropy_loss,6619136,1786513526.846798,-12.76208591
train/entropy_loss,6651904,1786513531.970246,-12.75834084
train/entropy_loss,6684672,1786513537.066438,-12.7543354
train/entropy_loss,6717440,1786513542.207439,-12.7432766
train/entropy_loss,6750208,1786513547.319193,-12.73562336
train/entropy_loss,6782976,1786513552.454301,-12.73051357
train/entropy_loss,6815744,1786513557.549436,-12.72942257
train/entropy_loss,6848512,1786513562.667120,-12.73317909
train/entropy_loss,6881280,1786513567.761564,-12.72199249
train/entropy_loss,6914048,1786513572.914294,-12.70101166
train/entropy_loss,6946816,1786513578.000272,-12.69186211
train/entropy_loss,6979584,1786513583.130040,-12.68756199
train/entropy_loss,7012352,1786513588.239858,-12.68463612
train/entropy_loss,7045120,1786513593.387272,-12.68438435
train/entropy_loss,7077888,1786513598.494624,-12.67310524
train/entropy_loss,7110656,1786513603.631674,-12.66783237
train/entropy_loss,7143424,1786513608.732407,-12.66502094
train/entropy_loss,7176192,1786513613.875649,-12.65686417
train/entropy_loss,7208960,1786513618.989211,-12.65053272
train/entropy_loss,7241728,1786513624.127612,-12.64957905
train/entropy_loss,7274496,1786513629.214096,-12.6502409
train/entropy_loss,7307264,1786513634.335064,-12.65626144
train/entropy_loss,7340032,1786513639.437025,-12.66066551
train/entropy_loss,7372800,1786513644.582335,-12.65069294
train/entropy_loss,7405568,1786513649.676172,-12.63371563
train/entropy_loss,7438336,1786513654.790314,-12.62831497
train/entropy_loss,7471104,1786513659.885772,-12.62083054
train/entropy_loss,7503872,1786513665.015367,-12.61456394
train/entropy_loss,7536640,1786513670.125803,-12.6147337
train/entropy_loss,7569408,1786513675.248830,-12.61235619
train/entropy_loss,7602176,1786513680.338659,-12.60634232
train/entropy_loss,7634944,1786513685.473954,-12.60347557
train/entropy_loss,7667712,1786513690.589201,-12.60639095
train/entropy_loss,7700480,1786513695.746683,-12.6049614
train/entropy_loss,7733248,1786513700.849542,-12.6066494
train/entropy_loss,7766016,1786513705.973600,-12.59456158
train/entropy_loss,7798784,1786513711.058631,-12.57738304
train/entropy_loss,7831552,1786513716.236549,-12.56464386
train/entropy_loss,7864320,1786513721.335712,-12.56281567
train/entropy_loss,7897088,1786513726.446872,-12.56286526
train/entropy_loss,7929856,1786513731.566345,-12.55374813
train/entropy_loss,7962624,1786513736.703446,-12.53593254
train/entropy_loss,7995392,1786513741.823994,-12.51917839
train/entropy_loss,8028160,1786513746.925890,-12.50664425
train/explained_variance,65536,1786512501.246968,0.8467661738
train/explained_variance,98304,1786512506.370643,0.8552843332
train/explained_variance,131072,1786512511.536685,0.8452548385
train/explained_variance,163840,1786512516.693983,0.8572694063
train/explained_variance,196608,1786512521.850093,0.8830196857
train/explained_variance,229376,1786512526.922084,0.8059976101
train/explained_variance,262144,1786512531.994953,0.8590192795
train/explained_variance,294912,1786512537.144533,0.8807778358
train/explained_variance,327680,1786512542.315373,0.8726696968
train/explained_variance,360448,1786512547.430159,0.8567771316
train/explained_variance,393216,1786512552.631451,0.8536221385
train/explained_variance,425984,1786512557.794872,0.871119976
train/explained_variance,458752,1786512562.991252,0.824762702
train/explained_variance,491520,1786512568.165982,0.8531508446
train/explained_variance,524288,1786512573.366141,0.8634214401
train/explained_variance,557056,1786512578.517043,0.829993844
train/explained_variance,589824,1786512583.689596,0.8775795102
train/explained_variance,622592,1786512588.862708,0.8327046633
train/explained_variance,655360,1786512594.067289,0.8553247452
train/explained_variance,688128,1786512599.225539,0.8786218166
train/explained_variance,720896,1786512604.415148,0.8670226932
train/explained_variance,753664,1786512609.572589,0.8638930321
train/explained_variance,786432,1786512614.760550,0.8887656927
train/explained_variance,819200,1786512619.932861,0.8876717091
train/explained_variance,851968,1786512625.116338,0.8704705834
train/explained_variance,884736,1786512630.294817,0.8836038709
train/explained_variance,917504,1786512635.474010,0.8642369509
train/explained_variance,950272,1786512640.604051,0.8665753603
train/explained_variance,983040,1786512645.777717,0.8762056828
train/explained_variance,1015808,1786512650.936527,0.8780376315
train/explained_variance,1048576,1786512656.096277,0.8721567392
train/explained_variance,1081344,1786512661.236975,0.8250169754
train/explained_variance,1114112,1786512666.417517,0.8588920832
train/explained_variance,1146880,1786512671.579365,0.8780605197
train/explained_variance,1179648,1786512676.719689,0.8870866895
train/explained_variance,1212416,1786512681.868052,0.8439259529
train/explained_variance,1245184,1786512687.013511,0.8846152425
train/explained_variance,1277952,1786512692.192449,0.8603162766
train/explained_variance,1310720,1786512697.316696,0.8873348832
train/explained_variance,1343488,1786512702.470314,0.8404552937
train/explained_variance,1376256,1786512707.604748,0.8511837721
train/explained_variance,1409024,1786512712.790970,0.8392641544
train/explained_variance,1441792,1786512717.926870,0.8692477345
train/explained_variance,1474560,1786512723.106020,0.860003233
train/explained_variance,1507328,1786512728.245447,0.8674453497
train/explained_variance,1540096,1786512733.415445,0.8579028845
train/explained_variance,1572864,1786512738.576364,0.8461171985
train/explained_variance,1605632,1786512743.764766,0.8722580671
train/explained_variance,1638400,1786512748.893934,0.8856559992
train/explained_variance,1671168,1786512754.099137,0.8761978149
train/explained_variance,1703936,1786512759.233979,0.8785646558
train/explained_variance,1736704,1786512764.403779,0.8782117367
train/explained_variance,1769472,1786512769.528613,0.8836709857
train/explained_variance,1802240,1786512774.687405,0.8504049778
train/explained_variance,1835008,1786512779.806815,0.874420166
train/explained_variance,1867776,1786512784.964420,0.8986687064
train/explained_variance,1900544,1786512790.082926,0.861069262
train/explained_variance,1933312,1786512795.246324,0.8656231761
train/explained_variance,1966080,1786512800.362655,0.8653637171
train/explained_variance,1998848,1786512805.560450,0.8422744274
train/explained_variance,2031616,1786512810.691212,0.8334742785
train/explained_variance,2064384,1786512815.853688,0.8733366728
train/explained_variance,2097152,1786512820.955397,0.8844762444
train/explained_variance,2129920,1786512826.089349,0.8389136791
train/explained_variance,2162688,1786512831.236118,0.8618543148
train/explained_variance,2195456,1786512836.386096,0.8841729164
train/explained_variance,2228224,1786512841.491016,0.8682237864
train/explained_variance,2260992,1786512846.604875,0.8553218246
train/explained_variance,2293760,1786512851.716354,0.8636113405
train/explained_variance,2326528,1786512856.847597,0.857606709
train/explained_variance,2359296,1786512861.964465,0.8836783171
train/explained_variance,2392064,1786512867.075638,0.8665933609
train/explained_variance,2424832,1786512872.213261,0.8222460747
train/explained_variance,2457600,1786512877.302435,0.8663200736
train/explained_variance,2490368,1786512882.449443,0.876863122
train/explained_variance,2523136,1786512887.533195,0.8566726446
train/explained_variance,2555904,1786512892.659703,0.8762695193
train/explained_variance,2588672,1786512897.747403,0.8337546587
train/explained_variance,2621440,1786512902.887006,0.8555154204
train/explained_variance,2654208,1786512908.004470,0.8085847497
train/explained_variance,2686976,1786512913.149388,0.8202239275
train/explained_variance,2719744,1786512918.250613,0.8721066117
train/explained_variance,2752512,1786512923.358437,0.872394681
train/explained_variance,2785280,1786512928.477740,0.8504263163
train/explained_variance,2818048,1786512933.628690,0.8375958204
train/explained_variance,2850816,1786512938.712543,0.8737511635
train/explained_variance,2883584,1786512943.831224,0.8770927191
train/explained_variance,2916352,1786512948.937735,0.8003594875
train/explained_variance,2949120,1786512954.080376,0.8967072964
train/explained_variance,2981888,1786512959.165318,0.8700742722
train/explained_variance,3014656,1786512964.294516,0.8407829404
train/explained_variance,3047424,1786512969.391246,0.8552823067
train/explained_variance,3080192,1786512974.543387,0.8840421438
train/explained_variance,3112960,1786512979.643220,0.8397234678
train/explained_variance,3145728,1786512984.752358,0.7842287421
train/explained_variance,3178496,1786512989.850216,0.8554086685
train/explained_variance,3211264,1786512994.975083,0.8666377664
train/explained_variance,3244032,1786513000.087697,0.8641555905
train/explained_variance,3276800,1786513005.215778,0.8369942307
train/explained_variance,3309568,1786513010.299358,0.8546749353
train/explained_variance,3342336,1786513015.424220,0.8316542506
train/explained_variance,3375104,1786513020.527750,0.8477531075
train/explained_variance,3407872,1786513025.672814,0.8964594603
train/explained_variance,3440640,1786513030.757870,0.8284310102
train/explained_variance,3473408,1786513035.889838,0.869738102
train/explained_variance,3506176,1786513040.973395,0.827550292
train/explained_variance,3538944,1786513046.119016,0.8664147258
train/explained_variance,3571712,1786513051.231814,0.8754649162
train/explained_variance,3604480,1786513056.356283,0.7919850945
train/explained_variance,3637248,1786513061.462647,0.8612912297
train/explained_variance,3670016,1786513066.571779,0.8582957387
train/explained_variance,3702784,1786513071.701064,0.8691884279
train/explained_variance,3735552,1786513076.797240,0.8354155421
train/explained_variance,3768320,1786513081.906430,0.8358966112
train/explained_variance,3801088,1786513086.986043,0.8611066937
train/explained_variance,3833856,1786513092.126835,0.8714762926
train/explained_variance,3866624,1786513097.230680,0.8369088173
train/explained_variance,3899392,1786513102.347376,0.8690860271
train/explained_variance,3932160,1786513107.415724,0.8389998078
train/explained_variance,3964928,1786513112.530643,0.8612058163
train/explained_variance,3997696,1786513117.679962,0.86146909
train/explained_variance,4030464,1786513122.811736,0.8689650297
train/explained_variance,4063232,1786513127.903739,0.8392250538
train/explained_variance,4096000,1786513133.034615,0.8808076382
train/explained_variance,4128768,1786513138.127540,0.8322631717
train/explained_variance,4161536,1786513143.284170,0.8492578268
train/explained_variance,4194304,1786513148.363130,0.8629088402
train/explained_variance,4227072,1786513153.504198,0.8562585115
train/explained_variance,4259840,1786513158.588553,0.8264051676
train/explained_variance,4292608,1786513163.723493,0.8287674189
train/explained_variance,4325376,1786513168.816510,0.8287133574
train/explained_variance,4358144,1786513173.917630,0.8522233367
train/explained_variance,4390912,1786513178.992943,0.8949759007
train/explained_variance,4423680,1786513184.109510,0.8414519429
train/explained_variance,4456448,1786513189.216568,0.8780231476
train/explained_variance,4489216,1786513194.349585,0.8633729219
train/explained_variance,4521984,1786513199.428105,0.8584483862
train/explained_variance,4554752,1786513204.527742,0.8828441501
train/explained_variance,4587520,1786513209.627049,0.8684372902
train/explained_variance,4620288,1786513214.810441,0.8781535625
train/explained_variance,4653056,1786513219.897599,0.8752710819
train/explained_variance,4685824,1786513225.023695,0.8594721556
train/explained_variance,4718592,1786513230.103067,0.7411427498
train/explained_variance,4751360,1786513235.237141,0.8418411016
train/explained_variance,4784128,1786513240.316331,0.8660500646
train/explained_variance,4816896,1786513245.460937,0.8554517627
train/explained_variance,4849664,1786513250.544808,0.8788939714
train/explained_variance,4882432,1786513255.672447,0.8595640659
train/explained_variance,4915200,1786513260.769443,0.8589271307
train/explained_variance,4947968,1786513265.917156,0.8379672766
train/explained_variance,4980736,1786513270.987767,0.8041118383
train/explained_variance,5013504,1786513276.107903,0.8802252412
train/explained_variance,5046272,1786513281.194085,0.8304802775
train/explained_variance,5079040,1786513286.332124,0.8759911656
train/explained_variance,5111808,1786513291.425401,0.8730322123
train/explained_variance,5144576,1786513296.520237,0.8512526751
train/explained_variance,5177344,1786513301.631477,0.8042523861
train/explained_variance,5210112,1786513306.748147,0.8808157444
train/explained_variance,5242880,1786513311.914026,0.8836763501
train/explained_variance,5275648,1786513317.025503,0.8696829081
train/explained_variance,5308416,1786513322.143300,0.8694838285
train/explained_variance,5341184,1786513327.234490,0.8515056968
train/explained_variance,5373952,1786513332.357979,0.8804501891
train/explained_variance,5406720,1786513337.465272,0.8267032504
train/explained_variance,5439488,1786513342.581643,0.8639143705
train/explained_variance,5472256,1786513347.685129,0.8420946002
train/explained_variance,5505024,1786513352.826365,0.884090662
train/explained_variance,5537792,1786513357.938089,0.8752055168
train/explained_variance,5570560,1786513363.081192,0.8622272015
train/explained_variance,5603328,1786513368.176846,0.8661952615
train/explained_variance,5636096,1786513373.318787,0.8807133436
train/explained_variance,5668864,1786513378.425357,0.8703863621
train/explained_variance,5701632,1786513383.561396,0.8683450222
train/explained_variance,5734400,1786513388.686757,0.8844265342
train/explained_variance,5767168,1786513393.809506,0.8888083696
train/explained_variance,5799936,1786513398.974484,0.8882659674
train/explained_variance,5832704,1786513404.131595,0.846426487
train/explained_variance,5865472,1786513409.223900,0.88395226
train/explained_variance,5898240,1786513414.353046,0.8644933701
train/explained_variance,5931008,1786513419.443541,0.8556358814
train/explained_variance,5963776,1786513424.566696,0.8806624413
train/explained_variance,5996544,1786513429.682538,0.886711359
train/explained_variance,6029312,1786513434.812323,0.8514806032
train/explained_variance,6062080,1786513439.888948,0.8529772162
train/explained_variance,6094848,1786513445.006101,0.8001257777
train/explained_variance,6127616,1786513450.106003,0.8763739467
train/explained_variance,6160384,1786513455.253687,0.885488987
train/explained_variance,6193152,1786513460.354910,0.8648300767
train/explained_variance,6225920,1786513465.474995,0.8292447925
train/explained_variance,6258688,1786513470.562295,0.8627277613
train/explained_variance,6291456,1786513475.700799,0.8560446501
train/explained_variance,6324224,1786513480.786902,0.8134486079
train/explained_variance,6356992,1786513485.909412,0.873875916
train/explained_variance,6389760,1786513490.991274,0.8465698957
train/explained_variance,6422528,1786513496.139445,0.8671545982
train/explained_variance,6455296,1786513501.258273,0.8551802039
train/explained_variance,6488064,1786513506.378685,0.8835263252
train/explained_variance,6520832,1786513511.484811,0.8382618427
train/explained_variance,6553600,1786513516.598491,0.855143249
train/explained_variance,6586368,1786513521.709907,0.8681467772
train/explained_variance,6619136,1786513526.846801,0.8660033345
train/explained_variance,6651904,1786513531.970250,0.8944376111
train/explained_variance,6684672,1786513537.066441,0.8832296133
train/explained_variance,6717440,1786513542.207444,0.8265258074
train/explained_variance,6750208,1786513547.319197,0.8171165586
train/explained_variance,6782976,1786513552.454304,0.8700884581
train/explained_variance,6815744,1786513557.549442,0.8608273864
train/explained_variance,6848512,1786513562.667123,0.8571666479
train/explained_variance,6881280,1786513567.761567,0.8738074899
train/explained_variance,6914048,1786513572.914298,0.8699150681
train/explained_variance,6946816,1786513578.000275,0.8673489094
train/explained_variance,6979584,1786513583.130043,0.8271124363
train/explained_variance,7012352,1786513588.239861,0.8440669775
train/explained_variance,7045120,1786513593.387275,0.8458489776
train/explained_variance,7077888,1786513598.494627,0.8565833569
train/explained_variance,7110656,1786513603.631678,0.7990997434
train/explained_variance,7143424,1786513608.732410,0.8446217179
train/explained_variance,7176192,1786513613.875653,0.8658573031
train/explained_variance,7208960,1786513618.989215,0.8731156588
train/explained_variance,7241728,1786513624.127615,0.8169058561
train/explained_variance,7274496,1786513629.214100,0.877494514
train/explained_variance,7307264,1786513634.335067,0.8951359987
train/explained_variance,7340032,1786513639.437034,0.8378958702
train/explained_variance,7372800,1786513644.582339,0.8916365504
train/explained_variance,7405568,1786513649.676176,0.8530538678
train/explained_variance,7438336,1786513654.790317,0.8625392914
train/explained_variance,7471104,1786513659.885776,0.8417120576
train/explained_variance,7503872,1786513665.015370,0.8444289565
train/explained_variance,7536640,1786513670.125806,0.8779816628
train/explained_variance,7569408,1786513675.248834,0.8670371175
train/explained_variance,7602176,1786513680.338662,0.7956228852
train/explained_variance,7634944,1786513685.473960,0.8462122679
train/explained_variance,7667712,1786513690.589205,0.879642427
train/explained_variance,7700480,1786513695.746686,0.8448331952
train/explained_variance,7733248,1786513700.849545,0.8925614357
train/explained_variance,7766016,1786513705.973603,0.8606165051
train/explained_variance,7798784,1786513711.058635,0.8597168922
train/explained_variance,7831552,1786513716.236553,0.8618166447
train/explained_variance,7864320,1786513721.335716,0.8573838472
train/explained_variance,7897088,1786513726.446875,0.8786749244
train/explained_variance,7929856,1786513731.566348,0.8839686513
train/explained_variance,7962624,1786513736.703449,0.8718516231
train/explained_variance,7995392,1786513741.823997,0.8877227306
train/explained_variance,8028160,1786513746.925893,0.8161239624
train/learning_rate,65536,1786512501.246971,9.999999747e-05
train/learning_rate,98304,1786512506.370647,9.999999747e-05
train/learning_rate,131072,1786512511.536688,9.999999747e-05
train/learning_rate,163840,1786512516.693986,9.999999747e-05
train/learning_rate,196608,1786512521.850097,9.999999747e-05
train/learning_rate,229376,1786512526.922087,9.999999747e-05
train/learning_rate,262144,1786512531.994957,9.999999747e-05
train/learning_rate,294912,1786512537.144536,9.999999747e-05
train/learning_rate,327680,1786512542.315376,9.999999747e-05
train/learning_rate,360448,1786512547.430162,9.999999747e-05
train/learning_rate,393216,1786512552.631454,9.999999747e-05
train/learning_rate,425984,1786512557.794875,9.999999747e-05
train/learning_rate,458752,1786512562.991256,9.999999747e-05
train/learning_rate,491520,1786512568.165985,9.999999747e-05
train/learning_rate,524288,1786512573.366144,9.999999747e-05
train/learning_rate,557056,1786512578.517046,9.999999747e-05
train/learning_rate,589824,1786512583.689599,9.999999747e-05
train/learning_rate,622592,1786512588.862711,9.999999747e-05
train/learning_rate,655360,1786512594.067293,9.999999747e-05
train/learning_rate,688128,1786512599.225542,9.999999747e-05
train/learning_rate,720896,1786512604.415151,9.999999747e-05
train/learning_rate,753664,1786512609.572593,9.999999747e-05
train/learning_rate,786432,1786512614.760553,9.999999747e-05
train/learning_rate,819200,1786512619.932864,9.999999747e-05
train/learning_rate,851968,1786512625.116341,9.999999747e-05
train/learning_rate,884736,1786512630.294819,9.999999747e-05
train/learning_rate,917504,1786512635.474014,9.999999747e-05
train/learning_rate,950272,1786512640.604054,9.999999747e-05
train/learning_rate,983040,1786512645.777720,9.999999747e-05
train/learning_rate,1015808,1786512650.936530,9.999999747e-05
train/learning_rate,1048576,1786512656.096281,9.999999747e-05
train/learning_rate,1081344,1786512661.236978,9.999999747e-05
train/learning_rate,1114112,1786512666.417520,9.999999747e-05
train/learning_rate,1146880,1786512671.579369,9.999999747e-05
train/learning_rate,1179648,1786512676.719692,9.999999747e-05
train/learning_rate,1212416,1786512681.868056,9.999999747e-05
train/learning_rate,1245184,1786512687.013514,9.999999747e-05
train/learning_rate,1277952,1786512692.192452,9.999999747e-05
train/learning_rate,1310720,1786512697.316699,9.999999747e-05
train/learning_rate,1343488,1786512702.470317,9.999999747e-05
train/learning_rate,1376256,1786512707.604751,9.999999747e-05
train/learning_rate,1409024,1786512712.790973,9.999999747e-05
train/learning_rate,1441792,1786512717.926873,9.999999747e-05
train/learning_rate,1474560,1786512723.106024,9.999999747e-05
train/learning_rate,1507328,1786512728.245450,9.999999747e-05
train/learning_rate,1540096,1786512733.415448,9.999999747e-05
train/learning_rate,1572864,1786512738.576367,9.999999747e-05
train/learning_rate,1605632,1786512743.764769,9.999999747e-05
train/learning_rate,1638400,1786512748.893938,9.999999747e-05
train/learning_rate,1671168,1786512754.099140,9.999999747e-05
train/learning_rate,1703936,1786512759.233983,9.999999747e-05
train/learning_rate,1736704,1786512764.403782,9.999999747e-05
train/learning_rate,1769472,1786512769.528617,9.999999747e-05
train/learning_rate,1802240,1786512774.687409,9.999999747e-05
train/learning_rate,1835008,1786512779.806819,9.999999747e-05
train/learning_rate,1867776,1786512784.964423,9.999999747e-05
train/learning_rate,1900544,1786512790.082929,9.999999747e-05
train/learning_rate,1933312,1786512795.246327,9.999999747e-05
train/learning_rate,1966080,1786512800.362658,9.999999747e-05
train/learning_rate,1998848,1786512805.560453,9.999999747e-05
train/learning_rate,2031616,1786512810.691215,9.999999747e-05
train/learning_rate,2064384,1786512815.853692,9.999999747e-05
train/learning_rate,2097152,1786512820.955400,9.999999747e-05
train/learning_rate,2129920,1786512826.089352,9.999999747e-05
train/learning_rate,2162688,1786512831.236122,9.999999747e-05
train/learning_rate,2195456,1786512836.386099,9.999999747e-05
train/learning_rate,2228224,1786512841.491019,9.999999747e-05
train/learning_rate,2260992,1786512846.604878,9.999999747e-05
train/learning_rate,2293760,1786512851.716357,9.999999747e-05
train/learning_rate,2326528,1786512856.847600,9.999999747e-05
train/learning_rate,2359296,1786512861.964469,9.999999747e-05
train/learning_rate,2392064,1786512867.075641,9.999999747e-05
train/learning_rate,2424832,1786512872.213264,9.999999747e-05
train/learning_rate,2457600,1786512877.302439,9.999999747e-05
train/learning_rate,2490368,1786512882.449446,9.999999747e-05
train/learning_rate,2523136,1786512887.533198,9.999999747e-05
train/learning_rate,2555904,1786512892.659706,9.999999747e-05
train/learning_rate,2588672,1786512897.747406,9.999999747e-05
train/learning_rate,2621440,1786512902.887009,9.999999747e-05
train/learning_rate,2654208,1786512908.004473,9.999999747e-05
train/learning_rate,2686976,1786512913.149391,9.999999747e-05
train/learning_rate,2719744,1786512918.250616,9.999999747e-05
train/learning_rate,2752512,1786512923.358440,9.999999747e-05
train/learning_rate,2785280,1786512928.477743,9.999999747e-05
train/learning_rate,2818048,1786512933.628694,9.999999747e-05
train/learning_rate,2850816,1786512938.712546,9.999999747e-05
train/learning_rate,2883584,1786512943.831227,9.999999747e-05
train/learning_rate,2916352,1786512948.937738,9.999999747e-05
train/learning_rate,2949120,1786512954.080379,9.999999747e-05
train/learning_rate,2981888,1786512959.165321,9.999999747e-05
train/learning_rate,3014656,1786512964.294519,9.999999747e-05
train/learning_rate,3047424,1786512969.391249,9.999999747e-05
train/learning_rate,3080192,1786512974.543390,9.999999747e-05
train/learning_rate,3112960,1786512979.643223,9.999999747e-05
train/learning_rate,3145728,1786512984.752361,9.999999747e-05
train/learning_rate,3178496,1786512989.850219,9.999999747e-05
train/learning_rate,3211264,1786512994.975087,9.999999747e-05
train/learning_rate,3244032,1786513000.087704,9.999999747e-05
train/learning_rate,3276800,1786513005.215781,9.999999747e-05
train/learning_rate,3309568,1786513010.299361,9.999999747e-05
train/learning_rate,3342336,1786513015.424223,9.999999747e-05
train/learning_rate,3375104,1786513020.527754,9.999999747e-05
train/learning_rate,3407872,1786513025.672817,9.999999747e-05
train/learning_rate,3440640,1786513030.757873,9.999999747e-05
train/learning_rate,3473408,1786513035.889842,9.999999747e-05
train/learning_rate,3506176,1786513040.973398,9.999999747e-05
train/learning_rate,3538944,1786513046.119019,9.999999747e-05
train/learning_rate,3571712,1786513051.231817,9.999999747e-05
train/learning_rate,3604480,1786513056.356287,9.999999747e-05
train/learning_rate,3637248,1786513061.462650,9.999999747e-05
train/learning_rate,3670016,1786513066.571782,9.999999747e-05
train/learning_rate,3702784,1786513071.701067,9.999999747e-05
train/learning_rate,3735552,1786513076.797243,9.999999747e-05
train/learning_rate,3768320,1786513081.906433,9.999999747e-05
train/learning_rate,3801088,1786513086.986046,9.999999747e-05
train/learning_rate,3833856,1786513092.126838,9.999999747e-05
train/learning_rate,3866624,1786513097.230683,9.999999747e-05
train/learning_rate,3899392,1786513102.347379,9.999999747e-05
train/learning_rate,3932160,1786513107.415727,9.999999747e-05
train/learning_rate,3964928,1786513112.530646,9.999999747e-05
train/learning_rate,3997696,1786513117.679965,9.999999747e-05
train/learning_rate,4030464,1786513122.811739,9.999999747e-05
train/learning_rate,4063232,1786513127.903742,9.999999747e-05
train/learning_rate,4096000,1786513133.034619,9.999999747e-05
train/learning_rate,4128768,1786513138.127544,9.999999747e-05
train/learning_rate,4161536,1786513143.284173,9.999999747e-05
train/learning_rate,4194304,1786513148.363134,9.999999747e-05
train/learning_rate,4227072,1786513153.504201,9.999999747e-05
train/learning_rate,4259840,1786513158.588556,9.999999747e-05
train/learning_rate,4292608,1786513163.723496,9.999999747e-05
train/learning_rate,4325376,1786513168.816513,9.999999747e-05
train/learning_rate,4358144,1786513173.917634,9.999999747e-05
train/learning_rate,4390912,1786513178.992946,9.999999747e-05
train/learning_rate,4423680,1786513184.109513,9.999999747e-05
train/learning_rate,4456448,1786513189.216571,9.999999747e-05
train/learning_rate,4489216,1786513194.349590,9.999999747e-05
train/learning_rate,4521984,1786513199.428108,9.999999747e-05
train/learning_rate,4554752,1786513204.527745,9.999999747e-05
train/learning_rate,4587520,1786513209.627052,9.999999747e-05
train/learning_rate,4620288,1786513214.810444,9.999999747e-05
train/learning_rate,4653056,1786513219.897602,9.999999747e-05
train/learning_rate,4685824,1786513225.023699,9.999999747e-05
train/learning_rate,4718592,1786513230.103070,9.999999747e-05
train/learning_rate,4751360,1786513235.237144,9.999999747e-05
train/learning_rate,4784128,1786513240.316334,9.999999747e-05
train/learning_rate,4816896,1786513245.460940,9.999999747e-05
train/learning_rate,4849664,1786513250.544811,9.999999747e-05
train/learning_rate,4882432,1786513255.672451,9.999999747e-05
train/learning_rate,4915200,1786513260.769446,9.999999747e-05
train/learning_rate,4947968,1786513265.917159,9.999999747e-05
train/learning_rate,4980736,1786513270.987771,9.999999747e-05
train/learning_rate,5013504,1786513276.107906,9.999999747e-05
train/learning_rate,5046272,1786513281.194088,9.999999747e-05
train/learning_rate,5079040,1786513286.332127,9.999999747e-05
train/learning_rate,5111808,1786513291.425404,9.999999747e-05
train/learning_rate,5144576,1786513296.520240,9.999999747e-05
train/learning_rate,5177344,1786513301.631480,9.999999747e-05
train/learning_rate,5210112,1786513306.748150,9.999999747e-05
train/learning_rate,5242880,1786513311.914029,9.999999747e-05
train/learning_rate,5275648,1786513317.025506,9.999999747e-05
train/learning_rate,5308416,1786513322.143303,9.999999747e-05
train/learning_rate,5341184,1786513327.234493,9.999999747e-05
train/learning_rate,5373952,1786513332.357982,9.999999747e-05
train/learning_rate,5406720,1786513337.465275,9.999999747e-05
train/learning_rate,5439488,1786513342.581646,9.999999747e-05
train/learning_rate,5472256,1786513347.685132,9.999999747e-05
train/learning_rate,5505024,1786513352.826368,9.999999747e-05
train/learning_rate,5537792,1786513357.938092,9.999999747e-05
train/learning_rate,5570560,1786513363.081195,9.999999747e-05
train/learning_rate,5603328,1786513368.176849,9.999999747e-05
train/learning_rate,5636096,1786513373.318791,9.999999747e-05
train/learning_rate,5668864,1786513378.425361,9.999999747e-05
train/learning_rate,5701632,1786513383.561400,9.999999747e-05
train/learning_rate,5734400,1786513388.686760,9.999999747e-05
train/learning_rate,5767168,1786513393.809509,9.999999747e-05
train/learning_rate,5799936,1786513398.974487,9.999999747e-05
train/learning_rate,5832704,1786513404.131599,9.999999747e-05
train/learning_rate,5865472,1786513409.223903,9.999999747e-05
train/learning_rate,5898240,1786513414.353049,9.999999747e-05
train/learning_rate,5931008,1786513419.443544,9.999999747e-05
train/learning_rate,5963776,1786513424.566699,9.999999747e-05
train/learning_rate,5996544,1786513429.682541,9.999999747e-05
train/learning_rate,6029312,1786513434.812327,9.999999747e-05
train/learning_rate,6062080,1786513439.888952,9.999999747e-05
train/learning_rate,6094848,1786513445.006104,9.999999747e-05
train/learning_rate,6127616,1786513450.106006,9.999999747e-05
train/learning_rate,6160384,1786513455.253691,9.999999747e-05
train/learning_rate,6193152,1786513460.354914,9.999999747e-05
train/learning_rate,6225920,1786513465.474999,9.999999747e-05
train/learning_rate,6258688,1786513470.562298,9.999999747e-05
train/learning_rate,6291456,1786513475.700802,9.999999747e-05
train/learning_rate,6324224,1786513480.786905,9.999999747e-05
train/learning_rate,6356992,1786513485.909415,9.999999747e-05
train/learning_rate,6389760,1786513490.991277,9.999999747e-05
train/learning_rate,6422528,1786513496.139448,9.999999747e-05
train/learning_rate,6455296,1786513501.258276,9.999999747e-05
train/learning_rate,6488064,1786513506.378688,9.999999747e-05
train/learning_rate,6520832,1786513511.484815,9.999999747e-05
train/learning_rate,6553600,1786513516.598494,9.999999747e-05
train/learning_rate,6586368,1786513521.709910,9.999999747e-05
train/learning_rate,6619136,1786513526.846804,9.999999747e-05
train/learning_rate,6651904,1786513531.970253,9.999999747e-05
train/learning_rate,6684672,1786513537.066444,9.999999747e-05
train/learning_rate,6717440,1786513542.207447,9.999999747e-05
train/learning_rate,6750208,1786513547.319200,9.999999747e-05
train/learning_rate,6782976,1786513552.454307,9.999999747e-05
train/learning_rate,6815744,1786513557.549446,9.999999747e-05
train/learning_rate,6848512,1786513562.667126,9.999999747e-05
train/learning_rate,6881280,1786513567.761570,9.999999747e-05
train/learning_rate,6914048,1786513572.914301,9.999999747e-05
train/learning_rate,6946816,1786513578.000278,9.999999747e-05
train/learning_rate,6979584,1786513583.130046,9.999999747e-05
train/learning_rate,7012352,1786513588.239865,9.999999747e-05
train/learning_rate,7045120,1786513593.387278,9.999999747e-05
train/learning_rate,7077888,1786513598.494630,9.999999747e-05
train/learning_rate,7110656,1786513603.631681,9.999999747e-05
train/learning_rate,7143424,1786513608.732413,9.999999747e-05
train/learning_rate,7176192,1786513613.875656,9.999999747e-05
train/learning_rate,7208960,1786513618.989218,9.999999747e-05
train/learning_rate,7241728,1786513624.127618,9.999999747e-05
train/learning_rate,7274496,1786513629.214103,9.999999747e-05
train/learning_rate,7307264,1786513634.335070,9.999999747e-05
train/learning_rate,7340032,1786513639.437037,9.999999747e-05
train/learning_rate,7372800,1786513644.582342,9.999999747e-05
train/learning_rate,7405568,1786513649.676179,9.999999747e-05
train/learning_rate,7438336,1786513654.790320,9.999999747e-05
train/learning_rate,7471104,1786513659.885779,9.999999747e-05
train/learning_rate,7503872,1786513665.015373,9.999999747e-05
train/learning_rate,7536640,1786513670.125809,9.999999747e-05
train/learning_rate,7569408,1786513675.248837,9.999999747e-05
train/learning_rate,7602176,1786513680.338666,9.999999747e-05
train/learning_rate,7634944,1786513685.473964,9.999999747e-05
train/learning_rate,7667712,1786513690.589208,9.999999747e-05
train/learning_rate,7700480,1786513695.746689,9.999999747e-05
train/learning_rate,7733248,1786513700.849548,9.999999747e-05
train/learning_rate,7766016,1786513705.973606,9.999999747e-05
train/learning_rate,7798784,1786513711.058639,9.999999747e-05
train/learning_rate,7831552,1786513716.236556,9.999999747e-05
train/learning_rate,7864320,1786513721.335719,9.999999747e-05
train/learning_rate,7897088,1786513726.446879,9.999999747e-05
train/learning_rate,7929856,1786513731.566351,9.999999747e-05
train/learning_rate,7962624,1786513736.703452,9.999999747e-05
train/learning_rate,7995392,1786513741.824001,9.999999747e-05
train/learning_rate,8028160,1786513746.925896,9.999999747e-05
train/loss,65536,1786512501.246974,-0.02278601564
train/loss,98304,1786512506.370650,-0.02241802402
train/loss,131072,1786512511.536691,-0.01804715581
train/loss,163840,1786512516.693990,-0.0239338018
train/loss,196608,1786512521.850100,-0.02830116451
train/loss,229376,1786512526.922090,-0.02056773752
train/loss,262144,1786512531.994960,-0.02010565996
train/loss,294912,1786512537.144539,-0.01766346209
train/loss,327680,1786512542.315379,-0.0259385258
train/loss,360448,1786512547.430166,-0.02581763081
train/loss,393216,1786512552.631457,-0.009364698082
train/loss,425984,1786512557.794878,-0.0245244503
train/loss,458752,1786512562.991260,-0.02138451859
train/loss,491520,1786512568.165988,-0.02963063121
train/loss,524288,1786512573.366147,-0.02612887137
train/loss,557056,1786512578.517050,-0.02033354715
train/loss,589824,1786512583.689603,-0.03111892752
train/loss,622592,1786512588.862714,-0.02018529736
train/loss,655360,1786512594.067296,-0.03438644484
train/loss,688128,1786512599.225546,-0.02045528218
train/loss,720896,1786512604.415154,-0.0271702446
train/loss,753664,1786512609.572596,-0.02894069254
train/loss,786432,1786512614.760557,-0.01554144546
train/loss,819200,1786512619.932867,-0.01541505568
train/loss,851968,1786512625.116344,-0.008089492097
train/loss,884736,1786512630.294822,-0.03809877858
train/loss,917504,1786512635.474017,-0.02762997523
train/loss,950272,1786512640.604057,-0.03399467468
train/loss,983040,1786512645.777724,-0.02439516596
train/loss,1015808,1786512650.936533,-0.01598460786
train/loss,1048576,1786512656.096284,-0.02436556667
train/loss,1081344,1786512661.236982,-0.02704443596
train/loss,1114112,1786512666.417523,-0.02314772457
train/loss,1146880,1786512671.579372,-0.03088979423
train/loss,1179648,1786512676.719695,-0.01144416165
train/loss,1212416,1786512681.868060,-0.03481898829
train/loss,1245184,1786512687.013517,-0.03796171024
train/loss,1277952,1786512692.192455,-0.03199185804
train/loss,1310720,1786512697.316703,-0.02283188142
train/loss,1343488,1786512702.470320,-0.03967889398
train/loss,1376256,1786512707.604754,-0.02734368667
train/loss,1409024,1786512712.790976,-0.01169678383
train/loss,1441792,1786512717.926877,-0.02560089715
train/loss,1474560,1786512723.106027,-0.03012375906
train/loss,1507328,1786512728.245453,-0.02694260329
train/loss,1540096,1786512733.415451,-0.03142226115
train/loss,1572864,1786512738.576370,-0.0206876453
train/loss,1605632,1786512743.764773,-0.016875837
train/loss,1638400,1786512748.893941,-0.03576051071
train/loss,1671168,1786512754.099143,-0.01422686223
train/loss,1703936,1786512759.233986,-0.03236979246
train/loss,1736704,1786512764.403785,-0.03780220821
train/loss,1769472,1786512769.528621,-0.02366367728
train/loss,1802240,1786512774.687412,-0.02202077582
train/loss,1835008,1786512779.806822,-0.02460633218
train/loss,1867776,1786512784.964427,-0.02913543209
train/loss,1900544,1786512790.082933,-0.0155595243
train/loss,1933312,1786512795.246331,-0.03143645823
train/loss,1966080,1786512800.362661,-0.01008195989
train/loss,1998848,1786512805.560457,-0.02384593338
train/loss,2031616,1786512810.691218,-0.01335589588
train/loss,2064384,1786512815.853695,-0.02189383097
train/loss,2097152,1786512820.955404,-0.03619404137
train/loss,2129920,1786512826.089356,-0.03043417819
train/loss,2162688,1786512831.236125,-0.01728424057
train/loss,2195456,1786512836.386102,-0.00803318806
train/loss,2228224,1786512841.491022,-0.02672114596
train/loss,2260992,1786512846.604881,-0.02037124336
train/loss,2293760,1786512851.716360,-0.01567163318
train/loss,2326528,1786512856.847604,-0.02900715917
train/loss,2359296,1786512861.964473,-0.03898284957
train/loss,2392064,1786512867.075644,-0.0136200171
train/loss,2424832,1786512872.213266,-0.0143886283
train/loss,2457600,1786512877.302443,-0.0175640136
train/loss,2490368,1786512882.449450,-0.01394983754
train/loss,2523136,1786512887.533201,-0.005175827071
train/loss,2555904,1786512892.659709,-0.01264141314
train/loss,2588672,1786512897.747409,-0.006626933813
train/loss,2621440,1786512902.887012,-0.0257551726
train/loss,2654208,1786512908.004476,-0.02732360549
train/loss,2686976,1786512913.149394,-0.03672652319
train/loss,2719744,1786512918.250619,-0.01645527408
train/loss,2752512,1786512923.358443,-0.02452380955
train/loss,2785280,1786512928.477746,-0.01797824353
train/loss,2818048,1786512933.628697,-0.008880199865
train/loss,2850816,1786512938.712549,-0.02677943558
train/loss,2883584,1786512943.831231,-0.01590157673
train/loss,2916352,1786512948.937741,-0.03311272711
train/loss,2949120,1786512954.080382,-0.0294621475
train/loss,2981888,1786512959.165324,-0.01947089098
train/loss,3014656,1786512964.294523,-0.004572628997
train/loss,3047424,1786512969.391252,-0.02224218473
train/loss,3080192,1786512974.543393,-0.02850066125
train/loss,3112960,1786512979.643226,-0.003449266311
train/loss,3145728,1786512984.752364,-0.02244706266
train/loss,3178496,1786512989.850222,-0.01009964384
train/loss,3211264,1786512994.975090,-0.02337057889
train/loss,3244032,1786513000.087709,-0.02049411833
train/loss,3276800,1786513005.215784,-0.02633359656
train/loss,3309568,1786513010.299364,-0.02311294153
train/loss,3342336,1786513015.424226,-0.01508859731
train/loss,3375104,1786513020.527757,-0.02863296121
train/loss,3407872,1786513025.672820,-0.0219880715
train/loss,3440640,1786513030.757876,-0.01612265594
train/loss,3473408,1786513035.889845,-0.01374635007
train/loss,3506176,1786513040.973401,-0.0267912522
train/loss,3538944,1786513046.119022,-0.02069766261
train/loss,3571712,1786513051.231821,-0.01983278431
train/loss,3604480,1786513056.356290,-0.01632244885
train/loss,3637248,1786513061.462653,-0.02155433595
train/loss,3670016,1786513066.571785,-0.009966561571
train/loss,3702784,1786513071.701070,-0.02100487426
train/loss,3735552,1786513076.797246,-0.006920032203
train/loss,3768320,1786513081.906436,-0.01784884371
train/loss,3801088,1786513086.986049,-0.0289261248
train/loss,3833856,1786513092.126841,-0.0160076227
train/loss,3866624,1786513097.230686,-0.0215040613
train/loss,3899392,1786513102.347382,-0.01409248542
train/loss,3932160,1786513107.415730,-0.0159512423
train/loss,3964928,1786513112.530649,-0.02314102091
train/loss,3997696,1786513117.679968,-0.02571232989
train/loss,4030464,1786513122.811743,-0.02686368302
train/loss,4063232,1786513127.903745,-0.02018771321
train/loss,4096000,1786513133.034622,-0.02524279803
train/loss,4128768,1786513138.127547,-0.01240365207
train/loss,4161536,1786513143.284176,-0.003997378051
train/loss,4194304,1786513148.363137,-0.008717101067
train/loss,4227072,1786513153.504204,-0.0227211006
train/loss,4259840,1786513158.588560,-0.02038246021
train/loss,4292608,1786513163.723499,-0.01812995598
train/loss,4325376,1786513168.816516,-0.01677671447
train/loss,4358144,1786513173.917638,-0.02481808886
train/loss,4390912,1786513178.992949,-0.02739851177
train/loss,4423680,1786513184.109516,-0.03283637017
train/loss,4456448,1786513189.216574,-0.01493098773
train/loss,4489216,1786513194.349594,-0.02744071558
train/loss,4521984,1786513199.428111,-0.01924037561
train/loss,4554752,1786513204.527749,-0.007881114259
train/loss,4587520,1786513209.627055,-0.008897081949
train/loss,4620288,1786513214.810447,-0.01076510176
train/loss,4653056,1786513219.897606,-0.02387472242
train/loss,4685824,1786513225.023702,-0.01978555135
train/loss,4718592,1786513230.103073,-0.02877193503
train/loss,4751360,1786513235.237147,-0.01899766736
train/loss,4784128,1786513240.316337,-0.003068003803
train/loss,4816896,1786513245.460944,-0.02667742036
train/loss,4849664,1786513250.544815,-0.02061048336
train/loss,4882432,1786513255.672454,-0.01241703518
train/loss,4915200,1786513260.769449,-0.009094119072
train/loss,4947968,1786513265.917162,-0.0273285117
train/loss,4980736,1786513270.987774,-0.02495710924
train/loss,5013504,1786513276.107909,-0.02011412755
train/loss,5046272,1786513281.194091,-0.02556007355
train/loss,5079040,1786513286.332130,-0.01018393692
train/loss,5111808,1786513291.425407,-0.023853397
train/loss,5144576,1786513296.520243,-0.01806472987
train/loss,5177344,1786513301.631483,-0.009630300105
train/loss,5210112,1786513306.748153,-0.03374697268
train/loss,5242880,1786513311.914033,-0.02269841731
train/loss,5275648,1786513317.025509,-0.0215112716
train/loss,5308416,1786513322.143306,-0.03349462897
train/loss,5341184,1786513327.234496,-0.02387572825
train/loss,5373952,1786513332.357985,-0.02609602548
train/loss,5406720,1786513337.465278,-0.0234753862
train/loss,5439488,1786513342.581649,-0.03486185893
train/loss,5472256,1786513347.685135,-0.0117860008
train/loss,5505024,1786513352.826371,-0.008683677763
train/loss,5537792,1786513357.938102,-0.01768591627
train/loss,5570560,1786513363.081198,-0.02132645994
train/loss,5603328,1786513368.176852,-0.01169921178
train/loss,5636096,1786513373.318794,-0.0248781573
train/loss,5668864,1786513378.425365,-0.0280681029
train/loss,5701632,1786513383.561403,-0.01893864572
train/loss,5734400,1786513388.686763,-0.02584753558
train/loss,5767168,1786513393.809512,-0.006228851154
train/loss,5799936,1786513398.974491,-0.009584281594
train/loss,5832704,1786513404.131602,-0.02967126667
train/loss,5865472,1786513409.223906,-0.003394830506
train/loss,5898240,1786513414.353052,-0.02759097889
train/loss,5931008,1786513419.443547,-0.02952219546
train/loss,5963776,1786513424.566703,-0.01971697621
train/loss,5996544,1786513429.682544,-0.01897528023
train/loss,6029312,1786513434.812330,-0.02710373327
train/loss,6062080,1786513439.888955,-0.01813695021
train/loss,6094848,1786513445.006107,-0.01832122356
train/loss,6127616,1786513450.106009,-0.02173801884
train/loss,6160384,1786513455.253694,-0.02359320223
train/loss,6193152,1786513460.354917,-0.02612646297
train/loss,6225920,1786513465.475002,-0.02050485834
train/loss,6258688,1786513470.562301,-0.02754497156
train/loss,6291456,1786513475.700805,-0.003862832673
train/loss,6324224,1786513480.786908,-0.01790253446
train/loss,6356992,1786513485.909418,-0.02159613743
train/loss,6389760,1786513490.991280,-0.0231067054
train/loss,6422528,1786513496.139451,-0.01317641698
train/loss,6455296,1786513501.258279,0.0001504998654
train/loss,6488064,1786513506.378691,-0.02164463885
train/loss,6520832,1786513511.484818,-0.0164803192
train/loss,6553600,1786513516.598497,-0.02520380355
train/loss,6586368,1786513521.709913,-0.0147063192
train/loss,6619136,1786513526.846807,-0.006980488077
train/loss,6651904,1786513531.970256,0.002883162349
train/loss,6684672,1786513537.066447,-0.02058724128
train/loss,6717440,1786513542.207450,-0.02464370243
train/loss,6750208,1786513547.319203,-0.01846675947
train/loss,6782976,1786513552.454311,-0.01711993851
train/loss,6815744,1786513557.549449,-0.02008991502
train/loss,6848512,1786513562.667129,-0.02032602578
train/loss,6881280,1786513567.761573,-0.01621733047
train/loss,6914048,1786513572.914304,-0.0176961273
train/loss,6946816,1786513578.000281,-0.03155431151
train/loss,6979584,1786513583.130049,-0.01318689808
train/loss,7012352,1786513588.239868,-0.02189253457
train/loss,7045120,1786513593.387281,-0.02434865013
train/loss,7077888,1786513598.494633,-0.019676283
train/loss,7110656,1786513603.631684,-0.01444859523
train/loss,7143424,1786513608.732417,-0.02370404825
train/loss,7176192,1786513613.875659,-0.03166925535
train/loss,7208960,1786513618.989221,-0.007470365614
train/loss,7241728,1786513624.127621,-0.02193374746
train/loss,7274496,1786513629.214106,-0.01623962447
train/loss,7307264,1786513634.335073,-0.01304550376
train/loss,7340032,1786513639.437040,-0.01440257393
train/loss,7372800,1786513644.582345,-0.02125710621
train/loss,7405568,1786513649.676182,-0.02178874612
train/loss,7438336,1786513654.790324,-0.01785301976
train/loss,7471104,1786513659.885782,-0.01403377391
train/loss,7503872,1786513665.015377,-0.01949343458
train/loss,7536640,1786513670.125813,-0.01752863638
train/loss,7569408,1786513675.248840,-0.02111100033
train/loss,7602176,1786513680.338669,-0.02271346748
train/loss,7634944,1786513685.473967,-0.02637436241
train/loss,7667712,1786513690.589211,-0.01683079824
train/loss,7700480,1786513695.746693,-0.01123455446
train/loss,7733248,1786513700.849551,-0.01567278802
train/loss,7766016,1786513705.973610,-0.01871208474
train/loss,7798784,1786513711.058643,-0.02848243155
train/loss,7831552,1786513716.236559,-0.008218912408
train/loss,7864320,1786513721.335722,-0.01800425537
train/loss,7897088,1786513726.446882,-0.02089201845
train/loss,7929856,1786513731.566354,-0.006227434613
train/loss,7962624,1786513736.703456,-0.01631302573
train/loss,7995392,1786513741.824004,-0.01156645175
train/loss,8028160,1786513746.925900,-0.01733153686
train/policy_gradient_loss,65536,1786512501.247073,-0.01585060731
train/policy_gradient_loss,98304,1786512506.370728,-0.01655451022
train/policy_gradient_loss,131072,1786512511.536778,-0.01598327793
train/policy_gradient_loss,163840,1786512516.694077,-0.01622174308
train/policy_gradient_loss,196608,1786512521.850191,-0.01575853303
train/policy_gradient_loss,229376,1786512526.922183,-0.01598120853
train/policy_gradient_loss,262144,1786512531.995054,-0.01471128501
train/policy_gradient_loss,294912,1786512537.144622,-0.01676432602
train/policy_gradient_loss,327680,1786512542.315439,-0.01614926569
train/policy_gradient_loss,360448,1786512547.430229,-0.01551575679
train/policy_gradient_loss,393216,1786512552.631555,-0.01541337185
train/policy_gradient_loss,425984,1786512557.794978,-0.01501777396
train/policy_gradient_loss,458752,1786512562.991330,-0.01573571935
train/policy_gradient_loss,491520,1786512568.166081,-0.01500304695
train/policy_gradient_loss,524288,1786512573.366238,-0.01605539955
train/policy_gradient_loss,557056,1786512578.517143,-0.01550222095
train/policy_gradient_loss,589824,1786512583.689695,-0.0155777121
train/policy_gradient_loss,622592,1786512588.862803,-0.01625046134
train/policy_gradient_loss,655360,1786512594.067385,-0.01558983978
train/policy_gradient_loss,688128,1786512599.225641,-0.01660540327
train/policy_gradient_loss,720896,1786512604.415248,-0.01588324085
train/policy_gradient_loss,753664,1786512609.572684,-0.01698476262
train/policy_gradient_loss,786432,1786512614.760662,-0.01413716283
train/policy_gradient_loss,819200,1786512619.932951,-0.01445474941
train/policy_gradient_loss,851968,1786512625.116436,-0.01532014553
train/policy_gradient_loss,884736,1786512630.294910,-0.0149231879
train/policy_gradient_loss,917504,1786512635.474110,-0.01536170673
train/policy_gradient_loss,950272,1786512640.604150,-0.01538853906
train/policy_gradient_loss,983040,1786512645.777817,-0.01555120852
train/policy_gradient_loss,1015808,1786512650.936641,-0.01552982163
train/policy_gradient_loss,1048576,1786512656.096368,-0.01522261277
train/policy_gradient_loss,1081344,1786512661.237079,-0.01519810315
train/policy_gradient_loss,1114112,1786512666.417606,-0.01593616419
train/policy_gradient_loss,1146880,1786512671.579434,-0.01569453999
train/policy_gradient_loss,1179648,1786512676.719781,-0.0145823909
train/policy_gradient_loss,1212416,1786512681.868130,-0.01621175557
train/policy_gradient_loss,1245184,1786512687.013619,-0.01484299544
train/policy_gradient_loss,1277952,1786512692.192541,-0.01485990454
train/policy_gradient_loss,1310720,1786512697.316801,-0.01557005849
train/policy_gradient_loss,1343488,1786512702.470426,-0.01538581308
train/policy_gradient_loss,1376256,1786512707.604838,-0.01507643797
train/policy_gradient_loss,1409024,1786512712.791043,-0.0153789157
train/policy_gradient_loss,1441792,1786512717.926973,-0.01460323855
train/policy_gradient_loss,1474560,1786512723.106112,-0.01553941052
train/policy_gradient_loss,1507328,1786512728.245546,-0.01519399136
train/policy_gradient_loss,1540096,1786512733.415569,-0.01537592243
train/policy_gradient_loss,1572864,1786512738.576453,-0.0154381264
train/policy_gradient_loss,1605632,1786512743.764865,-0.01537013054
train/policy_gradient_loss,1638400,1786512748.894009,-0.01600185409
train/policy_gradient_loss,1671168,1786512754.099229,-0.01574769802
train/policy_gradient_loss,1703936,1786512759.234072,-0.01529820077
train/policy_gradient_loss,1736704,1786512764.403853,-0.01394182444
train/policy_gradient_loss,1769472,1786512769.528689,-0.01397786103
train/policy_gradient_loss,1802240,1786512774.687469,-0.0156999547
train/policy_gradient_loss,1835008,1786512779.806912,-0.01535436045
train/policy_gradient_loss,1867776,1786512784.964516,-0.01585287601
train/policy_gradient_loss,1900544,1786512790.083006,-0.01562486403
train/policy_gradient_loss,1933312,1786512795.246393,-0.01494171657
train/policy_gradient_loss,1966080,1786512800.362743,-0.01467160415
train/policy_gradient_loss,1998848,1786512805.560573,-0.01567233354
train/policy_gradient_loss,2031616,1786512810.691287,-0.01494881883
train/policy_gradient_loss,2064384,1786512815.853787,-0.01601853594
train/policy_gradient_loss,2097152,1786512820.955468,-0.01468918286
train/policy_gradient_loss,2129920,1786512826.089438,-0.01506895851
train/policy_gradient_loss,2162688,1786512831.236224,-0.01490165107
train/policy_gradient_loss,2195456,1786512836.386198,-0.01481508836
train/policy_gradient_loss,2228224,1786512841.491086,-0.01473930757
train/policy_gradient_loss,2260992,1786512846.604944,-0.01565320231
train/policy_gradient_loss,2293760,1786512851.716458,-0.01519195922
train/policy_gradient_loss,2326528,1786512856.847711,-0.01435782667
train/policy_gradient_loss,2359296,1786512861.964559,-0.01511509996
train/policy_gradient_loss,2392064,1786512867.075728,-0.01426286157
train/policy_gradient_loss,2424832,1786512872.213357,-0.01525924541
train/policy_gradient_loss,2457600,1786512877.302505,-0.01448779553
train/policy_gradient_loss,2490368,1786512882.449567,-0.015217565
train/policy_gradient_loss,2523136,1786512887.533288,-0.01373479422
train/policy_gradient_loss,2555904,1786512892.659798,-0.01457296964
train/policy_gradient_loss,2588672,1786512897.747493,-0.01413394883
train/policy_gradient_loss,2621440,1786512902.887101,-0.0145126367
train/policy_gradient_loss,2654208,1786512908.004563,-0.01532614976
train/policy_gradient_loss,2686976,1786512913.149494,-0.01553415693
train/policy_gradient_loss,2719744,1786512918.250707,-0.01494342461
train/policy_gradient_loss,2752512,1786512923.358531,-0.0141598694
train/policy_gradient_loss,2785280,1786512928.477833,-0.01406882051
train/policy_gradient_loss,2818048,1786512933.628783,-0.01501543727
train/policy_gradient_loss,2850816,1786512938.712642,-0.01434991509
train/policy_gradient_loss,2883584,1786512943.831332,-0.01437144354
train/policy_gradient_loss,2916352,1786512948.937849,-0.01495548338
train/policy_gradient_loss,2949120,1786512954.080470,-0.01424303558
train/policy_gradient_loss,2981888,1786512959.165411,-0.01482464932
train/policy_gradient_loss,3014656,1786512964.294615,-0.01506878808
train/policy_gradient_loss,3047424,1786512969.391333,-0.01543586235
train/policy_gradient_loss,3080192,1786512974.543484,-0.01377918012
train/policy_gradient_loss,3112960,1786512979.643326,-0.0146600008
train/policy_gradient_loss,3145728,1786512984.752442,-0.0154484706
train/policy_gradient_loss,3178496,1786512989.850310,-0.01477037277
train/policy_gradient_loss,3211264,1786512994.975176,-0.01466919854
train/policy_gradient_loss,3244032,1786513000.087759,-0.01552950405
train/policy_gradient_loss,3276800,1786513005.215877,-0.01461181976
train/policy_gradient_loss,3309568,1786513010.299425,-0.0145505257
train/policy_gradient_loss,3342336,1786513015.424318,-0.01594469137
train/policy_gradient_loss,3375104,1786513020.527838,-0.01483598072
train/policy_gradient_loss,3407872,1786513025.672911,-0.01344752871
train/policy_gradient_loss,3440640,1786513030.757962,-0.01478032861
train/policy_gradient_loss,3473408,1786513035.889919,-0.01493456028
train/policy_gradient_loss,3506176,1786513040.973501,-0.01454441994
train/policy_gradient_loss,3538944,1786513046.119131,-0.01359345578
train/policy_gradient_loss,3571712,1786513051.231917,-0.014900757
train/policy_gradient_loss,3604480,1786513056.356374,-0.0142409699
train/policy_gradient_loss,3637248,1786513061.462742,-0.01496719476
train/policy_gradient_loss,3670016,1786513066.571885,-0.01349544805
train/policy_gradient_loss,3702784,1786513071.701155,-0.01441593375
train/policy_gradient_loss,3735552,1786513076.797330,-0.01454096381
train/policy_gradient_loss,3768320,1786513081.906532,-0.01405373961
train/policy_gradient_loss,3801088,1786513086.986143,-0.01491403207
train/policy_gradient_loss,3833856,1786513092.126927,-0.01396156941
train/policy_gradient_loss,3866624,1786513097.230775,-0.01408648305
train/policy_gradient_loss,3899392,1786513102.347466,-0.01460846048
train/policy_gradient_loss,3932160,1786513107.415796,-0.01411972474
train/policy_gradient_loss,3964928,1786513112.530744,-0.01377222687
train/policy_gradient_loss,3997696,1786513117.680038,-0.01468897238
train/policy_gradient_loss,4030464,1786513122.811835,-0.01386165526
train/policy_gradient_loss,4063232,1786513127.903830,-0.01521297358
train/policy_gradient_loss,4096000,1786513133.034719,-0.01457748935
train/policy_gradient_loss,4128768,1786513138.127641,-0.01296914276
train/policy_gradient_loss,4161536,1786513143.284265,-0.01376224868
train/policy_gradient_loss,4194304,1786513148.363229,-0.01462171227
train/policy_gradient_loss,4227072,1786513153.504291,-0.01475117076
train/policy_gradient_loss,4259840,1786513158.588654,-0.01428567246
train/policy_gradient_loss,4292608,1786513163.723591,-0.01306678727
train/policy_gradient_loss,4325376,1786513168.816581,-0.01297873817
train/policy_gradient_loss,4358144,1786513173.917705,-0.01461318601
train/policy_gradient_loss,4390912,1786513178.993046,-0.01365347765
train/policy_gradient_loss,4423680,1786513184.109606,-0.01468164008
train/policy_gradient_loss,4456448,1786513189.216660,-0.01426045969
train/policy_gradient_loss,4489216,1786513194.349656,-0.01287023257
train/policy_gradient_loss,4521984,1786513199.428177,-0.01466460992
train/policy_gradient_loss,4554752,1786513204.527835,-0.01399084274
train/policy_gradient_loss,4587520,1786513209.627145,-0.01416836586
train/policy_gradient_loss,4620288,1786513214.810536,-0.01359499525
train/policy_gradient_loss,4653056,1786513219.897690,-0.01342866383
train/policy_gradient_loss,4685824,1786513225.023766,-0.01509050187
train/policy_gradient_loss,4718592,1786513230.103159,-0.01524574868
train/policy_gradient_loss,4751360,1786513235.237239,-0.01412984915
train/policy_gradient_loss,4784128,1786513240.316420,-0.01386364084
train/policy_gradient_loss,4816896,1786513245.461010,-0.01502651908
train/policy_gradient_loss,4849664,1786513250.544897,-0.01550424285
train/policy_gradient_loss,4882432,1786513255.672517,-0.01362707
train/policy_gradient_loss,4915200,1786513260.769541,-0.01485597249
train/policy_gradient_loss,4947968,1786513265.917248,-0.0142862061
train/policy_gradient_loss,4980736,1786513270.987863,-0.01288675889
train/policy_gradient_loss,5013504,1786513276.107974,-0.01543036476
train/policy_gradient_loss,5046272,1786513281.194192,-0.01369591802
train/policy_gradient_loss,5079040,1786513286.332226,-0.01329913735
train/policy_gradient_loss,5111808,1786513291.425524,-0.01452990156
train/policy_gradient_loss,5144576,1786513296.520331,-0.01263975538
train/policy_gradient_loss,5177344,1786513301.631571,-0.01379057579
train/policy_gradient_loss,5210112,1786513306.748244,-0.01487234887
train/policy_gradient_loss,5242880,1786513311.914095,-0.01366690639
train/policy_gradient_loss,5275648,1786513317.025606,-0.01397599
train/policy_gradient_loss,5308416,1786513322.143382,-0.01527770422
train/policy_gradient_loss,5341184,1786513327.234584,-0.0128755914
train/policy_gradient_loss,5373952,1786513332.358083,-0.01380972471
train/policy_gradient_loss,5406720,1786513337.465361,-0.01365262829
train/policy_gradient_loss,5439488,1786513342.581752,-0.01415506098
train/policy_gradient_loss,5472256,1786513347.685206,-0.01347937621
train/policy_gradient_loss,5505024,1786513352.826456,-0.01422432158
train/policy_gradient_loss,5537792,1786513357.938168,-0.01300011855
train/policy_gradient_loss,5570560,1786513363.081293,-0.01392948907
train/policy_gradient_loss,5603328,1786513368.176907,-0.01376491413
train/policy_gradient_loss,5636096,1786513373.318885,-0.01436460577
train/policy_gradient_loss,5668864,1786513378.425426,-0.01390268374
train/policy_gradient_loss,5701632,1786513383.561491,-0.01397286262
train/policy_gradient_loss,5734400,1786513388.686820,-0.01390158571
train/policy_gradient_loss,5767168,1786513393.809608,-0.01292175706
train/policy_gradient_loss,5799936,1786513398.974578,-0.01272580773
train/policy_gradient_loss,5832704,1786513404.131688,-0.01325555146
train/policy_gradient_loss,5865472,1786513409.224004,-0.01499791723
train/policy_gradient_loss,5898240,1786513414.353136,-0.01391965337
train/policy_gradient_loss,5931008,1786513419.443610,-0.01442667376
train/policy_gradient_loss,5963776,1786513424.566814,-0.0145763075
train/policy_gradient_loss,5996544,1786513429.682634,-0.01380476169
train/policy_gradient_loss,6029312,1786513434.812409,-0.0146573158
train/policy_gradient_loss,6062080,1786513439.889051,-0.01378368121
train/policy_gradient_loss,6094848,1786513445.006202,-0.01334407181
train/policy_gradient_loss,6127616,1786513450.106100,-0.01429334935
train/policy_gradient_loss,6160384,1786513455.253796,-0.01435251161
train/policy_gradient_loss,6193152,1786513460.355005,-0.01415373106
train/policy_gradient_loss,6225920,1786513465.475092,-0.01303768996
train/policy_gradient_loss,6258688,1786513470.562392,-0.01487188879
train/policy_gradient_loss,6291456,1786513475.700885,-0.01405550167
train/policy_gradient_loss,6324224,1786513480.786999,-0.01359066181
train/policy_gradient_loss,6356992,1786513485.909501,-0.01413196977
train/policy_gradient_loss,6389760,1786513490.991340,-0.01388569828
train/policy_gradient_loss,6422528,1786513496.139547,-0.01447157376
train/policy_gradient_loss,6455296,1786513501.258373,-0.01337889209
train/policy_gradient_loss,6488064,1786513506.378787,-0.01328118145
train/policy_gradient_loss,6520832,1786513511.484904,-0.01414912753
train/policy_gradient_loss,6553600,1786513516.598590,-0.01386601012
train/policy_gradient_loss,6586368,1786513521.710004,-0.01306750905
train/policy_gradient_loss,6619136,1786513526.846891,-0.01432861667
train/policy_gradient_loss,6651904,1786513531.970359,-0.01290477067
train/policy_gradient_loss,6684672,1786513537.066545,-0.01375954784
train/policy_gradient_loss,6717440,1786513542.207517,-0.01403811574
train/policy_gradient_loss,6750208,1786513547.319288,-0.01447301824
train/policy_gradient_loss,6782976,1786513552.454391,-0.01356331259
train/policy_gradient_loss,6815744,1786513557.549535,-0.01369539928
train/policy_gradient_loss,6848512,1786513562.667218,-0.01407245547
train/policy_gradient_loss,6881280,1786513567.761664,-0.01293301955
train/policy_gradient_loss,6914048,1786513572.914389,-0.0143029578
train/policy_gradient_loss,6946816,1786513578.000371,-0.01361911464
train/policy_gradient_loss,6979584,1786513583.130137,-0.01353703626
train/policy_gradient_loss,7012352,1786513588.239960,-0.01325637847
train/policy_gradient_loss,7045120,1786513593.387363,-0.01288795844
train/policy_gradient_loss,7077888,1786513598.494718,-0.01443884149
train/policy_gradient_loss,7110656,1786513603.631772,-0.01354208216
train/policy_gradient_loss,7143424,1786513608.732541,-0.01313211583
train/policy_gradient_loss,7176192,1786513613.875746,-0.01475420408
train/policy_gradient_loss,7208960,1786513618.989321,-0.01376911905
train/policy_gradient_loss,7241728,1786513624.127726,-0.0136184264
train/policy_gradient_loss,7274496,1786513629.214209,-0.01265435666
train/policy_gradient_loss,7307264,1786513634.335157,-0.01295248605
train/policy_gradient_loss,7340032,1786513639.437110,-0.01463135052
train/policy_gradient_loss,7372800,1786513644.582434,-0.01289059687
train/policy_gradient_loss,7405568,1786513649.676272,-0.01366471779
train/policy_gradient_loss,7438336,1786513654.790429,-0.01317701209
train/policy_gradient_loss,7471104,1786513659.885866,-0.01401486155
train/policy_gradient_loss,7503872,1786513665.015477,-0.01332678366
train/policy_gradient_loss,7536640,1786513670.125915,-0.01360640489
train/policy_gradient_loss,7569408,1786513675.248947,-0.01321203355
train/policy_gradient_loss,7602176,1786513680.338759,-0.0136979064
train/policy_gradient_loss,7634944,1786513685.474052,-0.01386316679
train/policy_gradient_loss,7667712,1786513690.589309,-0.01437209919
train/policy_gradient_loss,7700480,1786513695.746807,-0.01350544859
train/policy_gradient_loss,7733248,1786513700.849646,-0.01286578923
train/policy_gradient_loss,7766016,1786513705.973733,-0.01413693465
train/policy_gradient_loss,7798784,1786513711.058710,-0.01354704145
train/policy_gradient_loss,7831552,1786513716.236624,-0.01340704504
train/policy_gradient_loss,7864320,1786513721.335818,-0.01343705133
train/policy_gradient_loss,7897088,1786513726.446972,-0.01337350812
train/policy_gradient_loss,7929856,1786513731.566440,-0.0129568046
train/policy_gradient_loss,7962624,1786513736.703552,-0.01449912693
train/policy_gradient_loss,7995392,1786513741.824109,-0.01387528982
train/policy_gradient_loss,8028160,1786513746.925985,-0.01249198895
train/std,65536,1786512501.247221,0.8053222299
train/std,98304,1786512506.370901,0.8041021824
train/std,131072,1786512511.536940,0.8041418195
train/std,163840,1786512516.694220,0.8040325642
train/std,196608,1786512521.850328,0.8037815094
train/std,229376,1786512526.922368,0.8023159504
train/std,262144,1786512531.995203,0.8009498119
train/std,294912,1786512537.144782,0.8007301688
train/std,327680,1786512542.315667,0.8001253605
train/std,360448,1786512547.430429,0.7993800044
train/std,393216,1786512552.631757,0.7983033657
train/std,425984,1786512557.795157,0.7985877991
train/std,458752,1786512562.991529,0.7980863452
train/std,491520,1786512568.166237,0.7980575562
train/std,524288,1786512573.366416,0.7974150777
train/std,557056,1786512578.517300,0.7971997261
train/std,589824,1786512583.689849,0.7964878082
train/std,622592,1786512588.862967,0.795891583
train/std,655360,1786512594.067558,0.7951586843
train/std,688128,1786512599.225800,0.7951507568
train/std,720896,1786512604.415409,0.79432863
train/std,753664,1786512609.572849,0.7934519649
train/std,786432,1786512614.760861,0.793017447
train/std,819200,1786512619.933104,0.7927436233
train/std,851968,1786512625.116604,0.7918405533
train/std,884736,1786512630.295121,0.7918185592
train/std,917504,1786512635.474298,0.7909100652
train/std,950272,1786512640.604309,0.7904830575
train/std,983040,1786512645.777980,0.7891175151
train/std,1015808,1786512650.936864,0.7883047462
train/std,1048576,1786512656.096527,0.7877416611
train/std,1081344,1786512661.237274,0.7872242332
train/std,1114112,1786512666.417769,0.7864843011
train/std,1146880,1786512671.579639,0.7858135104
train/std,1179648,1786512676.719960,0.7853655219
train/std,1212416,1786512681.868316,0.78484267
train/std,1245184,1786512687.013774,0.7833347917
train/std,1277952,1786512692.192721,0.7823206782
train/std,1310720,1786512697.316957,0.7818726897
train/std,1343488,1786512702.470608,0.7808268666
train/std,1376256,1786512707.605032,0.780228138
train/std,1409024,1786512712.791250,0.7804569602
train/std,1441792,1786512717.927141,0.7803490758
train/std,1474560,1786512723.106267,0.7794177532
train/std,1507328,1786512728.245706,0.7785202861
train/std,1540096,1786512733.415749,0.7777812481
train/std,1572864,1786512738.576612,0.7765447497
train/std,1605632,1786512743.765013,0.7759184837
train/std,1638400,1786512748.894201,0.7746168971
train/std,1671168,1786512754.099437,0.7732898593
train/std,1703936,1786512759.234225,0.7732263207
train/std,1736704,1786512764.404052,0.7722437978
train/std,1769472,1786512769.528878,0.7726703286
train/std,1802240,1786512774.687681,0.7716056705
train/std,1835008,1786512779.807074,0.7711761594
train/std,1867776,1786512784.964678,0.770761013
train/std,1900544,1786512790.083237,0.7708368301
train/std,1933312,1786512795.246606,0.7703837752
train/std,1966080,1786512800.362989,0.7696783543
train/std,1998848,1786512805.560830,0.7693132758
train/std,2031616,1786512810.691497,0.768386662
train/std,2064384,1786512815.853960,0.7683321834
train/std,2097152,1786512820.955676,0.7677896023
train/std,2129920,1786512826.089601,0.7670387626
train/std,2162688,1786512831.236412,0.7676988244
train/std,2195456,1786512836.386372,0.7673168182
train/std,2228224,1786512841.491273,0.7670919299
train/std,2260992,1786512846.605182,0.7673445344
train/std,2293760,1786512851.716606,0.7667622566
train/std,2326528,1786512856.847905,0.76628685
train/std,2359296,1786512861.964731,0.7662094235
train/std,2392064,1786512867.075896,0.7657663226
train/std,2424832,1786512872.213592,0.7658163905
train/std,2457600,1786512877.302718,0.7650948167
train/std,2490368,1786512882.449829,0.7643213272
train/std,2523136,1786512887.533493,0.7638050914
train/std,2555904,1786512892.659950,0.7626102567
train/std,2588672,1786512897.747684,0.7621455789
train/std,2621440,1786512902.887268,0.7616104484
train/std,2654208,1786512908.004727,0.761351347
train/std,2686976,1786512913.149651,0.7602737546
train/std,2719744,1786512918.250870,0.7598595619
train/std,2752512,1786512923.358736,0.7590646744
train/std,2785280,1786512928.477993,0.7584958673
train/std,2818048,1786512933.628920,0.758090198
train/std,2850816,1786512938.712793,0.7582736015
train/std,2883584,1786512943.831512,0.7582125664
train/std,2916352,1786512948.938004,0.7584937215
train/std,2949120,1786512954.080635,0.7582824826
train/std,2981888,1786512959.165583,0.7587398887
train/std,3014656,1786512964.294772,0.7584295273
train/std,3047424,1786512969.391500,0.757133007
train/std,3080192,1786512974.543635,0.756149292
train/std,3112960,1786512979.643484,0.7558144927
train/std,3145728,1786512984.752614,0.7551530004
train/std,3178496,1786512989.850462,0.7547769547
train/std,3211264,1786512994.975357,0.754152
train/std,3244032,1786513000.087983,0.7533873916
train/std,3276800,1786513005.216253,0.7532594204
train/std,3309568,1786513010.299618,0.7536600232
train/std,3342336,1786513015.424479,0.7539396286
train/std,3375104,1786513020.527985,0.7539079785
train/std,3407872,1786513025.673051,0.7531926632
train/std,3440640,1786513030.758117,0.7527310252
train/std,3473408,1786513035.890107,0.7519977093
train/std,3506176,1786513040.973664,0.751683414
train/std,3538944,1786513046.119300,0.7506852746
train/std,3571712,1786513051.232071,0.749836266
train/std,3604480,1786513056.356530,0.7490363717
train/std,3637248,1786513061.462888,0.7491165996
train/std,3670016,1786513066.572036,0.7491324544
train/std,3702784,1786513071.701302,0.7488696575
train/std,3735552,1786513076.797485,0.7478515506
train/std,3768320,1786513081.906729,0.7469933033
train/std,3801088,1786513086.986293,0.7466055751
train/std,3833856,1786513092.127072,0.7462165356
train/std,3866624,1786513097.230925,0.746014595
train/std,3899392,1786513102.347619,0.7450360656
train/std,3932160,1786513107.415978,0.7443339825
train/std,3964928,1786513112.530907,0.7431740761
train/std,3997696,1786513117.680249,0.7423468232
train/std,4030464,1786513122.811972,0.7406782508
train/std,4063232,1786513127.903982,0.7404444814
train/std,4096000,1786513133.034886,0.7399563789
train/std,4128768,1786513138.127791,0.7394099832
train/std,4161536,1786513143.284410,0.7392225266
train/std,4194304,1786513148.363378,0.7392850518
train/std,4227072,1786513153.504439,0.738689363
train/std,4259840,1786513158.588798,0.7381721139
train/std,4292608,1786513163.723741,0.7387287617
train/std,4325376,1786513168.816752,0.7391009331
train/std,4358144,1786513173.917903,0.738695085
train/std,4390912,1786513178.993196,0.7380690575
train/std,4423680,1786513184.109766,0.7378590703
train/std,4456448,1786513189.216815,0.7376080155
train/std,4489216,1786513194.349861,0.7372119427
train/std,4521984,1786513199.428360,0.7370937467
train/std,4554752,1786513204.527984,0.7366158366
train/std,4587520,1786513209.627290,0.7360897064
train/std,4620288,1786513214.810687,0.7357088923
train/std,4653056,1786513219.897849,0.7357991338
train/std,4685824,1786513225.023950,0.7350192666
train/std,4718592,1786513230.103320,0.7345921397
train/std,4751360,1786513235.237403,0.7338979244
train/std,4784128,1786513240.316573,0.7334480286
train/std,4816896,1786513245.461273,0.7321866155
train/std,4849664,1786513250.545047,0.7318325043
train/std,4882432,1786513255.672698,0.7314636707
train/std,4915200,1786513260.769692,0.7316997647
train/std,4947968,1786513265.917398,0.7315269113
train/std,4980736,1786513270.988018,0.7307041287
train/std,5013504,1786513276.108167,0.7317771912
train/std,5046272,1786513281.194371,0.7314748764
train/std,5079040,1786513286.332385,0.7303774953
train/std,5111808,1786513291.425703,0.7296190858
train/std,5144576,1786513296.520485,0.729067862
train/std,5177344,1786513301.631709,0.728354454
train/std,5210112,1786513306.748394,0.727796793
train/std,5242880,1786513311.914325,0.7271556854
train/std,5275648,1786513317.025751,0.7270098329
train/std,5308416,1786513322.143546,0.7261981368
train/std,5341184,1786513327.234733,0.7261663079
train/std,5373952,1786513332.358232,0.7261204123
train/std,5406720,1786513337.465521,0.7259373665
train/std,5439488,1786513342.581895,0.7253835797
train/std,5472256,1786513347.685385,0.7247345448
train/std,5505024,1786513352.826601,0.7236834168
train/std,5537792,1786513357.938360,0.7230625153
train/std,5570560,1786513363.081484,0.7219635844
train/std,5603328,1786513368.177089,0.7212962508
train/std,5636096,1786513373.319034,0.7199298739
train/std,5668864,1786513378.425618,0.718893826
train/std,5701632,1786513383.561644,0.7184076309
train/std,5734400,1786513388.687023,0.7182886004
train/std,5767168,1786513393.809766,0.7178325653
train/std,5799936,1786513398.974741,0.7170813084
train/std,5832704,1786513404.131848,0.7167729735
train/std,5865472,1786513409.224189,0.7169141769
train/std,5898240,1786513414.353301,0.7159225345
train/std,5931008,1786513419.443806,0.7156036496
train/std,5963776,1786513424.566966,0.7145113349
train/std,5996544,1786513429.682792,0.7136564255
train/std,6029312,1786513434.812558,0.7133145928
train/std,6062080,1786513439.889222,0.7123575211
train/std,6094848,1786513445.006356,0.7117395997
train/std,6127616,1786513450.106255,0.7109489441
train/std,6160384,1786513455.253937,0.7105223536
train/std,6193152,1786513460.355165,0.7102282047
train/std,6225920,1786513465.475245,0.7095648646
train/std,6258688,1786513470.562545,0.7090534568
train/std,6291456,1786513475.701042,0.7079640031
train/std,6324224,1786513480.787148,0.7074778676
train/std,6356992,1786513485.909653,0.7066335678
train/std,6389760,1786513490.991523,0.7061948776
train/std,6422528,1786513496.139705,0.7057890892
train/std,6455296,1786513501.258537,0.7057797313
train/std,6488064,1786513506.378942,0.7053617835
train/std,6520832,1786513511.485064,0.7054152489
train/std,6553600,1786513516.598747,0.7052185535
train/std,6586368,1786513521.710161,0.7048285604
train/std,6619136,1786513526.847046,0.7049107552
train/std,6651904,1786513531.970491,0.7044623494
train/std,6684672,1786513537.066697,0.7041247487
train/std,6717440,1786513542.207705,0.7034118772
train/std,6750208,1786513547.319442,0.7032979131
train/std,6782976,1786513552.454546,0.7027549744
train/std,6815744,1786513557.549680,0.7029374242
train/std,6848512,1786513562.667360,0.7031031251
train/std,6881280,1786513567.761822,0.7020440102
train/std,6914048,1786513572.914545,0.7008708119
train/std,6946816,1786513578.000612,0.7004249096
train/std,6979584,1786513583.130309,0.7003800273
train/std,7012352,1786513588.240114,0.7001588941
train/std,7045120,1786513593.387515,0.6996650696
train/std,7077888,1786513598.494895,0.6991230845
train/std,7110656,1786513603.631934,0.6989269257
train/std,7143424,1786513608.732727,0.698836863
train/std,7176192,1786513613.875887,0.6981909275
train/std,7208960,1786513618.989466,0.6980423927
train/std,7241728,1786513624.127891,0.6979206204
train/std,7274496,1786513629.214373,0.6981782913
train/std,7307264,1786513634.335305,0.6984656453
train/std,7340032,1786513639.437303,0.6984971166
train/std,7372800,1786513644.582586,0.6975663304
train/std,7405568,1786513649.676428,0.6966971755
train/std,7438336,1786513654.790602,0.6969876289
train/std,7471104,1786513659.886011,0.6960976124
train/std,7503872,1786513665.015627,0.6960584521
train/std,7536640,1786513670.126089,0.6960366368
train/std,7569408,1786513675.249096,0.6958702207
train/std,7602176,1786513680.338930,0.6951541305
train/std,7634944,1786513685.474213,0.6952005029
train/std,7667712,1786513690.589458,0.6954943538
train/std,7700480,1786513695.747021,0.6951609254
train/std,7733248,1786513700.849802,0.6953288913
train/std,7766016,1786513705.973989,0.6940816045
train/std,7798784,1786513711.058905,0.693174541
train/std,7831552,1786513716.236828,0.6927728653
train/std,7864320,1786513721.335963,0.6927677989
train/std,7897088,1786513726.447121,0.6931042075
train/std,7929856,1786513731.566585,0.6917861104
train/std,7962624,1786513736.703724,0.6908009648
train/std,7995392,1786513741.824297,0.6898838878
train/std,8028160,1786513746.926149,0.6893953681
train/value_loss,65536,1786512501.247585,0.01948920637
train/value_loss,98304,1786512506.371288,0.02013263106
train/value_loss,131072,1786512511.537100,0.01758430339
train/value_loss,163840,1786512516.694366,0.02149040438
train/value_loss,196608,1786512521.850693,0.02603567392
train/value_loss,229376,1786512526.922775,0.02450315095
train/value_loss,262144,1786512531.995563,0.02448180504
train/value_loss,294912,1786512537.145192,0.02326503024
train/value_loss,327680,1786512542.316018,0.02527733147
train/value_loss,360448,1786512547.430761,0.0247922428
train/value_loss,393216,1786512552.631956,0.01809322648
train/value_loss,425984,1786512557.795214,0.02073828876
train/value_loss,458752,1786512562.991872,0.02332764864
train/value_loss,491520,1786512568.166671,0.02227583528
train/value_loss,524288,1786512573.366801,0.02559420839
train/value_loss,557056,1786512578.517518,0.02988243848
train/value_loss,589824,1786512583.690261,0.02374075726
train/value_loss,622592,1786512588.863366,0.02383473143
train/value_loss,655360,1786512594.067945,0.02334738709
train/value_loss,688128,1786512599.226223,0.02641533874
train/value_loss,720896,1786512604.415795,0.01767375134
train/value_loss,753664,1786512609.573239,0.0219776649
train/value_loss,786432,1786512614.761192,0.01927404292
train/value_loss,819200,1786512619.933518,0.01878111251
train/value_loss,851968,1786512625.116959,0.02496710233
train/value_loss,884736,1786512630.295470,0.01880674623
train/value_loss,917504,1786512635.474706,0.02327663638
train/value_loss,950272,1786512640.604690,0.0266070012
train/value_loss,983040,1786512645.778381,0.02067431435
train/value_loss,1015808,1786512650.937183,0.01870763674
train/value_loss,1048576,1786512656.096919,0.01971265301
train/value_loss,1081344,1786512661.237584,0.02145083435
train/value_loss,1114112,1786512666.418224,0.01777378283
train/value_loss,1146880,1786512671.579977,0.02341757528
train/value_loss,1179648,1786512676.720170,0.02812690288
train/value_loss,1212416,1786512681.868673,0.0246473141
train/value_loss,1245184,1786512687.014178,0.01767623611
train/value_loss,1277952,1786512692.193109,0.01829740778
train/value_loss,1310720,1786512697.317364,0.01875322498
train/value_loss,1343488,1786512702.471006,0.02179313079
train/value_loss,1376256,1786512707.605434,0.02728710137
train/value_loss,1409024,1786512712.791593,0.02319684997
train/value_loss,1441792,1786512717.927535,0.02184633724
train/value_loss,1474560,1786512723.106638,0.01547307614
train/value_loss,1507328,1786512728.246090,0.02391850948
train/value_loss,1540096,1786512733.416085,0.02441388182
train/value_loss,1572864,1786512738.577009,0.01771940663
train/value_loss,1605632,1786512743.765430,0.02373839915
train/value_loss,1638400,1786512748.894560,0.02451512031
train/value_loss,1671168,1786512754.099849,0.02033212595
train/value_loss,1703936,1786512759.234614,0.02124687098
train/value_loss,1736704,1786512764.404420,0.02167792805
train/value_loss,1769472,1786512769.528949,0.02176300995
train/value_loss,1802240,1786512774.688011,0.02364605293
train/value_loss,1835008,1786512779.807234,0.02168479562
train/value_loss,1867776,1786512784.965091,0.02465680055
train/value_loss,1900544,1786512790.083568,0.02329690568
train/value_loss,1933312,1786512795.246673,0.0242063161
train/value_loss,1966080,1786512800.363378,0.02216802165
train/value_loss,1998848,1786512805.561175,0.01899204217
train/value_loss,2031616,1786512810.691833,0.02358076535
train/value_loss,2064384,1786512815.854134,0.02308313176
train/value_loss,2097152,1786512820.956018,0.01854327135
train/value_loss,2129920,1786512826.089983,0.02148701623
train/value_loss,2162688,1786512831.236703,0.024516996
train/value_loss,2195456,1786512836.386755,0.0270176623
train/value_loss,2228224,1786512841.491593,0.01882514358
train/value_loss,2260992,1786512846.605536,0.02088488452
train/value_loss,2293760,1786512851.717008,0.02228537016
train/value_loss,2326528,1786512856.847972,0.01886694692
train/value_loss,2359296,1786512861.965059,0.02241459116
train/value_loss,2392064,1786512867.076273,0.02331182174
train/value_loss,2424832,1786512872.213933,0.02399409004
train/value_loss,2457600,1786512877.303083,0.02365482785
train/value_loss,2490368,1786512882.450197,0.02182393707
train/value_loss,2523136,1786512887.533869,0.02453519776
train/value_loss,2555904,1786512892.660004,0.02291906625
train/value_loss,2588672,1786512897.748068,0.03289711475
train/value_loss,2621440,1786512902.887344,0.02226408198
train/value_loss,2654208,1786512908.005151,0.02365903743
train/value_loss,2686976,1786512913.150080,0.02125688083
train/value_loss,2719744,1786512918.251290,0.02330726571
train/value_loss,2752512,1786512923.359077,0.01836730167
train/value_loss,2785280,1786512928.478413,0.02046083659
train/value_loss,2818048,1786512933.628966,0.02221545577
train/value_loss,2850816,1786512938.713205,0.02211617678
train/value_loss,2883584,1786512943.831690,0.02337343991
train/value_loss,2916352,1786512948.938435,0.01790227555
train/value_loss,2949120,1786512954.081048,0.02453475818
train/value_loss,2981888,1786512959.165977,0.0220190268
train/value_loss,3014656,1786512964.295185,0.02843760885
train/value_loss,3047424,1786512969.391911,0.02001219988
train/value_loss,3080192,1786512974.543794,0.0240360219
train/value_loss,3112960,1786512979.643656,0.0244257208
train/value_loss,3145728,1786512984.752993,0.02445087396
train/value_loss,3178496,1786512989.850617,0.02794830315
train/value_loss,3211264,1786512994.975755,0.02203470469
train/value_loss,3244032,1786513000.088334,0.01784627885
train/value_loss,3276800,1786513005.216575,0.027410632
train/value_loss,3309568,1786513010.299963,0.02576221339
train/value_loss,3342336,1786513015.424876,0.02191950195
train/value_loss,3375104,1786513020.528399,0.01863067038
train/value_loss,3407872,1786513025.673122,0.02279362828
train/value_loss,3440640,1786513030.758512,0.0266217757
train/value_loss,3473408,1786513035.890442,0.0196443554
train/value_loss,3506176,1786513040.974058,0.02613403089
train/value_loss,3538944,1786513046.119665,0.02470878325
train/value_loss,3571712,1786513051.232471,0.02252739109
train/value_loss,3604480,1786513056.356924,0.02049749903
train/value_loss,3637248,1786513061.463263,0.01890493743
train/value_loss,3670016,1786513066.572406,0.02443878911
train/value_loss,3702784,1786513071.701679,0.0226141382
train/value_loss,3735552,1786513076.797873,0.02411547117
train/value_loss,3768320,1786513081.907076,0.02037201449
train/value_loss,3801088,1786513086.986666,0.02351347543
train/value_loss,3833856,1786513092.127459,0.02324996516
train/value_loss,3866624,1786513097.231066,0.02076849528
train/value_loss,3899392,1786513102.347994,0.02664747462
train/value_loss,3932160,1786513107.416292,0.02498862147
train/value_loss,3964928,1786513112.531279,0.02307010256
train/value_loss,3997696,1786513117.680656,0.02423150651
train/value_loss,4030464,1786513122.812049,0.02282956801
train/value_loss,4063232,1786513127.904379,0.02212534659
train/value_loss,4096000,1786513133.035293,0.01969142258
train/value_loss,4128768,1786513138.128205,0.01780052856
train/value_loss,4161536,1786513143.284787,0.02799433842
train/value_loss,4194304,1786513148.363788,0.0292832274
train/value_loss,4227072,1786513153.504591,0.02152868174
train/value_loss,4259840,1786513158.589201,0.02205237187
train/value_loss,4292608,1786513163.724102,0.02818780206
train/value_loss,4325376,1786513168.816805,0.02590535767
train/value_loss,4358144,1786513173.918233,0.01981345937
train/value_loss,4390912,1786513178.993576,0.01760326512
train/value_loss,4423680,1786513184.110157,0.02105685323
train/value_loss,4456448,1786513189.217204,0.01791009121
train/value_loss,4489216,1786513194.350202,0.02375893481
train/value_loss,4521984,1786513199.428695,0.02088234015
train/value_loss,4554752,1786513204.528130,0.02092389576
train/value_loss,4587520,1786513209.627334,0.02339930832
train/value_loss,4620288,1786513214.810836,0.02770421281
train/value_loss,4653056,1786513219.898239,0.02380345948
train/value_loss,4685824,1786513225.024271,0.0249017477
train/value_loss,4718592,1786513230.103677,0.01755787991
train/value_loss,4751360,1786513235.237790,0.02382159233
train/value_loss,4784128,1786513240.316953,0.02279839665
train/value_loss,4816896,1786513245.461591,0.01881077327
train/value_loss,4849664,1786513250.545451,0.01847508736
train/value_loss,4882432,1786513255.672744,0.02790204808
train/value_loss,4915200,1786513260.770088,0.02747145295
train/value_loss,4947968,1786513265.917791,0.01936726645
train/value_loss,4980736,1786513270.988395,0.01887626573
train/value_loss,5013504,1786513276.108509,0.01680231281
train/value_loss,5046272,1786513281.194451,0.01856388897
train/value_loss,5079040,1786513286.332741,0.02008648589
train/value_loss,5111808,1786513291.426043,0.02319415472
train/value_loss,5144576,1786513296.520884,0.0254673399
train/value_loss,5177344,1786513301.631863,0.02528345957
train/value_loss,5210112,1786513306.748789,0.02333792485
train/value_loss,5242880,1786513311.914652,0.02562547848
train/value_loss,5275648,1786513317.026137,0.02403843589
train/value_loss,5308416,1786513322.143916,0.0159785524
train/value_loss,5341184,1786513327.234893,0.01813295856
train/value_loss,5373952,1786513332.358638,0.01887924038
train/value_loss,5406720,1786513337.465882,0.02125098929
train/value_loss,5439488,1786513342.582270,0.01971677691
train/value_loss,5472256,1786513347.685821,0.02228670567
train/value_loss,5505024,1786513352.826650,0.01569815725
train/value_loss,5537792,1786513357.938719,0.02071729489
train/value_loss,5570560,1786513363.081859,0.02171958238
train/value_loss,5603328,1786513368.177425,0.02099935152
train/value_loss,5636096,1786513373.319450,0.0219949875
train/value_loss,5668864,1786513378.425940,0.02777134441
train/value_loss,5701632,1786513383.562051,0.02150457539
train/value_loss,5734400,1786513388.687372,0.02039421163
train/value_loss,5767168,1786513393.809928,0.02606212161
train/value_loss,5799936,1786513398.975114,0.02233977616
train/value_loss,5832704,1786513404.132257,0.01984974928
train/value_loss,5865472,1786513409.224558,0.01925508492
train/value_loss,5898240,1786513414.353696,0.01670336723
train/value_loss,5931008,1786513419.444195,0.02105330117
train/value_loss,5963776,1786513424.567362,0.01842498221
train/value_loss,5996544,1786513429.683196,0.02806894667
train/value_loss,6029312,1786513434.812712,0.02143166959
train/value_loss,6062080,1786513439.889409,0.0187675748
train/value_loss,6094848,1786513445.006752,0.02726490051
train/value_loss,6127616,1786513450.106660,0.02198467404
train/value_loss,6160384,1786513455.254105,0.01582148299
train/value_loss,6193152,1786513460.355553,0.02091929875
train/value_loss,6225920,1786513465.475638,0.02400521375
train/value_loss,6258688,1786513470.562938,0.01439332776
train/value_loss,6291456,1786513475.701404,0.01928647049
train/value_loss,6324224,1786513480.787543,0.02277053893
train/value_loss,6356992,1786513485.910034,0.02654523589
train/value_loss,6389760,1786513490.991840,0.02490421385
train/value_loss,6422528,1786513496.140095,0.0160914287
train/value_loss,6455296,1786513501.258899,0.02347191423
train/value_loss,6488064,1786513506.379339,0.02432824112
train/value_loss,6520832,1786513511.485463,0.0237098299
train/value_loss,6553600,1786513516.599168,0.01771049015
train/value_loss,6586368,1786513521.710533,0.01999270543
train/value_loss,6619136,1786513526.847200,0.0200357344
train/value_loss,6651904,1786513531.970956,0.02109256946
train/value_loss,6684672,1786513537.067080,0.02059429884
train/value_loss,6717440,1786513542.208039,0.01652211323
train/value_loss,6750208,1786513547.319847,0.01749098673
train/value_loss,6782976,1786513552.454928,0.02370560728
train/value_loss,6815744,1786513557.550076,0.02131119184
train/value_loss,6848512,1786513562.667513,0.02016237192
train/value_loss,6881280,1786513567.762217,0.02090233751
train/value_loss,6914048,1786513572.914704,0.0123091815
train/value_loss,6946816,1786513578.000699,0.02000375465
train/value_loss,6979584,1786513583.130694,0.02517121099
train/value_loss,7012352,1786513588.240516,0.02023511939
train/value_loss,7045120,1786513593.387901,0.02139811218
train/value_loss,7077888,1786513598.495299,0.01780738868
train/value_loss,7110656,1786513603.632308,0.01902801171
train/value_loss,7143424,1786513608.733031,0.02229724079
train/value_loss,7176192,1786513613.875956,0.01916611381
train/value_loss,7208960,1786513618.989848,0.0207236167
train/value_loss,7241728,1786513624.128270,0.02062191069
train/value_loss,7274496,1786513629.214536,0.02859929949
train/value_loss,7307264,1786513634.335684,0.02249342576
train/value_loss,7340032,1786513639.437617,0.02085505612
train/value_loss,7372800,1786513644.582972,0.02025289088
train/value_loss,7405568,1786513649.676579,0.02210924961
train/value_loss,7438336,1786513654.790791,0.01813018508
train/value_loss,7471104,1786513659.886081,0.01845627837
train/value_loss,7503872,1786513665.016028,0.01862738654
train/value_loss,7536640,1786513670.126504,0.01986413822
train/value_loss,7569408,1786513675.249496,0.02318670414
train/value_loss,7602176,1786513680.339289,0.0183991082
train/value_loss,7634944,1786513685.474622,0.02463565767
train/value_loss,7667712,1786513690.589893,0.02302227728
train/value_loss,7700480,1786513695.747344,0.02090309002
train/value_loss,7733248,1786513700.850000,0.01811359078
train/value_loss,7766016,1786513705.974337,0.01564344764
train/value_loss,7798784,1786513711.058960,0.02389763482
train/value_loss,7831552,1786513716.237146,0.02277521975
train/value_loss,7864320,1786513721.336362,0.02417439036
train/value_loss,7897088,1786513726.447516,0.01986007392
train/value_loss,7929856,1786513731.566633,0.01995106041
train/value_loss,7962624,1786513736.704109,0.01624452509
train/value_loss,7995392,1786513741.824365,0.0185517408
train/value_loss,8028160,1786513746.926535,0.01890795678
