tag,step,wall_time,value
rollout/ep_len_mean,32768,1786510834.059350,948.6060791
rollout/ep_len_mean,65536,1786510839.229476,935.9393921
rollout/ep_len_mean,98304,1786510844.547757,927.4799805
rollout/ep_len_mean,131072,1786510849.913132,925.7700195
rollout/ep_len_mean,163840,1786510855.335595,922.7000122
rollout/ep_len_mean,196608,1786510860.605449,894.7199707
rollout/ep_len_mean,229376,1786510865.941833,901.5700073
rollout/ep_len_mean,262144,1786510871.198126,887.3400269
rollout/ep_len_mean,294912,1786510876.399134,899.5800171
rollout/ep_len_mean,327680,1786510881.626555,880.7800293
rollout/ep_len_mean,360448,1786510886.893260,879.1199951
rollout/ep_len_mean,393216,1786510892.131437,886.2999878
rollout/ep_len_mean,425984,1786510897.398327,882.9699707
rollout/ep_len_mean,458752,1786510902.696489,918.2000122
rollout/ep_len_mean,491520,1786510908.024148,908.6099854
rollout/ep_len_mean,524288,1786510913.321422,896.8300171
rollout/ep_len_mean,557056,1786510918.655843,867.9500122
rollout/ep_len_mean,589824,1786510923.936803,845.6500244
rollout/ep_len_mean,622592,1786510929.278245,854.4199829
rollout/ep_len_mean,655360,1786510934.700538,856.2999878
rollout/ep_len_mean,688128,1786510940.019046,877.7800293
rollout/ep_len_mean,720896,1786510945.439177,886.5999756
rollout/ep_len_mean,753664,1786510950.948048,902.7800293
rollout/ep_len_mean,786432,1786510956.339911,884.6799927
rollout/ep_len_mean,819200,1786510961.772064,925.460022
rollout/ep_len_mean,851968,1786510967.042812,930.9799805
rollout/ep_len_mean,884736,1786510972.282110,934.5999756
rollout/ep_len_mean,917504,1786510977.605523,924.7399902
rollout/ep_len_mean,950272,1786510982.911689,931.4099731
rollout/ep_len_mean,983040,1786510988.236481,931.5700073
rollout/ep_len_mean,1015808,1786510993.532018,890.4899902
rollout/ep_len_mean,1048576,1786510998.774101,878.6400146
rollout/ep_len_mean,1081344,1786511004.084534,935.2000122
rollout/ep_len_mean,1114112,1786511009.267282,926.5800171
rollout/ep_len_mean,1146880,1786511014.492201,925.6099854
rollout/ep_len_mean,1179648,1786511019.720999,922.5300293
rollout/ep_len_mean,1212416,1786511025.405640,893.6900024
rollout/ep_len_mean,1245184,1786511031.217406,907.4299927
rollout/ep_len_mean,1277952,1786511037.450950,917.5900269
rollout/ep_len_mean,1310720,1786511043.257650,920.1400146
rollout/ep_len_mean,1343488,1786511049.059790,924.039978
rollout/ep_len_mean,1376256,1786511055.117853,920.4500122
rollout/ep_len_mean,1409024,1786511060.892229,896.0100098
rollout/ep_len_mean,1441792,1786511066.780315,880.4899902
rollout/ep_len_mean,1474560,1786511072.708220,861.3200073
rollout/ep_len_mean,1507328,1786511078.464561,895.7600098
rollout/ep_len_mean,1540096,1786511084.764454,887
rollout/ep_len_mean,1572864,1786511090.625939,912.1500244
rollout/ep_len_mean,1605632,1786511096.244984,908.8900146
rollout/ep_len_mean,1638400,1786511101.748729,906.3200073
rollout/ep_len_mean,1671168,1786511107.081892,903.039978
rollout/ep_len_mean,1703936,1786511113.774119,892.2999878
rollout/ep_len_mean,1736704,1786511119.186264,909.3400269
rollout/ep_len_mean,1769472,1786511124.530936,921.289978
rollout/ep_len_mean,1802240,1786511129.894744,903.5200195
rollout/ep_len_mean,1835008,1786511135.671273,868.2600098
rollout/ep_len_mean,1867776,1786511141.417436,867.6400146
rollout/ep_len_mean,1900544,1786511146.945007,865.1599731
rollout/ep_len_mean,1933312,1786511152.460431,896.4799805
rollout/ep_len_mean,1966080,1786511157.906905,903.710022
rollout/ep_len_mean,1998848,1786511163.317125,940.9799805
rollout/ep_len_mean,2031616,1786511170.660979,931.960022
rollout/ep_len_mean,2064384,1786511176.266276,934.0800171
rollout/ep_len_mean,2097152,1786511181.579390,936.6099854
rollout/ep_len_mean,2129920,1786511186.842544,928.5999756
rollout/ep_len_mean,2162688,1786511192.254210,921.4400024
rollout/ep_len_mean,2195456,1786511197.702368,891.7399902
rollout/ep_len_mean,2228224,1786511203.172315,885.3099976
rollout/ep_len_mean,2260992,1786511208.527918,872.9799805
rollout/ep_len_mean,2293760,1786511213.919039,893.25
rollout/ep_len_mean,2326528,1786511219.341161,844.7800293
rollout/ep_len_mean,2359296,1786511224.878517,788.1900024
rollout/ep_len_mean,2392064,1786511230.352135,835.1699829
rollout/ep_len_mean,2424832,1786511235.762633,882.9799805
rollout/ep_len_mean,2457600,1786511241.174220,912.7700195
rollout/ep_len_mean,2490368,1786511246.561604,880.7199707
rollout/ep_len_mean,2523136,1786511252.529388,882.9500122
rollout/ep_len_mean,2555904,1786511259.756876,880.25
rollout/ep_len_mean,2588672,1786511265.270747,894.9000244
rollout/ep_len_mean,2621440,1786511270.570801,914.6599731
rollout/ep_len_mean,2654208,1786511275.922075,920.4799805
rollout/ep_len_mean,2686976,1786511281.351643,909.039978
rollout/ep_len_mean,2719744,1786511286.793027,909.960022
rollout/ep_len_mean,2752512,1786511292.267984,906.0499878
rollout/ep_len_mean,2785280,1786511297.628352,919.3900146
rollout/ep_len_mean,2818048,1786511303.157447,901.960022
rollout/ep_len_mean,2850816,1786511308.580099,882.9199829
rollout/ep_len_mean,2883584,1786511314.158262,880.7399902
rollout/ep_len_mean,2916352,1786511319.943479,883.8900146
rollout/ep_len_mean,2949120,1786511327.193302,898.7199707
rollout/ep_len_mean,2981888,1786511334.780847,889.9699707
rollout/ep_len_mean,3014656,1786511340.354933,921.5999756
rollout/ep_len_mean,3047424,1786511345.492077,926.039978
rollout/ep_len_mean,3080192,1786511350.663745,907.0200195
rollout/ep_len_mean,3112960,1786511355.837797,899.7700195
rollout/ep_len_mean,3145728,1786511360.976279,902.4299927
rollout/ep_len_mean,3178496,1786511366.234299,929.3599854
rollout/ep_len_mean,3211264,1786511371.514723,931.1199951
rollout/ep_len_mean,3244032,1786511376.685446,934.1500244
rollout/ep_len_mean,3276800,1786511381.892328,919.6699829
rollout/ep_len_mean,3309568,1786511387.052455,935.5300293
rollout/ep_len_mean,3342336,1786511392.271278,909.789978
rollout/ep_len_mean,3375104,1786511397.562475,882.9000244
rollout/ep_len_mean,3407872,1786511403.828829,876.8599854
rollout/ep_len_mean,3440640,1786511411.727149,893.0700073
rollout/ep_len_mean,3473408,1786511417.005731,880.2800293
rollout/ep_len_mean,3506176,1786511422.274369,855.7600098
rollout/ep_len_mean,3538944,1786511427.352949,909.289978
rollout/ep_len_mean,3571712,1786511432.372141,882.7800293
rollout/ep_len_mean,3604480,1786511437.415017,901.5100098
rollout/ep_len_mean,3637248,1786511442.507750,888.9299927
rollout/ep_len_mean,3670016,1786511447.625827,884.7800293
rollout/ep_len_mean,3702784,1786511452.735725,847.0700073
rollout/ep_len_mean,3735552,1786511457.873610,852.8200073
rollout/ep_len_mean,3768320,1786511463.102823,855.0100098
rollout/ep_len_mean,3801088,1786511468.236538,870.789978
rollout/ep_len_mean,3833856,1786511473.380078,886.6799927
rollout/ep_len_mean,3866624,1786511478.474690,893.7000122
rollout/ep_len_mean,3899392,1786511483.596549,903.8599854
rollout/ep_len_mean,3932160,1786511488.693646,881.8300171
rollout/ep_len_mean,3964928,1786511493.837785,895.1199951
rollout/ep_len_mean,3997696,1786511498.945000,886.9000244
rollout/ep_len_mean,4030464,1786511504.087915,869.3300171
rollout/ep_len_mean,4063232,1786511509.193914,856.0100098
rollout/ep_len_mean,4096000,1786511514.356364,859.5499878
rollout/ep_len_mean,4128768,1786511519.473857,891.1799927
rollout/ep_len_mean,4161536,1786511524.623657,885.289978
rollout/ep_len_mean,4194304,1786511529.732218,882.1199951
rollout/ep_len_mean,4227072,1786511534.876014,874.0700073
rollout/ep_len_mean,4259840,1786511539.981195,881.9099731
rollout/ep_len_mean,4292608,1786511545.122157,904.1300049
rollout/ep_len_mean,4325376,1786511550.385116,874.1099854
rollout/ep_len_mean,4358144,1786511555.752369,862.1699829
rollout/ep_len_mean,4390912,1786511560.884216,856.2999878
rollout/ep_len_mean,4423680,1786511566.183038,875.6400146
rollout/ep_len_mean,4456448,1786511571.459676,866.2999878
rollout/ep_len_mean,4489216,1786511576.700146,865.2999878
rollout/ep_len_mean,4521984,1786511581.943166,848.5900269
rollout/ep_len_mean,4554752,1786511587.144677,864.0800171
rollout/ep_len_mean,4587520,1786511592.416173,866.0900269
rollout/ep_len_mean,4620288,1786511597.577183,891.6400146
rollout/ep_len_mean,4653056,1786511602.669574,879.1599731
rollout/ep_len_mean,4685824,1786511607.668260,847.8800049
rollout/ep_len_mean,4718592,1786511612.698311,847.9899902
rollout/ep_len_mean,4751360,1786511617.706174,849.3200073
rollout/ep_len_mean,4784128,1786511622.750354,867.7000122
rollout/ep_len_mean,4816896,1786511627.755237,855.5200195
rollout/ep_len_mean,4849664,1786511632.795228,827.1500244
rollout/ep_len_mean,4882432,1786511637.808691,833.1199951
rollout/ep_len_mean,4915200,1786511642.842313,853.6199951
rollout/ep_len_mean,4947968,1786511647.836885,881
rollout/ep_len_mean,4980736,1786511652.861671,871.8800049
rollout/ep_len_mean,5013504,1786511657.865533,866.1500244
rollout/ep_len_mean,5046272,1786511663.013459,819.8499756
rollout/ep_len_mean,5079040,1786511668.221152,861.0300293
rollout/ep_len_mean,5111808,1786511673.357866,874.8200073
rollout/ep_len_mean,5144576,1786511678.456530,881.5700073
rollout/ep_len_mean,5177344,1786511683.593180,841.3499756
rollout/ep_len_mean,5210112,1786511688.690979,836.8400269
rollout/ep_len_mean,5242880,1786511693.815205,856.6900024
rollout/ep_len_mean,5275648,1786511698.918760,841.5200195
rollout/ep_len_mean,5308416,1786511704.081106,858.1099854
rollout/ep_len_mean,5341184,1786511709.182180,872.2399902
rollout/ep_len_mean,5373952,1786511714.331015,863.5
rollout/ep_len_mean,5406720,1786511719.432663,872.710022
rollout/ep_len_mean,5439488,1786511724.615817,879.7800293
rollout/ep_len_mean,5472256,1786511729.735170,912.2000122
rollout/ep_len_mean,5505024,1786511735.002383,857.7000122
rollout/ep_len_mean,5537792,1786511740.246126,852.3099976
rollout/ep_len_mean,5570560,1786511745.440187,889.75
rollout/ep_len_mean,5603328,1786511750.539114,910.4400024
rollout/ep_len_mean,5636096,1786511755.803398,903.789978
rollout/ep_len_mean,5668864,1786511760.935033,872.4699707
rollout/ep_len_mean,5701632,1786511766.087392,891.4299927
rollout/ep_len_mean,5734400,1786511771.195176,881.9299927
rollout/ep_len_mean,5767168,1786511776.315232,869.039978
rollout/ep_len_mean,5799936,1786511781.431306,886.3300171
rollout/ep_len_mean,5832704,1786511786.546092,887.210022
rollout/ep_len_mean,5865472,1786511791.671231,894.0300293
rollout/ep_len_mean,5898240,1786511796.848087,896.9799805
rollout/ep_len_mean,5931008,1786511801.994034,920.4099731
rollout/ep_len_mean,5963776,1786511807.103564,926.9099731
rollout/ep_len_mean,5996544,1786511812.259919,926.0300293
rollout/ep_len_mean,6029312,1786511817.363498,931.9500122
rollout/ep_len_mean,6062080,1786511822.508051,924.8699951
rollout/ep_len_mean,6094848,1786511827.614377,891.7600098
rollout/ep_len_mean,6127616,1786511832.767222,876.539978
rollout/ep_len_mean,6160384,1786511837.860527,891.3099976
rollout/ep_len_mean,6193152,1786511842.989709,879.6099854
rollout/ep_len_mean,6225920,1786511848.089866,872.0599976
rollout/ep_len_mean,6258688,1786511853.229968,888.6799927
rollout/ep_len_mean,6291456,1786511858.343144,898.4299927
rollout/ep_len_mean,6324224,1786511863.474567,914.3400269
rollout/ep_len_mean,6356992,1786511868.577773,907.8300171
rollout/ep_len_mean,6389760,1786511873.711071,886.9199829
rollout/ep_len_mean,6422528,1786511878.824678,889.9799805
rollout/ep_len_mean,6455296,1786511883.944592,886.2800293
rollout/ep_len_mean,6488064,1786511889.034072,895.8599854
rollout/ep_len_mean,6520832,1786511894.183356,899.8499756
rollout/ep_len_mean,6553600,1786511899.295522,872.2999878
rollout/ep_len_mean,6586368,1786511904.443416,865.9000244
rollout/ep_len_mean,6619136,1786511909.538145,857.7299805
rollout/ep_len_mean,6651904,1786511914.690106,881.8300171
rollout/ep_len_mean,6684672,1786511919.802896,876.960022
rollout/ep_len_mean,6717440,1786511924.943607,892.2700195
rollout/ep_len_mean,6750208,1786511930.051381,859.789978
rollout/ep_len_mean,6782976,1786511935.181101,897.789978
rollout/ep_len_mean,6815744,1786511940.268357,912.4699707
rollout/ep_len_mean,6848512,1786511945.415059,961.6799927
rollout/ep_len_mean,6881280,1786511950.510492,950.6199951
rollout/ep_len_mean,6914048,1786511955.643780,920.0100098
rollout/ep_len_mean,6946816,1786511960.730580,926.5800171
rollout/ep_len_mean,6979584,1786511965.862741,907.960022
rollout/ep_len_mean,7012352,1786511970.966417,925.210022
rollout/ep_len_mean,7045120,1786511976.091679,886.3599854
rollout/ep_len_mean,7077888,1786511981.186486,887.1500244
rollout/ep_len_mean,7110656,1786511986.306104,866.289978
rollout/ep_len_mean,7143424,1786511991.429256,863.8200073
rollout/ep_len_mean,7176192,1786511996.556305,855.8099976
rollout/ep_len_mean,7208960,1786512001.692104,862.710022
rollout/ep_len_mean,7241728,1786512006.804191,867.7199707
rollout/ep_len_mean,7274496,1786512011.929172,909.6900024
rollout/ep_len_mean,7307264,1786512017.034615,908.7199707
rollout/ep_len_mean,7340032,1786512022.170955,879.4899902
rollout/ep_len_mean,7372800,1786512027.266052,889.3599854
rollout/ep_len_mean,7405568,1786512032.396311,875.3699951
rollout/ep_len_mean,7438336,1786512037.497813,899.6799927
rollout/ep_len_mean,7471104,1786512042.644015,887.0800171
rollout/ep_len_mean,7503872,1786512047.750614,880.9699707
rollout/ep_len_mean,7536640,1786512052.881416,877.7700195
rollout/ep_len_mean,7569408,1786512057.998439,897.6799927
rollout/ep_len_mean,7602176,1786512063.171579,900.539978
rollout/ep_len_mean,7634944,1786512068.295720,904.8900146
rollout/ep_len_mean,7667712,1786512073.430055,864.1500244
rollout/ep_len_mean,7700480,1786512078.523238,857.4199829
rollout/ep_len_mean,7733248,1786512083.649917,851.9799805
rollout/ep_len_mean,7766016,1786512088.758427,889.7999878
rollout/ep_len_mean,7798784,1786512093.909700,874.6099854
rollout/ep_len_mean,7831552,1786512099.006196,890.1300049
rollout/ep_len_mean,7864320,1786512104.137948,883.9400024
rollout/ep_len_mean,7897088,1786512109.229362,903.210022
rollout/ep_len_mean,7929856,1786512114.369129,926.3200073
rollout/ep_len_mean,7962624,1786512119.480918,940.1099854
rollout/ep_len_mean,7995392,1786512124.604885,938.0999756
rollout/ep_len_mean,8028160,1786512129.689920,897.5300293
rollout/ep_rew_mean,32768,1786510834.059377,64.56130219
rollout/ep_rew_mean,65536,1786510839.229493,63.78953934
rollout/ep_rew_mean,98304,1786510844.547775,63.0812912
rollout/ep_rew_mean,131072,1786510849.913151,62.86368942
rollout/ep_rew_mean,163840,1786510855.335612,62.30968857
rollout/ep_rew_mean,196608,1786510860.605471,60.74442673
rollout/ep_rew_mean,229376,1786510865.941854,61.69215012
rollout/ep_rew_mean,262144,1786510871.198143,61.2271347
rollout/ep_rew_mean,294912,1786510876.399150,61.92840195
rollout/ep_rew_mean,327680,1786510881.626572,60.2065773
rollout/ep_rew_mean,360448,1786510886.893279,59.07798386
rollout/ep_rew_mean,393216,1786510892.131454,59.83827209
rollout/ep_rew_mean,425984,1786510897.398349,60.00982666
rollout/ep_rew_mean,458752,1786510902.696507,62.635849
rollout/ep_rew_mean,491520,1786510908.024166,61.80091858
rollout/ep_rew_mean,524288,1786510913.321439,62.02331543
rollout/ep_rew_mean,557056,1786510918.655861,59.86614227
rollout/ep_rew_mean,589824,1786510923.936820,58.48661423
rollout/ep_rew_mean,622592,1786510929.278267,58.36795044
rollout/ep_rew_mean,655360,1786510934.700555,59.09569931
rollout/ep_rew_mean,688128,1786510940.019063,60.5216713
rollout/ep_rew_mean,720896,1786510945.439194,61.35071564
rollout/ep_rew_mean,753664,1786510950.948066,62.37585831
rollout/ep_rew_mean,786432,1786510956.339932,60.89612579
rollout/ep_rew_mean,819200,1786510961.772081,63.87854004
rollout/ep_rew_mean,851968,1786510967.042831,63.98222351
rollout/ep_rew_mean,884736,1786510972.282129,64.37721252
rollout/ep_rew_mean,917504,1786510977.605541,63.7011528
rollout/ep_rew_mean,950272,1786510982.911709,63.9528923
rollout/ep_rew_mean,983040,1786510988.236499,63.97220993
rollout/ep_rew_mean,1015808,1786510993.532063,60.32096863
rollout/ep_rew_mean,1048576,1786510998.774117,60.04973984
rollout/ep_rew_mean,1081344,1786511004.084551,63.89687729
rollout/ep_rew_mean,1114112,1786511009.267298,64.26034546
rollout/ep_rew_mean,1146880,1786511014.492222,64.30993652
rollout/ep_rew_mean,1179648,1786511019.721015,64.08663177
rollout/ep_rew_mean,1212416,1786511025.405660,61.92642975
rollout/ep_rew_mean,1245184,1786511031.217425,63.228405
rollout/ep_rew_mean,1277952,1786511037.450973,64.72966003
rollout/ep_rew_mean,1310720,1786511043.257667,64.97988892
rollout/ep_rew_mean,1343488,1786511049.059814,65.02645874
rollout/ep_rew_mean,1376256,1786511055.117881,64.97870636
rollout/ep_rew_mean,1409024,1786511060.892247,63.21372223
rollout/ep_rew_mean,1441792,1786511066.780340,60.85630417
rollout/ep_rew_mean,1474560,1786511072.708246,58.88986588
rollout/ep_rew_mean,1507328,1786511078.464584,62.5804863
rollout/ep_rew_mean,1540096,1786511084.764481,62.79565811
rollout/ep_rew_mean,1572864,1786511090.625962,64.66424561
rollout/ep_rew_mean,1605632,1786511096.245002,63.85398483
rollout/ep_rew_mean,1638400,1786511101.748751,63.88798141
rollout/ep_rew_mean,1671168,1786511107.081910,63.51335907
rollout/ep_rew_mean,1703936,1786511113.774143,61.86180496
rollout/ep_rew_mean,1736704,1786511119.186287,63.52630234
rollout/ep_rew_mean,1769472,1786511124.530953,64.34272766
rollout/ep_rew_mean,1802240,1786511129.894767,64.06467438
rollout/ep_rew_mean,1835008,1786511135.671291,62.16240692
rollout/ep_rew_mean,1867776,1786511141.417456,61.74992371
rollout/ep_rew_mean,1900544,1786511146.945026,60.41768646
rollout/ep_rew_mean,1933312,1786511152.460453,62.94329071
rollout/ep_rew_mean,1966080,1786511157.906923,63.46957779
rollout/ep_rew_mean,1998848,1786511163.317145,65.82897949
rollout/ep_rew_mean,2031616,1786511170.660997,64.75286102
rollout/ep_rew_mean,2064384,1786511176.266300,65.68352509
rollout/ep_rew_mean,2097152,1786511181.579412,66.89655304
rollout/ep_rew_mean,2129920,1786511186.842595,66.62213135
rollout/ep_rew_mean,2162688,1786511192.254227,65.34382629
rollout/ep_rew_mean,2195456,1786511197.702396,62.74311447
rollout/ep_rew_mean,2228224,1786511203.172333,62.51426697
rollout/ep_rew_mean,2260992,1786511208.527936,62.08236694
rollout/ep_rew_mean,2293760,1786511213.919057,63.58438492
rollout/ep_rew_mean,2326528,1786511219.341178,60.5637207
rollout/ep_rew_mean,2359296,1786511224.878537,56.14370346
rollout/ep_rew_mean,2392064,1786511230.352157,59.05119705
rollout/ep_rew_mean,2424832,1786511235.762653,62.37993622
rollout/ep_rew_mean,2457600,1786511241.174238,64.49982452
rollout/ep_rew_mean,2490368,1786511246.561625,62.2448616
rollout/ep_rew_mean,2523136,1786511252.529419,62.18468857
rollout/ep_rew_mean,2555904,1786511259.756892,62.76579285
rollout/ep_rew_mean,2588672,1786511265.270768,63.43375778
rollout/ep_rew_mean,2621440,1786511270.570819,65.31204224
rollout/ep_rew_mean,2654208,1786511275.922097,65.71648407
rollout/ep_rew_mean,2686976,1786511281.351665,65.74064636
rollout/ep_rew_mean,2719744,1786511286.793047,65.71025848
rollout/ep_rew_mean,2752512,1786511292.268002,65.4214859
rollout/ep_rew_mean,2785280,1786511297.628370,65.21663666
rollout/ep_rew_mean,2818048,1786511303.157475,64.50174713
rollout/ep_rew_mean,2850816,1786511308.580117,63.56126404
rollout/ep_rew_mean,2883584,1786511314.158283,63.17951202
rollout/ep_rew_mean,2916352,1786511319.943504,62.16024399
rollout/ep_rew_mean,2949120,1786511327.193326,63.46406174
rollout/ep_rew_mean,2981888,1786511334.780866,62.58795929
rollout/ep_rew_mean,3014656,1786511340.354957,65.84427643
rollout/ep_rew_mean,3047424,1786511345.492094,65.47887421
rollout/ep_rew_mean,3080192,1786511350.663772,64.82793427
rollout/ep_rew_mean,3112960,1786511355.837821,65.05770874
rollout/ep_rew_mean,3145728,1786511360.976302,66.01905823
rollout/ep_rew_mean,3178496,1786511366.234316,67.70846558
rollout/ep_rew_mean,3211264,1786511371.514754,67.49536896
rollout/ep_rew_mean,3244032,1786511376.685464,68.14918518
rollout/ep_rew_mean,3276800,1786511381.892349,67.57946777
rollout/ep_rew_mean,3309568,1786511387.052477,68.33187866
rollout/ep_rew_mean,3342336,1786511392.271298,65.63834381
rollout/ep_rew_mean,3375104,1786511397.562497,63.89479828
rollout/ep_rew_mean,3407872,1786511403.828849,64.37948608
rollout/ep_rew_mean,3440640,1786511411.727170,64.88256836
rollout/ep_rew_mean,3473408,1786511417.005748,64.245224
rollout/ep_rew_mean,3506176,1786511422.274392,61.33880615
rollout/ep_rew_mean,3538944,1786511427.352966,65.92113495
rollout/ep_rew_mean,3571712,1786511432.372169,64.40442657
rollout/ep_rew_mean,3604480,1786511437.415038,63.76827621
rollout/ep_rew_mean,3637248,1786511442.507767,63.58576584
rollout/ep_rew_mean,3670016,1786511447.625844,63.31957626
rollout/ep_rew_mean,3702784,1786511452.735744,61.44190598
rollout/ep_rew_mean,3735552,1786511457.873627,61.60730743
rollout/ep_rew_mean,3768320,1786511463.102849,62.10227203
rollout/ep_rew_mean,3801088,1786511468.236556,62.7857666
rollout/ep_rew_mean,3833856,1786511473.380096,63.8066864
rollout/ep_rew_mean,3866624,1786511478.474707,65.00559235
rollout/ep_rew_mean,3899392,1786511483.596566,65.43518829
rollout/ep_rew_mean,3932160,1786511488.693662,63.76977921
rollout/ep_rew_mean,3964928,1786511493.837809,65.42346954
rollout/ep_rew_mean,3997696,1786511498.945041,65.39038849
rollout/ep_rew_mean,4030464,1786511504.087934,63.9213295
rollout/ep_rew_mean,4063232,1786511509.193931,62.21092606
rollout/ep_rew_mean,4096000,1786511514.356383,62.89398956
rollout/ep_rew_mean,4128768,1786511519.473873,65.43596649
rollout/ep_rew_mean,4161536,1786511524.623675,64.97071838
rollout/ep_rew_mean,4194304,1786511529.732235,64.83378601
rollout/ep_rew_mean,4227072,1786511534.876031,64.7241745
rollout/ep_rew_mean,4259840,1786511539.981220,65.10391235
rollout/ep_rew_mean,4292608,1786511545.122174,66.04102325
rollout/ep_rew_mean,4325376,1786511550.385134,62.98566055
rollout/ep_rew_mean,4358144,1786511555.752387,63.14819336
rollout/ep_rew_mean,4390912,1786511560.884234,62.64077759
rollout/ep_rew_mean,4423680,1786511566.183056,64.14372253
rollout/ep_rew_mean,4456448,1786511571.459693,63.53176117
rollout/ep_rew_mean,4489216,1786511576.700162,63.6691246
rollout/ep_rew_mean,4521984,1786511581.943191,62.59158707
rollout/ep_rew_mean,4554752,1786511587.144695,64.34854889
rollout/ep_rew_mean,4587520,1786511592.416191,64.41026306
rollout/ep_rew_mean,4620288,1786511597.577204,65.31108093
rollout/ep_rew_mean,4653056,1786511602.669590,64.15499878
rollout/ep_rew_mean,4685824,1786511607.668278,61.69889832
rollout/ep_rew_mean,4718592,1786511612.698350,62.72477341
rollout/ep_rew_mean,4751360,1786511617.706190,62.08032608
rollout/ep_rew_mean,4784128,1786511622.750371,63.71073151
rollout/ep_rew_mean,4816896,1786511627.755254,62.73514175
rollout/ep_rew_mean,4849664,1786511632.795245,60.91970825
rollout/ep_rew_mean,4882432,1786511637.808708,61.23329926
rollout/ep_rew_mean,4915200,1786511642.842331,62.53283691
rollout/ep_rew_mean,4947968,1786511647.836903,64.55589294
rollout/ep_rew_mean,4980736,1786511652.861687,64.75894165
rollout/ep_rew_mean,5013504,1786511657.865551,64.9432373
rollout/ep_rew_mean,5046272,1786511663.013481,60.06603241
rollout/ep_rew_mean,5079040,1786511668.221172,62.37098312
rollout/ep_rew_mean,5111808,1786511673.357884,64.30025482
rollout/ep_rew_mean,5144576,1786511678.456547,64.80448914
rollout/ep_rew_mean,5177344,1786511683.593197,61.60622025
rollout/ep_rew_mean,5210112,1786511688.691002,61.82324219
rollout/ep_rew_mean,5242880,1786511693.815222,63.30260849
rollout/ep_rew_mean,5275648,1786511698.918782,61.75408173
rollout/ep_rew_mean,5308416,1786511704.081124,63.08798599
rollout/ep_rew_mean,5341184,1786511709.182202,64.50082397
rollout/ep_rew_mean,5373952,1786511714.331031,64.09117889
rollout/ep_rew_mean,5406720,1786511719.432680,64.57138824
rollout/ep_rew_mean,5439488,1786511724.615834,64.88481903
rollout/ep_rew_mean,5472256,1786511729.735187,66.6312027
rollout/ep_rew_mean,5505024,1786511735.002399,62.84164047
rollout/ep_rew_mean,5537792,1786511740.246148,62.79819489
rollout/ep_rew_mean,5570560,1786511745.440206,65.96083069
rollout/ep_rew_mean,5603328,1786511750.539132,67.55075836
rollout/ep_rew_mean,5636096,1786511755.803414,67.60942078
rollout/ep_rew_mean,5668864,1786511760.935049,65.13996124
rollout/ep_rew_mean,5701632,1786511766.087412,66.74332428
rollout/ep_rew_mean,5734400,1786511771.195194,65.33322144
rollout/ep_rew_mean,5767168,1786511776.315249,64.26977539
rollout/ep_rew_mean,5799936,1786511781.431325,65.41401672
rollout/ep_rew_mean,5832704,1786511786.546112,66.55628967
rollout/ep_rew_mean,5865472,1786511791.671248,66.54777527
rollout/ep_rew_mean,5898240,1786511796.848108,66.78443909
rollout/ep_rew_mean,5931008,1786511801.994051,69.09647369
rollout/ep_rew_mean,5963776,1786511807.103582,70.51557922
rollout/ep_rew_mean,5996544,1786511812.259936,70.06123352
rollout/ep_rew_mean,6029312,1786511817.363515,70.70350647
rollout/ep_rew_mean,6062080,1786511822.508068,69.8469696
rollout/ep_rew_mean,6094848,1786511827.614394,67.10454559
rollout/ep_rew_mean,6127616,1786511832.767240,66.19804382
rollout/ep_rew_mean,6160384,1786511837.860544,66.65325165
rollout/ep_rew_mean,6193152,1786511842.989726,65.4659729
rollout/ep_rew_mean,6225920,1786511848.089883,64.37042999
rollout/ep_rew_mean,6258688,1786511853.229985,65.79023743
rollout/ep_rew_mean,6291456,1786511858.343161,66.11772156
rollout/ep_rew_mean,6324224,1786511863.474587,67.66732788
rollout/ep_rew_mean,6356992,1786511868.577812,67.37139893
rollout/ep_rew_mean,6389760,1786511873.711089,66.51260376
rollout/ep_rew_mean,6422528,1786511878.824695,66.50444031
rollout/ep_rew_mean,6455296,1786511883.944613,66.14827728
rollout/ep_rew_mean,6488064,1786511889.034092,66.64909363
rollout/ep_rew_mean,6520832,1786511894.183376,66.71321106
rollout/ep_rew_mean,6553600,1786511899.295542,63.69758606
rollout/ep_rew_mean,6586368,1786511904.443435,63.35072708
rollout/ep_rew_mean,6619136,1786511909.538171,63.15885162
rollout/ep_rew_mean,6651904,1786511914.690122,65.96385193
rollout/ep_rew_mean,6684672,1786511919.802913,65.04399872
rollout/ep_rew_mean,6717440,1786511924.943628,66.76628113
rollout/ep_rew_mean,6750208,1786511930.051398,64.80874634
rollout/ep_rew_mean,6782976,1786511935.181122,68.48175049
rollout/ep_rew_mean,6815744,1786511940.268374,69.61982727
rollout/ep_rew_mean,6848512,1786511945.415076,72.24485779
rollout/ep_rew_mean,6881280,1786511950.510511,71.01044464
rollout/ep_rew_mean,6914048,1786511955.643797,68.52332306
rollout/ep_rew_mean,6946816,1786511960.730598,70.13815308
rollout/ep_rew_mean,6979584,1786511965.862759,68.14767456
rollout/ep_rew_mean,7012352,1786511970.966434,69.61173248
rollout/ep_rew_mean,7045120,1786511976.091698,66.19361877
rollout/ep_rew_mean,7077888,1786511981.186504,66.47066498
rollout/ep_rew_mean,7110656,1786511986.306121,64.50741577
rollout/ep_rew_mean,7143424,1786511991.429273,64.71147156
rollout/ep_rew_mean,7176192,1786511996.556328,63.84498215
rollout/ep_rew_mean,7208960,1786512001.692121,64.66670227
rollout/ep_rew_mean,7241728,1786512006.804208,65.72057343
rollout/ep_rew_mean,7274496,1786512011.929202,68.95259857
rollout/ep_rew_mean,7307264,1786512017.034635,68.94498444
rollout/ep_rew_mean,7340032,1786512022.170972,66.12033844
rollout/ep_rew_mean,7372800,1786512027.266076,67.93091583
rollout/ep_rew_mean,7405568,1786512032.396330,66.27542877
rollout/ep_rew_mean,7438336,1786512037.497831,67.13964844
rollout/ep_rew_mean,7471104,1786512042.644037,65.04486084
rollout/ep_rew_mean,7503872,1786512047.750634,64.70352936
rollout/ep_rew_mean,7536640,1786512052.881439,64.96900177
rollout/ep_rew_mean,7569408,1786512057.998456,67.78127289
rollout/ep_rew_mean,7602176,1786512063.171596,68.52513885
rollout/ep_rew_mean,7634944,1786512068.295738,69.00029755
rollout/ep_rew_mean,7667712,1786512073.430075,66.03079224
rollout/ep_rew_mean,7700480,1786512078.523263,66.19153595
rollout/ep_rew_mean,7733248,1786512083.649938,65.43754578
rollout/ep_rew_mean,7766016,1786512088.758447,68.14537811
rollout/ep_rew_mean,7798784,1786512093.909723,66.23919678
rollout/ep_rew_mean,7831552,1786512099.006215,68.45477295
rollout/ep_rew_mean,7864320,1786512104.137968,67.65339661
rollout/ep_rew_mean,7897088,1786512109.229385,68.55636597
rollout/ep_rew_mean,7929856,1786512114.369149,69.94629669
rollout/ep_rew_mean,7962624,1786512119.480938,71.09955597
rollout/ep_rew_mean,7995392,1786512124.604904,72.11788177
rollout/ep_rew_mean,8028160,1786512129.689939,69.31191254
time/fps,32768,1786510834.059391,12231
time/fps,65536,1786510839.229499,8349
time/fps,98304,1786510844.547781,7465
time/fps,131072,1786510849.913156,7072
time/fps,163840,1786510855.335617,6839
time/fps,196608,1786510860.605477,6727
time/fps,229376,1786510865.941859,6636
time/fps,262144,1786510871.198148,6583
time/fps,294912,1786510876.399155,6550
time/fps,327680,1786510881.626577,6521
time/fps,360448,1786510886.893284,6493
time/fps,393216,1786510892.131459,6472
time/fps,425984,1786510897.398356,6452
time/fps,458752,1786510902.696512,6432
time/fps,491520,1786510908.024171,6413
time/fps,524288,1786510913.321444,6398
time/fps,557056,1786510918.655866,6382
time/fps,589824,1786510923.936825,6372
time/fps,622592,1786510929.278272,6359
time/fps,655360,1786510934.700560,6342
time/fps,688128,1786510940.019068,6334
time/fps,720896,1786510945.439199,6320
time/fps,753664,1786510950.948070,6303
time/fps,786432,1786510956.339937,6293
time/fps,819200,1786510961.772087,6282
time/fps,851968,1786510967.042836,6280
time/fps,884736,1786510972.282136,6279
time/fps,917504,1786510977.605547,6274
time/fps,950272,1786510982.911715,6271
time/fps,983040,1786510988.236504,6267
time/fps,1015808,1786510993.532069,6264
time/fps,1048576,1786510998.774123,6264
time/fps,1081344,1786511004.084556,6261
time/fps,1114112,1786511009.267303,6263
time/fps,1146880,1786511014.492229,6263
time/fps,1179648,1786511019.721020,6263
time/fps,1212416,1786511025.405666,6248
time/fps,1245184,1786511031.217430,6230
time/fps,1277952,1786511037.450980,6201
time/fps,1310720,1786511043.257672,6186
time/fps,1343488,1786511049.059820,6171
time/fps,1376256,1786511055.117888,6151
time/fps,1409024,1786511060.892252,6139
time/fps,1441792,1786511066.780347,6124
time/fps,1474560,1786511072.708252,6110
time/fps,1507328,1786511078.464589,6100
time/fps,1540096,1786511084.764488,6078
time/fps,1572864,1786511090.625967,6067
time/fps,1605632,1786511096.245007,6062
time/fps,1638400,1786511101.748756,6059
time/fps,1671168,1786511107.081915,6061
time/fps,1703936,1786511113.774149,6033
time/fps,1736704,1786511119.186292,6034
time/fps,1769472,1786511124.530958,6036
time/fps,1802240,1786511129.894772,6037
time/fps,1835008,1786511135.671296,6030
time/fps,1867776,1786511141.417461,6024
time/fps,1900544,1786511146.945031,6022
time/fps,1933312,1786511152.460458,6021
time/fps,1966080,1786511157.906928,6021
time/fps,1998848,1786511163.317150,6021
time/fps,2031616,1786511170.661002,5988
time/fps,2064384,1786511176.266311,5985
time/fps,2097152,1786511181.579423,5988
time/fps,2129920,1786511186.842602,5991
time/fps,2162688,1786511192.254232,5992
time/fps,2195456,1786511197.702403,5993
time/fps,2228224,1786511203.172338,5993
time/fps,2260992,1786511208.527941,5994
time/fps,2293760,1786511213.919062,5996
time/fps,2326528,1786511219.341183,5996
time/fps,2359296,1786511224.878542,5995
time/fps,2392064,1786511230.352163,5995
time/fps,2424832,1786511235.762659,5996
time/fps,2457600,1786511241.174243,5997
time/fps,2490368,1786511246.561630,5998
time/fps,2523136,1786511252.529426,5991
time/fps,2555904,1786511259.756897,5966
time/fps,2588672,1786511265.270775,5966
time/fps,2621440,1786511270.570824,5968
time/fps,2654208,1786511275.922105,5970
time/fps,2686976,1786511281.351671,5971
time/fps,2719744,1786511286.793052,5972
time/fps,2752512,1786511292.268007,5972
time/fps,2785280,1786511297.628375,5973
time/fps,2818048,1786511303.157480,5973
time/fps,2850816,1786511308.580121,5974
time/fps,2883584,1786511314.158290,5972
time/fps,2916352,1786511319.943510,5969
time/fps,2949120,1786511327.193332,5948
time/fps,2981888,1786511334.780871,5923
time/fps,3014656,1786511340.354962,5922
time/fps,3047424,1786511345.492099,5927
time/fps,3080192,1786511350.663778,5931
time/fps,3112960,1786511355.837826,5935
time/fps,3145728,1786511360.976309,5939
time/fps,3178496,1786511366.234321,5942
time/fps,3211264,1786511371.514761,5945
time/fps,3244032,1786511376.685469,5949
time/fps,3276800,1786511381.892354,5952
time/fps,3309568,1786511387.052483,5955
time/fps,3342336,1786511392.271304,5958
time/fps,3375104,1786511397.562502,5961
time/fps,3407872,1786511403.828855,5953
time/fps,3440640,1786511411.727176,5928
time/fps,3473408,1786511417.005756,5931
time/fps,3506176,1786511422.274407,5933
time/fps,3538944,1786511427.352971,5938
time/fps,3571712,1786511432.372176,5943
time/fps,3604480,1786511437.415044,5947
time/fps,3637248,1786511442.507772,5951
time/fps,3670016,1786511447.625849,5955
time/fps,3702784,1786511452.735749,5959
time/fps,3735552,1786511457.873632,5962
time/fps,3768320,1786511463.102858,5965
time/fps,3801088,1786511468.236561,5968
time/fps,3833856,1786511473.380101,5971
time/fps,3866624,1786511478.474711,5975
time/fps,3899392,1786511483.596571,5978
time/fps,3932160,1786511488.693668,5982
time/fps,3964928,1786511493.837816,5985
time/fps,3997696,1786511498.945072,5988
time/fps,4030464,1786511504.087940,5991
time/fps,4063232,1786511509.193936,5994
time/fps,4096000,1786511514.356388,5997
time/fps,4128768,1786511519.473878,6000
time/fps,4161536,1786511524.623680,6002
time/fps,4194304,1786511529.732240,6006
time/fps,4227072,1786511534.876036,6008
time/fps,4259840,1786511539.981225,6011
time/fps,4292608,1786511545.122179,6014
time/fps,4325376,1786511550.385140,6015
time/fps,4358144,1786511555.752392,6016
time/fps,4390912,1786511560.884239,6019
time/fps,4423680,1786511566.183062,6020
time/fps,4456448,1786511571.459698,6021
time/fps,4489216,1786511576.700167,6023
time/fps,4521984,1786511581.943198,6024
time/fps,4554752,1786511587.144700,6026
time/fps,4587520,1786511592.416196,6027
time/fps,4620288,1786511597.577210,6030
time/fps,4653056,1786511602.669596,6032
time/fps,4685824,1786511607.668282,6036
time/fps,4718592,1786511612.698358,6039
time/fps,4751360,1786511617.706194,6042
time/fps,4784128,1786511622.750376,6045
time/fps,4816896,1786511627.755261,6048
time/fps,4849664,1786511632.795250,6051
time/fps,4882432,1786511637.808713,6054
time/fps,4915200,1786511642.842336,6057
time/fps,4947968,1786511647.836907,6060
time/fps,4980736,1786511652.861692,6063
time/fps,5013504,1786511657.865556,6066
time/fps,5046272,1786511663.013486,6067
time/fps,5079040,1786511668.221177,6069
time/fps,5111808,1786511673.357889,6071
time/fps,5144576,1786511678.456553,6073
time/fps,5177344,1786511683.593202,6075
time/fps,5210112,1786511688.691007,6077
time/fps,5242880,1786511693.815227,6079
time/fps,5275648,1786511698.918788,6081
time/fps,5308416,1786511704.081129,6082
time/fps,5341184,1786511709.182206,6084
time/fps,5373952,1786511714.331035,6086
time/fps,5406720,1786511719.432685,6088
time/fps,5439488,1786511724.615839,6089
time/fps,5472256,1786511729.735192,6091
time/fps,5505024,1786511735.002404,6092
time/fps,5537792,1786511740.246153,6093
time/fps,5570560,1786511745.440211,6094
time/fps,5603328,1786511750.539137,6096
time/fps,5636096,1786511755.803419,6096
time/fps,5668864,1786511760.935054,6098
time/fps,5701632,1786511766.087417,6099
time/fps,5734400,1786511771.195198,6101
time/fps,5767168,1786511776.315254,6103
time/fps,5799936,1786511781.431332,6104
time/fps,5832704,1786511786.546119,6106
time/fps,5865472,1786511791.671253,6108
time/fps,5898240,1786511796.848113,6109
time/fps,5931008,1786511801.994056,6110
time/fps,5963776,1786511807.103587,6112
time/fps,5996544,1786511812.259941,6113
time/fps,6029312,1786511817.363520,6115
time/fps,6062080,1786511822.508073,6116
time/fps,6094848,1786511827.614399,6117
time/fps,6127616,1786511832.767245,6119
time/fps,6160384,1786511837.860549,6120
time/fps,6193152,1786511842.989731,6122
time/fps,6225920,1786511848.089888,6123
time/fps,6258688,1786511853.229990,6124
time/fps,6291456,1786511858.343166,6126
time/fps,6324224,1786511863.474592,6127
time/fps,6356992,1786511868.577818,6129
time/fps,6389760,1786511873.711094,6130
time/fps,6422528,1786511878.824700,6131
time/fps,6455296,1786511883.944618,6132
time/fps,6488064,1786511889.034099,6134
time/fps,6520832,1786511894.183382,6135
time/fps,6553600,1786511899.295547,6136
time/fps,6586368,1786511904.443440,6137
time/fps,6619136,1786511909.538177,6139
time/fps,6651904,1786511914.690127,6140
time/fps,6684672,1786511919.802918,6141
time/fps,6717440,1786511924.943635,6142
time/fps,6750208,1786511930.051403,6143
time/fps,6782976,1786511935.181129,6145
time/fps,6815744,1786511940.268379,6146
time/fps,6848512,1786511945.415080,6147
time/fps,6881280,1786511950.510516,6148
time/fps,6914048,1786511955.643802,6149
time/fps,6946816,1786511960.730603,6151
time/fps,6979584,1786511965.862764,6152
time/fps,7012352,1786511970.966439,6153
time/fps,7045120,1786511976.091703,6154
time/fps,7077888,1786511981.186509,6155
time/fps,7110656,1786511986.306126,6156
time/fps,7143424,1786511991.429277,6157
time/fps,7176192,1786511996.556333,6158
time/fps,7208960,1786512001.692126,6159
time/fps,7241728,1786512006.804213,6160
time/fps,7274496,1786512011.929232,6161
time/fps,7307264,1786512017.034641,6163
time/fps,7340032,1786512022.170977,6163
time/fps,7372800,1786512027.266081,6165
time/fps,7405568,1786512032.396336,6166
time/fps,7438336,1786512037.497837,6167
time/fps,7471104,1786512042.644043,6168
time/fps,7503872,1786512047.750641,6169
time/fps,7536640,1786512052.881445,6169
time/fps,7569408,1786512057.998460,6170
time/fps,7602176,1786512063.171601,6171
time/fps,7634944,1786512068.295743,6172
time/fps,7667712,1786512073.430081,6173
time/fps,7700480,1786512078.523269,6174
time/fps,7733248,1786512083.649944,6175
time/fps,7766016,1786512088.758454,6176
time/fps,7798784,1786512093.909728,6177
time/fps,7831552,1786512099.006220,6178
time/fps,7864320,1786512104.137974,6178
time/fps,7897088,1786512109.229392,6179
time/fps,7929856,1786512114.369160,6180
time/fps,7962624,1786512119.480945,6181
time/fps,7995392,1786512124.604911,6182
time/fps,8028160,1786512129.689944,6183
train/approx_kl,65536,1786510839.229504,0.0201126989
train/approx_kl,98304,1786510844.547785,0.01971050911
train/approx_kl,131072,1786510849.913160,0.02001471445
train/approx_kl,163840,1786510855.335622,0.01982403919
train/approx_kl,196608,1786510860.605481,0.01949753612
train/approx_kl,229376,1786510865.941864,0.02013054304
train/approx_kl,262144,1786510871.198153,0.02014727518
train/approx_kl,294912,1786510876.399160,0.02003063075
train/approx_kl,327680,1786510881.626582,0.02051904052
train/approx_kl,360448,1786510886.893289,0.02060825378
train/approx_kl,393216,1786510892.131464,0.01983145252
train/approx_kl,425984,1786510897.398362,0.01933836751
train/approx_kl,458752,1786510902.696517,0.01946720108
train/approx_kl,491520,1786510908.024176,0.01957352273
train/approx_kl,524288,1786510913.321448,0.02043098211
train/approx_kl,557056,1786510918.655871,0.01948614791
train/approx_kl,589824,1786510923.936829,0.01993777975
train/approx_kl,622592,1786510929.278277,0.01976375654
train/approx_kl,655360,1786510934.700566,0.02024498396
train/approx_kl,688128,1786510940.019072,0.02017873153
train/approx_kl,720896,1786510945.439204,0.02015969157
train/approx_kl,753664,1786510950.948075,0.01970533654
train/approx_kl,786432,1786510956.339941,0.02047544718
train/approx_kl,819200,1786510961.772091,0.0207442902
train/approx_kl,851968,1786510967.042840,0.01951815747
train/approx_kl,884736,1786510972.282142,0.02160235681
train/approx_kl,917504,1786510977.605553,0.02037544921
train/approx_kl,950272,1786510982.911721,0.01968034916
train/approx_kl,983040,1786510988.236509,0.02031402662
train/approx_kl,1015808,1786510993.532073,0.02029600553
train/approx_kl,1048576,1786510998.774127,0.02042056434
train/approx_kl,1081344,1786511004.084561,0.01999034174
train/approx_kl,1114112,1786511009.267308,0.02082176693
train/approx_kl,1146880,1786511014.492235,0.02047323436
train/approx_kl,1179648,1786511019.721025,0.02046419308
train/approx_kl,1212416,1786511025.405670,0.02046854421
train/approx_kl,1245184,1786511031.217435,0.02058198676
train/approx_kl,1277952,1786511037.450987,0.02009709179
train/approx_kl,1310720,1786511043.257677,0.02110184543
train/approx_kl,1343488,1786511049.059825,0.0201701764
train/approx_kl,1376256,1786511055.117893,0.02060627379
train/approx_kl,1409024,1786511060.892260,0.02005860396
train/approx_kl,1441792,1786511066.780352,0.02103317343
train/approx_kl,1474560,1786511072.708258,0.02088016272
train/approx_kl,1507328,1786511078.464594,0.02141175047
train/approx_kl,1540096,1786511084.764494,0.01954796724
train/approx_kl,1572864,1786511090.625972,0.02080551162
train/approx_kl,1605632,1786511096.245012,0.02117065713
train/approx_kl,1638400,1786511101.748762,0.0201966539
train/approx_kl,1671168,1786511107.081919,0.02087597363
train/approx_kl,1703936,1786511113.774155,0.01938592084
train/approx_kl,1736704,1786511119.186297,0.02107616886
train/approx_kl,1769472,1786511124.530963,0.02075957321
train/approx_kl,1802240,1786511129.894778,0.02040239237
train/approx_kl,1835008,1786511135.671300,0.02126244456
train/approx_kl,1867776,1786511141.417466,0.02031989209
train/approx_kl,1900544,1786511146.945036,0.02043259889
train/approx_kl,1933312,1786511152.460463,0.02133728191
train/approx_kl,1966080,1786511157.906933,0.02028460242
train/approx_kl,1998848,1786511163.317155,0.02089270204
train/approx_kl,2031616,1786511170.661006,0.01967300847
train/approx_kl,2064384,1786511176.266316,0.02110033482
train/approx_kl,2097152,1786511181.579429,0.0207268931
train/approx_kl,2129920,1786511186.842607,0.02129997313
train/approx_kl,2162688,1786511192.254236,0.02027762681
train/approx_kl,2195456,1786511197.702409,0.020672746
train/approx_kl,2228224,1786511203.172343,0.02036308311
train/approx_kl,2260992,1786511208.527946,0.02078634873
train/approx_kl,2293760,1786511213.919067,0.02131998166
train/approx_kl,2326528,1786511219.341188,0.02100853622
train/approx_kl,2359296,1786511224.878547,0.02087014541
train/approx_kl,2392064,1786511230.352168,0.0214041248
train/approx_kl,2424832,1786511235.762664,0.02110854909
train/approx_kl,2457600,1786511241.174248,0.02070511132
train/approx_kl,2490368,1786511246.561635,0.02182404697
train/approx_kl,2523136,1786511252.529432,0.0215510875
train/approx_kl,2555904,1786511259.756901,0.02126201056
train/approx_kl,2588672,1786511265.270780,0.02131126076
train/approx_kl,2621440,1786511270.570828,0.02167147957
train/approx_kl,2654208,1786511275.922116,0.02144266851
train/approx_kl,2686976,1786511281.351675,0.02137545682
train/approx_kl,2719744,1786511286.793057,0.02095780522
train/approx_kl,2752512,1786511292.268012,0.02120122313
train/approx_kl,2785280,1786511297.628380,0.02135558426
train/approx_kl,2818048,1786511303.157484,0.02074845508
train/approx_kl,2850816,1786511308.580126,0.02165237628
train/approx_kl,2883584,1786511314.158295,0.02103179693
train/approx_kl,2916352,1786511319.943516,0.02172367647
train/approx_kl,2949120,1786511327.193337,0.0212319009
train/approx_kl,2981888,1786511334.780876,0.02171768434
train/approx_kl,3014656,1786511340.354967,0.02143067494
train/approx_kl,3047424,1786511345.492103,0.02127311938
train/approx_kl,3080192,1786511350.663784,0.02096248977
train/approx_kl,3112960,1786511355.837831,0.02194432914
train/approx_kl,3145728,1786511360.976315,0.02150883712
train/approx_kl,3178496,1786511366.234326,0.02071749605
train/approx_kl,3211264,1786511371.514767,0.02231412195
train/approx_kl,3244032,1786511376.685474,0.02201171592
train/approx_kl,3276800,1786511381.892360,0.02217692696
train/approx_kl,3309568,1786511387.052487,0.02176782489
train/approx_kl,3342336,1786511392.271310,0.02092727087
train/approx_kl,3375104,1786511397.562506,0.02154099196
train/approx_kl,3407872,1786511403.828861,0.02102385834
train/approx_kl,3440640,1786511411.727182,0.0209786389
train/approx_kl,3473408,1786511417.005761,0.02122910321
train/approx_kl,3506176,1786511422.274412,0.02058291063
train/approx_kl,3538944,1786511427.352976,0.02179122902
train/approx_kl,3571712,1786511432.372181,0.02141780034
train/approx_kl,3604480,1786511437.415050,0.02109888196
train/approx_kl,3637248,1786511442.507777,0.02177696303
train/approx_kl,3670016,1786511447.625854,0.02202478424
train/approx_kl,3702784,1786511452.735756,0.02233175561
train/approx_kl,3735552,1786511457.873637,0.02280478179
train/approx_kl,3768320,1786511463.102864,0.02155747265
train/approx_kl,3801088,1786511468.236566,0.02110925131
train/approx_kl,3833856,1786511473.380106,0.02205431089
train/approx_kl,3866624,1786511478.474716,0.02223864943
train/approx_kl,3899392,1786511483.596575,0.02301868796
train/approx_kl,3932160,1786511488.693672,0.02114065923
train/approx_kl,3964928,1786511493.837821,0.022117313
train/approx_kl,3997696,1786511498.945095,0.02178096399
train/approx_kl,4030464,1786511504.087944,0.02120532468
train/approx_kl,4063232,1786511509.193940,0.02112673596
train/approx_kl,4096000,1786511514.356393,0.02239818498
train/approx_kl,4128768,1786511519.473883,0.02191950567
train/approx_kl,4161536,1786511524.623685,0.02267096937
train/approx_kl,4194304,1786511529.732245,0.02185936272
train/approx_kl,4227072,1786511534.876041,0.02154796198
train/approx_kl,4259840,1786511539.981230,0.02333267778
train/approx_kl,4292608,1786511545.122184,0.02201148123
train/approx_kl,4325376,1786511550.385144,0.02196728438
train/approx_kl,4358144,1786511555.752396,0.02166215144
train/approx_kl,4390912,1786511560.884248,0.02177450806
train/approx_kl,4423680,1786511566.183066,0.02153269574
train/approx_kl,4456448,1786511571.459703,0.02229326591
train/approx_kl,4489216,1786511576.700171,0.02240227722
train/approx_kl,4521984,1786511581.943204,0.02248930372
train/approx_kl,4554752,1786511587.144704,0.02211359516
train/approx_kl,4587520,1786511592.416200,0.02147983015
train/approx_kl,4620288,1786511597.577215,0.02235461213
train/approx_kl,4653056,1786511602.669600,0.022065036
train/approx_kl,4685824,1786511607.668287,0.02315877005
train/approx_kl,4718592,1786511612.698363,0.02251212671
train/approx_kl,4751360,1786511617.706199,0.02146936953
train/approx_kl,4784128,1786511622.750381,0.02225000784
train/approx_kl,4816896,1786511627.755266,0.02239332721
train/approx_kl,4849664,1786511632.795254,0.02281140536
train/approx_kl,4882432,1786511637.808718,0.02279735729
train/approx_kl,4915200,1786511642.842340,0.02252663486
train/approx_kl,4947968,1786511647.836912,0.0217717234
train/approx_kl,4980736,1786511652.861697,0.02301041782
train/approx_kl,5013504,1786511657.865561,0.02253359184
train/approx_kl,5046272,1786511663.013491,0.02302657813
train/approx_kl,5079040,1786511668.221182,0.02212797105
train/approx_kl,5111808,1786511673.357893,0.02213165723
train/approx_kl,5144576,1786511678.456557,0.02278997563
train/approx_kl,5177344,1786511683.593207,0.0235561952
train/approx_kl,5210112,1786511688.691011,0.02287941426
train/approx_kl,5242880,1786511693.815232,0.02193905786
train/approx_kl,5275648,1786511698.918793,0.02197760344
train/approx_kl,5308416,1786511704.081134,0.02198749036
train/approx_kl,5341184,1786511709.182211,0.02297960967
train/approx_kl,5373952,1786511714.331040,0.02139173448
train/approx_kl,5406720,1786511719.432690,0.02233504504
train/approx_kl,5439488,1786511724.615843,0.02286898717
train/approx_kl,5472256,1786511729.735197,0.02231130935
train/approx_kl,5505024,1786511735.002409,0.02146404982
train/approx_kl,5537792,1786511740.246158,0.02292773128
train/approx_kl,5570560,1786511745.440216,0.02185320482
train/approx_kl,5603328,1786511750.539142,0.02265446633
train/approx_kl,5636096,1786511755.803424,0.02176877484
train/approx_kl,5668864,1786511760.935059,0.02239606902
train/approx_kl,5701632,1786511766.087422,0.0232926365
train/approx_kl,5734400,1786511771.195203,0.02157066204
train/approx_kl,5767168,1786511776.315258,0.0228648521
train/approx_kl,5799936,1786511781.431338,0.02280757949
train/approx_kl,5832704,1786511786.546124,0.02329188958
train/approx_kl,5865472,1786511791.671257,0.02273537964
train/approx_kl,5898240,1786511796.848117,0.02285143174
train/approx_kl,5931008,1786511801.994061,0.02271365002
train/approx_kl,5963776,1786511807.103592,0.02343960106
train/approx_kl,5996544,1786511812.259946,0.0224449262
train/approx_kl,6029312,1786511817.363524,0.02300510742
train/approx_kl,6062080,1786511822.508077,0.02265347168
train/approx_kl,6094848,1786511827.614404,0.02287251502
train/approx_kl,6127616,1786511832.767249,0.02301993966
train/approx_kl,6160384,1786511837.860554,0.02414519899
train/approx_kl,6193152,1786511842.989736,0.02346915007
train/approx_kl,6225920,1786511848.089893,0.02289235033
train/approx_kl,6258688,1786511853.229994,0.02309157699
train/approx_kl,6291456,1786511858.343171,0.02261754125
train/approx_kl,6324224,1786511863.474597,0.02325798944
train/approx_kl,6356992,1786511868.577823,0.02309236303
train/approx_kl,6389760,1786511873.711099,0.02273201942
train/approx_kl,6422528,1786511878.824704,0.02291796729
train/approx_kl,6455296,1786511883.944622,0.02431846224
train/approx_kl,6488064,1786511889.034105,0.02353523113
train/approx_kl,6520832,1786511894.183388,0.02221986651
train/approx_kl,6553600,1786511899.295552,0.0236120373
train/approx_kl,6586368,1786511904.443445,0.02351943031
train/approx_kl,6619136,1786511909.538182,0.02239000611
train/approx_kl,6651904,1786511914.690131,0.02378520556
train/approx_kl,6684672,1786511919.802923,0.02321892604
train/approx_kl,6717440,1786511924.943640,0.02359399572
train/approx_kl,6750208,1786511930.051408,0.02371974289
train/approx_kl,6782976,1786511935.181135,0.02440479025
train/approx_kl,6815744,1786511940.268383,0.02239300869
train/approx_kl,6848512,1786511945.415085,0.02332524583
train/approx_kl,6881280,1786511950.510521,0.02237664349
train/approx_kl,6914048,1786511955.643806,0.02268531173
train/approx_kl,6946816,1786511960.730607,0.02332819626
train/approx_kl,6979584,1786511965.862768,0.02292100154
train/approx_kl,7012352,1786511970.966443,0.0234862417
train/approx_kl,7045120,1786511976.091708,0.02341248281
train/approx_kl,7077888,1786511981.186514,0.02453760058
train/approx_kl,7110656,1786511986.306131,0.02353238687
train/approx_kl,7143424,1786511991.429282,0.02343935519
train/approx_kl,7176192,1786511996.556338,0.02307975106
train/approx_kl,7208960,1786512001.692130,0.02429225668
train/approx_kl,7241728,1786512006.804217,0.02368913591
train/approx_kl,7274496,1786512011.929255,0.02284971252
train/approx_kl,7307264,1786512017.034647,0.02379734442
train/approx_kl,7340032,1786512022.170982,0.02364424989
train/approx_kl,7372800,1786512027.266086,0.02373328805
train/approx_kl,7405568,1786512032.396343,0.02398034744
train/approx_kl,7438336,1786512037.497842,0.02480016276
train/approx_kl,7471104,1786512042.644049,0.0238635242
train/approx_kl,7503872,1786512047.750647,0.02398381382
train/approx_kl,7536640,1786512052.881450,0.02428802475
train/approx_kl,7569408,1786512057.998465,0.02439843304
train/approx_kl,7602176,1786512063.171606,0.02454968914
train/approx_kl,7634944,1786512068.295748,0.02472738922
train/approx_kl,7667712,1786512073.430087,0.02409322187
train/approx_kl,7700480,1786512078.523279,0.02410844341
train/approx_kl,7733248,1786512083.649950,0.02392409742
train/approx_kl,7766016,1786512088.758460,0.02424604446
train/approx_kl,7798784,1786512093.909733,0.02352891117
train/approx_kl,7831552,1786512099.006224,0.02334607393
train/approx_kl,7864320,1786512104.137980,0.02339366078
train/approx_kl,7897088,1786512109.229399,0.02377478778
train/approx_kl,7929856,1786512114.369166,0.02335086837
train/approx_kl,7962624,1786512119.480950,0.02340787463
train/approx_kl,7995392,1786512124.604917,0.0242026709
train/approx_kl,8028160,1786512129.689949,0.02397762984
train/clip_fraction,65536,1786510839.229508,0.3588562012
train/clip_fraction,98304,1786510844.547789,0.3605804443
train/clip_fraction,131072,1786510849.913164,0.3602600098
train/clip_fraction,163840,1786510855.335625,0.3576660156
train/clip_fraction,196608,1786510860.605485,0.3514175415
train/clip_fraction,229376,1786510865.941867,0.3620376587
train/clip_fraction,262144,1786510871.198156,0.3616485596
train/clip_fraction,294912,1786510876.399164,0.3574523926
train/clip_fraction,327680,1786510881.626586,0.3647689819
train/clip_fraction,360448,1786510886.893293,0.3588562012
train/clip_fraction,393216,1786510892.131467,0.3590087891
train/clip_fraction,425984,1786510897.398367,0.3506240845
train/clip_fraction,458752,1786510902.696521,0.3547897339
train/clip_fraction,491520,1786510908.024179,0.355140686
train/clip_fraction,524288,1786510913.321452,0.366897583
train/clip_fraction,557056,1786510918.655874,0.3560791016
train/clip_fraction,589824,1786510923.936833,0.3601913452
train/clip_fraction,622592,1786510929.278281,0.3570175171
train/clip_fraction,655360,1786510934.700570,0.3635940552
train/clip_fraction,688128,1786510940.019076,0.3610992432
train/clip_fraction,720896,1786510945.439208,0.3568267822
train/clip_fraction,753664,1786510950.948078,0.3591384888
train/clip_fraction,786432,1786510956.339945,0.3628768921
train/clip_fraction,819200,1786510961.772095,0.3649902344
train/clip_fraction,851968,1786510967.042844,0.3568878174
train/clip_fraction,884736,1786510972.282147,0.3641281128
train/clip_fraction,917504,1786510977.605556,0.358581543
train/clip_fraction,950272,1786510982.911726,0.359085083
train/clip_fraction,983040,1786510988.236513,0.3613433838
train/clip_fraction,1015808,1786510993.532077,0.3678283691
train/clip_fraction,1048576,1786510998.774131,0.3639602661
train/clip_fraction,1081344,1786511004.084565,0.3628387451
train/clip_fraction,1114112,1786511009.267311,0.3583526611
train/clip_fraction,1146880,1786511014.492239,0.3651885986
train/clip_fraction,1179648,1786511019.721029,0.3621826172
train/clip_fraction,1212416,1786511025.405674,0.3632736206
train/clip_fraction,1245184,1786511031.217438,0.3712844849
train/clip_fraction,1277952,1786511037.450991,0.3638000488
train/clip_fraction,1310720,1786511043.257682,0.3685150146
train/clip_fraction,1343488,1786511049.059829,0.3595199585
train/clip_fraction,1376256,1786511055.117897,0.3601608276
train/clip_fraction,1409024,1786511060.892264,0.3586273193
train/clip_fraction,1441792,1786511066.780356,0.3725891113
train/clip_fraction,1474560,1786511072.708261,0.3689498901
train/clip_fraction,1507328,1786511078.464598,0.3703155518
train/clip_fraction,1540096,1786511084.764498,0.3546218872
train/clip_fraction,1572864,1786511090.625976,0.3707504272
train/clip_fraction,1605632,1786511096.245016,0.372177124
train/clip_fraction,1638400,1786511101.748766,0.3619308472
train/clip_fraction,1671168,1786511107.081923,0.3650436401
train/clip_fraction,1703936,1786511113.774160,0.3596191406
train/clip_fraction,1736704,1786511119.186301,0.3653564453
train/clip_fraction,1769472,1786511124.530967,0.3653488159
train/clip_fraction,1802240,1786511129.894782,0.3656921387
train/clip_fraction,1835008,1786511135.671304,0.3697280884
train/clip_fraction,1867776,1786511141.417470,0.3586807251
train/clip_fraction,1900544,1786511146.945039,0.3661727905
train/clip_fraction,1933312,1786511152.460467,0.3747024536
train/clip_fraction,1966080,1786511157.906937,0.3563308716
train/clip_fraction,1998848,1786511163.317158,0.3638687134
train/clip_fraction,2031616,1786511170.661011,0.3620147705
train/clip_fraction,2064384,1786511176.266320,0.3709487915
train/clip_fraction,2097152,1786511181.579434,0.3566131592
train/clip_fraction,2129920,1786511186.842611,0.3680343628
train/clip_fraction,2162688,1786511192.254240,0.3653564453
train/clip_fraction,2195456,1786511197.702413,0.3604049683
train/clip_fraction,2228224,1786511203.172347,0.3737411499
train/clip_fraction,2260992,1786511208.527949,0.3685455322
train/clip_fraction,2293760,1786511213.919070,0.3696975708
train/clip_fraction,2326528,1786511219.341192,0.371963501
train/clip_fraction,2359296,1786511224.878551,0.374130249
train/clip_fraction,2392064,1786511230.352172,0.3759613037
train/clip_fraction,2424832,1786511235.762668,0.3705978394
train/clip_fraction,2457600,1786511241.174251,0.3721389771
train/clip_fraction,2490368,1786511246.561639,0.3766784668
train/clip_fraction,2523136,1786511252.529436,0.3770217896
train/clip_fraction,2555904,1786511259.756905,0.3731994629
train/clip_fraction,2588672,1786511265.270783,0.3726043701
train/clip_fraction,2621440,1786511270.570832,0.3731613159
train/clip_fraction,2654208,1786511275.922121,0.3740692139
train/clip_fraction,2686976,1786511281.351679,0.3757400513
train/clip_fraction,2719744,1786511286.793060,0.3695678711
train/clip_fraction,2752512,1786511292.268015,0.3746185303
train/clip_fraction,2785280,1786511297.628383,0.373664856
train/clip_fraction,2818048,1786511303.157488,0.3669204712
train/clip_fraction,2850816,1786511308.580130,0.3766174316
train/clip_fraction,2883584,1786511314.158299,0.3750610352
train/clip_fraction,2916352,1786511319.943520,0.3717269897
train/clip_fraction,2949120,1786511327.193341,0.378288269
train/clip_fraction,2981888,1786511334.780880,0.3741989136
train/clip_fraction,3014656,1786511340.354971,0.3763198853
train/clip_fraction,3047424,1786511345.492107,0.363861084
train/clip_fraction,3080192,1786511350.663789,0.373046875
train/clip_fraction,3112960,1786511355.837835,0.3825302124
train/clip_fraction,3145728,1786511360.976320,0.3722915649
train/clip_fraction,3178496,1786511366.234329,0.3658599854
train/clip_fraction,3211264,1786511371.514771,0.3794021606
train/clip_fraction,3244032,1786511376.685478,0.3788070679
train/clip_fraction,3276800,1786511381.892364,0.3829956055
train/clip_fraction,3309568,1786511387.052491,0.3738327026
train/clip_fraction,3342336,1786511392.271314,0.3758392334
train/clip_fraction,3375104,1786511397.562510,0.3783493042
train/clip_fraction,3407872,1786511403.828865,0.373374939
train/clip_fraction,3440640,1786511411.727186,0.3739776611
train/clip_fraction,3473408,1786511417.005765,0.3762893677
train/clip_fraction,3506176,1786511422.274416,0.3682479858
train/clip_fraction,3538944,1786511427.352980,0.3707962036
train/clip_fraction,3571712,1786511432.372186,0.3779830933
train/clip_fraction,3604480,1786511437.415055,0.3736419678
train/clip_fraction,3637248,1786511442.507780,0.3778457642
train/clip_fraction,3670016,1786511447.625857,0.376335144
train/clip_fraction,3702784,1786511452.735759,0.380065918
train/clip_fraction,3735552,1786511457.873640,0.386100769
train/clip_fraction,3768320,1786511463.102869,0.3759078979
train/clip_fraction,3801088,1786511468.236570,0.3778152466
train/clip_fraction,3833856,1786511473.380110,0.3799285889
train/clip_fraction,3866624,1786511478.474720,0.3794021606
train/clip_fraction,3899392,1786511483.596579,0.3833694458
train/clip_fraction,3932160,1786511488.693676,0.3775177002
train/clip_fraction,3964928,1786511493.837825,0.37940979
train/clip_fraction,3997696,1786511498.945101,0.369140625
train/clip_fraction,4030464,1786511504.087948,0.3731994629
train/clip_fraction,4063232,1786511509.193944,0.377571106
train/clip_fraction,4096000,1786511514.356397,0.3822937012
train/clip_fraction,4128768,1786511519.473886,0.3835067749
train/clip_fraction,4161536,1786511524.623688,0.3816833496
train/clip_fraction,4194304,1786511529.732248,0.3803100586
train/clip_fraction,4227072,1786511534.876045,0.3696060181
train/clip_fraction,4259840,1786511539.981234,0.3901367188
train/clip_fraction,4292608,1786511545.122187,0.3830032349
train/clip_fraction,4325376,1786511550.385148,0.3803024292
train/clip_fraction,4358144,1786511555.752400,0.3811340332
train/clip_fraction,4390912,1786511560.884252,0.3754348755
train/clip_fraction,4423680,1786511566.183070,0.3801422119
train/clip_fraction,4456448,1786511571.459706,0.3772888184
train/clip_fraction,4489216,1786511576.700175,0.3829345703
train/clip_fraction,4521984,1786511581.943208,0.3847503662
train/clip_fraction,4554752,1786511587.144708,0.3823547363
train/clip_fraction,4587520,1786511592.416204,0.3854827881
train/clip_fraction,4620288,1786511597.577219,0.380355835
train/clip_fraction,4653056,1786511602.669604,0.3797988892
train/clip_fraction,4685824,1786511607.668291,0.3883895874
train/clip_fraction,4718592,1786511612.698367,0.3839492798
train/clip_fraction,4751360,1786511617.706202,0.3704833984
train/clip_fraction,4784128,1786511622.750385,0.3827209473
train/clip_fraction,4816896,1786511627.755270,0.382850647
train/clip_fraction,4849664,1786511632.795258,0.3879165649
train/clip_fraction,4882432,1786511637.808721,0.3855438232
train/clip_fraction,4915200,1786511642.842344,0.3849411011
train/clip_fraction,4947968,1786511647.836916,0.3826446533
train/clip_fraction,4980736,1786511652.861701,0.3905563354
train/clip_fraction,5013504,1786511657.865565,0.3853378296
train/clip_fraction,5046272,1786511663.013495,0.3879623413
train/clip_fraction,5079040,1786511668.221186,0.388092041
train/clip_fraction,5111808,1786511673.357897,0.383682251
train/clip_fraction,5144576,1786511678.456561,0.3915405273
train/clip_fraction,5177344,1786511683.593210,0.3935928345
train/clip_fraction,5210112,1786511688.691015,0.3846511841
train/clip_fraction,5242880,1786511693.815236,0.3795089722
train/clip_fraction,5275648,1786511698.918797,0.383102417
train/clip_fraction,5308416,1786511704.081137,0.3839797974
train/clip_fraction,5341184,1786511709.182214,0.3914108276
train/clip_fraction,5373952,1786511714.331043,0.382774353
train/clip_fraction,5406720,1786511719.432693,0.3853225708
train/clip_fraction,5439488,1786511724.615847,0.3861312866
train/clip_fraction,5472256,1786511729.735200,0.3888549805
train/clip_fraction,5505024,1786511735.002413,0.3781738281
train/clip_fraction,5537792,1786511740.246162,0.3883209229
train/clip_fraction,5570560,1786511745.440220,0.3780212402
train/clip_fraction,5603328,1786511750.539145,0.3807449341
train/clip_fraction,5636096,1786511755.803428,0.3784484863
train/clip_fraction,5668864,1786511760.935063,0.384262085
train/clip_fraction,5701632,1786511766.087425,0.3898925781
train/clip_fraction,5734400,1786511771.195207,0.3753128052
train/clip_fraction,5767168,1786511776.315262,0.3879013062
train/clip_fraction,5799936,1786511781.431342,0.3852767944
train/clip_fraction,5832704,1786511786.546128,0.3879776001
train/clip_fraction,5865472,1786511791.671261,0.3837509155
train/clip_fraction,5898240,1786511796.848122,0.3903198242
train/clip_fraction,5931008,1786511801.994065,0.3831176758
train/clip_fraction,5963776,1786511807.103596,0.3938369751
train/clip_fraction,5996544,1786511812.259950,0.388168335
train/clip_fraction,6029312,1786511817.363528,0.3873443604
train/clip_fraction,6062080,1786511822.508081,0.3867111206
train/clip_fraction,6094848,1786511827.614408,0.38722229
train/clip_fraction,6127616,1786511832.767253,0.3890075684
train/clip_fraction,6160384,1786511837.860558,0.3895339966
train/clip_fraction,6193152,1786511842.989739,0.3945388794
train/clip_fraction,6225920,1786511848.089896,0.3985977173
train/clip_fraction,6258688,1786511853.229998,0.390083313
train/clip_fraction,6291456,1786511858.343175,0.3869018555
train/clip_fraction,6324224,1786511863.474601,0.3901901245
train/clip_fraction,6356992,1786511868.577827,0.3930511475
train/clip_fraction,6389760,1786511873.711103,0.3857574463
train/clip_fraction,6422528,1786511878.824708,0.3917160034
train/clip_fraction,6455296,1786511883.944626,0.3960800171
train/clip_fraction,6488064,1786511889.034110,0.3907089233
train/clip_fraction,6520832,1786511894.183393,0.3814926147
train/clip_fraction,6553600,1786511899.295556,0.3963088989
train/clip_fraction,6586368,1786511904.443449,0.3944244385
train/clip_fraction,6619136,1786511909.538186,0.3924026489
train/clip_fraction,6651904,1786511914.690135,0.4010925293
train/clip_fraction,6684672,1786511919.802927,0.3907241821
train/clip_fraction,6717440,1786511924.943644,0.39402771
train/clip_fraction,6750208,1786511930.051411,0.3965835571
train/clip_fraction,6782976,1786511935.181139,0.4003601074
train/clip_fraction,6815744,1786511940.268387,0.3879241943
train/clip_fraction,6848512,1786511945.415089,0.3918380737
train/clip_fraction,6881280,1786511950.510525,0.3818359375
train/clip_fraction,6914048,1786511955.643810,0.3877410889
train/clip_fraction,6946816,1786511960.730611,0.3976593018
train/clip_fraction,6979584,1786511965.862772,0.3938674927
train/clip_fraction,7012352,1786511970.966447,0.3930664062
train/clip_fraction,7045120,1786511976.091712,0.3946990967
train/clip_fraction,7077888,1786511981.186517,0.4073257446
train/clip_fraction,7110656,1786511986.306135,0.3934631348
train/clip_fraction,7143424,1786511991.429286,0.3941192627
train/clip_fraction,7176192,1786511996.556342,0.3979721069
train/clip_fraction,7208960,1786512001.692134,0.3989486694
train/clip_fraction,7241728,1786512006.804221,0.3907699585
train/clip_fraction,7274496,1786512011.929260,0.3922729492
train/clip_fraction,7307264,1786512017.034652,0.4017410278
train/clip_fraction,7340032,1786512022.170985,0.3962860107
train/clip_fraction,7372800,1786512027.266090,0.4051361084
train/clip_fraction,7405568,1786512032.396347,0.3983383179
train/clip_fraction,7438336,1786512037.497845,0.4013519287
train/clip_fraction,7471104,1786512042.644054,0.3995513916
train/clip_fraction,7503872,1786512047.750651,0.3944091797
train/clip_fraction,7536640,1786512052.881454,0.39894104
train/clip_fraction,7569408,1786512057.998468,0.4012832642
train/clip_fraction,7602176,1786512063.171610,0.399269104
train/clip_fraction,7634944,1786512068.295751,0.4072341919
train/clip_fraction,7667712,1786512073.430092,0.3968276978
train/clip_fraction,7700480,1786512078.523283,0.4027404785
train/clip_fraction,7733248,1786512083.649955,0.3998031616
train/clip_fraction,7766016,1786512088.758464,0.4034500122
train/clip_fraction,7798784,1786512093.909737,0.4013748169
train/clip_fraction,7831552,1786512099.006228,0.3946456909
train/clip_fraction,7864320,1786512104.137985,0.4051818848
train/clip_fraction,7897088,1786512109.229403,0.3924865723
train/clip_fraction,7929856,1786512114.369171,0.3979568481
train/clip_fraction,7962624,1786512119.480954,0.3945236206
train/clip_fraction,7995392,1786512124.604921,0.3972473145
train/clip_fraction,8028160,1786512129.689953,0.3962249756
train/clip_range,65536,1786510839.229511,0.150000006
train/clip_range,98304,1786510844.547793,0.150000006
train/clip_range,131072,1786510849.913167,0.150000006
train/clip_range,163840,1786510855.335629,0.150000006
train/clip_range,196608,1786510860.605488,0.150000006
train/clip_range,229376,1786510865.941871,0.150000006
train/clip_range,262144,1786510871.198160,0.150000006
train/clip_range,294912,1786510876.399167,0.150000006
train/clip_range,327680,1786510881.626590,0.150000006
train/clip_range,360448,1786510886.893296,0.150000006
train/clip_range,393216,1786510892.131471,0.150000006
train/clip_range,425984,1786510897.398371,0.150000006
train/clip_range,458752,1786510902.696524,0.150000006
train/clip_range,491520,1786510908.024183,0.150000006
train/clip_range,524288,1786510913.321456,0.150000006
train/clip_range,557056,1786510918.655878,0.150000006
train/clip_range,589824,1786510923.936836,0.150000006
train/clip_range,622592,1786510929.278288,0.150000006
train/clip_range,655360,1786510934.700574,0.150000006
train/clip_range,688128,1786510940.019079,0.150000006
train/clip_range,720896,1786510945.439212,0.150000006
train/clip_range,753664,1786510950.948081,0.150000006
train/clip_range,786432,1786510956.339949,0.150000006
train/clip_range,819200,1786510961.772098,0.150000006
train/clip_range,851968,1786510967.042847,0.150000006
train/clip_range,884736,1786510972.282151,0.150000006
train/clip_range,917504,1786510977.605560,0.150000006
train/clip_range,950272,1786510982.911730,0.150000006
train/clip_range,983040,1786510988.236516,0.150000006
train/clip_range,1015808,1786510993.532081,0.150000006
train/clip_range,1048576,1786510998.774134,0.150000006
train/clip_range,1081344,1786511004.084569,0.150000006
train/clip_range,1114112,1786511009.267315,0.150000006
train/clip_range,1146880,1786511014.492244,0.150000006
train/clip_range,1179648,1786511019.721032,0.150000006
train/clip_range,1212416,1786511025.405678,0.150000006
train/clip_range,1245184,1786511031.217442,0.150000006
train/clip_range,1277952,1786511037.450995,0.150000006
train/clip_range,1310720,1786511043.257687,0.150000006
train/clip_range,1343488,1786511049.059833,0.150000006
train/clip_range,1376256,1786511055.117901,0.150000006
train/clip_range,1409024,1786511060.892267,0.150000006
train/clip_range,1441792,1786511066.780360,0.150000006
train/clip_range,1474560,1786511072.708265,0.150000006
train/clip_range,1507328,1786511078.464601,0.150000006
train/clip_range,1540096,1786511084.764502,0.150000006
train/clip_range,1572864,1786511090.625981,0.150000006
train/clip_range,1605632,1786511096.245019,0.150000006
train/clip_range,1638400,1786511101.748770,0.150000006
train/clip_range,1671168,1786511107.081927,0.150000006
train/clip_range,1703936,1786511113.774165,0.150000006
train/clip_range,1736704,1786511119.186304,0.150000006
train/clip_range,1769472,1786511124.530971,0.150000006
train/clip_range,1802240,1786511129.894786,0.150000006
train/clip_range,1835008,1786511135.671308,0.150000006
train/clip_range,1867776,1786511141.417473,0.150000006
train/clip_range,1900544,1786511146.945043,0.150000006
train/clip_range,1933312,1786511152.460470,0.150000006
train/clip_range,1966080,1786511157.906940,0.150000006
train/clip_range,1998848,1786511163.317161,0.150000006
train/clip_range,2031616,1786511170.661014,0.150000006
train/clip_range,2064384,1786511176.266324,0.150000006
train/clip_range,2097152,1786511181.579438,0.150000006
train/clip_range,2129920,1786511186.842615,0.150000006
train/clip_range,2162688,1786511192.254244,0.150000006
train/clip_range,2195456,1786511197.702416,0.150000006
train/clip_range,2228224,1786511203.172350,0.150000006
train/clip_range,2260992,1786511208.527953,0.150000006
train/clip_range,2293760,1786511213.919074,0.150000006
train/clip_range,2326528,1786511219.341195,0.150000006
train/clip_range,2359296,1786511224.878554,0.150000006
train/clip_range,2392064,1786511230.352175,0.150000006
train/clip_range,2424832,1786511235.762672,0.150000006
train/clip_range,2457600,1786511241.174255,0.150000006
train/clip_range,2490368,1786511246.561642,0.150000006
train/clip_range,2523136,1786511252.529440,0.150000006
train/clip_range,2555904,1786511259.756909,0.150000006
train/clip_range,2588672,1786511265.270787,0.150000006
train/clip_range,2621440,1786511270.570835,0.150000006
train/clip_range,2654208,1786511275.922126,0.150000006
train/clip_range,2686976,1786511281.351683,0.150000006
train/clip_range,2719744,1786511286.793064,0.150000006
train/clip_range,2752512,1786511292.268019,0.150000006
train/clip_range,2785280,1786511297.628387,0.150000006
train/clip_range,2818048,1786511303.157492,0.150000006
train/clip_range,2850816,1786511308.580133,0.150000006
train/clip_range,2883584,1786511314.158302,0.150000006
train/clip_range,2916352,1786511319.943523,0.150000006
train/clip_range,2949120,1786511327.193345,0.150000006
train/clip_range,2981888,1786511334.780884,0.150000006
train/clip_range,3014656,1786511340.354974,0.150000006
train/clip_range,3047424,1786511345.492111,0.150000006
train/clip_range,3080192,1786511350.663794,0.150000006
train/clip_range,3112960,1786511355.837839,0.150000006
train/clip_range,3145728,1786511360.976325,0.150000006
train/clip_range,3178496,1786511366.234333,0.150000006
train/clip_range,3211264,1786511371.514774,0.150000006
train/clip_range,3244032,1786511376.685482,0.150000006
train/clip_range,3276800,1786511381.892367,0.150000006
train/clip_range,3309568,1786511387.052495,0.150000006
train/clip_range,3342336,1786511392.271318,0.150000006
train/clip_range,3375104,1786511397.562514,0.150000006
train/clip_range,3407872,1786511403.828869,0.150000006
train/clip_range,3440640,1786511411.727189,0.150000006
train/clip_range,3473408,1786511417.005768,0.150000006
train/clip_range,3506176,1786511422.274420,0.150000006
train/clip_range,3538944,1786511427.352983,0.150000006
train/clip_range,3571712,1786511432.372191,0.150000006
train/clip_range,3604480,1786511437.415060,0.150000006
train/clip_range,3637248,1786511442.507784,0.150000006
train/clip_range,3670016,1786511447.625861,0.150000006
train/clip_range,3702784,1786511452.735763,0.150000006
train/clip_range,3735552,1786511457.873644,0.150000006
train/clip_range,3768320,1786511463.102873,0.150000006
train/clip_range,3801088,1786511468.236573,0.150000006
train/clip_range,3833856,1786511473.380113,0.150000006
train/clip_range,3866624,1786511478.474724,0.150000006
train/clip_range,3899392,1786511483.596582,0.150000006
train/clip_range,3932160,1786511488.693679,0.150000006
train/clip_range,3964928,1786511493.837828,0.150000006
train/clip_range,3997696,1786511498.945106,0.150000006
train/clip_range,4030464,1786511504.087952,0.150000006
train/clip_range,4063232,1786511509.193948,0.150000006
train/clip_range,4096000,1786511514.356400,0.150000006
train/clip_range,4128768,1786511519.473890,0.150000006
train/clip_range,4161536,1786511524.623692,0.150000006
train/clip_range,4194304,1786511529.732252,0.150000006
train/clip_range,4227072,1786511534.876048,0.150000006
train/clip_range,4259840,1786511539.981238,0.150000006
train/clip_range,4292608,1786511545.122191,0.150000006
train/clip_range,4325376,1786511550.385151,0.150000006
train/clip_range,4358144,1786511555.752403,0.150000006
train/clip_range,4390912,1786511560.884255,0.150000006
train/clip_range,4423680,1786511566.183074,0.150000006
train/clip_range,4456448,1786511571.459710,0.150000006
train/clip_range,4489216,1786511576.700178,0.150000006
train/clip_range,4521984,1786511581.943212,0.150000006
train/clip_range,4554752,1786511587.144711,0.150000006
train/clip_range,4587520,1786511592.416208,0.150000006
train/clip_range,4620288,1786511597.577222,0.150000006
train/clip_range,4653056,1786511602.669607,0.150000006
train/clip_range,4685824,1786511607.668294,0.150000006
train/clip_range,4718592,1786511612.698371,0.150000006
train/clip_range,4751360,1786511617.706206,0.150000006
train/clip_range,4784128,1786511622.750388,0.150000006
train/clip_range,4816896,1786511627.755273,0.150000006
train/clip_range,4849664,1786511632.795261,0.150000006
train/clip_range,4882432,1786511637.808725,0.150000006
train/clip_range,4915200,1786511642.842347,0.150000006
train/clip_range,4947968,1786511647.836919,0.150000006
train/clip_range,4980736,1786511652.861705,0.150000006
train/clip_range,5013504,1786511657.865568,0.150000006
train/clip_range,5046272,1786511663.013499,0.150000006
train/clip_range,5079040,1786511668.221189,0.150000006
train/clip_range,5111808,1786511673.357901,0.150000006
train/clip_range,5144576,1786511678.456565,0.150000006
train/clip_range,5177344,1786511683.593214,0.150000006
train/clip_range,5210112,1786511688.691018,0.150000006
train/clip_range,5242880,1786511693.815239,0.150000006
train/clip_range,5275648,1786511698.918800,0.150000006
train/clip_range,5308416,1786511704.081141,0.150000006
train/clip_range,5341184,1786511709.182218,0.150000006
train/clip_range,5373952,1786511714.331046,0.150000006
train/clip_range,5406720,1786511719.432697,0.150000006
train/clip_range,5439488,1786511724.615850,0.150000006
train/clip_range,5472256,1786511729.735204,0.150000006
train/clip_range,5505024,1786511735.002416,0.150000006
train/clip_range,5537792,1786511740.246165,0.150000006
train/clip_range,5570560,1786511745.440223,0.150000006
train/clip_range,5603328,1786511750.539149,0.150000006
train/clip_range,5636096,1786511755.803431,0.150000006
train/clip_range,5668864,1786511760.935066,0.150000006
train/clip_range,5701632,1786511766.087429,0.150000006
train/clip_range,5734400,1786511771.195210,0.150000006
train/clip_range,5767168,1786511776.315266,0.150000006
train/clip_range,5799936,1786511781.431347,0.150000006
train/clip_range,5832704,1786511786.546132,0.150000006
train/clip_range,5865472,1786511791.671265,0.150000006
train/clip_range,5898240,1786511796.848181,0.150000006
train/clip_range,5931008,1786511801.994069,0.150000006
train/clip_range,5963776,1786511807.103599,0.150000006
train/clip_range,5996544,1786511812.259953,0.150000006
train/clip_range,6029312,1786511817.363531,0.150000006
train/clip_range,6062080,1786511822.508085,0.150000006
train/clip_range,6094848,1786511827.614412,0.150000006
train/clip_range,6127616,1786511832.767257,0.150000006
train/clip_range,6160384,1786511837.860561,0.150000006
train/clip_range,6193152,1786511842.989743,0.150000006
train/clip_range,6225920,1786511848.089900,0.150000006
train/clip_range,6258688,1786511853.230002,0.150000006
train/clip_range,6291456,1786511858.343179,0.150000006
train/clip_range,6324224,1786511863.474605,0.150000006
train/clip_range,6356992,1786511868.577830,0.150000006
train/clip_range,6389760,1786511873.711106,0.150000006
train/clip_range,6422528,1786511878.824711,0.150000006
train/clip_range,6455296,1786511883.944630,0.150000006
train/clip_range,6488064,1786511889.034114,0.150000006
train/clip_range,6520832,1786511894.183397,0.150000006
train/clip_range,6553600,1786511899.295559,0.150000006
train/clip_range,6586368,1786511904.443452,0.150000006
train/clip_range,6619136,1786511909.538189,0.150000006
train/clip_range,6651904,1786511914.690138,0.150000006
train/clip_range,6684672,1786511919.802930,0.150000006
train/clip_range,6717440,1786511924.943648,0.150000006
train/clip_range,6750208,1786511930.051415,0.150000006
train/clip_range,6782976,1786511935.181144,0.150000006
train/clip_range,6815744,1786511940.268391,0.150000006
train/clip_range,6848512,1786511945.415092,0.150000006
train/clip_range,6881280,1786511950.510528,0.150000006
train/clip_range,6914048,1786511955.643813,0.150000006
train/clip_range,6946816,1786511960.730614,0.150000006
train/clip_range,6979584,1786511965.862775,0.150000006
train/clip_range,7012352,1786511970.966451,0.150000006
train/clip_range,7045120,1786511976.091716,0.150000006
train/clip_range,7077888,1786511981.186521,0.150000006
train/clip_range,7110656,1786511986.306138,0.150000006
train/clip_range,7143424,1786511991.429294,0.150000006
train/clip_range,7176192,1786511996.556345,0.150000006
train/clip_range,7208960,1786512001.692137,0.150000006
train/clip_range,7241728,1786512006.804225,0.150000006
train/clip_range,7274496,1786512011.929264,0.150000006
train/clip_range,7307264,1786512017.034656,0.150000006
train/clip_range,7340032,1786512022.170989,0.150000006
train/clip_range,7372800,1786512027.266094,0.150000006
train/clip_range,7405568,1786512032.396352,0.150000006
train/clip_range,7438336,1786512037.497849,0.150000006
train/clip_range,7471104,1786512042.644059,0.150000006
train/clip_range,7503872,1786512047.750654,0.150000006
train/clip_range,7536640,1786512052.881458,0.150000006
train/clip_range,7569408,1786512057.998472,0.150000006
train/clip_range,7602176,1786512063.171613,0.150000006
train/clip_range,7634944,1786512068.295755,0.150000006
train/clip_range,7667712,1786512073.430096,0.150000006
train/clip_range,7700480,1786512078.523287,0.150000006
train/clip_range,7733248,1786512083.649960,0.150000006
train/clip_range,7766016,1786512088.758469,0.150000006
train/clip_range,7798784,1786512093.909741,0.150000006
train/clip_range,7831552,1786512099.006231,0.150000006
train/clip_range,7864320,1786512104.137990,0.150000006
train/clip_range,7897088,1786512109.229408,0.150000006
train/clip_range,7929856,1786512114.369175,0.150000006
train/clip_range,7962624,1786512119.480958,0.150000006
train/clip_range,7995392,1786512124.604926,0.150000006
train/clip_range,8028160,1786512129.689957,0.150000006
train/ent_coef,32768,1786510834.059396,0.0005019264063
train/ent_coef,65536,1786510839.229515,0.0009979519527
train/ent_coef,98304,1786510844.547796,0.0009959039744
train/ent_coef,131072,1786510849.913171,0.0009938559961
train/ent_coef,163840,1786510855.335632,0.0009918080177
train/ent_coef,196608,1786510860.605492,0.0009897600394
train/ent_coef,229376,1786510865.941874,0.0009877119446
train/ent_coef,262144,1786510871.198163,0.0009856639663
train/ent_coef,294912,1786510876.399170,0.0009836159879
train/ent_coef,327680,1786510881.626594,0.0009815680096
train/ent_coef,360448,1786510886.893300,0.0009795200313
train/ent_coef,393216,1786510892.131474,0.0009774720529
train/ent_coef,425984,1786510897.398376,0.0009754240164
train/ent_coef,458752,1786510902.696528,0.0009733759798
train/ent_coef,491520,1786510908.024186,0.0009713280015
train/ent_coef,524288,1786510913.321459,0.0009692800231
train/ent_coef,557056,1786510918.655881,0.0009672319866
train/ent_coef,589824,1786510923.936840,0.0009651840082
train/ent_coef,622592,1786510929.278292,0.0009631359717
train/ent_coef,655360,1786510934.700578,0.0009610879933
train/ent_coef,688128,1786510940.019083,0.000959040015
train/ent_coef,720896,1786510945.439215,0.0009569919785
train/ent_coef,753664,1786510950.948084,0.0009549440001
train/ent_coef,786432,1786510956.339952,0.0009528960218
train/ent_coef,819200,1786510961.772101,0.0009508479852
train/ent_coef,851968,1786510967.042850,0.0009488000069
train/ent_coef,884736,1786510972.282156,0.0009467520285
train/ent_coef,917504,1786510977.605563,0.000944703992
train/ent_coef,950272,1786510982.911733,0.0009426560136
train/ent_coef,983040,1786510988.236520,0.0009406079771
train/ent_coef,1015808,1786510993.532085,0.0009385599988
train/ent_coef,1048576,1786510998.774138,0.0009365120204
train/ent_coef,1081344,1786511004.084572,0.0009344639839
train/ent_coef,1114112,1786511009.267318,0.0009324160055
train/ent_coef,1146880,1786511014.492248,0.0009303680272
train/ent_coef,1179648,1786511019.721035,0.0009283199906
train/ent_coef,1212416,1786511025.405681,0.0009262720123
train/ent_coef,1245184,1786511031.217445,0.0009242239757
train/ent_coef,1277952,1786511037.450998,0.0009221759974
train/ent_coef,1310720,1786511043.257691,0.0009201280191
train/ent_coef,1343488,1786511049.059836,0.0009180799825
train/ent_coef,1376256,1786511055.117904,0.0009160320042
train/ent_coef,1409024,1786511060.892270,0.0009139840258
train/ent_coef,1441792,1786511066.780364,0.0009119359893
train/ent_coef,1474560,1786511072.708269,0.0009098880109
train/ent_coef,1507328,1786511078.464604,0.0009078399744
train/ent_coef,1540096,1786511084.764505,0.000905791996
train/ent_coef,1572864,1786511090.625986,0.0009037440177
train/ent_coef,1605632,1786511096.245023,0.0009016959812
train/ent_coef,1638400,1786511101.748773,0.0008996480028
train/ent_coef,1671168,1786511107.081930,0.0008976000245
train/ent_coef,1703936,1786511113.774169,0.0008955519879
train/ent_coef,1736704,1786511119.186308,0.0008935040096
train/ent_coef,1769472,1786511124.530974,0.000891455973
train/ent_coef,1802240,1786511129.894790,0.0008894079947
train/ent_coef,1835008,1786511135.671311,0.0008873600163
train/ent_coef,1867776,1786511141.417477,0.0008853119798
train/ent_coef,1900544,1786511146.945046,0.0008832640015
train/ent_coef,1933312,1786511152.460473,0.0008812160231
train/ent_coef,1966080,1786511157.906944,0.0008791679866
train/ent_coef,1998848,1786511163.317164,0.0008771200082
train/ent_coef,2031616,1786511170.661018,0.0008750719717
train/ent_coef,2064384,1786511176.266327,0.0008730239933
train/ent_coef,2097152,1786511181.579442,0.000870976015
train/ent_coef,2129920,1786511186.842620,0.0008689279784
train/ent_coef,2162688,1786511192.254247,0.0008668800001
train/ent_coef,2195456,1786511197.702420,0.0008648320218
train/ent_coef,2228224,1786511203.172353,0.0008627839852
train/ent_coef,2260992,1786511208.527957,0.0008607360069
train/ent_coef,2293760,1786511213.919077,0.0008586880285
train/ent_coef,2326528,1786511219.341198,0.000856639992
train/ent_coef,2359296,1786511224.878557,0.0008545920136
train/ent_coef,2392064,1786511230.352179,0.0008525439771
train/ent_coef,2424832,1786511235.762675,0.0008504959987
train/ent_coef,2457600,1786511241.174258,0.0008484480204
train/ent_coef,2490368,1786511246.561646,0.0008463999839
train/ent_coef,2523136,1786511252.529443,0.0008443520055
train/ent_coef,2555904,1786511259.756912,0.0008423040272
train/ent_coef,2588672,1786511265.270790,0.0008402559906
train/ent_coef,2621440,1786511270.570839,0.0008382080123
train/ent_coef,2654208,1786511275.922130,0.0008361599757
train/ent_coef,2686976,1786511281.351687,0.0008341119974
train/ent_coef,2719744,1786511286.793067,0.0008320640191
train/ent_coef,2752512,1786511292.268022,0.0008300159825
train/ent_coef,2785280,1786511297.628390,0.0008279680042
train/ent_coef,2818048,1786511303.157495,0.0008259200258
train/ent_coef,2850816,1786511308.580136,0.0008238719893
train/ent_coef,2883584,1786511314.158305,0.0008218240109
train/ent_coef,2916352,1786511319.943527,0.0008197759744
train/ent_coef,2949120,1786511327.193349,0.000817727996
train/ent_coef,2981888,1786511334.780887,0.0008156800177
train/ent_coef,3014656,1786511340.354978,0.0008136319811
train/ent_coef,3047424,1786511345.492114,0.0008115840028
train/ent_coef,3080192,1786511350.663798,0.0008095360245
train/ent_coef,3112960,1786511355.837843,0.0008074879879
train/ent_coef,3145728,1786511360.976329,0.0008054400096
train/ent_coef,3178496,1786511366.234336,0.000803391973
train/ent_coef,3211264,1786511371.514778,0.0008013439947
train/ent_coef,3244032,1786511376.685485,0.0007992960163
train/ent_coef,3276800,1786511381.892372,0.0007972479798
train/ent_coef,3309568,1786511387.052499,0.0007952000014
train/ent_coef,3342336,1786511392.271321,0.0007931520231
train/ent_coef,3375104,1786511397.562517,0.0007911039866
train/ent_coef,3407872,1786511403.828873,0.0007890560082
train/ent_coef,3440640,1786511411.727193,0.0007870079717
train/ent_coef,3473408,1786511417.005771,0.0007849599933
train/ent_coef,3506176,1786511422.274423,0.000782912015
train/ent_coef,3538944,1786511427.352986,0.0007808639784
train/ent_coef,3571712,1786511432.372195,0.0007788160001
train/ent_coef,3604480,1786511437.415064,0.0007767680218
train/ent_coef,3637248,1786511442.507787,0.0007747199852
train/ent_coef,3670016,1786511447.625864,0.0007726720069
train/ent_coef,3702784,1786511452.735766,0.0007706240285
train/ent_coef,3735552,1786511457.873647,0.000768575992
train/ent_coef,3768320,1786511463.102878,0.0007665280136
train/ent_coef,3801088,1786511468.236577,0.0007644799771
train/ent_coef,3833856,1786511473.380117,0.0007624319987
train/ent_coef,3866624,1786511478.474727,0.0007603840204
train/ent_coef,3899392,1786511483.596586,0.0007583359838
train/ent_coef,3932160,1786511488.693683,0.0007562880055
train/ent_coef,3964928,1786511493.837832,0.0007542400272
train/ent_coef,3997696,1786511498.945111,0.0007521919906
train/ent_coef,4030464,1786511504.087955,0.0007501440123
train/ent_coef,4063232,1786511509.193951,0.0007480959757
train/ent_coef,4096000,1786511514.356404,0.0007460479974
train/ent_coef,4128768,1786511519.473893,0.000744000019
train/ent_coef,4161536,1786511524.623696,0.0007419519825
train/ent_coef,4194304,1786511529.732255,0.0007399040041
train/ent_coef,4227072,1786511534.876052,0.0007378560258
train/ent_coef,4259840,1786511539.981242,0.0007358079893
train/ent_coef,4292608,1786511545.122194,0.0007337600109
train/ent_coef,4325376,1786511550.385155,0.0007317119744
train/ent_coef,4358144,1786511555.752407,0.000729663996
train/ent_coef,4390912,1786511560.884259,0.0007276160177
train/ent_coef,4423680,1786511566.183077,0.0007255679811
train/ent_coef,4456448,1786511571.459713,0.0007235200028
train/ent_coef,4489216,1786511576.700182,0.0007214720245
train/ent_coef,4521984,1786511581.943215,0.0007194239879
train/ent_coef,4554752,1786511587.144715,0.0007173760096
train/ent_coef,4587520,1786511592.416211,0.000715327973
train/ent_coef,4620288,1786511597.577226,0.0007132799947
train/ent_coef,4653056,1786511602.669611,0.0007112320163
train/ent_coef,4685824,1786511607.668298,0.0007091839798
train/ent_coef,4718592,1786511612.698375,0.0007071360014
train/ent_coef,4751360,1786511617.706209,0.0007050880231
train/ent_coef,4784128,1786511622.750392,0.0007030399865
train/ent_coef,4816896,1786511627.755276,0.0007009920082
train/ent_coef,4849664,1786511632.795265,0.0006989439717
train/ent_coef,4882432,1786511637.808728,0.0006968959933
train/ent_coef,4915200,1786511642.842351,0.000694848015
train/ent_coef,4947968,1786511647.836922,0.0006927999784
train/ent_coef,4980736,1786511652.861708,0.0006907520001
train/ent_coef,5013504,1786511657.865572,0.0006887040217
train/ent_coef,5046272,1786511663.013502,0.0006866559852
train/ent_coef,5079040,1786511668.221193,0.0006846080068
train/ent_coef,5111808,1786511673.357904,0.0006825600285
train/ent_coef,5144576,1786511678.456568,0.000680511992
train/ent_coef,5177344,1786511683.593217,0.0006784640136
train/ent_coef,5210112,1786511688.691022,0.0006764159771
train/ent_coef,5242880,1786511693.815243,0.0006743679987
train/ent_coef,5275648,1786511698.918804,0.0006723200204
train/ent_coef,5308416,1786511704.081144,0.0006702719838
train/ent_coef,5341184,1786511709.182221,0.0006682240055
train/ent_coef,5373952,1786511714.331050,0.0006661760272
train/ent_coef,5406720,1786511719.432700,0.0006641279906
train/ent_coef,5439488,1786511724.615854,0.0006620800123
train/ent_coef,5472256,1786511729.735207,0.0006600319757
train/ent_coef,5505024,1786511735.002419,0.0006579839974
train/ent_coef,5537792,1786511740.246169,0.000655936019
train/ent_coef,5570560,1786511745.440227,0.0006538879825
train/ent_coef,5603328,1786511750.539152,0.0006518400041
train/ent_coef,5636096,1786511755.803435,0.0006497920258
train/ent_coef,5668864,1786511760.935070,0.0006477439892
train/ent_coef,5701632,1786511766.087432,0.0006456960109
train/ent_coef,5734400,1786511771.195213,0.0006436479744
train/ent_coef,5767168,1786511776.315269,0.000641599996
train/ent_coef,5799936,1786511781.431351,0.0006395520177
train/ent_coef,5832704,1786511786.546135,0.0006375039811
train/ent_coef,5865472,1786511791.671268,0.0006354560028
train/ent_coef,5898240,1786511796.848224,0.0006334080244
train/ent_coef,5931008,1786511801.994072,0.0006313599879
train/ent_coef,5963776,1786511807.103603,0.0006293120096
train/ent_coef,5996544,1786511812.259956,0.000627263973
train/ent_coef,6029312,1786511817.363535,0.0006252159947
train/ent_coef,6062080,1786511822.508088,0.0006231680163
train/ent_coef,6094848,1786511827.614415,0.0006211199798
train/ent_coef,6127616,1786511832.767260,0.0006190720014
train/ent_coef,6160384,1786511837.860565,0.0006170240231
train/ent_coef,6193152,1786511842.989746,0.0006149759865
train/ent_coef,6225920,1786511848.089903,0.0006129280082
train/ent_coef,6258688,1786511853.230005,0.0006108799716
train/ent_coef,6291456,1786511858.343182,0.0006088319933
train/ent_coef,6324224,1786511863.474608,0.000606784015
train/ent_coef,6356992,1786511868.577834,0.0006047359784
train/ent_coef,6389760,1786511873.711110,0.0006026880001
train/ent_coef,6422528,1786511878.824715,0.0006006400217
train/ent_coef,6455296,1786511883.944633,0.0005985919852
train/ent_coef,6488064,1786511889.034118,0.0005965440068
train/ent_coef,6520832,1786511894.183402,0.0005944960285
train/ent_coef,6553600,1786511899.295562,0.0005924479919
train/ent_coef,6586368,1786511904.443455,0.0005904000136
train/ent_coef,6619136,1786511909.538192,0.0005883519771
train/ent_coef,6651904,1786511914.690142,0.0005863039987
train/ent_coef,6684672,1786511919.802934,0.0005842560204
train/ent_coef,6717440,1786511924.943651,0.0005822079838
train/ent_coef,6750208,1786511930.051418,0.0005801600055
train/ent_coef,6782976,1786511935.181148,0.0005781120271
train/ent_coef,6815744,1786511940.268394,0.0005760639906
train/ent_coef,6848512,1786511945.415096,0.0005740160123
train/ent_coef,6881280,1786511950.510532,0.0005719679757
train/ent_coef,6914048,1786511955.643817,0.0005699199974
train/ent_coef,6946816,1786511960.730618,0.000567872019
train/ent_coef,6979584,1786511965.862779,0.0005658239825
train/ent_coef,7012352,1786511970.966454,0.0005637760041
train/ent_coef,7045120,1786511976.091719,0.0005617280258
train/ent_coef,7077888,1786511981.186524,0.0005596799892
train/ent_coef,7110656,1786511986.306141,0.0005576320109
train/ent_coef,7143424,1786511991.429298,0.0005555839743
train/ent_coef,7176192,1786511996.556349,0.000553535996
train/ent_coef,7208960,1786512001.692141,0.0005514880177
train/ent_coef,7241728,1786512006.804228,0.0005494399811
train/ent_coef,7274496,1786512011.929267,0.0005473920028
train/ent_coef,7307264,1786512017.034660,0.0005453440244
train/ent_coef,7340032,1786512022.170992,0.0005432959879
train/ent_coef,7372800,1786512027.266097,0.0005412480095
train/ent_coef,7405568,1786512032.396356,0.000539199973
train/ent_coef,7438336,1786512037.497852,0.0005371519946
train/ent_coef,7471104,1786512042.644063,0.0005351040163
train/ent_coef,7503872,1786512047.750658,0.0005330559798
train/ent_coef,7536640,1786512052.881461,0.0005310080014
train/ent_coef,7569408,1786512057.998475,0.0005289600231
train/ent_coef,7602176,1786512063.171617,0.0005269119865
train/ent_coef,7634944,1786512068.295758,0.0005248640082
train/ent_coef,7667712,1786512073.430101,0.0005228159716
train/ent_coef,7700480,1786512078.523290,0.0005207679933
train/ent_coef,7733248,1786512083.649964,0.000518720015
train/ent_coef,7766016,1786512088.758473,0.0005166719784
train/ent_coef,7798784,1786512093.909745,0.0005146240001
train/ent_coef,7831552,1786512099.006234,0.0005125760217
train/ent_coef,7864320,1786512104.137994,0.0005105279852
train/ent_coef,7897088,1786512109.229412,0.0005084800068
train/ent_coef,7929856,1786512114.369179,0.0005064320285
train/ent_coef,7962624,1786512119.480961,0.0005043839919
train/ent_coef,7995392,1786512124.604930,0.0005023360136
train/ent_coef,8028160,1786512129.689960,0.000500287977
train/entropy_loss,65536,1786510839.229519,-15.82122612
train/entropy_loss,98304,1786510844.547800,-15.81781483
train/entropy_loss,131072,1786510849.913176,-15.81622982
train/entropy_loss,163840,1786510855.335636,-15.8137455
train/entropy_loss,196608,1786510860.605495,-15.81619358
train/entropy_loss,229376,1786510865.941877,-15.81303024
train/entropy_loss,262144,1786510871.198167,-15.80508614
train/entropy_loss,294912,1786510876.399174,-15.79767895
train/entropy_loss,327680,1786510881.626597,-15.79555225
train/entropy_loss,360448,1786510886.893303,-15.78145027
train/entropy_loss,393216,1786510892.131478,-15.77499866
train/entropy_loss,425984,1786510897.398379,-15.76791382
train/entropy_loss,458752,1786510902.696531,-15.75765896
train/entropy_loss,491520,1786510908.024189,-15.74795055
train/entropy_loss,524288,1786510913.321462,-15.73318863
train/entropy_loss,557056,1786510918.655885,-15.72591877
train/entropy_loss,589824,1786510923.936843,-15.72456264
train/entropy_loss,622592,1786510929.278296,-15.71250725
train/entropy_loss,655360,1786510934.700581,-15.70324898
train/entropy_loss,688128,1786510940.019086,-15.69024658
train/entropy_loss,720896,1786510945.439219,-15.67370796
train/entropy_loss,753664,1786510950.948087,-15.66187477
train/entropy_loss,786432,1786510956.339955,-15.65828037
train/entropy_loss,819200,1786510961.772105,-15.65890217
train/entropy_loss,851968,1786510967.042853,-15.66015911
train/entropy_loss,884736,1786510972.282159,-15.66264725
train/entropy_loss,917504,1786510977.605567,-15.65623188
train/entropy_loss,950272,1786510982.911737,-15.64984417
train/entropy_loss,983040,1786510988.236523,-15.63931942
train/entropy_loss,1015808,1786510993.532089,-15.63686943
train/entropy_loss,1048576,1786510998.774141,-15.62806988
train/entropy_loss,1081344,1786511004.084575,-15.6143074
train/entropy_loss,1114112,1786511009.267321,-15.61057281
train/entropy_loss,1146880,1786511014.492252,-15.59750366
train/entropy_loss,1179648,1786511019.721039,-15.58631516
train/entropy_loss,1212416,1786511025.405685,-15.58315945
train/entropy_loss,1245184,1786511031.217449,-15.58811378
train/entropy_loss,1277952,1786511037.451002,-15.57751179
train/entropy_loss,1310720,1786511043.257695,-15.5646677
train/entropy_loss,1343488,1786511049.059840,-15.56275654
train/entropy_loss,1376256,1786511055.117908,-15.56544209
train/entropy_loss,1409024,1786511060.892274,-15.55955791
train/entropy_loss,1441792,1786511066.780367,-15.55370903
train/entropy_loss,1474560,1786511072.708273,-15.54631138
train/entropy_loss,1507328,1786511078.464608,-15.52759838
train/entropy_loss,1540096,1786511084.764510,-15.50745583
train/entropy_loss,1572864,1786511090.625990,-15.49265575
train/entropy_loss,1605632,1786511096.245026,-15.48093605
train/entropy_loss,1638400,1786511101.748777,-15.4754324
train/entropy_loss,1671168,1786511107.081933,-15.46723461
train/entropy_loss,1703936,1786511113.774172,-15.46437836
train/entropy_loss,1736704,1786511119.186311,-15.4668169
train/entropy_loss,1769472,1786511124.530977,-15.463727
train/entropy_loss,1802240,1786511129.894794,-15.45483494
train/entropy_loss,1835008,1786511135.671314,-15.44784927
train/entropy_loss,1867776,1786511141.417480,-15.43697357
train/entropy_loss,1900544,1786511146.945049,-15.43223667
train/entropy_loss,1933312,1786511152.460477,-15.42989826
train/entropy_loss,1966080,1786511157.906947,-15.42044735
train/entropy_loss,1998848,1786511163.317168,-15.40990257
train/entropy_loss,2031616,1786511170.661021,-15.40505886
train/entropy_loss,2064384,1786511176.266331,-15.40148163
train/entropy_loss,2097152,1786511181.579445,-15.39525795
train/entropy_loss,2129920,1786511186.842624,-15.39060974
train/entropy_loss,2162688,1786511192.254251,-15.38789558
train/entropy_loss,2195456,1786511197.702423,-15.38068962
train/entropy_loss,2228224,1786511203.172357,-15.36890888
train/entropy_loss,2260992,1786511208.527960,-15.35834885
train/entropy_loss,2293760,1786511213.919081,-15.35941982
train/entropy_loss,2326528,1786511219.341202,-15.34832954
train/entropy_loss,2359296,1786511224.878561,-15.34313393
train/entropy_loss,2392064,1786511230.352182,-15.33657551
train/entropy_loss,2424832,1786511235.762678,-15.32491302
train/entropy_loss,2457600,1786511241.174262,-15.31772232
train/entropy_loss,2490368,1786511246.561649,-15.30610275
train/entropy_loss,2523136,1786511252.529447,-15.28987217
train/entropy_loss,2555904,1786511259.756915,-15.27890396
train/entropy_loss,2588672,1786511265.270794,-15.26931286
train/entropy_loss,2621440,1786511270.570842,-15.25916386
train/entropy_loss,2654208,1786511275.922135,-15.24816799
train/entropy_loss,2686976,1786511281.351690,-15.23678684
train/entropy_loss,2719744,1786511286.793071,-15.22286224
train/entropy_loss,2752512,1786511292.268025,-15.21298695
train/entropy_loss,2785280,1786511297.628393,-15.21024609
train/entropy_loss,2818048,1786511303.157499,-15.20431709
train/entropy_loss,2850816,1786511308.580140,-15.20322418
train/entropy_loss,2883584,1786511314.158308,-15.19890976
train/entropy_loss,2916352,1786511319.943531,-15.19940186
train/entropy_loss,2949120,1786511327.193352,-15.19587803
train/entropy_loss,2981888,1786511334.780891,-15.1806879
train/entropy_loss,3014656,1786511340.354982,-15.16889763
train/entropy_loss,3047424,1786511345.492117,-15.16261864
train/entropy_loss,3080192,1786511350.663801,-15.15355682
train/entropy_loss,3112960,1786511355.837846,-15.14858627
train/entropy_loss,3145728,1786511360.976333,-15.15111065
train/entropy_loss,3178496,1786511366.234339,-15.13709927
train/entropy_loss,3211264,1786511371.514781,-15.13506413
train/entropy_loss,3244032,1786511376.685489,-15.12904644
train/entropy_loss,3276800,1786511381.892376,-15.12003803
train/entropy_loss,3309568,1786511387.052502,-15.10408211
train/entropy_loss,3342336,1786511392.271325,-15.09108067
train/entropy_loss,3375104,1786511397.562520,-15.08062077
train/entropy_loss,3407872,1786511403.828876,-15.0682106
train/entropy_loss,3440640,1786511411.727196,-15.06325912
train/entropy_loss,3473408,1786511417.005775,-15.05605793
train/entropy_loss,3506176,1786511422.274426,-15.05278683
train/entropy_loss,3538944,1786511427.352990,-15.04595947
train/entropy_loss,3571712,1786511432.372198,-15.036026
train/entropy_loss,3604480,1786511437.415067,-15.0401535
train/entropy_loss,3637248,1786511442.507791,-15.03757763
train/entropy_loss,3670016,1786511447.625867,-15.03802872
train/entropy_loss,3702784,1786511452.735769,-15.0380125
train/entropy_loss,3735552,1786511457.873650,-15.03922558
train/entropy_loss,3768320,1786511463.102882,-15.03285217
train/entropy_loss,3801088,1786511468.236580,-15.03010082
train/entropy_loss,3833856,1786511473.380120,-15.03051376
train/entropy_loss,3866624,1786511478.474730,-15.03336716
train/entropy_loss,3899392,1786511483.596589,-15.03028297
train/entropy_loss,3932160,1786511488.693686,-15.01800251
train/entropy_loss,3964928,1786511493.837835,-15.01076412
train/entropy_loss,3997696,1786511498.945115,-15.00000477
train/entropy_loss,4030464,1786511504.087958,-14.98770142
train/entropy_loss,4063232,1786511509.193954,-14.98661041
train/entropy_loss,4096000,1786511514.356407,-14.98310947
train/entropy_loss,4128768,1786511519.473897,-14.98345947
train/entropy_loss,4161536,1786511524.623699,-14.97892094
train/entropy_loss,4194304,1786511529.732259,-14.96778011
train/entropy_loss,4227072,1786511534.876055,-14.96339321
train/entropy_loss,4259840,1786511539.981246,-14.95955181
train/entropy_loss,4292608,1786511545.122197,-14.95555115
train/entropy_loss,4325376,1786511550.385158,-14.95520592
train/entropy_loss,4358144,1786511555.752410,-14.94654465
train/entropy_loss,4390912,1786511560.884262,-14.93100739
train/entropy_loss,4423680,1786511566.183080,-14.91940308
train/entropy_loss,4456448,1786511571.459716,-14.91033077
train/entropy_loss,4489216,1786511576.700185,-14.91005135
train/entropy_loss,4521984,1786511581.943218,-14.91010189
train/entropy_loss,4554752,1786511587.144718,-14.90563011
train/entropy_loss,4587520,1786511592.416215,-14.89796162
train/entropy_loss,4620288,1786511597.577229,-14.89622402
train/entropy_loss,4653056,1786511602.669614,-14.89025974
train/entropy_loss,4685824,1786511607.668301,-14.88885307
train/entropy_loss,4718592,1786511612.698379,-14.89029503
train/entropy_loss,4751360,1786511617.706212,-14.8829546
train/entropy_loss,4784128,1786511622.750395,-14.88287449
train/entropy_loss,4816896,1786511627.755280,-14.87029076
train/entropy_loss,4849664,1786511632.795268,-14.85924816
train/entropy_loss,4882432,1786511637.808731,-14.8533411
train/entropy_loss,4915200,1786511642.842354,-14.85101318
train/entropy_loss,4947968,1786511647.836926,-14.84692764
train/entropy_loss,4980736,1786511652.861712,-14.84077549
train/entropy_loss,5013504,1786511657.865575,-14.83874893
train/entropy_loss,5046272,1786511663.013506,-14.83697605
train/entropy_loss,5079040,1786511668.221196,-14.83261776
train/entropy_loss,5111808,1786511673.357908,-14.82937527
train/entropy_loss,5144576,1786511678.456572,-14.82571316
train/entropy_loss,5177344,1786511683.593221,-14.82334042
train/entropy_loss,5210112,1786511688.691025,-14.81520271
train/entropy_loss,5242880,1786511693.815246,-14.80612755
train/entropy_loss,5275648,1786511698.918807,-14.80614185
train/entropy_loss,5308416,1786511704.081147,-14.80669594
train/entropy_loss,5341184,1786511709.182224,-14.79876041
train/entropy_loss,5373952,1786511714.331053,-14.79426384
train/entropy_loss,5406720,1786511719.432704,-14.78624916
train/entropy_loss,5439488,1786511724.615857,-14.7671442
train/entropy_loss,5472256,1786511729.735210,-14.77032566
train/entropy_loss,5505024,1786511735.002423,-14.76970005
train/entropy_loss,5537792,1786511740.246172,-14.7543993
train/entropy_loss,5570560,1786511745.440230,-14.74403477
train/entropy_loss,5603328,1786511750.539155,-14.73688698
train/entropy_loss,5636096,1786511755.803438,-14.72654057
train/entropy_loss,5668864,1786511760.935073,-14.71319771
train/entropy_loss,5701632,1786511766.087435,-14.7078886
train/entropy_loss,5734400,1786511771.195217,-14.70489502
train/entropy_loss,5767168,1786511776.315272,-14.68800259
train/entropy_loss,5799936,1786511781.431355,-14.67049503
train/entropy_loss,5832704,1786511786.546140,-14.66258717
train/entropy_loss,5865472,1786511791.671271,-14.65276718
train/entropy_loss,5898240,1786511796.848236,-14.64663029
train/entropy_loss,5931008,1786511801.994076,-14.63678837
train/entropy_loss,5963776,1786511807.103606,-14.62724018
train/entropy_loss,5996544,1786511812.259960,-14.61341572
train/entropy_loss,6029312,1786511817.363539,-14.6080122
train/entropy_loss,6062080,1786511822.508092,-14.59513092
train/entropy_loss,6094848,1786511827.614418,-14.58328915
train/entropy_loss,6127616,1786511832.767263,-14.57553291
train/entropy_loss,6160384,1786511837.860568,-14.57074833
train/entropy_loss,6193152,1786511842.989749,-14.56459332
train/entropy_loss,6225920,1786511848.089907,-14.54501534
train/entropy_loss,6258688,1786511853.230009,-14.53688431
train/entropy_loss,6291456,1786511858.343186,-14.5365696
train/entropy_loss,6324224,1786511863.474611,-14.53152561
train/entropy_loss,6356992,1786511868.577837,-14.52596188
train/entropy_loss,6389760,1786511873.711113,-14.52143383
train/entropy_loss,6422528,1786511878.824718,-14.51314926
train/entropy_loss,6455296,1786511883.944636,-14.50078392
train/entropy_loss,6488064,1786511889.034122,-14.48754025
train/entropy_loss,6520832,1786511894.183405,-14.4731617
train/entropy_loss,6553600,1786511899.295565,-14.46135521
train/entropy_loss,6586368,1786511904.443459,-14.45166016
train/entropy_loss,6619136,1786511909.538196,-14.43919182
train/entropy_loss,6651904,1786511914.690145,-14.42803764
train/entropy_loss,6684672,1786511919.802937,-14.42775536
train/entropy_loss,6717440,1786511924.943655,-14.42950535
train/entropy_loss,6750208,1786511930.051421,-14.41730213
train/entropy_loss,6782976,1786511935.181152,-14.40576935
train/entropy_loss,6815744,1786511940.268397,-14.3970499
train/entropy_loss,6848512,1786511945.415099,-14.38896561
train/entropy_loss,6881280,1786511950.510535,-14.38672733
train/entropy_loss,6914048,1786511955.643820,-14.38591194
train/entropy_loss,6946816,1786511960.730621,-14.38038349
train/entropy_loss,6979584,1786511965.862782,-14.37553596
train/entropy_loss,7012352,1786511970.966457,-14.37175369
train/entropy_loss,7045120,1786511976.091723,-14.36508846
train/entropy_loss,7077888,1786511981.186528,-14.35744476
train/entropy_loss,7110656,1786511986.306145,-14.34763527
train/entropy_loss,7143424,1786511991.429301,-14.33869076
train/entropy_loss,7176192,1786511996.556352,-14.33075333
train/entropy_loss,7208960,1786512001.692144,-14.32086468
train/entropy_loss,7241728,1786512006.804231,-14.30889034
train/entropy_loss,7274496,1786512011.929271,-14.30123806
train/entropy_loss,7307264,1786512017.034664,-14.2883482
train/entropy_loss,7340032,1786512022.170996,-14.2754631
train/entropy_loss,7372800,1786512027.266101,-14.25939178
train/entropy_loss,7405568,1786512032.396359,-14.24603462
train/entropy_loss,7438336,1786512037.497855,-14.23675156
train/entropy_loss,7471104,1786512042.644067,-14.23592186
train/entropy_loss,7503872,1786512047.750661,-14.23074532
train/entropy_loss,7536640,1786512052.881465,-14.21867847
train/entropy_loss,7569408,1786512057.998478,-14.20946026
train/entropy_loss,7602176,1786512063.171620,-14.20089912
train/entropy_loss,7634944,1786512068.295762,-14.19972134
train/entropy_loss,7667712,1786512073.430105,-14.20087147
train/entropy_loss,7700480,1786512078.523294,-14.20155525
train/entropy_loss,7733248,1786512083.649968,-14.20386505
train/entropy_loss,7766016,1786512088.758476,-14.19481182
train/entropy_loss,7798784,1786512093.909748,-14.19078445
train/entropy_loss,7831552,1786512099.006238,-14.19089031
train/entropy_loss,7864320,1786512104.137997,-14.18339539
train/entropy_loss,7897088,1786512109.229415,-14.17428112
train/entropy_loss,7929856,1786512114.369182,-14.17365742
train/entropy_loss,7962624,1786512119.480965,-14.16971016
train/entropy_loss,7995392,1786512124.604935,-14.1598196
train/entropy_loss,8028160,1786512129.689964,-14.15016651
train/explained_variance,65536,1786510839.229522,0.7831062078
train/explained_variance,98304,1786510844.547804,0.8803079128
train/explained_variance,131072,1786510849.913179,0.8578101993
train/explained_variance,163840,1786510855.335639,0.8679640293
train/explained_variance,196608,1786510860.605498,0.8724338412
train/explained_variance,229376,1786510865.941881,0.8377016783
train/explained_variance,262144,1786510871.198170,0.8836870193
train/explained_variance,294912,1786510876.399177,0.8055014014
train/explained_variance,327680,1786510881.626601,0.8247461319
train/explained_variance,360448,1786510886.893306,0.8801215887
train/explained_variance,393216,1786510892.131481,0.8159214854
train/explained_variance,425984,1786510897.398382,0.8655462265
train/explained_variance,458752,1786510902.696534,0.8902952671
train/explained_variance,491520,1786510908.024193,0.8686069846
train/explained_variance,524288,1786510913.321466,0.8451379538
train/explained_variance,557056,1786510918.655888,0.8588657975
train/explained_variance,589824,1786510923.936846,0.8099238276
train/explained_variance,622592,1786510929.278300,0.881477356
train/explained_variance,655360,1786510934.700584,0.823717773
train/explained_variance,688128,1786510940.019089,0.8704414964
train/explained_variance,720896,1786510945.439222,0.8051735163
train/explained_variance,753664,1786510950.948090,0.8407129645
train/explained_variance,786432,1786510956.339958,0.8592511415
train/explained_variance,819200,1786510961.772108,0.8650503159
train/explained_variance,851968,1786510967.042857,0.8501770496
train/explained_variance,884736,1786510972.282163,0.8262993097
train/explained_variance,917504,1786510977.605570,0.846044898
train/explained_variance,950272,1786510982.911741,0.8411424756
train/explained_variance,983040,1786510988.236526,0.8642477989
train/explained_variance,1015808,1786510993.532092,0.8536654711
train/explained_variance,1048576,1786510998.774144,0.8781540394
train/explained_variance,1081344,1786511004.084578,0.8870083094
train/explained_variance,1114112,1786511009.267325,0.8640508652
train/explained_variance,1146880,1786511014.492255,0.8784300685
train/explained_variance,1179648,1786511019.721042,0.8277603984
train/explained_variance,1212416,1786511025.405689,0.8859962821
train/explained_variance,1245184,1786511031.217452,0.8328002691
train/explained_variance,1277952,1786511037.451005,0.8646060228
train/explained_variance,1310720,1786511043.257700,0.854143858
train/explained_variance,1343488,1786511049.059843,0.8286498189
train/explained_variance,1376256,1786511055.117911,0.8154765964
train/explained_variance,1409024,1786511060.892277,0.8472799659
train/explained_variance,1441792,1786511066.780371,0.8895195723
train/explained_variance,1474560,1786511072.708276,0.8769763112
train/explained_variance,1507328,1786511078.464611,0.8351297379
train/explained_variance,1540096,1786511084.764514,0.8198313713
train/explained_variance,1572864,1786511090.625995,0.8798636794
train/explained_variance,1605632,1786511096.245029,0.8763408065
train/explained_variance,1638400,1786511101.748780,0.8227471113
train/explained_variance,1671168,1786511107.081937,0.8482899666
train/explained_variance,1703936,1786511113.774175,0.865131259
train/explained_variance,1736704,1786511119.186314,0.844873786
train/explained_variance,1769472,1786511124.530981,0.8433302641
train/explained_variance,1802240,1786511129.894797,0.7886157632
train/explained_variance,1835008,1786511135.671318,0.8374855518
train/explained_variance,1867776,1786511141.417484,0.7989516258
train/explained_variance,1900544,1786511146.945053,0.8470128179
train/explained_variance,1933312,1786511152.460480,0.8581377864
train/explained_variance,1966080,1786511157.906950,0.8591853976
train/explained_variance,1998848,1786511163.317171,0.8434870243
train/explained_variance,2031616,1786511170.661024,0.8854760528
train/explained_variance,2064384,1786511176.266334,0.846445322
train/explained_variance,2097152,1786511181.579448,0.8550407887
train/explained_variance,2129920,1786511186.842628,0.8638690114
train/explained_variance,2162688,1786511192.254254,0.8567434549
train/explained_variance,2195456,1786511197.702427,0.878662765
train/explained_variance,2228224,1786511203.172360,0.860473752
train/explained_variance,2260992,1786511208.527963,0.8097887039
train/explained_variance,2293760,1786511213.919084,0.8616521955
train/explained_variance,2326528,1786511219.341205,0.8293291926
train/explained_variance,2359296,1786511224.878564,0.7930079103
train/explained_variance,2392064,1786511230.352186,0.8350219131
train/explained_variance,2424832,1786511235.762682,0.8558635116
train/explained_variance,2457600,1786511241.174265,0.8778143525
train/explained_variance,2490368,1786511246.561653,0.8766064644
train/explained_variance,2523136,1786511252.529450,0.8576434851
train/explained_variance,2555904,1786511259.756918,0.8603549004
train/explained_variance,2588672,1786511265.270797,0.8256551027
train/explained_variance,2621440,1786511270.570845,0.858656168
train/explained_variance,2654208,1786511275.922139,0.8645310998
train/explained_variance,2686976,1786511281.351694,0.8617696762
train/explained_variance,2719744,1786511286.793074,0.8137841821
train/explained_variance,2752512,1786511292.268029,0.8217463493
train/explained_variance,2785280,1786511297.628397,0.8571406007
train/explained_variance,2818048,1786511303.157502,0.8707860708
train/explained_variance,2850816,1786511308.580143,0.8914617896
train/explained_variance,2883584,1786511314.158312,0.8614025116
train/explained_variance,2916352,1786511319.943538,0.8715085387
train/explained_variance,2949120,1786511327.193356,0.8917611241
train/explained_variance,2981888,1786511334.780894,0.8788170815
train/explained_variance,3014656,1786511340.354986,0.8884590864
train/explained_variance,3047424,1786511345.492121,0.8683328032
train/explained_variance,3080192,1786511350.663805,0.8894194365
train/explained_variance,3112960,1786511355.837851,0.8706381321
train/explained_variance,3145728,1786511360.976336,0.8537128568
train/explained_variance,3178496,1786511366.234343,0.8189024329
train/explained_variance,3211264,1786511371.514785,0.8661586642
train/explained_variance,3244032,1786511376.685492,0.8494552374
train/explained_variance,3276800,1786511381.892380,0.78385818
train/explained_variance,3309568,1786511387.052506,0.7837739587
train/explained_variance,3342336,1786511392.271329,0.8610277176
train/explained_variance,3375104,1786511397.562524,0.8591670394
train/explained_variance,3407872,1786511403.828880,0.8286926746
train/explained_variance,3440640,1786511411.727200,0.8578423262
train/explained_variance,3473408,1786511417.005778,0.8477458954
train/explained_variance,3506176,1786511422.274431,0.8317955732
train/explained_variance,3538944,1786511427.352993,0.7986035347
train/explained_variance,3571712,1786511432.372205,0.8683506846
train/explained_variance,3604480,1786511437.415070,0.8787350059
train/explained_variance,3637248,1786511442.507795,0.8968155384
train/explained_variance,3670016,1786511447.625871,0.8313630819
train/explained_variance,3702784,1786511452.735773,0.8360184431
train/explained_variance,3735552,1786511457.873654,0.8393663764
train/explained_variance,3768320,1786511463.102887,0.8951767683
train/explained_variance,3801088,1786511468.236583,0.8648165464
train/explained_variance,3833856,1786511473.380124,0.8395265341
train/explained_variance,3866624,1786511478.474734,0.8907399774
train/explained_variance,3899392,1786511483.596592,0.8339838386
train/explained_variance,3932160,1786511488.693690,0.8640574813
train/explained_variance,3964928,1786511493.837838,0.8665395975
train/explained_variance,3997696,1786511498.945119,0.8476650715
train/explained_variance,4030464,1786511504.087962,0.8271645308
train/explained_variance,4063232,1786511509.193958,0.8664729595
train/explained_variance,4096000,1786511514.356411,0.8648005128
train/explained_variance,4128768,1786511519.473900,0.8398415446
train/explained_variance,4161536,1786511524.623703,0.86523664
train/explained_variance,4194304,1786511529.732262,0.8266310096
train/explained_variance,4227072,1786511534.876058,0.8186808228
train/explained_variance,4259840,1786511539.981250,0.7722872496
train/explained_variance,4292608,1786511545.122201,0.8537818193
train/explained_variance,4325376,1786511550.385161,0.8675711155
train/explained_variance,4358144,1786511555.752414,0.8783807158
train/explained_variance,4390912,1786511560.884265,0.8739170432
train/explained_variance,4423680,1786511566.183084,0.854434967
train/explained_variance,4456448,1786511571.459720,0.8734642267
train/explained_variance,4489216,1786511576.700188,0.8452362418
train/explained_variance,4521984,1786511581.943225,0.8529216051
train/explained_variance,4554752,1786511587.144721,0.8453245759
train/explained_variance,4587520,1786511592.416218,0.8437829018
train/explained_variance,4620288,1786511597.577232,0.8678696156
train/explained_variance,4653056,1786511602.669618,0.8650475144
train/explained_variance,4685824,1786511607.668304,0.8427096009
train/explained_variance,4718592,1786511612.698382,0.8739234805
train/explained_variance,4751360,1786511617.706215,0.883517921
train/explained_variance,4784128,1786511622.750398,0.8957399726
train/explained_variance,4816896,1786511627.755283,0.8370292187
train/explained_variance,4849664,1786511632.795271,0.8508111238
train/explained_variance,4882432,1786511637.808735,0.8566513062
train/explained_variance,4915200,1786511642.842357,0.865652144
train/explained_variance,4947968,1786511647.836929,0.8563409448
train/explained_variance,4980736,1786511652.861715,0.8280622363
train/explained_variance,5013504,1786511657.865578,0.8426058292
train/explained_variance,5046272,1786511663.013509,0.868611455
train/explained_variance,5079040,1786511668.221199,0.8616734147
train/explained_variance,5111808,1786511673.357911,0.8651756048
train/explained_variance,5144576,1786511678.456575,0.8455096483
train/explained_variance,5177344,1786511683.593224,0.8581138253
train/explained_variance,5210112,1786511688.691028,0.8538464904
train/explained_variance,5242880,1786511693.815249,0.8511664271
train/explained_variance,5275648,1786511698.918811,0.8217740059
train/explained_variance,5308416,1786511704.081151,0.8805700541
train/explained_variance,5341184,1786511709.182227,0.8130954504
train/explained_variance,5373952,1786511714.331056,0.8660009503
train/explained_variance,5406720,1786511719.432707,0.896199286
train/explained_variance,5439488,1786511724.615860,0.8734223843
train/explained_variance,5472256,1786511729.735214,0.9024597406
train/explained_variance,5505024,1786511735.002426,0.8813484907
train/explained_variance,5537792,1786511740.246176,0.8497362137
train/explained_variance,5570560,1786511745.440233,0.888446331
train/explained_variance,5603328,1786511750.539159,0.8975515366
train/explained_variance,5636096,1786511755.803442,0.8948366642
train/explained_variance,5668864,1786511760.935076,0.8355291486
train/explained_variance,5701632,1786511766.087439,0.8334088326
train/explained_variance,5734400,1786511771.195220,0.8517245054
train/explained_variance,5767168,1786511776.315276,0.8840640783
train/explained_variance,5799936,1786511781.431361,0.8519394994
train/explained_variance,5832704,1786511786.546144,0.8780528903
train/explained_variance,5865472,1786511791.671274,0.8747876883
train/explained_variance,5898240,1786511796.848241,0.824483037
train/explained_variance,5931008,1786511801.994079,0.8479883671
train/explained_variance,5963776,1786511807.103610,0.8886557221
train/explained_variance,5996544,1786511812.259963,0.8363828063
train/explained_variance,6029312,1786511817.363542,0.8702389002
train/explained_variance,6062080,1786511822.508095,0.8699221611
train/explained_variance,6094848,1786511827.614422,0.8693188429
train/explained_variance,6127616,1786511832.767267,0.8275592327
train/explained_variance,6160384,1786511837.860572,0.7845208049
train/explained_variance,6193152,1786511842.989753,0.8186023235
train/explained_variance,6225920,1786511848.089910,0.8794823885
train/explained_variance,6258688,1786511853.230012,0.8517610431
train/explained_variance,6291456,1786511858.343189,0.8857957125
train/explained_variance,6324224,1786511863.474615,0.8645408154
train/explained_variance,6356992,1786511868.577841,0.8853311539
train/explained_variance,6389760,1786511873.711116,0.8837214708
train/explained_variance,6422528,1786511878.824722,0.8750242591
train/explained_variance,6455296,1786511883.944639,0.880707562
train/explained_variance,6488064,1786511889.034125,0.8464610577
train/explained_variance,6520832,1786511894.183409,0.8976866603
train/explained_variance,6553600,1786511899.295573,0.8686113954
train/explained_variance,6586368,1786511904.443462,0.8540071845
train/explained_variance,6619136,1786511909.538199,0.8938512802
train/explained_variance,6651904,1786511914.690148,0.8261085749
train/explained_variance,6684672,1786511919.802940,0.8648103476
train/explained_variance,6717440,1786511924.943658,0.878230989
train/explained_variance,6750208,1786511930.051424,0.8073690534
train/explained_variance,6782976,1786511935.181156,0.8385959864
train/explained_variance,6815744,1786511940.268401,0.8251966238
train/explained_variance,6848512,1786511945.415102,0.8723115325
train/explained_variance,6881280,1786511950.510539,0.9000501633
train/explained_variance,6914048,1786511955.643824,0.8523594141
train/explained_variance,6946816,1786511960.730624,0.8569850326
train/explained_variance,6979584,1786511965.862785,0.8881543279
train/explained_variance,7012352,1786511970.966461,0.8573424816
train/explained_variance,7045120,1786511976.091727,0.8775216937
train/explained_variance,7077888,1786511981.186531,0.8539814353
train/explained_variance,7110656,1786511986.306148,0.8749001622
train/explained_variance,7143424,1786511991.429305,0.8635405302
train/explained_variance,7176192,1786511996.556355,0.7912119627
train/explained_variance,7208960,1786512001.692147,0.865318656
train/explained_variance,7241728,1786512006.804235,0.8758561611
train/explained_variance,7274496,1786512011.929274,0.8791798353
train/explained_variance,7307264,1786512017.034667,0.8779481053
train/explained_variance,7340032,1786512022.170999,0.8547700047
train/explained_variance,7372800,1786512027.266104,0.8661321402
train/explained_variance,7405568,1786512032.396363,0.7918853164
train/explained_variance,7438336,1786512037.497858,0.8792446852
train/explained_variance,7471104,1786512042.644071,0.8504060507
train/explained_variance,7503872,1786512047.750664,0.8777746558
train/explained_variance,7536640,1786512052.881468,0.8305957317
train/explained_variance,7569408,1786512057.998481,0.8125560284
train/explained_variance,7602176,1786512063.171624,0.8372852206
train/explained_variance,7634944,1786512068.295765,0.8672094345
train/explained_variance,7667712,1786512073.430108,0.8726167083
train/explained_variance,7700480,1786512078.523298,0.8110886216
train/explained_variance,7733248,1786512083.649971,0.8835050464
train/explained_variance,7766016,1786512088.758480,0.8187410235
train/explained_variance,7798784,1786512093.909752,0.8683731556
train/explained_variance,7831552,1786512099.006241,0.8449466825
train/explained_variance,7864320,1786512104.138001,0.8637056351
train/explained_variance,7897088,1786512109.229419,0.830260098
train/explained_variance,7929856,1786512114.369185,0.8837699294
train/explained_variance,7962624,1786512119.480968,0.8559180498
train/explained_variance,7995392,1786512124.604939,0.8631600738
train/explained_variance,8028160,1786512129.689967,0.8626801968
train/learning_rate,65536,1786510839.229525,9.999999747e-05
train/learning_rate,98304,1786510844.547808,9.999999747e-05
train/learning_rate,131072,1786510849.913183,9.999999747e-05
train/learning_rate,163840,1786510855.335643,9.999999747e-05
train/learning_rate,196608,1786510860.605502,9.999999747e-05
train/learning_rate,229376,1786510865.941884,9.999999747e-05
train/learning_rate,262144,1786510871.198173,9.999999747e-05
train/learning_rate,294912,1786510876.399180,9.999999747e-05
train/learning_rate,327680,1786510881.626604,9.999999747e-05
train/learning_rate,360448,1786510886.893309,9.999999747e-05
train/learning_rate,393216,1786510892.131484,9.999999747e-05
train/learning_rate,425984,1786510897.398386,9.999999747e-05
train/learning_rate,458752,1786510902.696538,9.999999747e-05
train/learning_rate,491520,1786510908.024196,9.999999747e-05
train/learning_rate,524288,1786510913.321469,9.999999747e-05
train/learning_rate,557056,1786510918.655891,9.999999747e-05
train/learning_rate,589824,1786510923.936849,9.999999747e-05
train/learning_rate,622592,1786510929.278303,9.999999747e-05
train/learning_rate,655360,1786510934.700588,9.999999747e-05
train/learning_rate,688128,1786510940.019093,9.999999747e-05
train/learning_rate,720896,1786510945.439225,9.999999747e-05
train/learning_rate,753664,1786510950.948093,9.999999747e-05
train/learning_rate,786432,1786510956.339962,9.999999747e-05
train/learning_rate,819200,1786510961.772111,9.999999747e-05
train/learning_rate,851968,1786510967.042860,9.999999747e-05
train/learning_rate,884736,1786510972.282166,9.999999747e-05
train/learning_rate,917504,1786510977.605574,9.999999747e-05
train/learning_rate,950272,1786510982.911746,9.999999747e-05
train/learning_rate,983040,1786510988.236530,9.999999747e-05
train/learning_rate,1015808,1786510993.532096,9.999999747e-05
train/learning_rate,1048576,1786510998.774147,9.999999747e-05
train/learning_rate,1081344,1786511004.084582,9.999999747e-05
train/learning_rate,1114112,1786511009.267328,9.999999747e-05
train/learning_rate,1146880,1786511014.492259,9.999999747e-05
train/learning_rate,1179648,1786511019.721045,9.999999747e-05
train/learning_rate,1212416,1786511025.405693,9.999999747e-05
train/learning_rate,1245184,1786511031.217455,9.999999747e-05
train/learning_rate,1277952,1786511037.451009,9.999999747e-05
train/learning_rate,1310720,1786511043.257704,9.999999747e-05
train/learning_rate,1343488,1786511049.059847,9.999999747e-05
train/learning_rate,1376256,1786511055.117915,9.999999747e-05
train/learning_rate,1409024,1786511060.892280,9.999999747e-05
train/learning_rate,1441792,1786511066.780374,9.999999747e-05
train/learning_rate,1474560,1786511072.708280,9.999999747e-05
train/learning_rate,1507328,1786511078.464615,9.999999747e-05
train/learning_rate,1540096,1786511084.764517,9.999999747e-05
train/learning_rate,1572864,1786511090.625999,9.999999747e-05
train/learning_rate,1605632,1786511096.245033,9.999999747e-05
train/learning_rate,1638400,1786511101.748783,9.999999747e-05
train/learning_rate,1671168,1786511107.081940,9.999999747e-05
train/learning_rate,1703936,1786511113.774179,9.999999747e-05
train/learning_rate,1736704,1786511119.186317,9.999999747e-05
train/learning_rate,1769472,1786511124.530984,9.999999747e-05
train/learning_rate,1802240,1786511129.894801,9.999999747e-05
train/learning_rate,1835008,1786511135.671321,9.999999747e-05
train/learning_rate,1867776,1786511141.417487,9.999999747e-05
train/learning_rate,1900544,1786511146.945056,9.999999747e-05
train/learning_rate,1933312,1786511152.460483,9.999999747e-05
train/learning_rate,1966080,1786511157.906953,9.999999747e-05
train/learning_rate,1998848,1786511163.317174,9.999999747e-05
train/learning_rate,2031616,1786511170.661028,9.999999747e-05
train/learning_rate,2064384,1786511176.266338,9.999999747e-05
train/learning_rate,2097152,1786511181.579452,9.999999747e-05
train/learning_rate,2129920,1786511186.842633,9.999999747e-05
train/learning_rate,2162688,1786511192.254257,9.999999747e-05
train/learning_rate,2195456,1786511197.702431,9.999999747e-05
train/learning_rate,2228224,1786511203.172363,9.999999747e-05
train/learning_rate,2260992,1786511208.527966,9.999999747e-05
train/learning_rate,2293760,1786511213.919087,9.999999747e-05
train/learning_rate,2326528,1786511219.341208,9.999999747e-05
train/learning_rate,2359296,1786511224.878567,9.999999747e-05
train/learning_rate,2392064,1786511230.352189,9.999999747e-05
train/learning_rate,2424832,1786511235.762685,9.999999747e-05
train/learning_rate,2457600,1786511241.174268,9.999999747e-05
train/learning_rate,2490368,1786511246.561656,9.999999747e-05
train/learning_rate,2523136,1786511252.529454,9.999999747e-05
train/learning_rate,2555904,1786511259.756921,9.999999747e-05
train/learning_rate,2588672,1786511265.270800,9.999999747e-05
train/learning_rate,2621440,1786511270.570848,9.999999747e-05
train/learning_rate,2654208,1786511275.922143,9.999999747e-05
train/learning_rate,2686976,1786511281.351697,9.999999747e-05
train/learning_rate,2719744,1786511286.793077,9.999999747e-05
train/learning_rate,2752512,1786511292.268032,9.999999747e-05
train/learning_rate,2785280,1786511297.628400,9.999999747e-05
train/learning_rate,2818048,1786511303.157505,9.999999747e-05
train/learning_rate,2850816,1786511308.580146,9.999999747e-05
train/learning_rate,2883584,1786511314.158315,9.999999747e-05
train/learning_rate,2916352,1786511319.943542,9.999999747e-05
train/learning_rate,2949120,1786511327.193359,9.999999747e-05
train/learning_rate,2981888,1786511334.780897,9.999999747e-05
train/learning_rate,3014656,1786511340.354990,9.999999747e-05
train/learning_rate,3047424,1786511345.492124,9.999999747e-05
train/learning_rate,3080192,1786511350.663808,9.999999747e-05
train/learning_rate,3112960,1786511355.837854,9.999999747e-05
train/learning_rate,3145728,1786511360.976339,9.999999747e-05
train/learning_rate,3178496,1786511366.234346,9.999999747e-05
train/learning_rate,3211264,1786511371.514788,9.999999747e-05
train/learning_rate,3244032,1786511376.685495,9.999999747e-05
train/learning_rate,3276800,1786511381.892383,9.999999747e-05
train/learning_rate,3309568,1786511387.052510,9.999999747e-05
train/learning_rate,3342336,1786511392.271332,9.999999747e-05
train/learning_rate,3375104,1786511397.562527,9.999999747e-05
train/learning_rate,3407872,1786511403.828883,9.999999747e-05
train/learning_rate,3440640,1786511411.727203,9.999999747e-05
train/learning_rate,3473408,1786511417.005781,9.999999747e-05
train/learning_rate,3506176,1786511422.274435,9.999999747e-05
train/learning_rate,3538944,1786511427.352996,9.999999747e-05
train/learning_rate,3571712,1786511432.372208,9.999999747e-05
train/learning_rate,3604480,1786511437.415074,9.999999747e-05
train/learning_rate,3637248,1786511442.507798,9.999999747e-05
train/learning_rate,3670016,1786511447.625875,9.999999747e-05
train/learning_rate,3702784,1786511452.735776,9.999999747e-05
train/learning_rate,3735552,1786511457.873657,9.999999747e-05
train/learning_rate,3768320,1786511463.102891,9.999999747e-05
train/learning_rate,3801088,1786511468.236586,9.999999747e-05
train/learning_rate,3833856,1786511473.380127,9.999999747e-05
train/learning_rate,3866624,1786511478.474737,9.999999747e-05
train/learning_rate,3899392,1786511483.596595,9.999999747e-05
train/learning_rate,3932160,1786511488.693693,9.999999747e-05
train/learning_rate,3964928,1786511493.837842,9.999999747e-05
train/learning_rate,3997696,1786511498.945122,9.999999747e-05
train/learning_rate,4030464,1786511504.087965,9.999999747e-05
train/learning_rate,4063232,1786511509.193961,9.999999747e-05
train/learning_rate,4096000,1786511514.356415,9.999999747e-05
train/learning_rate,4128768,1786511519.473903,9.999999747e-05
train/learning_rate,4161536,1786511524.623706,9.999999747e-05
train/learning_rate,4194304,1786511529.732265,9.999999747e-05
train/learning_rate,4227072,1786511534.876062,9.999999747e-05
train/learning_rate,4259840,1786511539.981254,9.999999747e-05
train/learning_rate,4292608,1786511545.122204,9.999999747e-05
train/learning_rate,4325376,1786511550.385164,9.999999747e-05
train/learning_rate,4358144,1786511555.752417,9.999999747e-05
train/learning_rate,4390912,1786511560.884268,9.999999747e-05
train/learning_rate,4423680,1786511566.183087,9.999999747e-05
train/learning_rate,4456448,1786511571.459723,9.999999747e-05
train/learning_rate,4489216,1786511576.700191,9.999999747e-05
train/learning_rate,4521984,1786511581.943228,9.999999747e-05
train/learning_rate,4554752,1786511587.144724,9.999999747e-05
train/learning_rate,4587520,1786511592.416222,9.999999747e-05
train/learning_rate,4620288,1786511597.577236,9.999999747e-05
train/learning_rate,4653056,1786511602.669621,9.999999747e-05
train/learning_rate,4685824,1786511607.668307,9.999999747e-05
train/learning_rate,4718592,1786511612.698386,9.999999747e-05
train/learning_rate,4751360,1786511617.706218,9.999999747e-05
train/learning_rate,4784128,1786511622.750402,9.999999747e-05
train/learning_rate,4816896,1786511627.755286,9.999999747e-05
train/learning_rate,4849664,1786511632.795274,9.999999747e-05
train/learning_rate,4882432,1786511637.808738,9.999999747e-05
train/learning_rate,4915200,1786511642.842361,9.999999747e-05
train/learning_rate,4947968,1786511647.836932,9.999999747e-05
train/learning_rate,4980736,1786511652.861718,9.999999747e-05
train/learning_rate,5013504,1786511657.865582,9.999999747e-05
train/learning_rate,5046272,1786511663.013513,9.999999747e-05
train/learning_rate,5079040,1786511668.221202,9.999999747e-05
train/learning_rate,5111808,1786511673.357914,9.999999747e-05
train/learning_rate,5144576,1786511678.456578,9.999999747e-05
train/learning_rate,5177344,1786511683.593228,9.999999747e-05
train/learning_rate,5210112,1786511688.691031,9.999999747e-05
train/learning_rate,5242880,1786511693.815253,9.999999747e-05
train/learning_rate,5275648,1786511698.918814,9.999999747e-05
train/learning_rate,5308416,1786511704.081154,9.999999747e-05
train/learning_rate,5341184,1786511709.182230,9.999999747e-05
train/learning_rate,5373952,1786511714.331059,9.999999747e-05
train/learning_rate,5406720,1786511719.432710,9.999999747e-05
train/learning_rate,5439488,1786511724.615863,9.999999747e-05
train/learning_rate,5472256,1786511729.735217,9.999999747e-05
train/learning_rate,5505024,1786511735.002435,9.999999747e-05
train/learning_rate,5537792,1786511740.246179,9.999999747e-05
train/learning_rate,5570560,1786511745.440237,9.999999747e-05
train/learning_rate,5603328,1786511750.539162,9.999999747e-05
train/learning_rate,5636096,1786511755.803445,9.999999747e-05
train/learning_rate,5668864,1786511760.935079,9.999999747e-05
train/learning_rate,5701632,1786511766.087442,9.999999747e-05
train/learning_rate,5734400,1786511771.195223,9.999999747e-05
train/learning_rate,5767168,1786511776.315279,9.999999747e-05
train/learning_rate,5799936,1786511781.431365,9.999999747e-05
train/learning_rate,5832704,1786511786.546148,9.999999747e-05
train/learning_rate,5865472,1786511791.671277,9.999999747e-05
train/learning_rate,5898240,1786511796.848245,9.999999747e-05
train/learning_rate,5931008,1786511801.994082,9.999999747e-05
train/learning_rate,5963776,1786511807.103613,9.999999747e-05
train/learning_rate,5996544,1786511812.259966,9.999999747e-05
train/learning_rate,6029312,1786511817.363545,9.999999747e-05
train/learning_rate,6062080,1786511822.508099,9.999999747e-05
train/learning_rate,6094848,1786511827.614425,9.999999747e-05
train/learning_rate,6127616,1786511832.767270,9.999999747e-05
train/learning_rate,6160384,1786511837.860575,9.999999747e-05
train/learning_rate,6193152,1786511842.989756,9.999999747e-05
train/learning_rate,6225920,1786511848.089914,9.999999747e-05
train/learning_rate,6258688,1786511853.230015,9.999999747e-05
train/learning_rate,6291456,1786511858.343192,9.999999747e-05
train/learning_rate,6324224,1786511863.474618,9.999999747e-05
train/learning_rate,6356992,1786511868.577844,9.999999747e-05
train/learning_rate,6389760,1786511873.711120,9.999999747e-05
train/learning_rate,6422528,1786511878.824725,9.999999747e-05
train/learning_rate,6455296,1786511883.944643,9.999999747e-05
train/learning_rate,6488064,1786511889.034128,9.999999747e-05
train/learning_rate,6520832,1786511894.183412,9.999999747e-05
train/learning_rate,6553600,1786511899.295576,9.999999747e-05
train/learning_rate,6586368,1786511904.443465,9.999999747e-05
train/learning_rate,6619136,1786511909.538202,9.999999747e-05
train/learning_rate,6651904,1786511914.690151,9.999999747e-05
train/learning_rate,6684672,1786511919.802944,9.999999747e-05
train/learning_rate,6717440,1786511924.943662,9.999999747e-05
train/learning_rate,6750208,1786511930.051428,9.999999747e-05
train/learning_rate,6782976,1786511935.181160,9.999999747e-05
train/learning_rate,6815744,1786511940.268404,9.999999747e-05
train/learning_rate,6848512,1786511945.415106,9.999999747e-05
train/learning_rate,6881280,1786511950.510542,9.999999747e-05
train/learning_rate,6914048,1786511955.643827,9.999999747e-05
train/learning_rate,6946816,1786511960.730627,9.999999747e-05
train/learning_rate,6979584,1786511965.862788,9.999999747e-05
train/learning_rate,7012352,1786511970.966464,9.999999747e-05
train/learning_rate,7045120,1786511976.091730,9.999999747e-05
train/learning_rate,7077888,1786511981.186534,9.999999747e-05
train/learning_rate,7110656,1786511986.306151,9.999999747e-05
train/learning_rate,7143424,1786511991.429308,9.999999747e-05
train/learning_rate,7176192,1786511996.556359,9.999999747e-05
train/learning_rate,7208960,1786512001.692150,9.999999747e-05
train/learning_rate,7241728,1786512006.804238,9.999999747e-05
train/learning_rate,7274496,1786512011.929277,9.999999747e-05
train/learning_rate,7307264,1786512017.034670,9.999999747e-05
train/learning_rate,7340032,1786512022.171002,9.999999747e-05
train/learning_rate,7372800,1786512027.266107,9.999999747e-05
train/learning_rate,7405568,1786512032.396366,9.999999747e-05
train/learning_rate,7438336,1786512037.497862,9.999999747e-05
train/learning_rate,7471104,1786512042.644074,9.999999747e-05
train/learning_rate,7503872,1786512047.750668,9.999999747e-05
train/learning_rate,7536640,1786512052.881471,9.999999747e-05
train/learning_rate,7569408,1786512057.998484,9.999999747e-05
train/learning_rate,7602176,1786512063.171627,9.999999747e-05
train/learning_rate,7634944,1786512068.295768,9.999999747e-05
train/learning_rate,7667712,1786512073.430111,9.999999747e-05
train/learning_rate,7700480,1786512078.523301,9.999999747e-05
train/learning_rate,7733248,1786512083.649975,9.999999747e-05
train/learning_rate,7766016,1786512088.758483,9.999999747e-05
train/learning_rate,7798784,1786512093.909755,9.999999747e-05
train/learning_rate,7831552,1786512099.006244,9.999999747e-05
train/learning_rate,7864320,1786512104.138004,9.999999747e-05
train/learning_rate,7897088,1786512109.229422,9.999999747e-05
train/learning_rate,7929856,1786512114.369189,9.999999747e-05
train/learning_rate,7962624,1786512119.480972,9.999999747e-05
train/learning_rate,7995392,1786512124.604942,9.999999747e-05
train/learning_rate,8028160,1786512129.689970,9.999999747e-05
train/loss,65536,1786510839.229528,-0.02146744914
train/loss,98304,1786510844.547811,-0.03349748254
train/loss,131072,1786510849.913186,-0.03832694888
train/loss,163840,1786510855.335646,-0.03719232231
train/loss,196608,1786510860.605505,-0.04112828523
train/loss,229376,1786510865.941887,-0.03872968629
train/loss,262144,1786510871.198177,-0.03243333846
train/loss,294912,1786510876.399184,-0.04229746014
train/loss,327680,1786510881.626607,-0.03326071799
train/loss,360448,1786510886.893313,-0.04498711973
train/loss,393216,1786510892.131487,-0.03227248043
train/loss,425984,1786510897.398389,-0.04372857511
train/loss,458752,1786510902.696541,-0.03739482164
train/loss,491520,1786510908.024199,-0.03580811247
train/loss,524288,1786510913.321472,-0.02089489996
train/loss,557056,1786510918.655894,-0.03655737266
train/loss,589824,1786510923.936853,-0.0331421122
train/loss,622592,1786510929.278306,-0.02365663648
train/loss,655360,1786510934.700591,-0.03418911621
train/loss,688128,1786510940.019096,-0.04351551086
train/loss,720896,1786510945.439229,-0.03350352496
train/loss,753664,1786510950.948096,-0.0257704109
train/loss,786432,1786510956.339965,-0.03271771595
train/loss,819200,1786510961.772114,-0.02865611203
train/loss,851968,1786510967.042863,-0.03433841094
train/loss,884736,1786510972.282170,-0.02033374272
train/loss,917504,1786510977.605577,-0.03383021802
train/loss,950272,1786510982.911750,-0.03301664069
train/loss,983040,1786510988.236533,-0.03744041175
train/loss,1015808,1786510993.532099,-0.04046268761
train/loss,1048576,1786510998.774151,-0.02624381334
train/loss,1081344,1786511004.084585,-0.03677321225
train/loss,1114112,1786511009.267331,-0.02917298675
train/loss,1146880,1786511014.492263,-0.02933509462
train/loss,1179648,1786511019.721048,-0.03824730963
train/loss,1212416,1786511025.405696,-0.04431919754
train/loss,1245184,1786511031.217459,-0.04150068015
train/loss,1277952,1786511037.451012,-0.03704915568
train/loss,1310720,1786511043.257708,-0.03383066133
train/loss,1343488,1786511049.059850,-0.03871494532
train/loss,1376256,1786511055.117918,-0.02471392788
train/loss,1409024,1786511060.892283,-0.03430584818
train/loss,1441792,1786511066.780378,-0.04155205935
train/loss,1474560,1786511072.708284,-0.04060302675
train/loss,1507328,1786511078.464618,-0.02980232239
train/loss,1540096,1786511084.764521,-0.01392766181
train/loss,1572864,1786511090.626003,-0.02215936221
train/loss,1605632,1786511096.245036,-0.03453769535
train/loss,1638400,1786511101.748787,-0.0395890139
train/loss,1671168,1786511107.081943,-0.02054071426
train/loss,1703936,1786511113.774182,-0.0301662311
train/loss,1736704,1786511119.186321,-0.03373487294
train/loss,1769472,1786511124.530987,-0.03435931355
train/loss,1802240,1786511129.894804,-0.041365996
train/loss,1835008,1786511135.671325,-0.03746920824
train/loss,1867776,1786511141.417490,-0.03948741779
train/loss,1900544,1786511146.945059,-0.02903238125
train/loss,1933312,1786511152.460487,-0.03408206254
train/loss,1966080,1786511157.906957,-0.03227100894
train/loss,1998848,1786511163.317177,-0.03588078171
train/loss,2031616,1786511170.661031,-0.04714303836
train/loss,2064384,1786511176.266341,-0.03671583533
train/loss,2097152,1786511181.579455,-0.0341261439
train/loss,2129920,1786511186.842637,-0.03913806751
train/loss,2162688,1786511192.254261,-0.03397191316
train/loss,2195456,1786511197.702434,-0.03810447082
train/loss,2228224,1786511203.172366,-0.03300589323
train/loss,2260992,1786511208.527970,-0.02647887543
train/loss,2293760,1786511213.919091,-0.03560668975
train/loss,2326528,1786511219.341212,-0.02908689901
train/loss,2359296,1786511224.878571,-0.02887726389
train/loss,2392064,1786511230.352224,-0.02102045715
train/loss,2424832,1786511235.762688,-0.02575801127
train/loss,2457600,1786511241.174271,-0.02993696369
train/loss,2490368,1786511246.561659,-0.03655395657
train/loss,2523136,1786511252.529457,-0.03678774089
train/loss,2555904,1786511259.756925,-0.02819101326
train/loss,2588672,1786511265.270804,-0.031134855
train/loss,2621440,1786511270.570852,-0.04270860553
train/loss,2654208,1786511275.922148,-0.03441167623
train/loss,2686976,1786511281.351701,-0.02744177915
train/loss,2719744,1786511286.793080,-0.03440502658
train/loss,2752512,1786511292.268035,-0.03729055822
train/loss,2785280,1786511297.628404,-0.02394524962
train/loss,2818048,1786511303.157509,-0.02291628346
train/loss,2850816,1786511308.580149,-0.03694171458
train/loss,2883584,1786511314.158318,-0.03243133053
train/loss,2916352,1786511319.943545,-0.03898132592
train/loss,2949120,1786511327.193363,-0.01205776073
train/loss,2981888,1786511334.780901,-0.02133063599
train/loss,3014656,1786511340.354993,-0.03327772766
train/loss,3047424,1786511345.492127,-0.03185451031
train/loss,3080192,1786511350.663811,-0.02210168727
train/loss,3112960,1786511355.837857,-0.03090868518
train/loss,3145728,1786511360.976343,-0.0281370692
train/loss,3178496,1786511366.234349,-0.04307129979
train/loss,3211264,1786511371.514791,-0.03152114898
train/loss,3244032,1786511376.685499,-0.01898340881
train/loss,3276800,1786511381.892386,-0.01951401122
train/loss,3309568,1786511387.052513,-0.03506208211
train/loss,3342336,1786511392.271335,-0.03624667227
train/loss,3375104,1786511397.562530,-0.02045122348
train/loss,3407872,1786511403.828887,-0.03399435058
train/loss,3440640,1786511411.727207,-0.03478346393
train/loss,3473408,1786511417.005785,-0.02938559465
train/loss,3506176,1786511422.274438,-0.04033051804
train/loss,3538944,1786511427.353000,-0.03308018669
train/loss,3571712,1786511432.372211,-0.03772841766
train/loss,3604480,1786511437.415077,-0.03467461467
train/loss,3637248,1786511442.507801,-0.02971489914
train/loss,3670016,1786511447.625878,-0.02963916212
train/loss,3702784,1786511452.735780,-0.01959953271
train/loss,3735552,1786511457.873660,-0.03764991835
train/loss,3768320,1786511463.102895,-0.03191605955
train/loss,3801088,1786511468.236589,-0.02991603501
train/loss,3833856,1786511473.380130,-0.04488769919
train/loss,3866624,1786511478.474740,-0.03705500066
train/loss,3899392,1786511483.596599,-0.02184648812
train/loss,3932160,1786511488.693697,-0.03369486704
train/loss,3964928,1786511493.837845,-0.0198651664
train/loss,3997696,1786511498.945126,-0.03557235003
train/loss,4030464,1786511504.087968,-0.03741644695
train/loss,4063232,1786511509.193964,-0.03275904432
train/loss,4096000,1786511514.356419,-0.02141255885
train/loss,4128768,1786511519.473906,-0.01838768646
train/loss,4161536,1786511524.623709,-0.03598099947
train/loss,4194304,1786511529.732268,-0.02988199331
train/loss,4227072,1786511534.876065,-0.02212339081
train/loss,4259840,1786511539.981258,-0.02373383567
train/loss,4292608,1786511545.122207,-0.02151856944
train/loss,4325376,1786511550.385168,-0.02154798806
train/loss,4358144,1786511555.752421,-0.02919137105
train/loss,4390912,1786511560.884271,-0.02084651589
train/loss,4423680,1786511566.183090,-0.0338091068
train/loss,4456448,1786511571.459726,-0.02112042345
train/loss,4489216,1786511576.700195,-0.03640443087
train/loss,4521984,1786511581.943231,-0.02530205436
train/loss,4554752,1786511587.144728,-0.02817671001
train/loss,4587520,1786511592.416225,-0.02255023271
train/loss,4620288,1786511597.577239,-0.01647636108
train/loss,4653056,1786511602.669624,-0.03079062141
train/loss,4685824,1786511607.668311,-0.0007903464139
train/loss,4718592,1786511612.698389,-0.02585304528
train/loss,4751360,1786511617.706221,-0.02307642438
train/loss,4784128,1786511622.750405,-0.02233014069
train/loss,4816896,1786511627.755289,-0.04298669472
train/loss,4849664,1786511632.795278,-0.03556927666
train/loss,4882432,1786511637.808741,-0.03313927352
train/loss,4915200,1786511642.842364,-0.02254774608
train/loss,4947968,1786511647.836935,-0.02684658766
train/loss,4980736,1786511652.861722,-0.04134170339
train/loss,5013504,1786511657.865585,-0.02111612447
train/loss,5046272,1786511663.013516,-0.0259244889
train/loss,5079040,1786511668.221206,-0.02339427173
train/loss,5111808,1786511673.357918,-0.02802499197
train/loss,5144576,1786511678.456581,-0.03332708776
train/loss,5177344,1786511683.593231,-0.02682705969
train/loss,5210112,1786511688.691035,-0.03383987397
train/loss,5242880,1786511693.815256,-0.02723233402
train/loss,5275648,1786511698.918817,-0.01564140618
train/loss,5308416,1786511704.081157,-0.03469875827
train/loss,5341184,1786511709.182233,-0.02626193315
train/loss,5373952,1786511714.331062,-0.03522466123
train/loss,5406720,1786511719.432713,-0.02425326966
train/loss,5439488,1786511724.615867,-0.02705717273
train/loss,5472256,1786511729.735220,-0.02741665393
train/loss,5505024,1786511735.002438,-0.03441567719
train/loss,5537792,1786511740.246183,-0.02118691057
train/loss,5570560,1786511745.440240,-0.02855359763
train/loss,5603328,1786511750.539165,-0.02522418462
train/loss,5636096,1786511755.803448,-0.01727982238
train/loss,5668864,1786511760.935082,-0.03569049016
train/loss,5701632,1786511766.087445,-0.02631401643
train/loss,5734400,1786511771.195226,-0.01909762248
train/loss,5767168,1786511776.315282,-0.0210368447
train/loss,5799936,1786511781.431369,-0.03310979158
train/loss,5832704,1786511786.546153,-0.01949722692
train/loss,5865472,1786511791.671281,-0.02795125544
train/loss,5898240,1786511796.848248,-0.03834267333
train/loss,5931008,1786511801.994085,-0.03509879112
train/loss,5963776,1786511807.103616,-0.01635749266
train/loss,5996544,1786511812.259969,-0.03974451125
train/loss,6029312,1786511817.363548,-0.0238228403
train/loss,6062080,1786511822.508102,-0.02833505347
train/loss,6094848,1786511827.614428,-0.01748949662
train/loss,6127616,1786511832.767273,-0.02182526514
train/loss,6160384,1786511837.860578,-0.02337741293
train/loss,6193152,1786511842.989759,-0.03293285146
train/loss,6225920,1786511848.089917,-0.02535669878
train/loss,6258688,1786511853.230019,-0.03491922095
train/loss,6291456,1786511858.343196,-0.02422632277
train/loss,6324224,1786511863.474621,-0.02888730355
train/loss,6356992,1786511868.577848,-0.01840178482
train/loss,6389760,1786511873.711123,-0.02895782143
train/loss,6422528,1786511878.824728,-0.03367794678
train/loss,6455296,1786511883.944646,-0.02739952505
train/loss,6488064,1786511889.034132,-0.02609457076
train/loss,6520832,1786511894.183415,-0.03176876903
train/loss,6553600,1786511899.295579,-0.01793200523
train/loss,6586368,1786511904.443469,-0.02710713819
train/loss,6619136,1786511909.538205,-0.0262842346
train/loss,6651904,1786511914.690154,-0.01325194165
train/loss,6684672,1786511919.802947,-0.02318743058
train/loss,6717440,1786511924.943665,-0.031479083
train/loss,6750208,1786511930.051431,-0.02383959293
train/loss,6782976,1786511935.181164,-0.02471190691
train/loss,6815744,1786511940.268407,-0.03280045465
train/loss,6848512,1786511945.415109,-0.02194147557
train/loss,6881280,1786511950.510545,-0.02776926011
train/loss,6914048,1786511955.643830,-0.0105782235
train/loss,6946816,1786511960.730630,-0.02633774094
train/loss,6979584,1786511965.862792,-0.01467071753
train/loss,7012352,1786511970.966467,-0.02901430428
train/loss,7045120,1786511976.091735,-0.03618018702
train/loss,7077888,1786511981.186538,-0.01961212419
train/loss,7110656,1786511986.306154,-0.03083934449
train/loss,7143424,1786511991.429311,-0.01467856765
train/loss,7176192,1786511996.556362,-0.02604504675
train/loss,7208960,1786512001.692154,-0.03150528669
train/loss,7241728,1786512006.804241,-0.0286675971
train/loss,7274496,1786512011.929280,-0.0113815777
train/loss,7307264,1786512017.034673,-0.03459442407
train/loss,7340032,1786512022.171006,-0.0328685753
train/loss,7372800,1786512027.266111,-0.01694845781
train/loss,7405568,1786512032.396374,-0.02011050098
train/loss,7438336,1786512037.497865,-0.0219249092
train/loss,7471104,1786512042.644077,-0.03126472607
train/loss,7503872,1786512047.750671,-0.0233450029
train/loss,7536640,1786512052.881475,-0.02581672743
train/loss,7569408,1786512057.998487,-0.03032546677
train/loss,7602176,1786512063.171630,-0.019769134
train/loss,7634944,1786512068.295772,-0.02795976214
train/loss,7667712,1786512073.430114,-0.02055198327
train/loss,7700480,1786512078.523304,-0.03041930497
train/loss,7733248,1786512083.649978,-0.03114420548
train/loss,7766016,1786512088.758487,-0.03975201398
train/loss,7798784,1786512093.909759,-0.0293080844
train/loss,7831552,1786512099.006247,-0.02187935263
train/loss,7864320,1786512104.138007,-0.01925293729
train/loss,7897088,1786512109.229425,-0.03307434916
train/loss,7929856,1786512114.369193,-0.02748867683
train/loss,7962624,1786512119.480975,-0.02642530203
train/loss,7995392,1786512124.604945,-0.02872766554
train/loss,8028160,1786512129.689974,-0.03514398634
train/policy_gradient_loss,65536,1786510839.229612,-0.01692088321
train/policy_gradient_loss,98304,1786510844.547913,-0.01654382981
train/policy_gradient_loss,131072,1786510849.913300,-0.01621660031
train/policy_gradient_loss,163840,1786510855.335739,-0.0159650296
train/policy_gradient_loss,196608,1786510860.605612,-0.01627370156
train/policy_gradient_loss,229376,1786510865.942000,-0.01594061404
train/policy_gradient_loss,262144,1786510871.198274,-0.01643319987
train/policy_gradient_loss,294912,1786510876.399270,-0.0161227975
train/policy_gradient_loss,327680,1786510881.626699,-0.01650120504
train/policy_gradient_loss,360448,1786510886.893401,-0.01690765657
train/policy_gradient_loss,393216,1786510892.131582,-0.01658286341
train/policy_gradient_loss,425984,1786510897.398454,-0.01661943458
train/policy_gradient_loss,458752,1786510902.696644,-0.01642261446
train/policy_gradient_loss,491520,1786510908.024313,-0.01645910181
train/policy_gradient_loss,524288,1786510913.321567,-0.01565370709
train/policy_gradient_loss,557056,1786510918.655991,-0.0170656722
train/policy_gradient_loss,589824,1786510923.936947,-0.01768700033
train/policy_gradient_loss,622592,1786510929.278377,-0.0162810199
train/policy_gradient_loss,655360,1786510934.700707,-0.01692796312
train/policy_gradient_loss,688128,1786510940.019207,-0.01660308428
train/policy_gradient_loss,720896,1786510945.439323,-0.01662819833
train/policy_gradient_loss,753664,1786510950.948176,-0.0166274067
train/policy_gradient_loss,786432,1786510956.340077,-0.01656335965
train/policy_gradient_loss,819200,1786510961.772260,-0.01679022424
train/policy_gradient_loss,851968,1786510967.042960,-0.01629317924
train/policy_gradient_loss,884736,1786510972.282262,-0.01715574227
train/policy_gradient_loss,917504,1786510977.605683,-0.01627792791
train/policy_gradient_loss,950272,1786510982.911829,-0.01665893197
train/policy_gradient_loss,983040,1786510988.236624,-0.01741629839
train/policy_gradient_loss,1015808,1786510993.532211,-0.01679107733
train/policy_gradient_loss,1048576,1786510998.774240,-0.01737141982
train/policy_gradient_loss,1081344,1786511004.084694,-0.01671438292
train/policy_gradient_loss,1114112,1786511009.267425,-0.01683270186
train/policy_gradient_loss,1146880,1786511014.492333,-0.01541324332
train/policy_gradient_loss,1179648,1786511019.721146,-0.01708402857
train/policy_gradient_loss,1212416,1786511025.405804,-0.01657310873
train/policy_gradient_loss,1245184,1786511031.217570,-0.01598361693
train/policy_gradient_loss,1277952,1786511037.451116,-0.0166729819
train/policy_gradient_loss,1310720,1786511043.257778,-0.01669642888
train/policy_gradient_loss,1343488,1786511049.059918,-0.01689318568
train/policy_gradient_loss,1376256,1786511055.117984,-0.01685339212
train/policy_gradient_loss,1409024,1786511060.892396,-0.01634648629
train/policy_gradient_loss,1441792,1786511066.780425,-0.01614038646
train/policy_gradient_loss,1474560,1786511072.708343,-0.01672111265
train/policy_gradient_loss,1507328,1786511078.464717,-0.01649377681
train/policy_gradient_loss,1540096,1786511084.764626,-0.01613034494
train/policy_gradient_loss,1572864,1786511090.626110,-0.01550963987
train/policy_gradient_loss,1605632,1786511096.245127,-0.01576747186
train/policy_gradient_loss,1638400,1786511101.748877,-0.01665194333
train/policy_gradient_loss,1671168,1786511107.082035,-0.01621971652
train/policy_gradient_loss,1703936,1786511113.774245,-0.01608688757
train/policy_gradient_loss,1736704,1786511119.186420,-0.01680714823
train/policy_gradient_loss,1769472,1786511124.531088,-0.01563681476
train/policy_gradient_loss,1802240,1786511129.894895,-0.01636300609
train/policy_gradient_loss,1835008,1786511135.671443,-0.01751355268
train/policy_gradient_loss,1867776,1786511141.417603,-0.01622394472
train/policy_gradient_loss,1900544,1786511146.945161,-0.01621559635
train/policy_gradient_loss,1933312,1786511152.460591,-0.0162894465
train/policy_gradient_loss,1966080,1786511157.907048,-0.01558737457
train/policy_gradient_loss,1998848,1786511163.317277,-0.0155593995
train/policy_gradient_loss,2031616,1786511170.661142,-0.01610508561
train/policy_gradient_loss,2064384,1786511176.266402,-0.01720771566
train/policy_gradient_loss,2097152,1786511181.579520,-0.0167548582
train/policy_gradient_loss,2129920,1786511186.842703,-0.01633566245
train/policy_gradient_loss,2162688,1786511192.254354,-0.0151279131
train/policy_gradient_loss,2195456,1786511197.702504,-0.01670157909
train/policy_gradient_loss,2228224,1786511203.172473,-0.01545510627
train/policy_gradient_loss,2260992,1786511208.528080,-0.01636680774
train/policy_gradient_loss,2293760,1786511213.919179,-0.01632584073
train/policy_gradient_loss,2326528,1786511219.341313,-0.01561286766
train/policy_gradient_loss,2359296,1786511224.878636,-0.01654444076
train/policy_gradient_loss,2392064,1786511230.352336,-0.01587927714
train/policy_gradient_loss,2424832,1786511235.762795,-0.01616267115
train/policy_gradient_loss,2457600,1786511241.174371,-0.01643477008
train/policy_gradient_loss,2490368,1786511246.561761,-0.01502645575
train/policy_gradient_loss,2523136,1786511252.529510,-0.01691380516
train/policy_gradient_loss,2555904,1786511259.757014,-0.01579389535
train/policy_gradient_loss,2588672,1786511265.270862,-0.01639549062
train/policy_gradient_loss,2621440,1786511270.570955,-0.0158699397
train/policy_gradient_loss,2654208,1786511275.922216,-0.01624875888
train/policy_gradient_loss,2686976,1786511281.351765,-0.01608603261
train/policy_gradient_loss,2719744,1786511286.793195,-0.01587965526
train/policy_gradient_loss,2752512,1786511292.268144,-0.01675413921
train/policy_gradient_loss,2785280,1786511297.628509,-0.01588020101
train/policy_gradient_loss,2818048,1786511303.157617,-0.01506730635
train/policy_gradient_loss,2850816,1786511308.580243,-0.01489212457
train/policy_gradient_loss,2883584,1786511314.158418,-0.01563043706
train/policy_gradient_loss,2916352,1786511319.943622,-0.01558014657
train/policy_gradient_loss,2949120,1786511327.193500,-0.01600998268
train/policy_gradient_loss,2981888,1786511334.781010,-0.01719344035
train/policy_gradient_loss,3014656,1786511340.355064,-0.01623404957
train/policy_gradient_loss,3047424,1786511345.492228,-0.01650181599
train/policy_gradient_loss,3080192,1786511350.663878,-0.01583852619
train/policy_gradient_loss,3112960,1786511355.837918,-0.01605150662
train/policy_gradient_loss,3145728,1786511360.976408,-0.01651839167
train/policy_gradient_loss,3178496,1786511366.234444,-0.01663450524
train/policy_gradient_loss,3211264,1786511371.514860,-0.01610193215
train/policy_gradient_loss,3244032,1786511376.685593,-0.016399391
train/policy_gradient_loss,3276800,1786511381.892457,-0.01597514749
train/policy_gradient_loss,3309568,1786511387.052580,-0.0164148137
train/policy_gradient_loss,3342336,1786511392.271404,-0.01565396227
train/policy_gradient_loss,3375104,1786511397.562651,-0.01568766311
train/policy_gradient_loss,3407872,1786511403.828981,-0.01608354226
train/policy_gradient_loss,3440640,1786511411.727283,-0.01579472423
train/policy_gradient_loss,3473408,1786511417.005883,-0.01607022621
train/policy_gradient_loss,3506176,1786511422.274509,-0.01621478982
train/policy_gradient_loss,3538944,1786511427.353086,-0.01661374792
train/policy_gradient_loss,3571712,1786511432.372275,-0.0160691645
train/policy_gradient_loss,3604480,1786511437.415149,-0.01533731539
train/policy_gradient_loss,3637248,1786511442.507904,-0.01515403576
train/policy_gradient_loss,3670016,1786511447.625964,-0.01525841374
train/policy_gradient_loss,3702784,1786511452.735872,-0.01592576317
train/policy_gradient_loss,3735552,1786511457.873756,-0.01673281752
train/policy_gradient_loss,3768320,1786511463.102967,-0.01648676954
train/policy_gradient_loss,3801088,1786511468.236683,-0.01523459423
train/policy_gradient_loss,3833856,1786511473.380218,-0.01579458453
train/policy_gradient_loss,3866624,1786511478.474846,-0.01704006083
train/policy_gradient_loss,3899392,1786511483.596688,-0.0158756841
train/policy_gradient_loss,3932160,1786511488.693784,-0.01510279626
train/policy_gradient_loss,3964928,1786511493.837913,-0.01664006338
train/policy_gradient_loss,3997696,1786511498.945190,-0.01738828234
train/policy_gradient_loss,4030464,1786511504.088066,-0.01650030166
train/policy_gradient_loss,4063232,1786511509.194047,-0.0161686223
train/policy_gradient_loss,4096000,1786511514.356485,-0.0159677919
train/policy_gradient_loss,4128768,1786511519.473998,-0.01523797866
train/policy_gradient_loss,4161536,1786511524.623800,-0.01662797481
train/policy_gradient_loss,4194304,1786511529.732359,-0.01617460325
train/policy_gradient_loss,4227072,1786511534.876159,-0.01630551182
train/policy_gradient_loss,4259840,1786511539.981345,-0.01619537547
train/policy_gradient_loss,4292608,1786511545.122288,-0.01511374675
train/policy_gradient_loss,4325376,1786511550.385259,-0.01607074775
train/policy_gradient_loss,4358144,1786511555.752523,-0.01600024849
train/policy_gradient_loss,4390912,1786511560.884375,-0.01625870541
train/policy_gradient_loss,4423680,1786511566.183196,-0.01670146734
train/policy_gradient_loss,4456448,1786511571.459809,-0.01521756686
train/policy_gradient_loss,4489216,1786511576.700286,-0.01618576795
train/policy_gradient_loss,4521984,1786511581.943293,-0.0160414055
train/policy_gradient_loss,4554752,1786511587.144829,-0.01667804457
train/policy_gradient_loss,4587520,1786511592.416315,-0.0149077829
train/policy_gradient_loss,4620288,1786511597.577307,-0.0145091461
train/policy_gradient_loss,4653056,1786511602.669712,-0.01527414471
train/policy_gradient_loss,4685824,1786511607.668396,-0.01587337814
train/policy_gradient_loss,4718592,1786511612.698457,-0.01592534594
train/policy_gradient_loss,4751360,1786511617.706304,-0.01756808907
train/policy_gradient_loss,4784128,1786511622.750502,-0.01461449079
train/policy_gradient_loss,4816896,1786511627.755382,-0.01634118333
train/policy_gradient_loss,4849664,1786511632.795364,-0.01582671702
train/policy_gradient_loss,4882432,1786511637.808836,-0.01564964466
train/policy_gradient_loss,4915200,1786511642.842454,-0.01564809307
train/policy_gradient_loss,4947968,1786511647.837024,-0.01524171419
train/policy_gradient_loss,4980736,1786511652.861804,-0.01510644052
train/policy_gradient_loss,5013504,1786511657.865668,-0.01517384872
train/policy_gradient_loss,5046272,1786511663.013598,-0.01564504392
train/policy_gradient_loss,5079040,1786511668.221316,-0.0160526298
train/policy_gradient_loss,5111808,1786511673.358014,-0.01496386435
train/policy_gradient_loss,5144576,1786511678.456673,-0.01501192898
train/policy_gradient_loss,5177344,1786511683.593321,-0.01553055178
train/policy_gradient_loss,5210112,1786511688.691121,-0.01556987874
train/policy_gradient_loss,5242880,1786511693.815345,-0.0162968263
train/policy_gradient_loss,5275648,1786511698.918884,-0.015702907
train/policy_gradient_loss,5308416,1786511704.081250,-0.01576650515
train/policy_gradient_loss,5341184,1786511709.182345,-0.01659314893
train/policy_gradient_loss,5373952,1786511714.331152,-0.01588867605
train/policy_gradient_loss,5406720,1786511719.432802,-0.01626466773
train/policy_gradient_loss,5439488,1786511724.615954,-0.01637321524
train/policy_gradient_loss,5472256,1786511729.735303,-0.0157601852
train/policy_gradient_loss,5505024,1786511735.002533,-0.01522585284
train/policy_gradient_loss,5537792,1786511740.246254,-0.01608045958
train/policy_gradient_loss,5570560,1786511745.440334,-0.01533174887
train/policy_gradient_loss,5603328,1786511750.539253,-0.01594973169
train/policy_gradient_loss,5636096,1786511755.803535,-0.01569408551
train/policy_gradient_loss,5668864,1786511760.935171,-0.01561880764
train/policy_gradient_loss,5701632,1786511766.087534,-0.01623580419
train/policy_gradient_loss,5734400,1786511771.195338,-0.01586934552
train/policy_gradient_loss,5767168,1786511776.315368,-0.01521282829
train/policy_gradient_loss,5799936,1786511781.431423,-0.01536074094
train/policy_gradient_loss,5832704,1786511786.546213,-0.01552998647
train/policy_gradient_loss,5865472,1786511791.671384,-0.01684895158
train/policy_gradient_loss,5898240,1786511796.848333,-0.01529711764
train/policy_gradient_loss,5931008,1786511801.994173,-0.01669715159
train/policy_gradient_loss,5963776,1786511807.103706,-0.0147953555
train/policy_gradient_loss,5996544,1786511812.260055,-0.01513148751
train/policy_gradient_loss,6029312,1786511817.363635,-0.01541789249
train/policy_gradient_loss,6062080,1786511822.508185,-0.01585503109
train/policy_gradient_loss,6094848,1786511827.614522,-0.0161084272
train/policy_gradient_loss,6127616,1786511832.767360,-0.01606178842
train/policy_gradient_loss,6160384,1786511837.860667,-0.0154234888
train/policy_gradient_loss,6193152,1786511842.989851,-0.0161814224
train/policy_gradient_loss,6225920,1786511848.090010,-0.0148089081
train/policy_gradient_loss,6258688,1786511853.230108,-0.01508403663
train/policy_gradient_loss,6291456,1786511858.343297,-0.01590218209
train/policy_gradient_loss,6324224,1786511863.474678,-0.01716173999
train/policy_gradient_loss,6356992,1786511868.577916,-0.01477448177
train/policy_gradient_loss,6389760,1786511873.711205,-0.01643891633
train/policy_gradient_loss,6422528,1786511878.824817,-0.01606597006
train/policy_gradient_loss,6455296,1786511883.944733,-0.01535094902
train/policy_gradient_loss,6488064,1786511889.034199,-0.01560913306
train/policy_gradient_loss,6520832,1786511894.183479,-0.01564186625
train/policy_gradient_loss,6553600,1786511899.295637,-0.01491202042
train/policy_gradient_loss,6586368,1786511904.443526,-0.01476753689
train/policy_gradient_loss,6619136,1786511909.538319,-0.01569341496
train/policy_gradient_loss,6651904,1786511914.690241,-0.01509779226
train/policy_gradient_loss,6684672,1786511919.803039,-0.0161181204
train/policy_gradient_loss,6717440,1786511924.943731,-0.0154019976
train/policy_gradient_loss,6750208,1786511930.051518,-0.0150263086
train/policy_gradient_loss,6782976,1786511935.181230,-0.01603572443
train/policy_gradient_loss,6815744,1786511940.268501,-0.01626671478
train/policy_gradient_loss,6848512,1786511945.415204,-0.01699532941
train/policy_gradient_loss,6881280,1786511950.510634,-0.01460959762
train/policy_gradient_loss,6914048,1786511955.643922,-0.01582512259
train/policy_gradient_loss,6946816,1786511960.730732,-0.01512352284
train/policy_gradient_loss,6979584,1786511965.862894,-0.01669608988
train/policy_gradient_loss,7012352,1786511970.966570,-0.01580560952
train/policy_gradient_loss,7045120,1786511976.091794,-0.01623270661
train/policy_gradient_loss,7077888,1786511981.186638,-0.0157979168
train/policy_gradient_loss,7110656,1786511986.306245,-0.01647927798
train/policy_gradient_loss,7143424,1786511991.429418,-0.01581847481
train/policy_gradient_loss,7176192,1786511996.556462,-0.0159910582
train/policy_gradient_loss,7208960,1786512001.692262,-0.01519603748
train/policy_gradient_loss,7241728,1786512006.804331,-0.01590364799
train/policy_gradient_loss,7274496,1786512011.929347,-0.01527693495
train/policy_gradient_loss,7307264,1786512017.034740,-0.01482283324
train/policy_gradient_loss,7340032,1786512022.171096,-0.01567113772
train/policy_gradient_loss,7372800,1786512027.266173,-0.01625517011
train/policy_gradient_loss,7405568,1786512032.396440,-0.01670286804
train/policy_gradient_loss,7438336,1786512037.497927,-0.01652664691
train/policy_gradient_loss,7471104,1786512042.644146,-0.01571631618
train/policy_gradient_loss,7503872,1786512047.750737,-0.01591214351
train/policy_gradient_loss,7536640,1786512052.881543,-0.01525480859
train/policy_gradient_loss,7569408,1786512057.998569,-0.01654935069
train/policy_gradient_loss,7602176,1786512063.171730,-0.01531391684
train/policy_gradient_loss,7634944,1786512068.295859,-0.01626674645
train/policy_gradient_loss,7667712,1786512073.430179,-0.01465145964
train/policy_gradient_loss,7700480,1786512078.523374,-0.01544750202
train/policy_gradient_loss,7733248,1786512083.650060,-0.01376004796
train/policy_gradient_loss,7766016,1786512088.758550,-0.015859548
train/policy_gradient_loss,7798784,1786512093.909825,-0.01598770358
train/policy_gradient_loss,7831552,1786512099.006346,-0.01526349969
train/policy_gradient_loss,7864320,1786512104.138075,-0.0150668053
train/policy_gradient_loss,7897088,1786512109.229499,-0.01594463363
train/policy_gradient_loss,7929856,1786512114.369256,-0.01530580409
train/policy_gradient_loss,7962624,1786512119.481040,-0.01453904994
train/policy_gradient_loss,7995392,1786512124.605010,-0.01573550515
train/policy_gradient_loss,8028160,1786512129.690040,-0.01506874338
train/std,65536,1786510839.229781,0.9091546535
train/std,98304,1786510844.548034,0.9087453485
train/std,131072,1786510849.913515,0.9084483981
train/std,163840,1786510855.335883,0.9086301923
train/std,196608,1786510860.606655,0.908726871
train/std,229376,1786510865.942168,0.9083927274
train/std,262144,1786510871.198421,0.9073901176
train/std,294912,1786510876.399418,0.9072577357
train/std,327680,1786510881.626827,0.9071140885
train/std,360448,1786510886.893571,0.9060035348
train/std,393216,1786510892.131772,0.905921936
train/std,425984,1786510897.398631,0.9050438404
train/std,458752,1786510902.696767,0.9043696523
train/std,491520,1786510908.024467,0.9032213092
train/std,524288,1786510913.321706,0.9023310542
train/std,557056,1786510918.656110,0.9020671844
train/std,589824,1786510923.937118,0.9018871784
train/std,622592,1786510929.278624,0.9004442096
train/std,655360,1786510934.700872,0.9000824094
train/std,688128,1786510940.019410,0.8988304138
train/std,720896,1786510945.439471,0.8977676034
train/std,753664,1786510950.948348,0.8971738815
train/std,786432,1786510956.340259,0.8969843388
train/std,819200,1786510961.772459,0.8971965313
train/std,851968,1786510967.043134,0.89752388
train/std,884736,1786510972.282472,0.8975517154
train/std,917504,1786510977.605831,0.8970059752
train/std,950272,1786510982.912086,0.8960143924
train/std,983040,1786510988.236788,0.8955895305
train/std,1015808,1786510993.532500,0.8955945373
train/std,1048576,1786510998.774387,0.8944172263
train/std,1081344,1786511004.084855,0.8935432434
train/std,1114112,1786511009.267604,0.8936938643
train/std,1146880,1786511014.492566,0.8919439316
train/std,1179648,1786511019.721315,0.891669929
train/std,1212416,1786511025.406012,0.8918545842
train/std,1245184,1786511031.217767,0.8920881152
train/std,1277952,1786511037.451522,0.8907250762
train/std,1310720,1786511043.257947,0.8900356293
train/std,1343488,1786511049.060104,0.8901619315
train/std,1376256,1786511055.118362,0.8904073238
train/std,1409024,1786511060.892573,0.8897349834
train/std,1441792,1786511066.780773,0.8896121383
train/std,1474560,1786511072.708681,0.8885507584
train/std,1507328,1786511078.464841,0.8869600296
train/std,1540096,1786511084.764938,0.8857539296
train/std,1572864,1786511090.626367,0.8848953843
train/std,1605632,1786511096.245299,0.8843432069
train/std,1638400,1786511101.749042,0.8837195039
train/std,1671168,1786511107.082205,0.8830060959
train/std,1703936,1786511113.774555,0.8831625581
train/std,1736704,1786511119.186598,0.8832675815
train/std,1769472,1786511124.531237,0.8826491237
train/std,1802240,1786511129.895088,0.8821024895
train/std,1835008,1786511135.671572,0.8816954494
train/std,1867776,1786511141.417785,0.8806757331
train/std,1900544,1786511146.945306,0.8809249997
train/std,1933312,1786511152.460772,0.8801674843
train/std,1966080,1786511157.907154,0.8796127439
train/std,1998848,1786511163.317602,0.878644526
train/std,2031616,1786511170.661319,0.8784200549
train/std,2064384,1786511176.266550,0.8779498935
train/std,2097152,1786511181.579702,0.8778621554
train/std,2129920,1786511186.843194,0.877566874
train/std,2162688,1786511192.254466,0.8774628043
train/std,2195456,1786511197.702813,0.8766825795
train/std,2228224,1786511203.172649,0.8755760789
train/std,2260992,1786511208.528288,0.8752940297
train/std,2293760,1786511213.919346,0.8752427101
train/std,2326528,1786511219.341487,0.874281466
train/std,2359296,1786511224.878810,0.8739209175
train/std,2392064,1786511230.352525,0.8731634021
train/std,2424832,1786511235.762984,0.8726351857
train/std,2457600,1786511241.174564,0.8719978929
train/std,2490368,1786511246.561926,0.8710255623
train/std,2523136,1786511252.529830,0.8698406219
train/std,2555904,1786511259.758006,0.8692603111
train/std,2588672,1786511265.271039,0.8683424592
train/std,2621440,1786511270.571158,0.8676764369
train/std,2654208,1786511275.922705,0.8666961789
train/std,2686976,1786511281.351888,0.8661211133
train/std,2719744,1786511286.793354,0.8648991585
train/std,2752512,1786511292.268386,0.864605844
train/std,2785280,1786511297.628677,0.8641642928
train/std,2818048,1786511303.157783,0.863919735
train/std,2850816,1786511308.580411,0.8638267517
train/std,2883584,1786511314.158584,0.8633579612
train/std,2916352,1786511319.944037,0.8634604812
train/std,2949120,1786511327.193846,0.8631589413
train/std,2981888,1786511334.781234,0.8616776466
train/std,3014656,1786511340.355273,0.8609895706
train/std,3047424,1786511345.492396,0.8607673645
train/std,3080192,1786511350.664009,0.8601145744
train/std,3112960,1786511355.838091,0.8598952293
train/std,3145728,1786511360.976553,0.8598794937
train/std,3178496,1786511366.234575,0.858966291
train/std,3211264,1786511371.515211,0.859223783
train/std,3244032,1786511376.685760,0.8585065007
train/std,3276800,1786511381.892599,0.8574901223
train/std,3309568,1786511387.052707,0.8563897014
train/std,3342336,1786511392.271529,0.8556398749
train/std,3375104,1786511397.562820,0.8546385765
train/std,3407872,1786511403.829334,0.8540599942
train/std,3440640,1786511411.727435,0.8535681367
train/std,3473408,1786511417.006199,0.8529381752
train/std,3506176,1786511422.274643,0.8529735208
train/std,3538944,1786511427.353245,0.8520703316
train/std,3571712,1786511432.372476,0.8516723514
train/std,3604480,1786511437.415342,0.8522138596
train/std,3637248,1786511442.508086,0.8518772721
train/std,3670016,1786511447.626108,0.8522536159
train/std,3702784,1786511452.736070,0.8519900441
train/std,3735552,1786511457.873899,0.8522087932
train/std,3768320,1786511463.103386,0.8514367938
train/std,3801088,1786511468.236842,0.8513696194
train/std,3833856,1786511473.380376,0.8516662717
train/std,3866624,1786511478.474993,0.8515051007
train/std,3899392,1786511483.596848,0.8511475921
train/std,3932160,1786511488.693946,0.8502065539
train/std,3964928,1786511493.838115,0.8498888612
train/std,3997696,1786511498.945435,0.8489763737
train/std,4030464,1786511504.088227,0.8483778834
train/std,4063232,1786511509.194208,0.8484063148
train/std,4096000,1786511514.356739,0.8481805325
train/std,4128768,1786511519.474160,0.8484696746
train/std,4161536,1786511524.623950,0.8473849297
train/std,4194304,1786511529.732552,0.8471905589
train/std,4227072,1786511534.876306,0.8468914032
train/std,4259840,1786511539.981594,0.8465610147
train/std,4292608,1786511545.122453,0.8460713029
train/std,4325376,1786511550.385401,0.8465432525
train/std,4358144,1786511555.752686,0.8453487754
train/std,4390912,1786511560.884554,0.8444222808
train/std,4423680,1786511566.183362,0.8436865807
train/std,4456448,1786511571.459959,0.8427910805
train/std,4489216,1786511576.700425,0.8434146047
train/std,4521984,1786511581.943465,0.8431976438
train/std,4554752,1786511587.144998,0.8427494168
train/std,4587520,1786511592.416461,0.842238605
train/std,4620288,1786511597.577507,0.8418608308
train/std,4653056,1786511602.669857,0.8417575955
train/std,4685824,1786511607.668552,0.8417103291
train/std,4718592,1786511612.698684,0.8412712216
train/std,4751360,1786511617.706455,0.8415890336
train/std,4784128,1786511622.750706,0.8409799933
train/std,4816896,1786511627.755524,0.8398091197
train/std,4849664,1786511632.795520,0.8391763568
train/std,4882432,1786511637.809012,0.8389837146
train/std,4915200,1786511642.842620,0.8390695453
train/std,4947968,1786511647.837171,0.8384075165
train/std,4980736,1786511652.861961,0.8381250501
train/std,5013504,1786511657.865827,0.8379172683
train/std,5046272,1786511663.013784,0.8379530907
train/std,5079040,1786511668.221537,0.8373999
train/std,5111808,1786511673.358182,0.8374300003
train/std,5144576,1786511678.456839,0.83715868
train/std,5177344,1786511683.593491,0.8367986083
train/std,5210112,1786511688.691289,0.8364138603
train/std,5242880,1786511693.815492,0.8358414769
train/std,5275648,1786511698.919196,0.8359796405
train/std,5308416,1786511704.081417,0.8356866837
train/std,5341184,1786511709.182525,0.8352789283
train/std,5373952,1786511714.331307,0.834792316
train/std,5406720,1786511719.432989,0.8340876698
train/std,5439488,1786511724.616104,0.8328396678
train/std,5472256,1786511729.735470,0.8337478638
train/std,5505024,1786511735.002710,0.8331702352
train/std,5537792,1786511740.246487,0.8318145871
train/std,5570560,1786511745.440500,0.8315511346
train/std,5603328,1786511750.539437,0.8310019374
train/std,5636096,1786511755.803685,0.8300216794
train/std,5668864,1786511760.935345,0.8290671706
train/std,5701632,1786511766.087717,0.8290922046
train/std,5734400,1786511771.195514,0.8286176324
train/std,5767168,1786511776.315555,0.8267440796
train/std,5799936,1786511781.431649,0.826196909
train/std,5832704,1786511786.546421,0.8254253268
train/std,5865472,1786511791.671532,0.8249637485
train/std,5898240,1786511796.848491,0.824524641
train/std,5931008,1786511801.994318,0.8240371346
train/std,5963776,1786511807.103878,0.822817564
train/std,5996544,1786511812.260209,0.8222017884
train/std,6029312,1786511817.363780,0.8217867017
train/std,6062080,1786511822.508357,0.8208011985
train/std,6094848,1786511827.614656,0.8203329444
train/std,6127616,1786511832.767536,0.8195214272
train/std,6160384,1786511837.860834,0.8195118904
train/std,6193152,1786511842.990003,0.8189148903
train/std,6225920,1786511848.090165,0.8174774051
train/std,6258688,1786511853.230288,0.8174611926
train/std,6291456,1786511858.343453,0.8173456788
train/std,6324224,1786511863.474890,0.8166468143
train/std,6356992,1786511868.578109,0.816781342
train/std,6389760,1786511873.711400,0.8162274957
train/std,6422528,1786511878.824967,0.8154829144
train/std,6455296,1786511883.944891,0.8148192763
train/std,6488064,1786511889.034399,0.813628912
train/std,6520832,1786511894.183658,0.8126778007
train/std,6553600,1786511899.295834,0.8121458888
train/std,6586368,1786511904.443713,0.8116692901
train/std,6619136,1786511909.538481,0.8102211952
train/std,6651904,1786511914.690384,0.8103337288
train/std,6684672,1786511919.803198,0.8102636337
train/std,6717440,1786511924.943934,0.809784472
train/std,6750208,1786511930.051678,0.8090408444
train/std,6782976,1786511935.181443,0.8080099225
train/std,6815744,1786511940.268664,0.8077676892
train/std,6848512,1786511945.415356,0.8068916798
train/std,6881280,1786511950.510807,0.8074223399
train/std,6914048,1786511955.644083,0.8071634173
train/std,6946816,1786511960.730888,0.8067763448
train/std,6979584,1786511965.863057,0.8064374924
train/std,7012352,1786511970.966732,0.806037426
train/std,7045120,1786511976.092005,0.8056778908
train/std,7077888,1786511981.186786,0.8052344322
train/std,7110656,1786511986.306410,0.8046171069
train/std,7143424,1786511991.429629,0.8038043976
train/std,7176192,1786511996.556613,0.8034961224
train/std,7208960,1786512001.692444,0.8027778268
train/std,7241728,1786512006.804509,0.8019959331
train/std,7274496,1786512011.929535,0.8014545441
train/std,7307264,1786512017.034957,0.8008022904
train/std,7340032,1786512022.171250,0.7998211384
train/std,7372800,1786512027.266363,0.798758924
train/std,7405568,1786512032.396634,0.7977779508
train/std,7438336,1786512037.498144,0.7976635098
train/std,7471104,1786512042.644335,0.7973840833
train/std,7503872,1786512047.750931,0.7967540622
train/std,7536640,1786512052.881735,0.7962086797
train/std,7569408,1786512057.998742,0.7951806188
train/std,7602176,1786512063.171904,0.7951843143
train/std,7634944,1786512068.296024,0.7951974869
train/std,7667712,1786512073.430384,0.7949829698
train/std,7700480,1786512078.523577,0.7950866818
train/std,7733248,1786512083.650263,0.7950569987
train/std,7766016,1786512088.758777,0.7943716049
train/std,7798784,1786512093.910021,0.794552803
train/std,7831552,1786512099.006506,0.7943387628
train/std,7864320,1786512104.138274,0.7937023044
train/std,7897088,1786512109.229698,0.7938740849
train/std,7929856,1786512114.369467,0.7931725383
train/std,7962624,1786512119.481234,0.7931130528
train/std,7995392,1786512124.605203,0.7925559878
train/std,8028160,1786512129.690252,0.7914587855
train/value_loss,65536,1786510839.230154,0.01517335791
train/value_loss,98304,1786510844.548192,0.01406402793
train/value_loss,131072,1786510849.913591,0.01891685091
train/value_loss,163840,1786510855.336055,0.01486316789
train/value_loss,196608,1786510860.606764,0.0177163519
train/value_loss,229376,1786510865.942564,0.01650367863
train/value_loss,262144,1786510871.198795,0.01656817272
train/value_loss,294912,1786510876.399564,0.01422000956
train/value_loss,327680,1786510881.626881,0.02285194583
train/value_loss,360448,1786510886.893964,0.02164775692
train/value_loss,393216,1786510892.132177,0.02000585943
train/value_loss,425984,1786510897.398687,0.01504585613
train/value_loss,458752,1786510902.696917,0.01689763367
train/value_loss,491520,1786510908.024531,0.01748951338
train/value_loss,524288,1786510913.321777,0.01676787995
train/value_loss,557056,1786510918.656218,0.01670542918
train/value_loss,589824,1786510923.937486,0.02322194353
train/value_loss,622592,1786510929.278729,0.02129771933
train/value_loss,655360,1786510934.700945,0.0189522095
train/value_loss,688128,1786510940.019476,0.01921731792
train/value_loss,720896,1786510945.439653,0.01837583259
train/value_loss,753664,1786510950.948439,0.01765470952
train/value_loss,786432,1786510956.340309,0.01935832389
train/value_loss,819200,1786510961.772618,0.01753361709
train/value_loss,851968,1786510967.043512,0.01795126311
train/value_loss,884736,1786510972.282841,0.02269017324
train/value_loss,917504,1786510977.605980,0.01723819412
train/value_loss,950272,1786510982.912452,0.01566360705
train/value_loss,983040,1786510988.236863,0.01777105406
train/value_loss,1015808,1786510993.532844,0.02010247484
train/value_loss,1048576,1786510998.774462,0.0178608261
train/value_loss,1081344,1786511004.085259,0.01653732918
train/value_loss,1114112,1786511009.267984,0.02183650807
train/value_loss,1146880,1786511014.492747,0.01784724928
train/value_loss,1179648,1786511019.721740,0.01830541715
train/value_loss,1212416,1786511025.406147,0.01483946946
train/value_loss,1245184,1786511031.217846,0.01931889169
train/value_loss,1277952,1786511037.451688,0.0173476059
train/value_loss,1310720,1786511043.258028,0.0201019384
train/value_loss,1343488,1786511049.060165,0.01737475954
train/value_loss,1376256,1786511055.118431,0.01829159632
train/value_loss,1409024,1786511060.892670,0.01476407982
train/value_loss,1441792,1786511066.780853,0.02339180559
train/value_loss,1474560,1786511072.708748,0.02126605622
train/value_loss,1507328,1786511078.464966,0.02125137486
train/value_loss,1540096,1786511084.765040,0.01269538794
train/value_loss,1572864,1786511090.626538,0.01854982041
train/value_loss,1605632,1786511096.245460,0.02069100551
train/value_loss,1638400,1786511101.749145,0.01899603568
train/value_loss,1671168,1786511107.082375,0.01841070317
train/value_loss,1703936,1786511113.774607,0.01896628365
train/value_loss,1736704,1786511119.186764,0.02086415887
train/value_loss,1769472,1786511124.531408,0.01402068324
train/value_loss,1802240,1786511129.895290,0.01680192351
train/value_loss,1835008,1786511135.671636,0.01671987772
train/value_loss,1867776,1786511141.417943,0.01710304432
train/value_loss,1900544,1786511146.945413,0.0198339764
train/value_loss,1933312,1786511152.460851,0.02252524532
train/value_loss,1966080,1786511157.907300,0.01446878538
train/value_loss,1998848,1786511163.317763,0.01677334309
train/value_loss,2031616,1786511170.661387,0.0176172927
train/value_loss,2064384,1786511176.266614,0.01961603761
train/value_loss,2097152,1786511181.579762,0.01447698846
train/value_loss,2129920,1786511186.843373,0.01343421731
train/value_loss,2162688,1786511192.254586,0.01696597598
train/value_loss,2195456,1786511197.702877,0.02121492289
train/value_loss,2228224,1786511203.172722,0.01771245152
train/value_loss,2260992,1786511208.528361,0.01645316929
train/value_loss,2293760,1786511213.919409,0.01941407658
train/value_loss,2326528,1786511219.341562,0.01930918731
train/value_loss,2359296,1786511224.878884,0.01779638045
train/value_loss,2392064,1786511230.352680,0.02878228389
train/value_loss,2424832,1786511235.763055,0.01939156279
train/value_loss,2457600,1786511241.174651,0.01764223166
train/value_loss,2490368,1786511246.562074,0.02265856788
train/value_loss,2523136,1786511252.529915,0.019737795
train/value_loss,2555904,1786511259.758085,0.01997882128
train/value_loss,2588672,1786511265.271132,0.01953400485
train/value_loss,2621440,1786511270.571338,0.01832471229
train/value_loss,2654208,1786511275.922812,0.02065103315
train/value_loss,2686976,1786511281.351997,0.01579670422
train/value_loss,2719744,1786511286.793422,0.01653438993
train/value_loss,2752512,1786511292.268477,0.01816858165
train/value_loss,2785280,1786511297.628743,0.01755151153
train/value_loss,2818048,1786511303.158239,0.01641507633
train/value_loss,2850816,1786511308.580474,0.01834149286
train/value_loss,2883584,1786511314.159155,0.01694514789
train/value_loss,2916352,1786511319.944189,0.02076810785
train/value_loss,2949120,1786511327.194109,0.02350557782
train/value_loss,2981888,1786511334.781344,0.02318374626
train/value_loss,3014656,1786511340.355327,0.02162645198
train/value_loss,3047424,1786511345.492524,0.01746278815
train/value_loss,3080192,1786511350.664075,0.0213011466
train/value_loss,3112960,1786511355.838151,0.02041994967
train/value_loss,3145728,1786511360.976619,0.01898882724
train/value_loss,3178496,1786511366.234747,0.01569479145
train/value_loss,3211264,1786511371.515261,0.01681695133
train/value_loss,3244032,1786511376.685832,0.01708341204
train/value_loss,3276800,1786511381.892665,0.01352433395
train/value_loss,3309568,1786511387.052905,0.01951402426
train/value_loss,3342336,1786511392.271632,0.01891507767
train/value_loss,3375104,1786511397.562930,0.01950152218
train/value_loss,3407872,1786511403.829430,0.01886029728
train/value_loss,3440640,1786511411.727558,0.01352037396
train/value_loss,3473408,1786511417.006311,0.02001197822
train/value_loss,3506176,1786511422.274797,0.02131439559
train/value_loss,3538944,1786511427.353299,0.02031767555
train/value_loss,3571712,1786511432.372773,0.01286828052
train/value_loss,3604480,1786511437.415628,0.02294943668
train/value_loss,3637248,1786511442.508434,0.02398054302
train/value_loss,3670016,1786511447.626278,0.01553495508
train/value_loss,3702784,1786511452.736442,0.02815225162
train/value_loss,3735552,1786511457.874066,0.01933227107
train/value_loss,3768320,1786511463.103455,0.01953305118
train/value_loss,3801088,1786511468.237005,0.01883363724
train/value_loss,3833856,1786511473.380749,0.01897904277
train/value_loss,3866624,1786511478.475363,0.01563661918
train/value_loss,3899392,1786511483.597205,0.01993995532
train/value_loss,3932160,1786511488.694324,0.0207487829
train/value_loss,3964928,1786511493.838433,0.01626878977
train/value_loss,3997696,1786511498.945797,0.0147981979
train/value_loss,4030464,1786511504.088595,0.01642384753
train/value_loss,4063232,1786511509.194544,0.01795185544
train/value_loss,4096000,1786511514.357040,0.02003124729
train/value_loss,4128768,1786511519.474566,0.02023374848
train/value_loss,4161536,1786511524.624107,0.02049094066
train/value_loss,4194304,1786511529.732924,0.01952288114
train/value_loss,4227072,1786511534.876679,0.0221459046
train/value_loss,4259840,1786511539.981939,0.01856852509
train/value_loss,4292608,1786511545.122829,0.01962463185
train/value_loss,4325376,1786511550.385560,0.01638477668
train/value_loss,4358144,1786511555.753034,0.02140879817
train/value_loss,4390912,1786511560.884720,0.01899768598
train/value_loss,4423680,1786511566.183552,0.02052191086
train/value_loss,4456448,1786511571.460012,0.02182062715
train/value_loss,4489216,1786511576.700473,0.02112530172
train/value_loss,4521984,1786511581.943565,0.02214498073
train/value_loss,4554752,1786511587.145189,0.01871692203
train/value_loss,4587520,1786511592.416532,0.02235688455
train/value_loss,4620288,1786511597.577818,0.02058051527
train/value_loss,4653056,1786511602.669907,0.02080637962
train/value_loss,4685824,1786511607.668939,0.02133002877
train/value_loss,4718592,1786511612.699000,0.02111180499
train/value_loss,4751360,1786511617.706851,0.01685008034
train/value_loss,4784128,1786511622.751035,0.01972247288
train/value_loss,4816896,1786511627.755694,0.01943304762
train/value_loss,4849664,1786511632.795901,0.02147825621
train/value_loss,4882432,1786511637.809374,0.02204198577
train/value_loss,4915200,1786511642.842987,0.02389544062
train/value_loss,4947968,1786511647.837556,0.02448759601
train/value_loss,4980736,1786511652.862338,0.02500221692
train/value_loss,5013504,1786511657.866003,0.01997325569
train/value_loss,5046272,1786511663.014161,0.02824842744
train/value_loss,5079040,1786511668.221866,0.02073746361
train/value_loss,5111808,1786511673.358585,0.02419972606
train/value_loss,5144576,1786511678.457200,0.0217164997
train/value_loss,5177344,1786511683.593881,0.02452996187
train/value_loss,5210112,1786511688.691653,0.02479090728
train/value_loss,5242880,1786511693.815553,0.01869693957
train/value_loss,5275648,1786511698.919601,0.02189863101
train/value_loss,5308416,1786511704.081750,0.02249994688
train/value_loss,5341184,1786511709.182706,0.01943404786
train/value_loss,5373952,1786511714.331675,0.01719885878
train/value_loss,5406720,1786511719.433363,0.02082222328
train/value_loss,5439488,1786511724.616175,0.01841969602
train/value_loss,5472256,1786511729.735845,0.02404689603
train/value_loss,5505024,1786511735.003068,0.01937268488
train/value_loss,5537792,1786511740.246610,0.02300522104
train/value_loss,5570560,1786511745.440856,0.01916362718
train/value_loss,5603328,1786511750.539792,0.01645601913
train/value_loss,5636096,1786511755.803745,0.01626176573
train/value_loss,5668864,1786511760.935749,0.02031780034
train/value_loss,5701632,1786511766.088108,0.02010980248
train/value_loss,5734400,1786511771.195849,0.0157660339
train/value_loss,5767168,1786511776.315929,0.0226200968
train/value_loss,5799936,1786511781.432001,0.01839233749
train/value_loss,5832704,1786511786.546783,0.01795883104
train/value_loss,5865472,1786511791.671719,0.02043719962
train/value_loss,5898240,1786511796.848655,0.01871210895
train/value_loss,5931008,1786511801.994709,0.01733864285
train/value_loss,5963776,1786511807.104259,0.02164052799
train/value_loss,5996544,1786511812.260606,0.01574463956
train/value_loss,6029312,1786511817.363832,0.01618877426
train/value_loss,6062080,1786511822.508715,0.01766402647
train/value_loss,6094848,1786511827.614726,0.02140999772
train/value_loss,6127616,1786511832.767888,0.02065008134
train/value_loss,6160384,1786511837.861024,0.01960688829
train/value_loss,6193152,1786511842.990375,0.01971069537
train/value_loss,6225920,1786511848.090557,0.02480544336
train/value_loss,6258688,1786511853.230648,0.02031401731
train/value_loss,6291456,1786511858.343644,0.01755063049
train/value_loss,6324224,1786511863.475224,0.02154383995
train/value_loss,6356992,1786511868.578186,0.02168846503
train/value_loss,6389760,1786511873.711769,0.0165628586
train/value_loss,6422528,1786511878.825144,0.02263952792
train/value_loss,6455296,1786511883.945319,0.02446326613
train/value_loss,6488064,1786511889.034737,0.01695752144
train/value_loss,6520832,1786511894.183990,0.01655067503
train/value_loss,6553600,1786511899.296165,0.02476068586
train/value_loss,6586368,1786511904.444044,0.0284103211
train/value_loss,6619136,1786511909.538850,0.02000591345
train/value_loss,6651904,1786511914.690798,0.02501192316
train/value_loss,6684672,1786511919.803354,0.0201782845
train/value_loss,6717440,1786511924.944262,0.02064370364
train/value_loss,6750208,1786511930.052062,0.02073282562
train/value_loss,6782976,1786511935.181793,0.02346091717
train/value_loss,6815744,1786511940.269065,0.01584115997
train/value_loss,6848512,1786511945.415769,0.0141991172
train/value_loss,6881280,1786511950.511173,0.02113534696
train/value_loss,6914048,1786511955.644133,0.01643399894
train/value_loss,6946816,1786511960.731265,0.02170830593
train/value_loss,6979584,1786511965.863420,0.01571587473
train/value_loss,7012352,1786511970.967108,0.01992731728
train/value_loss,7045120,1786511976.092376,0.01533503551
train/value_loss,7077888,1786511981.187148,0.02417361364
train/value_loss,7110656,1786511986.306779,0.01777067594
train/value_loss,7143424,1786511991.429965,0.0231047757
train/value_loss,7176192,1786511996.556990,0.0216259975
train/value_loss,7208960,1786512001.692769,0.02133609354
train/value_loss,7241728,1786512006.804561,0.01880543865
train/value_loss,7274496,1786512011.929681,0.01491488982
train/value_loss,7307264,1786512017.035295,0.02199410275
train/value_loss,7340032,1786512022.171660,0.01821632124
train/value_loss,7372800,1786512027.266444,0.02148315124
train/value_loss,7405568,1786512032.396978,0.02012777887
train/value_loss,7438336,1786512037.498478,0.02530856617
train/value_loss,7471104,1786512042.644388,0.02670226805
train/value_loss,7503872,1786512047.751000,0.02223308012
train/value_loss,7536640,1786512052.881796,0.02353067137
train/value_loss,7569408,1786512057.999130,0.02278673463
train/value_loss,7602176,1786512063.172296,0.01997708529
train/value_loss,7634944,1786512068.296401,0.02283420414
train/value_loss,7667712,1786512073.430692,0.01957615092
train/value_loss,7700480,1786512078.523677,0.0215035174
train/value_loss,7733248,1786512083.650332,0.02190969884
train/value_loss,7766016,1786512088.759093,0.02008819953
train/value_loss,7798784,1786512093.910356,0.01703848876
train/value_loss,7831552,1786512099.006936,0.01906093955
train/value_loss,7864320,1786512104.138581,0.02181837335
train/value_loss,7897088,1786512109.230016,0.02073496766
train/value_loss,7929856,1786512114.369782,0.01987406798
train/value_loss,7962624,1786512119.481555,0.02371632122
train/value_loss,7995392,1786512124.605554,0.01632551849
train/value_loss,8028160,1786512129.690585,0.01793369092
