tag,step,wall_time,value
rollout/ep_len_mean,32768,1786503672.580052,833.1142578
rollout/ep_len_mean,65536,1786503677.514345,783.5066528
rollout/ep_len_mean,98304,1786503682.450414,803.5999756
rollout/ep_len_mean,131072,1786503687.363496,799.8499756
rollout/ep_len_mean,163840,1786503692.332494,820.9799805
rollout/ep_len_mean,196608,1786503697.248649,844.6799927
rollout/ep_len_mean,229376,1786503702.189454,840.3900146
rollout/ep_len_mean,262144,1786503707.093462,818.6199951
rollout/ep_len_mean,294912,1786503712.047132,805.1400146
rollout/ep_len_mean,327680,1786503716.974483,790.6799927
rollout/ep_len_mean,360448,1786503721.916839,811.710022
rollout/ep_len_mean,393216,1786503726.820243,863.3900146
rollout/ep_len_mean,425984,1786503731.753993,805.210022
rollout/ep_len_mean,458752,1786503736.717171,833.4199829
rollout/ep_len_mean,491520,1786503741.678676,873.5700073
rollout/ep_len_mean,524288,1786503746.594871,891.4899902
rollout/ep_len_mean,557056,1786503751.535242,866.0999756
rollout/ep_len_mean,589824,1786503756.780570,846.6699829
rollout/ep_len_mean,622592,1786503761.763246,832.2700195
rollout/ep_len_mean,655360,1786503766.527289,867.0100098
rollout/ep_len_mean,688128,1786503771.204371,861.3599854
rollout/ep_len_mean,720896,1786503775.803227,828.2999878
rollout/ep_len_mean,753664,1786503780.322887,834.8099976
rollout/ep_len_mean,786432,1786503784.874105,804.0100098
rollout/ep_len_mean,819200,1786503789.397394,828.2399902
rollout/ep_len_mean,851968,1786503793.966066,873.9400024
rollout/ep_len_mean,884736,1786503798.494747,913.2800293
rollout/ep_len_mean,917504,1786503803.016448,847.0800171
rollout/ep_len_mean,950272,1786503807.534534,857.0200195
rollout/ep_len_mean,983040,1786503812.063772,861.7399902
rollout/ep_len_mean,1015808,1786503816.602248,886.3300171
rollout/ep_len_mean,1048576,1786503821.114811,885.0200195
rollout/ep_len_mean,1081344,1786503825.643194,906.2000122
rollout/ep_len_mean,1114112,1786503830.167320,907.9099731
rollout/ep_len_mean,1146880,1786503834.688916,858.2199707
rollout/ep_len_mean,1179648,1786503839.207937,850.7600098
rollout/ep_len_mean,1212416,1786503843.729397,829.3099976
rollout/ep_len_mean,1245184,1786503848.257593,896.3599854
rollout/ep_len_mean,1277952,1786503852.788931,896.289978
rollout/ep_len_mean,1310720,1786503857.305878,905.0900269
rollout/ep_len_mean,1343488,1786503861.837776,903.8300171
rollout/ep_len_mean,1376256,1786503866.364602,866.710022
rollout/ep_len_mean,1409024,1786503870.885482,909.1500244
rollout/ep_len_mean,1441792,1786503875.404521,904.0300293
rollout/ep_len_mean,1474560,1786503879.924120,901.1300049
rollout/ep_len_mean,1507328,1786503884.462737,864.4500122
rollout/ep_len_mean,1540096,1786503888.985510,892.4899902
rollout/ep_len_mean,1572864,1786503893.533989,910.1799927
rollout/ep_len_mean,1605632,1786503898.052805,936.4400024
rollout/ep_len_mean,1638400,1786503902.572801,923.6300049
rollout/ep_len_mean,1671168,1786503907.095717,903.8400269
rollout/ep_len_mean,1703936,1786503911.618464,898.6900024
rollout/ep_len_mean,1736704,1786503916.139989,906.0300293
rollout/ep_len_mean,1769472,1786503920.677031,899.5599976
rollout/ep_len_mean,1802240,1786503925.208195,825.25
rollout/ep_len_mean,1835008,1786503929.723800,839.4699707
rollout/ep_len_mean,1867776,1786503934.258385,840.3599854
rollout/ep_len_mean,1900544,1786503938.780395,891.5100098
rollout/ep_len_mean,1933312,1786503943.316529,920.3300171
rollout/ep_len_mean,1966080,1786503947.831089,906.5800171
rollout/ep_len_mean,1998848,1786503952.375512,891.7399902
rollout/ep_len_mean,2031616,1786503956.923619,871.3599854
rollout/ep_len_mean,2064384,1786503961.450196,858.2999878
rollout/ep_len_mean,2097152,1786503966.006705,871.289978
rollout/ep_len_mean,2129920,1786503970.539239,874.1699829
rollout/ep_len_mean,2162688,1786503975.151106,891.8499756
rollout/ep_len_mean,2195456,1786503979.684277,884.9400024
rollout/ep_len_mean,2228224,1786503984.221930,913.9799805
rollout/ep_len_mean,2260992,1786503988.762430,905.3900146
rollout/ep_len_mean,2293760,1786503993.305378,895.4199829
rollout/ep_len_mean,2326528,1786503997.832874,900.4199829
rollout/ep_len_mean,2359296,1786504002.398227,876.25
rollout/ep_len_mean,2392064,1786504006.921365,878.6400146
rollout/ep_len_mean,2424832,1786504011.460647,891.8699951
rollout/ep_len_mean,2457600,1786504015.993668,894
rollout/ep_len_mean,2490368,1786504020.539888,912.3499756
rollout/ep_len_mean,2523136,1786504025.089317,900.9899902
rollout/ep_len_mean,2555904,1786504029.612621,908.5599976
rollout/ep_len_mean,2588672,1786504034.131435,876.1400146
rollout/ep_len_mean,2621440,1786504038.655932,851.7000122
rollout/ep_len_mean,2654208,1786504043.172192,847.8300171
rollout/ep_len_mean,2686976,1786504047.683524,867.6799927
rollout/ep_len_mean,2719744,1786504052.212149,895.9000244
rollout/ep_len_mean,2752512,1786504056.748473,899.3400269
rollout/ep_len_mean,2785280,1786504061.277123,883.0200195
rollout/ep_len_mean,2818048,1786504065.796737,872.6099854
rollout/ep_len_mean,2850816,1786504070.326931,883.4500122
rollout/ep_len_mean,2883584,1786504074.899586,871.1199951
rollout/ep_len_mean,2916352,1786504079.449803,873.9500122
rollout/ep_len_mean,2949120,1786504083.995368,885.5300293
rollout/ep_len_mean,2981888,1786504088.523686,864.8499756
rollout/ep_len_mean,3014656,1786504093.049497,889.210022
rollout/ep_len_mean,3047424,1786504097.576378,912.960022
rollout/ep_len_mean,3080192,1786504102.106196,938.289978
rollout/ep_len_mean,3112960,1786504106.637501,911.5800171
rollout/ep_len_mean,3145728,1786504111.174397,928.2299805
rollout/ep_len_mean,3178496,1786504115.737211,931.8400269
rollout/ep_len_mean,3211264,1786504120.264524,951.3599854
rollout/ep_len_mean,3244032,1786504124.787681,914.2399902
rollout/ep_len_mean,3276800,1786504129.320810,901.2399902
rollout/ep_len_mean,3309568,1786504133.882950,914.7399902
rollout/ep_len_mean,3342336,1786504138.434641,942.5
rollout/ep_len_mean,3375104,1786504142.973188,906.8800049
rollout/ep_len_mean,3407872,1786504147.511585,898.3099976
rollout/ep_len_mean,3440640,1786504152.038219,901.8599854
rollout/ep_len_mean,3473408,1786504156.566369,932.8099976
rollout/ep_len_mean,3506176,1786504161.098790,939.4400024
rollout/ep_len_mean,3538944,1786504165.638694,922.9299927
rollout/ep_len_mean,3571712,1786504170.184279,909.5
rollout/ep_len_mean,3604480,1786504174.735449,900.5499878
rollout/ep_len_mean,3637248,1786504179.280718,892.0999756
rollout/ep_len_mean,3670016,1786504183.813430,874.5800171
rollout/ep_len_mean,3702784,1786504188.357281,894.8499756
rollout/ep_len_mean,3735552,1786504192.900848,878.75
rollout/ep_len_mean,3768320,1786504197.431725,882.1500244
rollout/ep_len_mean,3801088,1786504201.982955,902.0200195
rollout/ep_len_mean,3833856,1786504206.512671,911.8800049
rollout/ep_len_mean,3866624,1786504211.062277,907.3300171
rollout/ep_len_mean,3899392,1786504215.597393,890.0900269
rollout/ep_len_mean,3932160,1786504220.120524,869.4400024
rollout/ep_len_mean,3964928,1786504224.661956,881.1500244
rollout/ep_len_mean,3997696,1786504229.205981,874.0999756
rollout/ep_len_mean,4030464,1786504233.765437,918.7999878
rollout/ep_len_mean,4063232,1786504238.298669,928.1900024
rollout/ep_len_mean,4096000,1786504242.855424,939.6900024
rollout/ep_len_mean,4128768,1786504247.407635,905.4899902
rollout/ep_len_mean,4161536,1786504251.968360,917.6799927
rollout/ep_len_mean,4194304,1786504256.509639,909.1599731
rollout/ep_len_mean,4227072,1786504261.058496,923.289978
rollout/ep_len_mean,4259840,1786504265.609281,922.4299927
rollout/ep_len_mean,4292608,1786504270.149859,896.3400269
rollout/ep_len_mean,4325376,1786504274.739061,889.9400024
rollout/ep_len_mean,4358144,1786504279.280923,919.9000244
rollout/ep_len_mean,4390912,1786504283.820360,945.1699829
rollout/ep_len_mean,4423680,1786504288.352643,953.1799927
rollout/ep_len_mean,4456448,1786504292.895119,942.789978
rollout/ep_len_mean,4489216,1786504297.445574,926.8099976
rollout/ep_len_mean,4521984,1786504301.998887,932.4299927
rollout/ep_len_mean,4554752,1786504306.538086,910.6799927
rollout/ep_len_mean,4587520,1786504311.078224,900.4500122
rollout/ep_len_mean,4620288,1786504315.623106,892.8300171
rollout/ep_len_mean,4653056,1786504320.166200,898.1900024
rollout/ep_len_mean,4685824,1786504324.707324,900.6400146
rollout/ep_len_mean,4718592,1786504329.257555,906.4500122
rollout/ep_len_mean,4751360,1786504333.847253,908.9899902
rollout/ep_len_mean,4784128,1786504338.384374,901.3300171
rollout/ep_len_mean,4816896,1786504342.924452,913.7399902
rollout/ep_len_mean,4849664,1786504347.468204,927.8699951
rollout/ep_len_mean,4882432,1786504352.028755,907.9400024
rollout/ep_len_mean,4915200,1786504356.565706,938.1199951
rollout/ep_len_mean,4947968,1786504361.123468,935.0100098
rollout/ep_len_mean,4980736,1786504365.686178,929.6199951
rollout/ep_len_mean,5013504,1786504370.240222,928.1500244
rollout/ep_rew_mean,32768,1786503672.580077,51.60157776
rollout/ep_rew_mean,65536,1786503677.514361,48.66663742
rollout/ep_rew_mean,98304,1786503682.450433,49.51834488
rollout/ep_rew_mean,131072,1786503687.363515,49.2591095
rollout/ep_rew_mean,163840,1786503692.332514,50.48662186
rollout/ep_rew_mean,196608,1786503697.248665,51.84839249
rollout/ep_rew_mean,229376,1786503702.189474,52.28847122
rollout/ep_rew_mean,262144,1786503707.093482,50.41532516
rollout/ep_rew_mean,294912,1786503712.047149,50.16292572
rollout/ep_rew_mean,327680,1786503716.974503,49.29901886
rollout/ep_rew_mean,360448,1786503721.916855,50.195858
rollout/ep_rew_mean,393216,1786503726.820263,52.76329422
rollout/ep_rew_mean,425984,1786503731.754017,48.87888718
rollout/ep_rew_mean,458752,1786503736.717191,50.97846222
rollout/ep_rew_mean,491520,1786503741.678696,53.62117386
rollout/ep_rew_mean,524288,1786503746.594890,55.48249054
rollout/ep_rew_mean,557056,1786503751.535261,53.96936417
rollout/ep_rew_mean,589824,1786503756.780608,53.09721756
rollout/ep_rew_mean,622592,1786503761.763264,51.40697098
rollout/ep_rew_mean,655360,1786503766.527307,53.91687012
rollout/ep_rew_mean,688128,1786503771.204389,53.77895355
rollout/ep_rew_mean,720896,1786503775.803249,51.85434723
rollout/ep_rew_mean,753664,1786503780.322905,52.66548157
rollout/ep_rew_mean,786432,1786503784.874123,50.53850937
rollout/ep_rew_mean,819200,1786503789.397412,52.6101532
rollout/ep_rew_mean,851968,1786503793.966083,55.38777924
rollout/ep_rew_mean,884736,1786503798.494765,57.71439362
rollout/ep_rew_mean,917504,1786503803.016465,52.92056274
rollout/ep_rew_mean,950272,1786503807.534552,54.03206253
rollout/ep_rew_mean,983040,1786503812.063788,54.16503143
rollout/ep_rew_mean,1015808,1786503816.602285,56.17197418
rollout/ep_rew_mean,1048576,1786503821.114829,55.98415756
rollout/ep_rew_mean,1081344,1786503825.643209,57.23564148
rollout/ep_rew_mean,1114112,1786503830.167338,57.19349289
rollout/ep_rew_mean,1146880,1786503834.688934,53.9090538
rollout/ep_rew_mean,1179648,1786503839.207956,53.87220001
rollout/ep_rew_mean,1212416,1786503843.729414,52.03707123
rollout/ep_rew_mean,1245184,1786503848.257609,55.97491837
rollout/ep_rew_mean,1277952,1786503852.788949,56.68362045
rollout/ep_rew_mean,1310720,1786503857.305896,57.70790863
rollout/ep_rew_mean,1343488,1786503861.837793,58.10085297
rollout/ep_rew_mean,1376256,1786503866.364619,55.1890564
rollout/ep_rew_mean,1409024,1786503870.885499,57.5213356
rollout/ep_rew_mean,1441792,1786503875.404539,58.13296509
rollout/ep_rew_mean,1474560,1786503879.924138,57.81496048
rollout/ep_rew_mean,1507328,1786503884.462754,54.6041069
rollout/ep_rew_mean,1540096,1786503888.985531,56.59769058
rollout/ep_rew_mean,1572864,1786503893.534007,58.22919846
rollout/ep_rew_mean,1605632,1786503898.052826,60.80991364
rollout/ep_rew_mean,1638400,1786503902.572819,59.36876678
rollout/ep_rew_mean,1671168,1786503907.095734,58.1932869
rollout/ep_rew_mean,1703936,1786503911.618482,57.70606995
rollout/ep_rew_mean,1736704,1786503916.140006,58.98342896
rollout/ep_rew_mean,1769472,1786503920.677048,58.14056396
rollout/ep_rew_mean,1802240,1786503925.208213,53.44860458
rollout/ep_rew_mean,1835008,1786503929.723817,54.45632553
rollout/ep_rew_mean,1867776,1786503934.258402,53.76739502
rollout/ep_rew_mean,1900544,1786503938.780412,56.94796371
rollout/ep_rew_mean,1933312,1786503943.316546,58.02945328
rollout/ep_rew_mean,1966080,1786503947.831110,58.58908081
rollout/ep_rew_mean,1998848,1786503952.375530,57.99990845
rollout/ep_rew_mean,2031616,1786503956.923637,56.82486343
rollout/ep_rew_mean,2064384,1786503961.450212,54.55318451
rollout/ep_rew_mean,2097152,1786503966.006722,55.96842957
rollout/ep_rew_mean,2129920,1786503970.539255,56.6625061
rollout/ep_rew_mean,2162688,1786503975.151123,58.65259552
rollout/ep_rew_mean,2195456,1786503979.684293,56.64117432
rollout/ep_rew_mean,2228224,1786503984.221947,58.36409378
rollout/ep_rew_mean,2260992,1786503988.762447,58.45654678
rollout/ep_rew_mean,2293760,1786503993.305397,58.9086647
rollout/ep_rew_mean,2326528,1786503997.832892,59.91269684
rollout/ep_rew_mean,2359296,1786504002.398243,57.47103882
rollout/ep_rew_mean,2392064,1786504006.921383,57.16521072
rollout/ep_rew_mean,2424832,1786504011.460665,58.21007919
rollout/ep_rew_mean,2457600,1786504015.993686,59.21747971
rollout/ep_rew_mean,2490368,1786504020.539905,60.66723251
rollout/ep_rew_mean,2523136,1786504025.089334,59.54280472
rollout/ep_rew_mean,2555904,1786504029.612638,59.89432907
rollout/ep_rew_mean,2588672,1786504034.131453,57.49263
rollout/ep_rew_mean,2621440,1786504038.655953,56.02051544
rollout/ep_rew_mean,2654208,1786504043.172208,55.96218872
rollout/ep_rew_mean,2686976,1786504047.683542,57.84885025
rollout/ep_rew_mean,2719744,1786504052.212167,60.10191345
rollout/ep_rew_mean,2752512,1786504056.748490,59.86791611
rollout/ep_rew_mean,2785280,1786504061.277140,57.77690887
rollout/ep_rew_mean,2818048,1786504065.796754,58.00059128
rollout/ep_rew_mean,2850816,1786504070.326949,59.35521317
rollout/ep_rew_mean,2883584,1786504074.899603,58.7040863
rollout/ep_rew_mean,2916352,1786504079.449821,58.19706345
rollout/ep_rew_mean,2949120,1786504083.995385,58.87427902
rollout/ep_rew_mean,2981888,1786504088.523704,57.25484467
rollout/ep_rew_mean,3014656,1786504093.049519,59.57099152
rollout/ep_rew_mean,3047424,1786504097.576395,61.71367264
rollout/ep_rew_mean,3080192,1786504102.106213,63.28356934
rollout/ep_rew_mean,3112960,1786504106.637519,60.9720993
rollout/ep_rew_mean,3145728,1786504111.174415,61.8249588
rollout/ep_rew_mean,3178496,1786504115.737226,62.00771713
rollout/ep_rew_mean,3211264,1786504120.264542,63.55940247
rollout/ep_rew_mean,3244032,1786504124.787697,61.24504471
rollout/ep_rew_mean,3276800,1786504129.320827,60.49148941
rollout/ep_rew_mean,3309568,1786504133.882968,61.26183701
rollout/ep_rew_mean,3342336,1786504138.434659,63.05619431
rollout/ep_rew_mean,3375104,1786504142.973205,60.75246811
rollout/ep_rew_mean,3407872,1786504147.511602,60.18938065
rollout/ep_rew_mean,3440640,1786504152.038236,61.18637848
rollout/ep_rew_mean,3473408,1786504156.566385,63.60774612
rollout/ep_rew_mean,3506176,1786504161.098807,64.16474915
rollout/ep_rew_mean,3538944,1786504165.638712,62.70707703
rollout/ep_rew_mean,3571712,1786504170.184296,62.39592361
rollout/ep_rew_mean,3604480,1786504174.735465,62.24489975
rollout/ep_rew_mean,3637248,1786504179.280734,61.23982239
rollout/ep_rew_mean,3670016,1786504183.813448,59.74056244
rollout/ep_rew_mean,3702784,1786504188.357299,61.08808136
rollout/ep_rew_mean,3735552,1786504192.900864,60.04725266
rollout/ep_rew_mean,3768320,1786504197.431743,60.09807968
rollout/ep_rew_mean,3801088,1786504201.982972,61.57030869
rollout/ep_rew_mean,3833856,1786504206.512688,62.25811005
rollout/ep_rew_mean,3866624,1786504211.062295,62.19801331
rollout/ep_rew_mean,3899392,1786504215.597410,61.28731918
rollout/ep_rew_mean,3932160,1786504220.120541,59.59569168
rollout/ep_rew_mean,3964928,1786504224.661972,60.27124786
rollout/ep_rew_mean,3997696,1786504229.205998,59.61211014
rollout/ep_rew_mean,4030464,1786504233.765455,62.91523361
rollout/ep_rew_mean,4063232,1786504238.298687,63.15302277
rollout/ep_rew_mean,4096000,1786504242.855441,64.01861572
rollout/ep_rew_mean,4128768,1786504247.407653,62.40642166
rollout/ep_rew_mean,4161536,1786504251.968376,63.33900833
rollout/ep_rew_mean,4194304,1786504256.509659,62.14626694
rollout/ep_rew_mean,4227072,1786504261.058514,63.60598755
rollout/ep_rew_mean,4259840,1786504265.609303,63.62387085
rollout/ep_rew_mean,4292608,1786504270.149876,62.36536407
rollout/ep_rew_mean,4325376,1786504274.739077,61.8156662
rollout/ep_rew_mean,4358144,1786504279.280940,63.3183136
rollout/ep_rew_mean,4390912,1786504283.820377,64.98677826
rollout/ep_rew_mean,4423680,1786504288.352659,66.01081848
rollout/ep_rew_mean,4456448,1786504292.895136,66.62814331
rollout/ep_rew_mean,4489216,1786504297.445592,65.25099945
rollout/ep_rew_mean,4521984,1786504301.998904,65.67948151
rollout/ep_rew_mean,4554752,1786504306.538105,63.73184204
rollout/ep_rew_mean,4587520,1786504311.078240,62.85806656
rollout/ep_rew_mean,4620288,1786504315.623121,62.57725525
rollout/ep_rew_mean,4653056,1786504320.166217,63.40151978
rollout/ep_rew_mean,4685824,1786504324.707340,63.62545013
rollout/ep_rew_mean,4718592,1786504329.257572,64.27625275
rollout/ep_rew_mean,4751360,1786504333.847270,64.13758087
rollout/ep_rew_mean,4784128,1786504338.384390,63.58160019
rollout/ep_rew_mean,4816896,1786504342.924474,63.69221115
rollout/ep_rew_mean,4849664,1786504347.468221,64.89225006
rollout/ep_rew_mean,4882432,1786504352.028772,64.08889771
rollout/ep_rew_mean,4915200,1786504356.565724,67.21533203
rollout/ep_rew_mean,4947968,1786504361.123485,67.18054962
rollout/ep_rew_mean,4980736,1786504365.686194,66.47039032
rollout/ep_rew_mean,5013504,1786504370.240240,65.22232819
time/fps,32768,1786503672.580089,12995
time/fps,65536,1786503677.514367,8789
time/fps,98304,1786503682.450438,7932
time/fps,131072,1786503687.363521,7574
time/fps,163840,1786503692.332521,7355
time/fps,196608,1786503697.248670,7230
time/fps,229376,1786503702.189480,7138
time/fps,262144,1786503707.093488,7078
time/fps,294912,1786503712.047154,7023
time/fps,327680,1786503716.974509,6984
time/fps,360448,1786503721.916860,6950
time/fps,393216,1786503726.820270,6927
time/fps,425984,1786503731.754023,6904
time/fps,458752,1786503736.717197,6882
time/fps,491520,1786503741.678701,6862
time/fps,524288,1786503746.594895,6850
time/fps,557056,1786503751.535268,6837
time/fps,589824,1786503756.780613,6801
time/fps,622592,1786503761.763269,6789
time/fps,655360,1786503766.527312,6793
time/fps,688128,1786503771.204394,6803
time/fps,720896,1786503775.803256,6817
time/fps,753664,1786503780.322910,6835
time/fps,786432,1786503784.874128,6849
time/fps,819200,1786503789.397417,6864
time/fps,851968,1786503793.966088,6875
time/fps,884736,1786503798.494770,6888
time/fps,917504,1786503803.016470,6900
time/fps,950272,1786503807.534557,6912
time/fps,983040,1786503812.063793,6922
time/fps,1015808,1786503816.602290,6931
time/fps,1048576,1786503821.114834,6941
time/fps,1081344,1786503825.643215,6950
time/fps,1114112,1786503830.167343,6958
time/fps,1146880,1786503834.688939,6966
time/fps,1179648,1786503839.207961,6973
time/fps,1212416,1786503843.729419,6981
time/fps,1245184,1786503848.257614,6987
time/fps,1277952,1786503852.788954,6993
time/fps,1310720,1786503857.305901,6999
time/fps,1343488,1786503861.837798,7005
time/fps,1376256,1786503866.364624,7010
time/fps,1409024,1786503870.885505,7016
time/fps,1441792,1786503875.404544,7021
time/fps,1474560,1786503879.924143,7026
time/fps,1507328,1786503884.462759,7030
time/fps,1540096,1786503888.985536,7034
time/fps,1572864,1786503893.534012,7038
time/fps,1605632,1786503898.052831,7042
time/fps,1638400,1786503902.572824,7046
time/fps,1671168,1786503907.095739,7050
time/fps,1703936,1786503911.618487,7053
time/fps,1736704,1786503916.140011,7057
time/fps,1769472,1786503920.677053,7060
time/fps,1802240,1786503925.208218,7063
time/fps,1835008,1786503929.723822,7066
time/fps,1867776,1786503934.258407,7069
time/fps,1900544,1786503938.780422,7072
time/fps,1933312,1786503943.316551,7075
time/fps,1966080,1786503947.831115,7078
time/fps,1998848,1786503952.375535,7080
time/fps,2031616,1786503956.923642,7082
time/fps,2064384,1786503961.450217,7084
time/fps,2097152,1786503966.006727,7086
time/fps,2129920,1786503970.539260,7088
time/fps,2162688,1786503975.151128,7088
time/fps,2195456,1786503979.684298,7090
time/fps,2228224,1786503984.221952,7092
time/fps,2260992,1786503988.762458,7094
time/fps,2293760,1786503993.305402,7096
time/fps,2326528,1786503997.832897,7097
time/fps,2359296,1786504002.398248,7099
time/fps,2392064,1786504006.921388,7101
time/fps,2424832,1786504011.460671,7102
time/fps,2457600,1786504015.993691,7104
time/fps,2490368,1786504020.539911,7105
time/fps,2523136,1786504025.089339,7106
time/fps,2555904,1786504029.612643,7108
time/fps,2588672,1786504034.131458,7110
time/fps,2621440,1786504038.655958,7111
time/fps,2654208,1786504043.172213,7113
time/fps,2686976,1786504047.683547,7115
time/fps,2719744,1786504052.212172,7116
time/fps,2752512,1786504056.748495,7118
time/fps,2785280,1786504061.277146,7119
time/fps,2818048,1786504065.796760,7120
time/fps,2850816,1786504070.326954,7122
time/fps,2883584,1786504074.899608,7122
time/fps,2916352,1786504079.449826,7123
time/fps,2949120,1786504083.995391,7124
time/fps,2981888,1786504088.523709,7125
time/fps,3014656,1786504093.049524,7126
time/fps,3047424,1786504097.576401,7128
time/fps,3080192,1786504102.106218,7129
time/fps,3112960,1786504106.637524,7130
time/fps,3145728,1786504111.174420,7131
time/fps,3178496,1786504115.737235,7131
time/fps,3211264,1786504120.264547,7132
time/fps,3244032,1786504124.787702,7133
time/fps,3276800,1786504129.320832,7134
time/fps,3309568,1786504133.882973,7135
time/fps,3342336,1786504138.434664,7136
time/fps,3375104,1786504142.973210,7136
time/fps,3407872,1786504147.511607,7137
time/fps,3440640,1786504152.038241,7138
time/fps,3473408,1786504156.566390,7139
time/fps,3506176,1786504161.098812,7140
time/fps,3538944,1786504165.638717,7141
time/fps,3571712,1786504170.184302,7141
time/fps,3604480,1786504174.735470,7142
time/fps,3637248,1786504179.280738,7142
time/fps,3670016,1786504183.813453,7143
time/fps,3702784,1786504188.357304,7144
time/fps,3735552,1786504192.900869,7144
time/fps,3768320,1786504197.431748,7145
time/fps,3801088,1786504201.982977,7145
time/fps,3833856,1786504206.512693,7146
time/fps,3866624,1786504211.062300,7147
time/fps,3899392,1786504215.597415,7147
time/fps,3932160,1786504220.120546,7148
time/fps,3964928,1786504224.661977,7149
time/fps,3997696,1786504229.206003,7149
time/fps,4030464,1786504233.765460,7149
time/fps,4063232,1786504238.298692,7150
time/fps,4096000,1786504242.855446,7150
time/fps,4128768,1786504247.407658,7151
time/fps,4161536,1786504251.968381,7151
time/fps,4194304,1786504256.509664,7152
time/fps,4227072,1786504261.058519,7152
time/fps,4259840,1786504265.609308,7152
time/fps,4292608,1786504270.149881,7153
time/fps,4325376,1786504274.739081,7153
time/fps,4358144,1786504279.280945,7153
time/fps,4390912,1786504283.820382,7154
time/fps,4423680,1786504288.352665,7154
time/fps,4456448,1786504292.895141,7155
time/fps,4489216,1786504297.445597,7155
time/fps,4521984,1786504301.998909,7155
time/fps,4554752,1786504306.538110,7156
time/fps,4587520,1786504311.078245,7156
time/fps,4620288,1786504315.623127,7156
time/fps,4653056,1786504320.166222,7157
time/fps,4685824,1786504324.707345,7157
time/fps,4718592,1786504329.257577,7158
time/fps,4751360,1786504333.847275,7157
time/fps,4784128,1786504338.384395,7158
time/fps,4816896,1786504342.924480,7158
time/fps,4849664,1786504347.468227,7159
time/fps,4882432,1786504352.028778,7159
time/fps,4915200,1786504356.565729,7159
time/fps,4947968,1786504361.123490,7159
time/fps,4980736,1786504365.686199,7160
time/fps,5013504,1786504370.240245,7160
train/approx_kl,65536,1786503677.514372,0.01596485078
train/approx_kl,98304,1786503682.450443,0.0168303214
train/approx_kl,131072,1786503687.363527,0.01630416512
train/approx_kl,163840,1786503692.332527,0.01663564891
train/approx_kl,196608,1786503697.248674,0.01627170853
train/approx_kl,229376,1786503702.189485,0.0166452527
train/approx_kl,262144,1786503707.093495,0.01651261002
train/approx_kl,294912,1786503712.047158,0.01691357791
train/approx_kl,327680,1786503716.974514,0.01718752086
train/approx_kl,360448,1786503721.916864,0.01663235016
train/approx_kl,393216,1786503726.820276,0.01711200923
train/approx_kl,425984,1786503731.754029,0.01756371558
train/approx_kl,458752,1786503736.717203,0.01655942574
train/approx_kl,491520,1786503741.678706,0.01653889194
train/approx_kl,524288,1786503746.594900,0.01718403026
train/approx_kl,557056,1786503751.535273,0.01741206646
train/approx_kl,589824,1786503756.780617,0.01741842926
train/approx_kl,622592,1786503761.763273,0.01673659682
train/approx_kl,655360,1786503766.527317,0.01695640571
train/approx_kl,688128,1786503771.204399,0.01673396304
train/approx_kl,720896,1786503775.803262,0.01759752445
train/approx_kl,753664,1786503780.322915,0.01800527237
train/approx_kl,786432,1786503784.874133,0.01765004545
train/approx_kl,819200,1786503789.397422,0.01692330465
train/approx_kl,851968,1786503793.966093,0.01741818711
train/approx_kl,884736,1786503798.494775,0.01705959067
train/approx_kl,917504,1786503803.016475,0.01655355468
train/approx_kl,950272,1786503807.534562,0.01731236838
train/approx_kl,983040,1786503812.063798,0.0175986141
train/approx_kl,1015808,1786503816.602295,0.01662220806
train/approx_kl,1048576,1786503821.114839,0.01767193899
train/approx_kl,1081344,1786503825.643220,0.01673991792
train/approx_kl,1114112,1786503830.167348,0.01749791019
train/approx_kl,1146880,1786503834.688943,0.01699764095
train/approx_kl,1179648,1786503839.207966,0.0174511373
train/approx_kl,1212416,1786503843.729424,0.01733754203
train/approx_kl,1245184,1786503848.257619,0.01747108437
train/approx_kl,1277952,1786503852.788960,0.01715974137
train/approx_kl,1310720,1786503857.305906,0.01720903814
train/approx_kl,1343488,1786503861.837803,0.01702321693
train/approx_kl,1376256,1786503866.364630,0.01755117252
train/approx_kl,1409024,1786503870.885510,0.01724201068
train/approx_kl,1441792,1786503875.404549,0.01758498512
train/approx_kl,1474560,1786503879.924148,0.01686571911
train/approx_kl,1507328,1786503884.462764,0.0182697475
train/approx_kl,1540096,1786503888.985541,0.01838842221
train/approx_kl,1572864,1786503893.534017,0.01770107821
train/approx_kl,1605632,1786503898.052836,0.01745406725
train/approx_kl,1638400,1786503902.572829,0.01780290343
train/approx_kl,1671168,1786503907.095744,0.01742812619
train/approx_kl,1703936,1786503911.618496,0.01740906574
train/approx_kl,1736704,1786503916.140016,0.01778746396
train/approx_kl,1769472,1786503920.677057,0.01737382822
train/approx_kl,1802240,1786503925.208223,0.01759116724
train/approx_kl,1835008,1786503929.723827,0.01847900264
train/approx_kl,1867776,1786503934.258412,0.01770301722
train/approx_kl,1900544,1786503938.780427,0.01807953417
train/approx_kl,1933312,1786503943.316556,0.01757935621
train/approx_kl,1966080,1786503947.831119,0.01796270907
train/approx_kl,1998848,1786503952.375540,0.0175380297
train/approx_kl,2031616,1786503956.923647,0.01810262352
train/approx_kl,2064384,1786503961.450221,0.01797320694
train/approx_kl,2097152,1786503966.006732,0.01855135709
train/approx_kl,2129920,1786503970.539265,0.01888403483
train/approx_kl,2162688,1786503975.151133,0.01811032742
train/approx_kl,2195456,1786503979.684302,0.01783815399
train/approx_kl,2228224,1786503984.221957,0.01852774061
train/approx_kl,2260992,1786503988.762462,0.01810108498
train/approx_kl,2293760,1786503993.305407,0.01812815294
train/approx_kl,2326528,1786503997.832902,0.01763542555
train/approx_kl,2359296,1786504002.398252,0.0175572671
train/approx_kl,2392064,1786504006.921393,0.0185155794
train/approx_kl,2424832,1786504011.460676,0.01786731929
train/approx_kl,2457600,1786504015.993696,0.01781453937
train/approx_kl,2490368,1786504020.539915,0.01820887253
train/approx_kl,2523136,1786504025.089343,0.01824347861
train/approx_kl,2555904,1786504029.612648,0.01805060729
train/approx_kl,2588672,1786504034.131463,0.01808828302
train/approx_kl,2621440,1786504038.655963,0.01871712133
train/approx_kl,2654208,1786504043.172218,0.01861109212
train/approx_kl,2686976,1786504047.683552,0.01787735894
train/approx_kl,2719744,1786504052.212177,0.01796349883
train/approx_kl,2752512,1786504056.748500,0.01792619191
train/approx_kl,2785280,1786504061.277150,0.01791815087
train/approx_kl,2818048,1786504065.796765,0.01860141382
train/approx_kl,2850816,1786504070.326958,0.01812344044
train/approx_kl,2883584,1786504074.899613,0.01819208637
train/approx_kl,2916352,1786504079.449831,0.01796628907
train/approx_kl,2949120,1786504083.995395,0.01846681163
train/approx_kl,2981888,1786504088.523714,0.0194401741
train/approx_kl,3014656,1786504093.049528,0.01892931387
train/approx_kl,3047424,1786504097.576406,0.01826983877
train/approx_kl,3080192,1786504102.106223,0.01831221394
train/approx_kl,3112960,1786504106.637529,0.01875332743
train/approx_kl,3145728,1786504111.174425,0.01872193255
train/approx_kl,3178496,1786504115.737240,0.0186799597
train/approx_kl,3211264,1786504120.264552,0.01869761571
train/approx_kl,3244032,1786504124.787706,0.01870037802
train/approx_kl,3276800,1786504129.320837,0.01859176531
train/approx_kl,3309568,1786504133.882978,0.01862165332
train/approx_kl,3342336,1786504138.434669,0.01839949191
train/approx_kl,3375104,1786504142.973215,0.01893614978
train/approx_kl,3407872,1786504147.511612,0.01808695868
train/approx_kl,3440640,1786504152.038246,0.01867696643
train/approx_kl,3473408,1786504156.566395,0.01897337288
train/approx_kl,3506176,1786504161.098817,0.01935264096
train/approx_kl,3538944,1786504165.638722,0.01864689961
train/approx_kl,3571712,1786504170.184307,0.01868965477
train/approx_kl,3604480,1786504174.735475,0.0180642195
train/approx_kl,3637248,1786504179.280743,0.01953668706
train/approx_kl,3670016,1786504183.813458,0.0186830014
train/approx_kl,3702784,1786504188.357308,0.01909309626
train/approx_kl,3735552,1786504192.900873,0.01882870495
train/approx_kl,3768320,1786504197.431753,0.01947691664
train/approx_kl,3801088,1786504201.982982,0.01927006245
train/approx_kl,3833856,1786504206.512698,0.01875164732
train/approx_kl,3866624,1786504211.062305,0.01889340393
train/approx_kl,3899392,1786504215.597419,0.01938543096
train/approx_kl,3932160,1786504220.120550,0.01917370409
train/approx_kl,3964928,1786504224.661981,0.01911984012
train/approx_kl,3997696,1786504229.206008,0.01940481924
train/approx_kl,4030464,1786504233.765465,0.01910867915
train/approx_kl,4063232,1786504238.298697,0.01916009933
train/approx_kl,4096000,1786504242.855454,0.01955565251
train/approx_kl,4128768,1786504247.407663,0.01890620962
train/approx_kl,4161536,1786504251.968385,0.01923185214
train/approx_kl,4194304,1786504256.509669,0.0194667615
train/approx_kl,4227072,1786504261.058524,0.01930099912
train/approx_kl,4259840,1786504265.609312,0.01932047121
train/approx_kl,4292608,1786504270.149886,0.01844781265
train/approx_kl,4325376,1786504274.739086,0.01903104782
train/approx_kl,4358144,1786504279.280950,0.01982101426
train/approx_kl,4390912,1786504283.820387,0.01904264838
train/approx_kl,4423680,1786504288.352669,0.01995791309
train/approx_kl,4456448,1786504292.895146,0.0188660156
train/approx_kl,4489216,1786504297.445602,0.01964106411
train/approx_kl,4521984,1786504301.998914,0.01931897923
train/approx_kl,4554752,1786504306.538115,0.01929001138
train/approx_kl,4587520,1786504311.078252,0.0199027136
train/approx_kl,4620288,1786504315.623131,0.01942108572
train/approx_kl,4653056,1786504320.166227,0.01893788576
train/approx_kl,4685824,1786504324.707350,0.01922170632
train/approx_kl,4718592,1786504329.257581,0.01932735182
train/approx_kl,4751360,1786504333.847280,0.01935405284
train/approx_kl,4784128,1786504338.384399,0.01986322552
train/approx_kl,4816896,1786504342.924486,0.02021872997
train/approx_kl,4849664,1786504347.468232,0.01962071285
train/approx_kl,4882432,1786504352.028782,0.01999443769
train/approx_kl,4915200,1786504356.565734,0.01907506585
train/approx_kl,4947968,1786504361.123495,0.02033946663
train/approx_kl,4980736,1786504365.686204,0.01975158602
train/approx_kl,5013504,1786504370.240250,0.01958427206
train/clip_fraction,65536,1786503677.514375,0.3245620728
train/clip_fraction,98304,1786503682.450447,0.3179550171
train/clip_fraction,131072,1786503687.363532,0.3112411499
train/clip_fraction,163840,1786503692.332532,0.3144683838
train/clip_fraction,196608,1786503697.248678,0.3136672974
train/clip_fraction,229376,1786503702.189489,0.3146438599
train/clip_fraction,262144,1786503707.093499,0.3186264038
train/clip_fraction,294912,1786503712.047162,0.3146057129
train/clip_fraction,327680,1786503716.974521,0.3258895874
train/clip_fraction,360448,1786503721.916868,0.3182373047
train/clip_fraction,393216,1786503726.820280,0.3230209351
train/clip_fraction,425984,1786503731.754034,0.3279724121
train/clip_fraction,458752,1786503736.717207,0.3198242188
train/clip_fraction,491520,1786503741.678710,0.3218536377
train/clip_fraction,524288,1786503746.594904,0.326675415
train/clip_fraction,557056,1786503751.535277,0.3217773438
train/clip_fraction,589824,1786503756.780621,0.3276824951
train/clip_fraction,622592,1786503761.763277,0.3236541748
train/clip_fraction,655360,1786503766.527320,0.3184738159
train/clip_fraction,688128,1786503771.204403,0.3184661865
train/clip_fraction,720896,1786503775.803267,0.3320236206
train/clip_fraction,753664,1786503780.322919,0.3324890137
train/clip_fraction,786432,1786503784.874137,0.3268737793
train/clip_fraction,819200,1786503789.397426,0.3208770752
train/clip_fraction,851968,1786503793.966097,0.3231582642
train/clip_fraction,884736,1786503798.494779,0.325920105
train/clip_fraction,917504,1786503803.016479,0.3249435425
train/clip_fraction,950272,1786503807.534565,0.3350753784
train/clip_fraction,983040,1786503812.063802,0.3303985596
train/clip_fraction,1015808,1786503816.602299,0.322883606
train/clip_fraction,1048576,1786503821.114843,0.3348464966
train/clip_fraction,1081344,1786503825.643224,0.3258743286
train/clip_fraction,1114112,1786503830.167351,0.3278121948
train/clip_fraction,1146880,1786503834.688947,0.3270187378
train/clip_fraction,1179648,1786503839.207970,0.324508667
train/clip_fraction,1212416,1786503843.729428,0.3320007324
train/clip_fraction,1245184,1786503848.257622,0.3230895996
train/clip_fraction,1277952,1786503852.788963,0.326713562
train/clip_fraction,1310720,1786503857.305910,0.3309173584
train/clip_fraction,1343488,1786503861.837806,0.3291473389
train/clip_fraction,1376256,1786503866.364633,0.3283538818
train/clip_fraction,1409024,1786503870.885514,0.3315887451
train/clip_fraction,1441792,1786503875.404552,0.3314590454
train/clip_fraction,1474560,1786503879.924151,0.3210144043
train/clip_fraction,1507328,1786503884.462767,0.3367080688
train/clip_fraction,1540096,1786503888.985544,0.3408813477
train/clip_fraction,1572864,1786503893.534021,0.3312530518
train/clip_fraction,1605632,1786503898.052840,0.3302001953
train/clip_fraction,1638400,1786503902.572833,0.3339614868
train/clip_fraction,1671168,1786503907.095747,0.3286437988
train/clip_fraction,1703936,1786503911.618500,0.3261108398
train/clip_fraction,1736704,1786503916.140020,0.3380355835
train/clip_fraction,1769472,1786503920.677061,0.3247375488
train/clip_fraction,1802240,1786503925.208227,0.3297729492
train/clip_fraction,1835008,1786503929.723831,0.3428192139
train/clip_fraction,1867776,1786503934.258416,0.3332061768
train/clip_fraction,1900544,1786503938.780430,0.3355560303
train/clip_fraction,1933312,1786503943.316560,0.3288726807
train/clip_fraction,1966080,1786503947.831123,0.3345336914
train/clip_fraction,1998848,1786503952.375544,0.3278121948
train/clip_fraction,2031616,1786503956.923651,0.3295974731
train/clip_fraction,2064384,1786503961.450225,0.338218689
train/clip_fraction,2097152,1786503966.006736,0.3345718384
train/clip_fraction,2129920,1786503970.539269,0.3377914429
train/clip_fraction,2162688,1786503975.151136,0.3415679932
train/clip_fraction,2195456,1786503979.684306,0.3354568481
train/clip_fraction,2228224,1786503984.221961,0.3415374756
train/clip_fraction,2260992,1786503988.762466,0.3354568481
train/clip_fraction,2293760,1786503993.305411,0.3396987915
train/clip_fraction,2326528,1786503997.832906,0.3376922607
train/clip_fraction,2359296,1786504002.398256,0.3328704834
train/clip_fraction,2392064,1786504006.921397,0.3422012329
train/clip_fraction,2424832,1786504011.460680,0.3321838379
train/clip_fraction,2457600,1786504015.993700,0.336555481
train/clip_fraction,2490368,1786504020.539919,0.3409805298
train/clip_fraction,2523136,1786504025.089347,0.3336791992
train/clip_fraction,2555904,1786504029.612652,0.3366012573
train/clip_fraction,2588672,1786504034.131467,0.3363647461
train/clip_fraction,2621440,1786504038.655967,0.3466186523
train/clip_fraction,2654208,1786504043.172222,0.3441925049
train/clip_fraction,2686976,1786504047.683556,0.3363800049
train/clip_fraction,2719744,1786504052.212181,0.3412399292
train/clip_fraction,2752512,1786504056.748503,0.3385391235
train/clip_fraction,2785280,1786504061.277154,0.3331375122
train/clip_fraction,2818048,1786504065.796768,0.341293335
train/clip_fraction,2850816,1786504070.326962,0.3418579102
train/clip_fraction,2883584,1786504074.899616,0.3386688232
train/clip_fraction,2916352,1786504079.449834,0.3395843506
train/clip_fraction,2949120,1786504083.995399,0.3369293213
train/clip_fraction,2981888,1786504088.523718,0.3476638794
train/clip_fraction,3014656,1786504093.049532,0.3490447998
train/clip_fraction,3047424,1786504097.576409,0.3419570923
train/clip_fraction,3080192,1786504102.106227,0.3360977173
train/clip_fraction,3112960,1786504106.637533,0.3396606445
train/clip_fraction,3145728,1786504111.174429,0.3404922485
train/clip_fraction,3178496,1786504115.737244,0.3439331055
train/clip_fraction,3211264,1786504120.264555,0.3437652588
train/clip_fraction,3244032,1786504124.787710,0.3404922485
train/clip_fraction,3276800,1786504129.320841,0.3457717896
train/clip_fraction,3309568,1786504133.882981,0.345703125
train/clip_fraction,3342336,1786504138.434673,0.3381576538
train/clip_fraction,3375104,1786504142.973219,0.3530273438
train/clip_fraction,3407872,1786504147.511615,0.3435516357
train/clip_fraction,3440640,1786504152.038250,0.3435287476
train/clip_fraction,3473408,1786504156.566399,0.3464279175
train/clip_fraction,3506176,1786504161.098820,0.3472366333
train/clip_fraction,3538944,1786504165.638726,0.3454437256
train/clip_fraction,3571712,1786504170.184310,0.3464202881
train/clip_fraction,3604480,1786504174.735479,0.3433151245
train/clip_fraction,3637248,1786504179.280747,0.3509292603
train/clip_fraction,3670016,1786504183.813462,0.3484344482
train/clip_fraction,3702784,1786504188.357312,0.3481903076
train/clip_fraction,3735552,1786504192.900877,0.3446121216
train/clip_fraction,3768320,1786504197.431757,0.3424530029
train/clip_fraction,3801088,1786504201.982986,0.348815918
train/clip_fraction,3833856,1786504206.512702,0.3459777832
train/clip_fraction,3866624,1786504211.062309,0.3493652344
train/clip_fraction,3899392,1786504215.597423,0.351234436
train/clip_fraction,3932160,1786504220.120554,0.3545608521
train/clip_fraction,3964928,1786504224.661985,0.349395752
train/clip_fraction,3997696,1786504229.206012,0.348777771
train/clip_fraction,4030464,1786504233.765469,0.3448562622
train/clip_fraction,4063232,1786504238.298701,0.3481521606
train/clip_fraction,4096000,1786504242.855457,0.3479614258
train/clip_fraction,4128768,1786504247.407667,0.3509063721
train/clip_fraction,4161536,1786504251.968389,0.3544921875
train/clip_fraction,4194304,1786504256.509673,0.3521499634
train/clip_fraction,4227072,1786504261.058528,0.353302002
train/clip_fraction,4259840,1786504265.609316,0.3502578735
train/clip_fraction,4292608,1786504270.149890,0.3477401733
train/clip_fraction,4325376,1786504274.739090,0.3574829102
train/clip_fraction,4358144,1786504279.280953,0.351524353
train/clip_fraction,4390912,1786504283.820391,0.3511581421
train/clip_fraction,4423680,1786504288.352673,0.3547210693
train/clip_fraction,4456448,1786504292.895150,0.3455429077
train/clip_fraction,4489216,1786504297.445605,0.349105835
train/clip_fraction,4521984,1786504301.998918,0.3542633057
train/clip_fraction,4554752,1786504306.538118,0.3543930054
train/clip_fraction,4587520,1786504311.078256,0.3598327637
train/clip_fraction,4620288,1786504315.623135,0.3576889038
train/clip_fraction,4653056,1786504320.166230,0.3510971069
train/clip_fraction,4685824,1786504324.707354,0.3490219116
train/clip_fraction,4718592,1786504329.257585,0.3562698364
train/clip_fraction,4751360,1786504333.847284,0.3541183472
train/clip_fraction,4784128,1786504338.384403,0.3595581055
train/clip_fraction,4816896,1786504342.924489,0.3562545776
train/clip_fraction,4849664,1786504347.468236,0.3594589233
train/clip_fraction,4882432,1786504352.028786,0.3585510254
train/clip_fraction,4915200,1786504356.565737,0.3571777344
train/clip_fraction,4947968,1786504361.123499,0.3618164062
train/clip_fraction,4980736,1786504365.686207,0.3546829224
train/clip_fraction,5013504,1786504370.240254,0.3610839844
train/clip_range,65536,1786503677.514379,0.150000006
train/clip_range,98304,1786503682.450451,0.150000006
train/clip_range,131072,1786503687.363537,0.150000006
train/clip_range,163840,1786503692.332536,0.150000006
train/clip_range,196608,1786503697.248681,0.150000006
train/clip_range,229376,1786503702.189493,0.150000006
train/clip_range,262144,1786503707.093504,0.150000006
train/clip_range,294912,1786503712.047166,0.150000006
train/clip_range,327680,1786503716.974527,0.150000006
train/clip_range,360448,1786503721.916872,0.150000006
train/clip_range,393216,1786503726.820285,0.150000006
train/clip_range,425984,1786503731.754038,0.150000006
train/clip_range,458752,1786503736.717211,0.150000006
train/clip_range,491520,1786503741.678714,0.150000006
train/clip_range,524288,1786503746.594907,0.150000006
train/clip_range,557056,1786503751.535281,0.150000006
train/clip_range,589824,1786503756.780625,0.150000006
train/clip_range,622592,1786503761.763282,0.150000006
train/clip_range,655360,1786503766.527324,0.150000006
train/clip_range,688128,1786503771.204406,0.150000006
train/clip_range,720896,1786503775.803271,0.150000006
train/clip_range,753664,1786503780.322923,0.150000006
train/clip_range,786432,1786503784.874140,0.150000006
train/clip_range,819200,1786503789.397430,0.150000006
train/clip_range,851968,1786503793.966100,0.150000006
train/clip_range,884736,1786503798.494783,0.150000006
train/clip_range,917504,1786503803.016482,0.150000006
train/clip_range,950272,1786503807.534569,0.150000006
train/clip_range,983040,1786503812.063805,0.150000006
train/clip_range,1015808,1786503816.602302,0.150000006
train/clip_range,1048576,1786503821.114847,0.150000006
train/clip_range,1081344,1786503825.643227,0.150000006
train/clip_range,1114112,1786503830.167355,0.150000006
train/clip_range,1146880,1786503834.688951,0.150000006
train/clip_range,1179648,1786503839.207973,0.150000006
train/clip_range,1212416,1786503843.729431,0.150000006
train/clip_range,1245184,1786503848.257626,0.150000006
train/clip_range,1277952,1786503852.788967,0.150000006
train/clip_range,1310720,1786503857.305913,0.150000006
train/clip_range,1343488,1786503861.837810,0.150000006
train/clip_range,1376256,1786503866.364637,0.150000006
train/clip_range,1409024,1786503870.885517,0.150000006
train/clip_range,1441792,1786503875.404556,0.150000006
train/clip_range,1474560,1786503879.924155,0.150000006
train/clip_range,1507328,1786503884.462771,0.150000006
train/clip_range,1540096,1786503888.985548,0.150000006
train/clip_range,1572864,1786503893.534024,0.150000006
train/clip_range,1605632,1786503898.052844,0.150000006
train/clip_range,1638400,1786503902.572836,0.150000006
train/clip_range,1671168,1786503907.095751,0.150000006
train/clip_range,1703936,1786503911.618504,0.150000006
train/clip_range,1736704,1786503916.140023,0.150000006
train/clip_range,1769472,1786503920.677065,0.150000006
train/clip_range,1802240,1786503925.208230,0.150000006
train/clip_range,1835008,1786503929.723835,0.150000006
train/clip_range,1867776,1786503934.258419,0.150000006
train/clip_range,1900544,1786503938.780434,0.150000006
train/clip_range,1933312,1786503943.316564,0.150000006
train/clip_range,1966080,1786503947.831126,0.150000006
train/clip_range,1998848,1786503952.375548,0.150000006
train/clip_range,2031616,1786503956.923655,0.150000006
train/clip_range,2064384,1786503961.450228,0.150000006
train/clip_range,2097152,1786503966.006739,0.150000006
train/clip_range,2129920,1786503970.539272,0.150000006
train/clip_range,2162688,1786503975.151140,0.150000006
train/clip_range,2195456,1786503979.684309,0.150000006
train/clip_range,2228224,1786503984.221964,0.150000006
train/clip_range,2260992,1786503988.762470,0.150000006
train/clip_range,2293760,1786503993.305414,0.150000006
train/clip_range,2326528,1786503997.832909,0.150000006
train/clip_range,2359296,1786504002.398259,0.150000006
train/clip_range,2392064,1786504006.921400,0.150000006
train/clip_range,2424832,1786504011.460683,0.150000006
train/clip_range,2457600,1786504015.993703,0.150000006
train/clip_range,2490368,1786504020.539923,0.150000006
train/clip_range,2523136,1786504025.089350,0.150000006
train/clip_range,2555904,1786504029.612655,0.150000006
train/clip_range,2588672,1786504034.131471,0.150000006
train/clip_range,2621440,1786504038.655970,0.150000006
train/clip_range,2654208,1786504043.172225,0.150000006
train/clip_range,2686976,1786504047.683559,0.150000006
train/clip_range,2719744,1786504052.212184,0.150000006
train/clip_range,2752512,1786504056.748507,0.150000006
train/clip_range,2785280,1786504061.277158,0.150000006
train/clip_range,2818048,1786504065.796772,0.150000006
train/clip_range,2850816,1786504070.326965,0.150000006
train/clip_range,2883584,1786504074.899620,0.150000006
train/clip_range,2916352,1786504079.449838,0.150000006
train/clip_range,2949120,1786504083.995403,0.150000006
train/clip_range,2981888,1786504088.523721,0.150000006
train/clip_range,3014656,1786504093.049536,0.150000006
train/clip_range,3047424,1786504097.576413,0.150000006
train/clip_range,3080192,1786504102.106230,0.150000006
train/clip_range,3112960,1786504106.637537,0.150000006
train/clip_range,3145728,1786504111.174432,0.150000006
train/clip_range,3178496,1786504115.737247,0.150000006
train/clip_range,3211264,1786504120.264559,0.150000006
train/clip_range,3244032,1786504124.787714,0.150000006
train/clip_range,3276800,1786504129.320845,0.150000006
train/clip_range,3309568,1786504133.882985,0.150000006
train/clip_range,3342336,1786504138.434676,0.150000006
train/clip_range,3375104,1786504142.973222,0.150000006
train/clip_range,3407872,1786504147.511619,0.150000006
train/clip_range,3440640,1786504152.038253,0.150000006
train/clip_range,3473408,1786504156.566402,0.150000006
train/clip_range,3506176,1786504161.098824,0.150000006
train/clip_range,3538944,1786504165.638729,0.150000006
train/clip_range,3571712,1786504170.184314,0.150000006
train/clip_range,3604480,1786504174.735482,0.150000006
train/clip_range,3637248,1786504179.280750,0.150000006
train/clip_range,3670016,1786504183.813465,0.150000006
train/clip_range,3702784,1786504188.357316,0.150000006
train/clip_range,3735552,1786504192.900880,0.150000006
train/clip_range,3768320,1786504197.431760,0.150000006
train/clip_range,3801088,1786504201.982990,0.150000006
train/clip_range,3833856,1786504206.512705,0.150000006
train/clip_range,3866624,1786504211.062312,0.150000006
train/clip_range,3899392,1786504215.597426,0.150000006
train/clip_range,3932160,1786504220.120558,0.150000006
train/clip_range,3964928,1786504224.661989,0.150000006
train/clip_range,3997696,1786504229.206015,0.150000006
train/clip_range,4030464,1786504233.765473,0.150000006
train/clip_range,4063232,1786504238.298704,0.150000006
train/clip_range,4096000,1786504242.855461,0.150000006
train/clip_range,4128768,1786504247.407670,0.150000006
train/clip_range,4161536,1786504251.968393,0.150000006
train/clip_range,4194304,1786504256.509676,0.150000006
train/clip_range,4227072,1786504261.058531,0.150000006
train/clip_range,4259840,1786504265.609319,0.150000006
train/clip_range,4292608,1786504270.149893,0.150000006
train/clip_range,4325376,1786504274.739093,0.150000006
train/clip_range,4358144,1786504279.280957,0.150000006
train/clip_range,4390912,1786504283.820394,0.150000006
train/clip_range,4423680,1786504288.352676,0.150000006
train/clip_range,4456448,1786504292.895154,0.150000006
train/clip_range,4489216,1786504297.445609,0.150000006
train/clip_range,4521984,1786504301.998922,0.150000006
train/clip_range,4554752,1786504306.538122,0.150000006
train/clip_range,4587520,1786504311.078260,0.150000006
train/clip_range,4620288,1786504315.623138,0.150000006
train/clip_range,4653056,1786504320.166234,0.150000006
train/clip_range,4685824,1786504324.707357,0.150000006
train/clip_range,4718592,1786504329.257588,0.150000006
train/clip_range,4751360,1786504333.847287,0.150000006
train/clip_range,4784128,1786504338.384407,0.150000006
train/clip_range,4816896,1786504342.924493,0.150000006
train/clip_range,4849664,1786504347.468239,0.150000006
train/clip_range,4882432,1786504352.028790,0.150000006
train/clip_range,4915200,1786504356.565741,0.150000006
train/clip_range,4947968,1786504361.123503,0.150000006
train/clip_range,4980736,1786504365.686210,0.150000006
train/clip_range,5013504,1786504370.240258,0.150000006
train/ent_coef,32768,1786503672.580093,0.001000000047
train/ent_coef,65536,1786503677.514383,0.000996723189
train/ent_coef,98304,1786503682.450454,0.000993446447
train/ent_coef,131072,1786503687.363541,0.0009901695885
train/ent_coef,163840,1786503692.332541,0.0009868928464
train/ent_coef,196608,1786503697.248685,0.0009836159879
train/ent_coef,229376,1786503702.189497,0.0009803392459
train/ent_coef,262144,1786503707.093508,0.0009770623874
train/ent_coef,294912,1786503712.047169,0.0009737855871
train/ent_coef,327680,1786503716.974531,0.0009705087868
train/ent_coef,360448,1786503721.916875,0.0009672319866
train/ent_coef,393216,1786503726.820289,0.0009639551863
train/ent_coef,425984,1786503731.754042,0.000960678386
train/ent_coef,458752,1786503736.717215,0.0009574015858
train/ent_coef,491520,1786503741.678717,0.0009541247855
train/ent_coef,524288,1786503746.594911,0.0009508479852
train/ent_coef,557056,1786503751.535284,0.000947571185
train/ent_coef,589824,1786503756.780628,0.0009442943847
train/ent_coef,622592,1786503761.763286,0.0009410175844
train/ent_coef,655360,1786503766.527327,0.0009377407841
train/ent_coef,688128,1786503771.204409,0.0009344639839
train/ent_coef,720896,1786503775.803276,0.0009311871836
train/ent_coef,753664,1786503780.322926,0.0009279103833
train/ent_coef,786432,1786503784.874143,0.0009246335831
train/ent_coef,819200,1786503789.397433,0.0009213567828
train/ent_coef,851968,1786503793.966103,0.0009180799825
train/ent_coef,884736,1786503798.494786,0.0009148031822
train/ent_coef,917504,1786503803.016486,0.000911526382
train/ent_coef,950272,1786503807.534572,0.0009082495817
train/ent_coef,983040,1786503812.063809,0.0009049727814
train/ent_coef,1015808,1786503816.602306,0.0009016959812
train/ent_coef,1048576,1786503821.114850,0.0008984191809
train/ent_coef,1081344,1786503825.643231,0.0008951423806
train/ent_coef,1114112,1786503830.167358,0.0008918655803
train/ent_coef,1146880,1786503834.688954,0.0008885887801
train/ent_coef,1179648,1786503839.207976,0.0008853119798
train/ent_coef,1212416,1786503843.729435,0.0008820351795
train/ent_coef,1245184,1786503848.257634,0.0008787583793
train/ent_coef,1277952,1786503852.788970,0.000875481579
train/ent_coef,1310720,1786503857.305917,0.0008722047787
train/ent_coef,1343488,1786503861.837817,0.0008689279784
train/ent_coef,1376256,1786503866.364640,0.0008656511782
train/ent_coef,1409024,1786503870.885520,0.0008623743779
train/ent_coef,1441792,1786503875.404560,0.0008590975776
train/ent_coef,1474560,1786503879.924158,0.0008558207774
train/ent_coef,1507328,1786503884.462774,0.0008525439771
train/ent_coef,1540096,1786503888.985551,0.0008492671768
train/ent_coef,1572864,1786503893.534027,0.0008459903765
train/ent_coef,1605632,1786503898.052847,0.0008427135763
train/ent_coef,1638400,1786503902.572840,0.000839436776
train/ent_coef,1671168,1786503907.095754,0.0008361599757
train/ent_coef,1703936,1786503911.618507,0.0008328831755
train/ent_coef,1736704,1786503916.140027,0.0008296063752
train/ent_coef,1769472,1786503920.677068,0.0008263295749
train/ent_coef,1802240,1786503925.208233,0.0008230527746
train/ent_coef,1835008,1786503929.723838,0.0008197759744
train/ent_coef,1867776,1786503934.258423,0.0008164991741
train/ent_coef,1900544,1786503938.780437,0.0008132223738
train/ent_coef,1933312,1786503943.316567,0.0008099455736
train/ent_coef,1966080,1786503947.831130,0.0008066687733
train/ent_coef,1998848,1786503952.375551,0.000803391973
train/ent_coef,2031616,1786503956.923658,0.0008001151728
train/ent_coef,2064384,1786503961.450232,0.0007968383725
train/ent_coef,2097152,1786503966.006743,0.0007935615722
train/ent_coef,2129920,1786503970.539275,0.0007902847719
train/ent_coef,2162688,1786503975.151143,0.0007870079717
train/ent_coef,2195456,1786503979.684313,0.0007837311714
train/ent_coef,2228224,1786503984.221968,0.0007804543711
train/ent_coef,2260992,1786503988.762473,0.0007771776291
train/ent_coef,2293760,1786503993.305418,0.0007739008288
train/ent_coef,2326528,1786503997.832912,0.0007706240285
train/ent_coef,2359296,1786504002.398263,0.0007673472282
train/ent_coef,2392064,1786504006.921404,0.000764070428
train/ent_coef,2424832,1786504011.460686,0.0007607936277
train/ent_coef,2457600,1786504015.993707,0.0007575168274
train/ent_coef,2490368,1786504020.539926,0.0007542400272
train/ent_coef,2523136,1786504025.089353,0.0007509632269
train/ent_coef,2555904,1786504029.612659,0.0007476864266
train/ent_coef,2588672,1786504034.131474,0.0007444096263
train/ent_coef,2621440,1786504038.655974,0.0007411328261
train/ent_coef,2654208,1786504043.172229,0.0007378560258
train/ent_coef,2686976,1786504047.683562,0.0007345792255
train/ent_coef,2719744,1786504052.212188,0.0007313024253
train/ent_coef,2752512,1786504056.748510,0.000728025625
train/ent_coef,2785280,1786504061.277161,0.0007247488247
train/ent_coef,2818048,1786504065.796775,0.0007214720245
train/ent_coef,2850816,1786504070.326969,0.0007181952242
train/ent_coef,2883584,1786504074.899623,0.0007149184239
train/ent_coef,2916352,1786504079.449841,0.0007116416236
train/ent_coef,2949120,1786504083.995406,0.0007083648234
train/ent_coef,2981888,1786504088.523724,0.0007050880231
train/ent_coef,3014656,1786504093.049539,0.0007018112228
train/ent_coef,3047424,1786504097.576416,0.0006985344226
train/ent_coef,3080192,1786504102.106234,0.0006952576223
train/ent_coef,3112960,1786504106.637540,0.000691980822
train/ent_coef,3145728,1786504111.174435,0.0006887040217
train/ent_coef,3178496,1786504115.737251,0.0006854272215
train/ent_coef,3211264,1786504120.264562,0.0006821504212
train/ent_coef,3244032,1786504124.787717,0.0006788736209
train/ent_coef,3276800,1786504129.320848,0.0006755968207
train/ent_coef,3309568,1786504133.882988,0.0006723200204
train/ent_coef,3342336,1786504138.434680,0.0006690432201
train/ent_coef,3375104,1786504142.973226,0.0006657664198
train/ent_coef,3407872,1786504147.511622,0.0006624896196
train/ent_coef,3440640,1786504152.038257,0.0006592128193
train/ent_coef,3473408,1786504156.566406,0.000655936019
train/ent_coef,3506176,1786504161.098827,0.0006526592188
train/ent_coef,3538944,1786504165.638732,0.0006493824185
train/ent_coef,3571712,1786504170.184318,0.0006461056182
train/ent_coef,3604480,1786504174.735485,0.0006428288179
train/ent_coef,3637248,1786504179.280753,0.0006395520177
train/ent_coef,3670016,1786504183.813469,0.0006362752174
train/ent_coef,3702784,1786504188.357319,0.0006329984171
train/ent_coef,3735552,1786504192.900883,0.0006297216169
train/ent_coef,3768320,1786504197.431764,0.0006264448166
train/ent_coef,3801088,1786504201.982993,0.0006231680163
train/ent_coef,3833856,1786504206.512708,0.000619891216
train/ent_coef,3866624,1786504211.062316,0.0006166144158
train/ent_coef,3899392,1786504215.597429,0.0006133376155
train/ent_coef,3932160,1786504220.120561,0.0006100608152
train/ent_coef,3964928,1786504224.661992,0.000606784015
train/ent_coef,3997696,1786504229.206018,0.0006035072147
train/ent_coef,4030464,1786504233.765476,0.0006002304144
train/ent_coef,4063232,1786504238.298708,0.0005969536141
train/ent_coef,4096000,1786504242.855464,0.0005936768139
train/ent_coef,4128768,1786504247.407674,0.0005904000136
train/ent_coef,4161536,1786504251.968396,0.0005871232133
train/ent_coef,4194304,1786504256.509680,0.0005838464131
train/ent_coef,4227072,1786504261.058535,0.0005805696128
train/ent_coef,4259840,1786504265.609322,0.0005772928125
train/ent_coef,4292608,1786504270.149896,0.0005740160123
train/ent_coef,4325376,1786504274.739096,0.000570739212
train/ent_coef,4358144,1786504279.280960,0.0005674624117
train/ent_coef,4390912,1786504283.820398,0.0005641856114
train/ent_coef,4423680,1786504288.352680,0.0005609088112
train/ent_coef,4456448,1786504292.895157,0.0005576320109
train/ent_coef,4489216,1786504297.445612,0.0005543552106
train/ent_coef,4521984,1786504301.998925,0.0005510784104
train/ent_coef,4554752,1786504306.538125,0.0005478016101
train/ent_coef,4587520,1786504311.078263,0.0005445248098
train/ent_coef,4620288,1786504315.623142,0.0005412480095
train/ent_coef,4653056,1786504320.166237,0.0005379712093
train/ent_coef,4685824,1786504324.707361,0.000534694409
train/ent_coef,4718592,1786504329.257592,0.0005314176087
train/ent_coef,4751360,1786504333.847291,0.0005281408085
train/ent_coef,4784128,1786504338.384410,0.0005248640082
train/ent_coef,4816896,1786504342.924496,0.0005215872079
train/ent_coef,4849664,1786504347.468243,0.0005183104076
train/ent_coef,4882432,1786504352.028793,0.0005150336074
train/ent_coef,4915200,1786504356.565744,0.0005117568071
train/ent_coef,4947968,1786504361.123506,0.0005084800068
train/ent_coef,4980736,1786504365.686214,0.0005052032066
train/ent_coef,5013504,1786504370.240261,0.0005019264063
train/entropy_loss,65536,1786503677.514387,-17.1150322
train/entropy_loss,98304,1786503682.450458,-17.10157585
train/entropy_loss,131072,1786503687.363544,-17.08920097
train/entropy_loss,163840,1786503692.332544,-17.08244133
train/entropy_loss,196608,1786503697.248688,-17.07522964
train/entropy_loss,229376,1786503702.189500,-17.07218933
train/entropy_loss,262144,1786503707.093512,-17.06855583
train/entropy_loss,294912,1786503712.047172,-17.05641174
train/entropy_loss,327680,1786503716.974535,-17.04850578
train/entropy_loss,360448,1786503721.916878,-17.04488182
train/entropy_loss,393216,1786503726.820293,-17.03938484
train/entropy_loss,425984,1786503731.754047,-17.0347271
train/entropy_loss,458752,1786503736.717218,-17.0267334
train/entropy_loss,491520,1786503741.678720,-17.02320862
train/entropy_loss,524288,1786503746.594914,-17.01628113
train/entropy_loss,557056,1786503751.535287,-17.00870514
train/entropy_loss,589824,1786503756.780631,-16.99573517
train/entropy_loss,622592,1786503761.763289,-16.99341965
train/entropy_loss,655360,1786503766.527330,-16.99317551
train/entropy_loss,688128,1786503771.204412,-16.99497223
train/entropy_loss,720896,1786503775.803279,-16.98365402
train/entropy_loss,753664,1786503780.322929,-16.96712494
train/entropy_loss,786432,1786503784.874147,-16.96388817
train/entropy_loss,819200,1786503789.397436,-16.95199394
train/entropy_loss,851968,1786503793.966107,-16.93149185
train/entropy_loss,884736,1786503798.494789,-16.91714096
train/entropy_loss,917504,1786503803.016489,-16.90375328
train/entropy_loss,950272,1786503807.534576,-16.9002018
train/entropy_loss,983040,1786503812.063812,-16.89232254
train/entropy_loss,1015808,1786503816.602309,-16.87897873
train/entropy_loss,1048576,1786503821.114853,-16.87368965
train/entropy_loss,1081344,1786503825.643234,-16.87575912
train/entropy_loss,1114112,1786503830.167361,-16.86844444
train/entropy_loss,1146880,1786503834.688957,-16.85517693
train/entropy_loss,1179648,1786503839.207980,-16.85337257
train/entropy_loss,1212416,1786503843.729438,-16.84585953
train/entropy_loss,1245184,1786503848.257637,-16.83478355
train/entropy_loss,1277952,1786503852.788974,-16.83204651
train/entropy_loss,1310720,1786503857.305920,-16.82762718
train/entropy_loss,1343488,1786503861.837820,-16.8140831
train/entropy_loss,1376256,1786503866.364644,-16.79692268
train/entropy_loss,1409024,1786503870.885524,-16.78547287
train/entropy_loss,1441792,1786503875.404563,-16.78135681
train/entropy_loss,1474560,1786503879.924161,-16.77483368
train/entropy_loss,1507328,1786503884.462778,-16.75671768
train/entropy_loss,1540096,1786503888.985554,-16.75194931
train/entropy_loss,1572864,1786503893.534031,-16.74253082
train/entropy_loss,1605632,1786503898.052850,-16.73387527
train/entropy_loss,1638400,1786503902.572843,-16.72800064
train/entropy_loss,1671168,1786503907.095758,-16.71861267
train/entropy_loss,1703936,1786503911.618510,-16.71445656
train/entropy_loss,1736704,1786503916.140030,-16.70337296
train/entropy_loss,1769472,1786503920.677071,-16.69890022
train/entropy_loss,1802240,1786503925.208237,-16.69255638
train/entropy_loss,1835008,1786503929.723842,-16.67818069
train/entropy_loss,1867776,1786503934.258426,-16.67640686
train/entropy_loss,1900544,1786503938.780441,-16.67765808
train/entropy_loss,1933312,1786503943.316570,-16.67246628
train/entropy_loss,1966080,1786503947.831133,-16.66501236
train/entropy_loss,1998848,1786503952.375554,-16.64653015
train/entropy_loss,2031616,1786503956.923662,-16.63038826
train/entropy_loss,2064384,1786503961.450235,-16.62296295
train/entropy_loss,2097152,1786503966.006746,-16.61021614
train/entropy_loss,2129920,1786503970.539279,-16.605093
train/entropy_loss,2162688,1786503975.151146,-16.58993149
train/entropy_loss,2195456,1786503979.684316,-16.57838821
train/entropy_loss,2228224,1786503984.221971,-16.56600571
train/entropy_loss,2260992,1786503988.762476,-16.56156158
train/entropy_loss,2293760,1786503993.305421,-16.55027199
train/entropy_loss,2326528,1786503997.832916,-16.53805923
train/entropy_loss,2359296,1786504002.398266,-16.53830338
train/entropy_loss,2392064,1786504006.921407,-16.52941704
train/entropy_loss,2424832,1786504011.460690,-16.52168274
train/entropy_loss,2457600,1786504015.993710,-16.51997566
train/entropy_loss,2490368,1786504020.539929,-16.51057816
train/entropy_loss,2523136,1786504025.089357,-16.49033165
train/entropy_loss,2555904,1786504029.612662,-16.47428131
train/entropy_loss,2588672,1786504034.131477,-16.46559334
train/entropy_loss,2621440,1786504038.655977,-16.46057701
train/entropy_loss,2654208,1786504043.172232,-16.45364571
train/entropy_loss,2686976,1786504047.683566,-16.44079018
train/entropy_loss,2719744,1786504052.212191,-16.42573738
train/entropy_loss,2752512,1786504056.748513,-16.421772
train/entropy_loss,2785280,1786504061.277165,-16.40938568
train/entropy_loss,2818048,1786504065.796779,-16.39330292
train/entropy_loss,2850816,1786504070.326972,-16.37947845
train/entropy_loss,2883584,1786504074.899627,-16.36825943
train/entropy_loss,2916352,1786504079.449845,-16.36250114
train/entropy_loss,2949120,1786504083.995410,-16.36727715
train/entropy_loss,2981888,1786504088.523728,-16.35951424
train/entropy_loss,3014656,1786504093.049542,-16.34867859
train/entropy_loss,3047424,1786504097.576420,-16.3402729
train/entropy_loss,3080192,1786504102.106237,-16.33033943
train/entropy_loss,3112960,1786504106.637544,-16.31701279
train/entropy_loss,3145728,1786504111.174439,-16.31165886
train/entropy_loss,3178496,1786504115.737254,-16.30142975
train/entropy_loss,3211264,1786504120.264565,-16.295578
train/entropy_loss,3244032,1786504124.787720,-16.28874779
train/entropy_loss,3276800,1786504129.320851,-16.26979637
train/entropy_loss,3309568,1786504133.882991,-16.26073074
train/entropy_loss,3342336,1786504138.434683,-16.25961113
train/entropy_loss,3375104,1786504142.973229,-16.25432396
train/entropy_loss,3407872,1786504147.511625,-16.2474308
train/entropy_loss,3440640,1786504152.038260,-16.23527145
train/entropy_loss,3473408,1786504156.566409,-16.22424507
train/entropy_loss,3506176,1786504161.098830,-16.21622849
train/entropy_loss,3538944,1786504165.638736,-16.20184135
train/entropy_loss,3571712,1786504170.184321,-16.19613838
train/entropy_loss,3604480,1786504174.735489,-16.18858528
train/entropy_loss,3637248,1786504179.280757,-16.17330742
train/entropy_loss,3670016,1786504183.813472,-16.16178513
train/entropy_loss,3702784,1786504188.357322,-16.15564728
train/entropy_loss,3735552,1786504192.900887,-16.14300919
train/entropy_loss,3768320,1786504197.431767,-16.13563728
train/entropy_loss,3801088,1786504201.982996,-16.1280098
train/entropy_loss,3833856,1786504206.512712,-16.11431885
train/entropy_loss,3866624,1786504211.062319,-16.1035099
train/entropy_loss,3899392,1786504215.597433,-16.09725189
train/entropy_loss,3932160,1786504220.120564,-16.08741188
train/entropy_loss,3964928,1786504224.661995,-16.07464981
train/entropy_loss,3997696,1786504229.206022,-16.06168175
train/entropy_loss,4030464,1786504233.765480,-16.05339622
train/entropy_loss,4063232,1786504238.298711,-16.04605103
train/entropy_loss,4096000,1786504242.855468,-16.03917313
train/entropy_loss,4128768,1786504247.407677,-16.03544235
train/entropy_loss,4161536,1786504251.968400,-16.03533745
train/entropy_loss,4194304,1786504256.509683,-16.03073692
train/entropy_loss,4227072,1786504261.058538,-16.02051735
train/entropy_loss,4259840,1786504265.609325,-16.00852776
train/entropy_loss,4292608,1786504270.149899,-16.00705147
train/entropy_loss,4325376,1786504274.739099,-16.00282288
train/entropy_loss,4358144,1786504279.280963,-15.98293209
train/entropy_loss,4390912,1786504283.820401,-15.96385288
train/entropy_loss,4423680,1786504288.352683,-15.94264126
train/entropy_loss,4456448,1786504292.895160,-15.92727757
train/entropy_loss,4489216,1786504297.445615,-15.9207325
train/entropy_loss,4521984,1786504301.998928,-15.91674328
train/entropy_loss,4554752,1786504306.538129,-15.91329098
train/entropy_loss,4587520,1786504311.078267,-15.90803146
train/entropy_loss,4620288,1786504315.623145,-15.90175724
train/entropy_loss,4653056,1786504320.166241,-15.89465714
train/entropy_loss,4685824,1786504324.707364,-15.88629723
train/entropy_loss,4718592,1786504329.257595,-15.87048244
train/entropy_loss,4751360,1786504333.847294,-15.85711384
train/entropy_loss,4784128,1786504338.384414,-15.85577106
train/entropy_loss,4816896,1786504342.924499,-15.84166908
train/entropy_loss,4849664,1786504347.468246,-15.84588146
train/entropy_loss,4882432,1786504352.028797,-15.84167004
train/entropy_loss,4915200,1786504356.565747,-15.83568287
train/entropy_loss,4947968,1786504361.123510,-15.8348999
train/entropy_loss,4980736,1786504365.686217,-15.82774162
train/entropy_loss,5013504,1786504370.240264,-15.81881618
train/explained_variance,65536,1786503677.514390,0.698307395
train/explained_variance,98304,1786503682.450462,0.7685557604
train/explained_variance,131072,1786503687.363548,0.8393163085
train/explained_variance,163840,1786503692.332548,0.8098089695
train/explained_variance,196608,1786503697.248691,0.8290928006
train/explained_variance,229376,1786503702.189503,0.8399353027
train/explained_variance,262144,1786503707.093515,0.855825305
train/explained_variance,294912,1786503712.047176,0.8637602329
train/explained_variance,327680,1786503716.974563,0.7938193679
train/explained_variance,360448,1786503721.916881,0.8572559953
train/explained_variance,393216,1786503726.820296,0.8546188474
train/explained_variance,425984,1786503731.754051,0.852836132
train/explained_variance,458752,1786503736.717221,0.9023104906
train/explained_variance,491520,1786503741.678724,0.8475627899
train/explained_variance,524288,1786503746.594917,0.8917331696
train/explained_variance,557056,1786503751.535291,0.7508559227
train/explained_variance,589824,1786503756.780634,0.8645555377
train/explained_variance,622592,1786503761.763293,0.830704987
train/explained_variance,655360,1786503766.527334,0.8515604734
train/explained_variance,688128,1786503771.204419,0.8664258718
train/explained_variance,720896,1786503775.803282,0.7291990519
train/explained_variance,753664,1786503780.322933,0.8704832792
train/explained_variance,786432,1786503784.874150,0.7961568236
train/explained_variance,819200,1786503789.397439,0.8280023932
train/explained_variance,851968,1786503793.966110,0.8397656083
train/explained_variance,884736,1786503798.494792,0.8386437297
train/explained_variance,917504,1786503803.016492,0.8581259251
train/explained_variance,950272,1786503807.534579,0.827534616
train/explained_variance,983040,1786503812.063815,0.8772661686
train/explained_variance,1015808,1786503816.602312,0.8117970228
train/explained_variance,1048576,1786503821.114857,0.8717529178
train/explained_variance,1081344,1786503825.643237,0.867351234
train/explained_variance,1114112,1786503830.167365,0.9041693211
train/explained_variance,1146880,1786503834.688961,0.8937838078
train/explained_variance,1179648,1786503839.207983,0.7958835363
train/explained_variance,1212416,1786503843.729443,0.8626309633
train/explained_variance,1245184,1786503848.257640,0.8889924288
train/explained_variance,1277952,1786503852.788977,0.8799030781
train/explained_variance,1310720,1786503857.305924,0.8652070761
train/explained_variance,1343488,1786503861.837824,0.8637412786
train/explained_variance,1376256,1786503866.364647,0.8602992892
train/explained_variance,1409024,1786503870.885527,0.8725391626
train/explained_variance,1441792,1786503875.404567,0.8535535932
train/explained_variance,1474560,1786503879.924165,0.8537880778
train/explained_variance,1507328,1786503884.462781,0.8812748194
train/explained_variance,1540096,1786503888.985558,0.8523309231
train/explained_variance,1572864,1786503893.534034,0.8173112869
train/explained_variance,1605632,1786503898.052853,0.8766866922
train/explained_variance,1638400,1786503902.572846,0.8780647516
train/explained_variance,1671168,1786503907.095761,0.8661339879
train/explained_variance,1703936,1786503911.618513,0.8560018539
train/explained_variance,1736704,1786503916.140033,0.8486046791
train/explained_variance,1769472,1786503920.677075,0.8534758091
train/explained_variance,1802240,1786503925.208240,0.8578078151
train/explained_variance,1835008,1786503929.723845,0.8271353841
train/explained_variance,1867776,1786503934.258430,0.8391760588
train/explained_variance,1900544,1786503938.780444,0.902438879
train/explained_variance,1933312,1786503943.316574,0.8580278158
train/explained_variance,1966080,1786503947.831136,0.8614893556
train/explained_variance,1998848,1786503952.375558,0.8723894954
train/explained_variance,2031616,1786503956.923665,0.8766011
train/explained_variance,2064384,1786503961.450239,0.8845109344
train/explained_variance,2097152,1786503966.006749,0.902479887
train/explained_variance,2129920,1786503970.539282,0.7984398603
train/explained_variance,2162688,1786503975.151150,0.80196172
train/explained_variance,2195456,1786503979.684320,0.8625148535
train/explained_variance,2228224,1786503984.221975,0.8639154434
train/explained_variance,2260992,1786503988.762479,0.8831061721
train/explained_variance,2293760,1786503993.305425,0.8260404468
train/explained_variance,2326528,1786503997.832919,0.8048496842
train/explained_variance,2359296,1786504002.398269,0.8599883914
train/explained_variance,2392064,1786504006.921410,0.8530680537
train/explained_variance,2424832,1786504011.460693,0.8871736526
train/explained_variance,2457600,1786504015.993713,0.7882544398
train/explained_variance,2490368,1786504020.539933,0.8407971859
train/explained_variance,2523136,1786504025.089360,0.8983229399
train/explained_variance,2555904,1786504029.612665,0.8866486549
train/explained_variance,2588672,1786504034.131481,0.8815740943
train/explained_variance,2621440,1786504038.655980,0.8244473338
train/explained_variance,2654208,1786504043.172236,0.8237912655
train/explained_variance,2686976,1786504047.683569,0.866597414
train/explained_variance,2719744,1786504052.212194,0.8733893633
train/explained_variance,2752512,1786504056.748517,0.8600456715
train/explained_variance,2785280,1786504061.277168,0.879014492
train/explained_variance,2818048,1786504065.796782,0.8621672988
train/explained_variance,2850816,1786504070.326975,0.8180729151
train/explained_variance,2883584,1786504074.899630,0.8324309587
train/explained_variance,2916352,1786504079.449848,0.8551129103
train/explained_variance,2949120,1786504083.995413,0.8247801661
train/explained_variance,2981888,1786504088.523731,0.8610799313
train/explained_variance,3014656,1786504093.049546,0.8799510002
train/explained_variance,3047424,1786504097.576423,0.7872061133
train/explained_variance,3080192,1786504102.106240,0.8675026894
train/explained_variance,3112960,1786504106.637547,0.8584938049
train/explained_variance,3145728,1786504111.174442,0.7992987037
train/explained_variance,3178496,1786504115.737258,0.8462975621
train/explained_variance,3211264,1786504120.264569,0.8561803102
train/explained_variance,3244032,1786504124.787724,0.8958023787
train/explained_variance,3276800,1786504129.320855,0.8342515826
train/explained_variance,3309568,1786504133.882995,0.8467588425
train/explained_variance,3342336,1786504138.434687,0.8951938748
train/explained_variance,3375104,1786504142.973232,0.8562313914
train/explained_variance,3407872,1786504147.511629,0.8659288287
train/explained_variance,3440640,1786504152.038263,0.8591832519
train/explained_variance,3473408,1786504156.566412,0.7915598154
train/explained_variance,3506176,1786504161.098834,0.8216173053
train/explained_variance,3538944,1786504165.638739,0.8603699207
train/explained_variance,3571712,1786504170.184325,0.8504269123
train/explained_variance,3604480,1786504174.735492,0.7845283747
train/explained_variance,3637248,1786504179.280760,0.7654990554
train/explained_variance,3670016,1786504183.813476,0.8368538022
train/explained_variance,3702784,1786504188.357326,0.8215387464
train/explained_variance,3735552,1786504192.900890,0.8422517776
train/explained_variance,3768320,1786504197.431771,0.8337119818
train/explained_variance,3801088,1786504201.983000,0.8476905227
train/explained_variance,3833856,1786504206.512715,0.8737422824
train/explained_variance,3866624,1786504211.062326,0.8407292366
train/explained_variance,3899392,1786504215.597436,0.8279135823
train/explained_variance,3932160,1786504220.120568,0.8349206448
train/explained_variance,3964928,1786504224.661999,0.8291515708
train/explained_variance,3997696,1786504229.206025,0.8433888555
train/explained_variance,4030464,1786504233.765483,0.8777232766
train/explained_variance,4063232,1786504238.298714,0.9069950581
train/explained_variance,4096000,1786504242.855471,0.876288712
train/explained_variance,4128768,1786504247.407681,0.8804138303
train/explained_variance,4161536,1786504251.968403,0.8715935946
train/explained_variance,4194304,1786504256.509686,0.8206230402
train/explained_variance,4227072,1786504261.058541,0.8692464828
train/explained_variance,4259840,1786504265.609329,0.8736978173
train/explained_variance,4292608,1786504270.149903,0.7728429437
train/explained_variance,4325376,1786504274.739103,0.7838233113
train/explained_variance,4358144,1786504279.280967,0.8465195894
train/explained_variance,4390912,1786504283.820404,0.8438583612
train/explained_variance,4423680,1786504288.352687,0.8318917751
train/explained_variance,4456448,1786504292.895164,0.8335568309
train/explained_variance,4489216,1786504297.445622,0.8935328722
train/explained_variance,4521984,1786504301.998935,0.8241722584
train/explained_variance,4554752,1786504306.538132,0.8476467729
train/explained_variance,4587520,1786504311.078270,0.8351023793
train/explained_variance,4620288,1786504315.623148,0.8294442296
train/explained_variance,4653056,1786504320.166244,0.8586601615
train/explained_variance,4685824,1786504324.707367,0.8485683799
train/explained_variance,4718592,1786504329.257598,0.8369837403
train/explained_variance,4751360,1786504333.847298,0.8366069794
train/explained_variance,4784128,1786504338.384417,0.8192847371
train/explained_variance,4816896,1786504342.924503,0.8251861334
train/explained_variance,4849664,1786504347.468250,0.8329755068
train/explained_variance,4882432,1786504352.028800,0.7568928599
train/explained_variance,4915200,1786504356.565751,0.8174959421
train/explained_variance,4947968,1786504361.123513,0.7483907938
train/explained_variance,4980736,1786504365.686221,0.8362781405
train/explained_variance,5013504,1786504370.240268,0.8494359255
train/learning_rate,65536,1786503677.514393,9.999999747e-05
train/learning_rate,98304,1786503682.450466,9.999999747e-05
train/learning_rate,131072,1786503687.363551,9.999999747e-05
train/learning_rate,163840,1786503692.332551,9.999999747e-05
train/learning_rate,196608,1786503697.248694,9.999999747e-05
train/learning_rate,229376,1786503702.189507,9.999999747e-05
train/learning_rate,262144,1786503707.093518,9.999999747e-05
train/learning_rate,294912,1786503712.047179,9.999999747e-05
train/learning_rate,327680,1786503716.974570,9.999999747e-05
train/learning_rate,360448,1786503721.916884,9.999999747e-05
train/learning_rate,393216,1786503726.820299,9.999999747e-05
train/learning_rate,425984,1786503731.754055,9.999999747e-05
train/learning_rate,458752,1786503736.717225,9.999999747e-05
train/learning_rate,491520,1786503741.678727,9.999999747e-05
train/learning_rate,524288,1786503746.594921,9.999999747e-05
train/learning_rate,557056,1786503751.535294,9.999999747e-05
train/learning_rate,589824,1786503756.780638,9.999999747e-05
train/learning_rate,622592,1786503761.763296,9.999999747e-05
train/learning_rate,655360,1786503766.527337,9.999999747e-05
train/learning_rate,688128,1786503771.204422,9.999999747e-05
train/learning_rate,720896,1786503775.803286,9.999999747e-05
train/learning_rate,753664,1786503780.322936,9.999999747e-05
train/learning_rate,786432,1786503784.874153,9.999999747e-05
train/learning_rate,819200,1786503789.397443,9.999999747e-05
train/learning_rate,851968,1786503793.966113,9.999999747e-05
train/learning_rate,884736,1786503798.494796,9.999999747e-05
train/learning_rate,917504,1786503803.016496,9.999999747e-05
train/learning_rate,950272,1786503807.534582,9.999999747e-05
train/learning_rate,983040,1786503812.063818,9.999999747e-05
train/learning_rate,1015808,1786503816.602315,9.999999747e-05
train/learning_rate,1048576,1786503821.114861,9.999999747e-05
train/learning_rate,1081344,1786503825.643240,9.999999747e-05
train/learning_rate,1114112,1786503830.167368,9.999999747e-05
train/learning_rate,1146880,1786503834.688964,9.999999747e-05
train/learning_rate,1179648,1786503839.207986,9.999999747e-05
train/learning_rate,1212416,1786503843.729447,9.999999747e-05
train/learning_rate,1245184,1786503848.257644,9.999999747e-05
train/learning_rate,1277952,1786503852.788980,9.999999747e-05
train/learning_rate,1310720,1786503857.305927,9.999999747e-05
train/learning_rate,1343488,1786503861.837827,9.999999747e-05
train/learning_rate,1376256,1786503866.364651,9.999999747e-05
train/learning_rate,1409024,1786503870.885530,9.999999747e-05
train/learning_rate,1441792,1786503875.404570,9.999999747e-05
train/learning_rate,1474560,1786503879.924168,9.999999747e-05
train/learning_rate,1507328,1786503884.462784,9.999999747e-05
train/learning_rate,1540096,1786503888.985561,9.999999747e-05
train/learning_rate,1572864,1786503893.534037,9.999999747e-05
train/learning_rate,1605632,1786503898.052856,9.999999747e-05
train/learning_rate,1638400,1786503902.572849,9.999999747e-05
train/learning_rate,1671168,1786503907.095764,9.999999747e-05
train/learning_rate,1703936,1786503911.618517,9.999999747e-05
train/learning_rate,1736704,1786503916.140037,9.999999747e-05
train/learning_rate,1769472,1786503920.677078,9.999999747e-05
train/learning_rate,1802240,1786503925.208243,9.999999747e-05
train/learning_rate,1835008,1786503929.723848,9.999999747e-05
train/learning_rate,1867776,1786503934.258433,9.999999747e-05
train/learning_rate,1900544,1786503938.780447,9.999999747e-05
train/learning_rate,1933312,1786503943.316577,9.999999747e-05
train/learning_rate,1966080,1786503947.831139,9.999999747e-05
train/learning_rate,1998848,1786503952.375561,9.999999747e-05
train/learning_rate,2031616,1786503956.923669,9.999999747e-05
train/learning_rate,2064384,1786503961.450242,9.999999747e-05
train/learning_rate,2097152,1786503966.006753,9.999999747e-05
train/learning_rate,2129920,1786503970.539285,9.999999747e-05
train/learning_rate,2162688,1786503975.151153,9.999999747e-05
train/learning_rate,2195456,1786503979.684323,9.999999747e-05
train/learning_rate,2228224,1786503984.221978,9.999999747e-05
train/learning_rate,2260992,1786503988.762482,9.999999747e-05
train/learning_rate,2293760,1786503993.305428,9.999999747e-05
train/learning_rate,2326528,1786503997.832922,9.999999747e-05
train/learning_rate,2359296,1786504002.398272,9.999999747e-05
train/learning_rate,2392064,1786504006.921414,9.999999747e-05
train/learning_rate,2424832,1786504011.460696,9.999999747e-05
train/learning_rate,2457600,1786504015.993717,9.999999747e-05
train/learning_rate,2490368,1786504020.539936,9.999999747e-05
train/learning_rate,2523136,1786504025.089363,9.999999747e-05
train/learning_rate,2555904,1786504029.612669,9.999999747e-05
train/learning_rate,2588672,1786504034.131484,9.999999747e-05
train/learning_rate,2621440,1786504038.655984,9.999999747e-05
train/learning_rate,2654208,1786504043.172239,9.999999747e-05
train/learning_rate,2686976,1786504047.683572,9.999999747e-05
train/learning_rate,2719744,1786504052.212198,9.999999747e-05
train/learning_rate,2752512,1786504056.748520,9.999999747e-05
train/learning_rate,2785280,1786504061.277171,9.999999747e-05
train/learning_rate,2818048,1786504065.796785,9.999999747e-05
train/learning_rate,2850816,1786504070.326979,9.999999747e-05
train/learning_rate,2883584,1786504074.899633,9.999999747e-05
train/learning_rate,2916352,1786504079.449851,9.999999747e-05
train/learning_rate,2949120,1786504083.995416,9.999999747e-05
train/learning_rate,2981888,1786504088.523734,9.999999747e-05
train/learning_rate,3014656,1786504093.049549,9.999999747e-05
train/learning_rate,3047424,1786504097.576426,9.999999747e-05
train/learning_rate,3080192,1786504102.106244,9.999999747e-05
train/learning_rate,3112960,1786504106.637550,9.999999747e-05
train/learning_rate,3145728,1786504111.174445,9.999999747e-05
train/learning_rate,3178496,1786504115.737261,9.999999747e-05
train/learning_rate,3211264,1786504120.264572,9.999999747e-05
train/learning_rate,3244032,1786504124.787727,9.999999747e-05
train/learning_rate,3276800,1786504129.320858,9.999999747e-05
train/learning_rate,3309568,1786504133.882998,9.999999747e-05
train/learning_rate,3342336,1786504138.434690,9.999999747e-05
train/learning_rate,3375104,1786504142.973236,9.999999747e-05
train/learning_rate,3407872,1786504147.511632,9.999999747e-05
train/learning_rate,3440640,1786504152.038267,9.999999747e-05
train/learning_rate,3473408,1786504156.566416,9.999999747e-05
train/learning_rate,3506176,1786504161.098837,9.999999747e-05
train/learning_rate,3538944,1786504165.638742,9.999999747e-05
train/learning_rate,3571712,1786504170.184328,9.999999747e-05
train/learning_rate,3604480,1786504174.735495,9.999999747e-05
train/learning_rate,3637248,1786504179.280763,9.999999747e-05
train/learning_rate,3670016,1786504183.813479,9.999999747e-05
train/learning_rate,3702784,1786504188.357329,9.999999747e-05
train/learning_rate,3735552,1786504192.900893,9.999999747e-05
train/learning_rate,3768320,1786504197.431774,9.999999747e-05
train/learning_rate,3801088,1786504201.983003,9.999999747e-05
train/learning_rate,3833856,1786504206.512718,9.999999747e-05
train/learning_rate,3866624,1786504211.062329,9.999999747e-05
train/learning_rate,3899392,1786504215.597439,9.999999747e-05
train/learning_rate,3932160,1786504220.120571,9.999999747e-05
train/learning_rate,3964928,1786504224.662002,9.999999747e-05
train/learning_rate,3997696,1786504229.206028,9.999999747e-05
train/learning_rate,4030464,1786504233.765486,9.999999747e-05
train/learning_rate,4063232,1786504238.298717,9.999999747e-05
train/learning_rate,4096000,1786504242.855474,9.999999747e-05
train/learning_rate,4128768,1786504247.407684,9.999999747e-05
train/learning_rate,4161536,1786504251.968406,9.999999747e-05
train/learning_rate,4194304,1786504256.509690,9.999999747e-05
train/learning_rate,4227072,1786504261.058545,9.999999747e-05
train/learning_rate,4259840,1786504265.609332,9.999999747e-05
train/learning_rate,4292608,1786504270.149906,9.999999747e-05
train/learning_rate,4325376,1786504274.739106,9.999999747e-05
train/learning_rate,4358144,1786504279.280970,9.999999747e-05
train/learning_rate,4390912,1786504283.820408,9.999999747e-05
train/learning_rate,4423680,1786504288.352690,9.999999747e-05
train/learning_rate,4456448,1786504292.895167,9.999999747e-05
train/learning_rate,4489216,1786504297.445625,9.999999747e-05
train/learning_rate,4521984,1786504301.998938,9.999999747e-05
train/learning_rate,4554752,1786504306.538135,9.999999747e-05
train/learning_rate,4587520,1786504311.078273,9.999999747e-05
train/learning_rate,4620288,1786504315.623152,9.999999747e-05
train/learning_rate,4653056,1786504320.166247,9.999999747e-05
train/learning_rate,4685824,1786504324.707370,9.999999747e-05
train/learning_rate,4718592,1786504329.257601,9.999999747e-05
train/learning_rate,4751360,1786504333.847301,9.999999747e-05
train/learning_rate,4784128,1786504338.384420,9.999999747e-05
train/learning_rate,4816896,1786504342.924506,9.999999747e-05
train/learning_rate,4849664,1786504347.468253,9.999999747e-05
train/learning_rate,4882432,1786504352.028803,9.999999747e-05
train/learning_rate,4915200,1786504356.565754,9.999999747e-05
train/learning_rate,4947968,1786504361.123516,9.999999747e-05
train/learning_rate,4980736,1786504365.686224,9.999999747e-05
train/learning_rate,5013504,1786504370.240271,9.999999747e-05
train/loss,65536,1786503677.514397,-0.03990266472
train/loss,98304,1786503682.450469,-0.04512166977
train/loss,131072,1786503687.363554,-0.03591595963
train/loss,163840,1786503692.332554,-0.02705497667
train/loss,196608,1786503697.248697,-0.03214981407
train/loss,229376,1786503702.189510,-0.02567715943
train/loss,262144,1786503707.093522,-0.03837072477
train/loss,294912,1786503712.047182,-0.04301046953
train/loss,327680,1786503716.974574,-0.04766442254
train/loss,360448,1786503721.916888,-0.04057523236
train/loss,393216,1786503726.820303,-0.02399071679
train/loss,425984,1786503731.754059,-0.03521833941
train/loss,458752,1786503736.717228,-0.03307808191
train/loss,491520,1786503741.678730,-0.04755273834
train/loss,524288,1786503746.594924,-0.02527162433
train/loss,557056,1786503751.535298,-0.06243495643
train/loss,589824,1786503756.780641,-0.02821229398
train/loss,622592,1786503761.763299,-0.03512565792
train/loss,655360,1786503766.527340,-0.03951620311
train/loss,688128,1786503771.204425,-0.04168714955
train/loss,720896,1786503775.803289,-0.02750970051
train/loss,753664,1786503780.322939,-0.03316265345
train/loss,786432,1786503784.874156,-0.03942269459
train/loss,819200,1786503789.397446,-0.03246774152
train/loss,851968,1786503793.966116,-0.03391032666
train/loss,884736,1786503798.494799,-0.04346406832
train/loss,917504,1786503803.016499,-0.03488849849
train/loss,950272,1786503807.534585,-0.02793970145
train/loss,983040,1786503812.063822,-0.03286762908
train/loss,1015808,1786503816.602319,-0.02788211405
train/loss,1048576,1786503821.114864,-0.03181544691
train/loss,1081344,1786503825.643243,-0.04086769372
train/loss,1114112,1786503830.167371,-0.03280156106
train/loss,1146880,1786503834.688967,-0.04140021652
train/loss,1179648,1786503839.207990,-0.05039648712
train/loss,1212416,1786503843.729450,-0.03585445508
train/loss,1245184,1786503848.257647,-0.04912408069
train/loss,1277952,1786503852.788984,-0.03516766801
train/loss,1310720,1786503857.305930,-0.03668701649
train/loss,1343488,1786503861.837830,-0.04957609624
train/loss,1376256,1786503866.364654,-0.03292333335
train/loss,1409024,1786503870.885533,-0.03402760625
train/loss,1441792,1786503875.404573,-0.04427748546
train/loss,1474560,1786503879.924171,-0.02976975217
train/loss,1507328,1786503884.462787,-0.01707088202
train/loss,1540096,1786503888.985564,-0.03863228485
train/loss,1572864,1786503893.534041,-0.03153686598
train/loss,1605632,1786503898.052860,-0.04244084284
train/loss,1638400,1786503902.572852,-0.03522217274
train/loss,1671168,1786503907.095768,-0.03435592726
train/loss,1703936,1786503911.618520,-0.03487766534
train/loss,1736704,1786503916.140040,-0.03704039007
train/loss,1769472,1786503920.677081,-0.03445681185
train/loss,1802240,1786503925.208247,-0.03453274816
train/loss,1835008,1786503929.723851,-0.02376803942
train/loss,1867776,1786503934.258436,-0.04051606357
train/loss,1900544,1786503938.780450,-0.02934568003
train/loss,1933312,1786503943.316580,-0.04079827294
train/loss,1966080,1786503947.831142,-0.0270675011
train/loss,1998848,1786503952.375564,-0.03838630393
train/loss,2031616,1786503956.923672,-0.04096006602
train/loss,2064384,1786503961.450245,-0.02930164896
train/loss,2097152,1786503966.006756,-0.03375395387
train/loss,2129920,1786503970.539289,-0.03454113007
train/loss,2162688,1786503975.151156,-0.02616568282
train/loss,2195456,1786503979.684326,-0.04359913245
train/loss,2228224,1786503984.221981,-0.031699121
train/loss,2260992,1786503988.762486,-0.02636406757
train/loss,2293760,1786503993.305431,-0.02489527687
train/loss,2326528,1786503997.832926,-0.02603662014
train/loss,2359296,1786504002.398276,-0.03632039949
train/loss,2392064,1786504006.921417,-0.03313923255
train/loss,2424832,1786504011.460699,-0.03922617435
train/loss,2457600,1786504015.993720,-0.03313436359
train/loss,2490368,1786504020.539939,-0.0234546084
train/loss,2523136,1786504025.089367,-0.05434441566
train/loss,2555904,1786504029.612672,-0.03629377112
train/loss,2588672,1786504034.131487,-0.0353974551
train/loss,2621440,1786504038.655987,-0.03488668054
train/loss,2654208,1786504043.172242,-0.03203690425
train/loss,2686976,1786504047.683575,-0.03520814329
train/loss,2719744,1786504052.212201,-0.03053060547
train/loss,2752512,1786504056.748523,-0.0218879357
train/loss,2785280,1786504061.277175,-0.03752938658
train/loss,2818048,1786504065.796789,-0.02492429689
train/loss,2850816,1786504070.326982,-0.01753022522
train/loss,2883584,1786504074.899637,-0.01115890965
train/loss,2916352,1786504079.449854,-0.02420913987
train/loss,2949120,1786504083.995419,-0.03446871787
train/loss,2981888,1786504088.523738,-0.03192130849
train/loss,3014656,1786504093.049553,-0.0349358879
train/loss,3047424,1786504097.576429,-0.03265838325
train/loss,3080192,1786504102.106247,-0.03770063818
train/loss,3112960,1786504106.637554,-0.03152537346
train/loss,3145728,1786504111.174449,-0.02926707827
train/loss,3178496,1786504115.737264,-0.02934252471
train/loss,3211264,1786504120.264576,-0.03607691079
train/loss,3244032,1786504124.787730,-0.03116503358
train/loss,3276800,1786504129.320861,-0.03544315323
train/loss,3309568,1786504133.883002,-0.03084789962
train/loss,3342336,1786504138.434693,-0.04089391977
train/loss,3375104,1786504142.973239,-0.03537529334
train/loss,3407872,1786504147.511635,-0.04094880074
train/loss,3440640,1786504152.038270,-0.02970353141
train/loss,3473408,1786504156.566419,-0.01352734491
train/loss,3506176,1786504161.098840,-0.03749528527
train/loss,3538944,1786504165.638746,-0.04300385341
train/loss,3571712,1786504170.184331,-0.02768512629
train/loss,3604480,1786504174.735499,-0.03391154483
train/loss,3637248,1786504179.280767,-0.03434609994
train/loss,3670016,1786504183.813482,-0.01932534948
train/loss,3702784,1786504188.357332,-0.0335929431
train/loss,3735552,1786504192.900896,-0.03791592643
train/loss,3768320,1786504197.431777,-0.02436707914
train/loss,3801088,1786504201.983006,-0.02376745455
train/loss,3833856,1786504206.512721,-0.03828551248
train/loss,3866624,1786504211.062332,-0.0356400162
train/loss,3899392,1786504215.597442,-0.03080629557
train/loss,3932160,1786504220.120574,-0.02297304943
train/loss,3964928,1786504224.662005,-0.02646120638
train/loss,3997696,1786504229.206031,-0.03030891344
train/loss,4030464,1786504233.765490,-0.0238263011
train/loss,4063232,1786504238.298720,-0.03868576512
train/loss,4096000,1786504242.855478,-0.03145825118
train/loss,4128768,1786504247.407687,-0.01335747913
train/loss,4161536,1786504251.968409,-0.03769938275
train/loss,4194304,1786504256.509693,-0.02248982713
train/loss,4227072,1786504261.058548,-0.03047494218
train/loss,4259840,1786504265.609335,-0.02916912548
train/loss,4292608,1786504270.149909,-0.02685998753
train/loss,4325376,1786504274.739109,-0.02801692486
train/loss,4358144,1786504279.280973,-0.03324363008
train/loss,4390912,1786504283.820411,-0.01716355607
train/loss,4423680,1786504288.352693,-0.01800874993
train/loss,4456448,1786504292.895170,-0.03146261349
train/loss,4489216,1786504297.445628,-0.02829267643
train/loss,4521984,1786504301.998941,-0.04092193767
train/loss,4554752,1786504306.538139,-0.01870938018
train/loss,4587520,1786504311.078276,-0.003673754632
train/loss,4620288,1786504315.623155,-0.03168946877
train/loss,4653056,1786504320.166251,-0.01641192287
train/loss,4685824,1786504324.707374,-0.03147916123
train/loss,4718592,1786504329.257604,-0.02765438333
train/loss,4751360,1786504333.847304,-0.02959353663
train/loss,4784128,1786504338.384424,-0.02071572095
train/loss,4816896,1786504342.924509,-0.01893114485
train/loss,4849664,1786504347.468256,-0.02569369785
train/loss,4882432,1786504352.028806,-0.01440545544
train/loss,4915200,1786504356.565757,-0.02737694979
train/loss,4947968,1786504361.123520,-0.04130267724
train/loss,4980736,1786504365.686227,-0.03114134818
train/loss,5013504,1786504370.240274,-0.01803620905
train/policy_gradient_loss,65536,1786503677.514492,-0.01852185652
train/policy_gradient_loss,98304,1786503682.450529,-0.01891416311
train/policy_gradient_loss,131072,1786503687.363616,-0.01792974025
train/policy_gradient_loss,163840,1786503692.332621,-0.01810261793
train/policy_gradient_loss,196608,1786503697.248780,-0.01737008616
train/policy_gradient_loss,229376,1786503702.189583,-0.01750662178
train/policy_gradient_loss,262144,1786503707.093592,-0.01714271307
train/policy_gradient_loss,294912,1786503712.047271,-0.01810620725
train/policy_gradient_loss,327680,1786503716.974636,-0.01789259538
train/policy_gradient_loss,360448,1786503721.916985,-0.0179727301
train/policy_gradient_loss,393216,1786503726.820375,-0.01750971004
train/policy_gradient_loss,425984,1786503731.754124,-0.01742486283
train/policy_gradient_loss,458752,1786503736.717296,-0.01694914885
train/policy_gradient_loss,491520,1786503741.678793,-0.01699903607
train/policy_gradient_loss,524288,1786503746.594988,-0.01823987812
train/policy_gradient_loss,557056,1786503751.535365,-0.01719363034
train/policy_gradient_loss,589824,1786503756.780753,-0.01787564158
train/policy_gradient_loss,622592,1786503761.763398,-0.01708347537
train/policy_gradient_loss,655360,1786503766.527400,-0.01729696058
train/policy_gradient_loss,688128,1786503771.204489,-0.01741920598
train/policy_gradient_loss,720896,1786503775.803352,-0.01754450798
train/policy_gradient_loss,753664,1786503780.322991,-0.01724919304
train/policy_gradient_loss,786432,1786503784.874209,-0.01683443226
train/policy_gradient_loss,819200,1786503789.397498,-0.01695790328
train/policy_gradient_loss,851968,1786503793.966171,-0.01731860079
train/policy_gradient_loss,884736,1786503798.494852,-0.01738148369
train/policy_gradient_loss,917504,1786503803.016561,-0.01678915508
train/policy_gradient_loss,950272,1786503807.534638,-0.01687185094
train/policy_gradient_loss,983040,1786503812.063890,-0.0166899655
train/policy_gradient_loss,1015808,1786503816.602423,-0.01608354785
train/policy_gradient_loss,1048576,1786503821.114925,-0.0171588622
train/policy_gradient_loss,1081344,1786503825.643316,-0.016625477
train/policy_gradient_loss,1114112,1786503830.167427,-0.01732016541
train/policy_gradient_loss,1146880,1786503834.689020,-0.01650551148
train/policy_gradient_loss,1179648,1786503839.208052,-0.01664091647
train/policy_gradient_loss,1212416,1786503843.729505,-0.01776055992
train/policy_gradient_loss,1245184,1786503848.257717,-0.01704525575
train/policy_gradient_loss,1277952,1786503852.789043,-0.01653050259
train/policy_gradient_loss,1310720,1786503857.305983,-0.01695423946
train/policy_gradient_loss,1343488,1786503861.837883,-0.01674455591
train/policy_gradient_loss,1376256,1786503866.364707,-0.01753773727
train/policy_gradient_loss,1409024,1786503870.885586,-0.01711149141
train/policy_gradient_loss,1441792,1786503875.404627,-0.01668574102
train/policy_gradient_loss,1474560,1786503879.924244,-0.01740373857
train/policy_gradient_loss,1507328,1786503884.462842,-0.01589745842
train/policy_gradient_loss,1540096,1786503888.985617,-0.01703538187
train/policy_gradient_loss,1572864,1786503893.534102,-0.01726329513
train/policy_gradient_loss,1605632,1786503898.052912,-0.01654045098
train/policy_gradient_loss,1638400,1786503902.572906,-0.01653120853
train/policy_gradient_loss,1671168,1786503907.095821,-0.01726507768
train/policy_gradient_loss,1703936,1786503911.618573,-0.01686410047
train/policy_gradient_loss,1736704,1786503916.140092,-0.01725446433
train/policy_gradient_loss,1769472,1786503920.677159,-0.01772706583
train/policy_gradient_loss,1802240,1786503925.208298,-0.01709921472
train/policy_gradient_loss,1835008,1786503929.723907,-0.01702284068
train/policy_gradient_loss,1867776,1786503934.258497,-0.01685691625
train/policy_gradient_loss,1900544,1786503938.780506,-0.01643660478
train/policy_gradient_loss,1933312,1786503943.316633,-0.01738834381
train/policy_gradient_loss,1966080,1786503947.831213,-0.01714713313
train/policy_gradient_loss,1998848,1786503952.375616,-0.01677873544
train/policy_gradient_loss,2031616,1786503956.923729,-0.01695302501
train/policy_gradient_loss,2064384,1786503961.450316,-0.01622630842
train/policy_gradient_loss,2097152,1786503966.006824,-0.01721005514
train/policy_gradient_loss,2129920,1786503970.539342,-0.01737909205
train/policy_gradient_loss,2162688,1786503975.151209,-0.01652459241
train/policy_gradient_loss,2195456,1786503979.684392,-0.01683494635
train/policy_gradient_loss,2228224,1786503984.222035,-0.01628160477
train/policy_gradient_loss,2260992,1786503988.762540,-0.01777473465
train/policy_gradient_loss,2293760,1786503993.305489,-0.01510078926
train/policy_gradient_loss,2326528,1786503997.832979,-0.01720007136
train/policy_gradient_loss,2359296,1786504002.398351,-0.01711477526
train/policy_gradient_loss,2392064,1786504006.921470,-0.01689245924
train/policy_gradient_loss,2424832,1786504011.460754,-0.01707017608
train/policy_gradient_loss,2457600,1786504015.993779,-0.01698682085
train/policy_gradient_loss,2490368,1786504020.539993,-0.01613666676
train/policy_gradient_loss,2523136,1786504025.089439,-0.01702608727
train/policy_gradient_loss,2555904,1786504029.612723,-0.01694300212
train/policy_gradient_loss,2588672,1786504034.131539,-0.01649852283
train/policy_gradient_loss,2621440,1786504038.656042,-0.01762316376
train/policy_gradient_loss,2654208,1786504043.172314,-0.0179624781
train/policy_gradient_loss,2686976,1786504047.683627,-0.01702872291
train/policy_gradient_loss,2719744,1786504052.212254,-0.0164007023
train/policy_gradient_loss,2752512,1786504056.748576,-0.01713469252
train/policy_gradient_loss,2785280,1786504061.277230,-0.01586247981
train/policy_gradient_loss,2818048,1786504065.796842,-0.01659017056
train/policy_gradient_loss,2850816,1786504070.327053,-0.01703306288
train/policy_gradient_loss,2883584,1786504074.899690,-0.01683910377
train/policy_gradient_loss,2916352,1786504079.449909,-0.01673985831
train/policy_gradient_loss,2949120,1786504083.995472,-0.01644572616
train/policy_gradient_loss,2981888,1786504088.523791,-0.016886767
train/policy_gradient_loss,3014656,1786504093.049624,-0.01635349542
train/policy_gradient_loss,3047424,1786504097.576487,-0.01672147214
train/policy_gradient_loss,3080192,1786504102.106299,-0.01795923151
train/policy_gradient_loss,3112960,1786504106.637612,-0.01660928503
train/policy_gradient_loss,3145728,1786504111.174503,-0.01708960719
train/policy_gradient_loss,3178496,1786504115.737333,-0.01666673273
train/policy_gradient_loss,3211264,1786504120.264640,-0.01609786041
train/policy_gradient_loss,3244032,1786504124.787803,-0.01725570112
train/policy_gradient_loss,3276800,1786504129.320954,-0.01683143526
train/policy_gradient_loss,3309568,1786504133.883056,-0.0164948646
train/policy_gradient_loss,3342336,1786504138.434756,-0.01655803248
train/policy_gradient_loss,3375104,1786504142.973291,-0.01626357436
train/policy_gradient_loss,3407872,1786504147.511691,-0.01664639637
train/policy_gradient_loss,3440640,1786504152.038323,-0.01656810194
train/policy_gradient_loss,3473408,1786504156.566495,-0.01678086445
train/policy_gradient_loss,3506176,1786504161.098894,-0.01723171398
train/policy_gradient_loss,3538944,1786504165.638801,-0.01722070761
train/policy_gradient_loss,3571712,1786504170.184387,-0.01594443433
train/policy_gradient_loss,3604480,1786504174.735571,-0.01603561267
train/policy_gradient_loss,3637248,1786504179.280838,-0.01690791361
train/policy_gradient_loss,3670016,1786504183.813544,-0.01679069176
train/policy_gradient_loss,3702784,1786504188.357384,-0.01542567182
train/policy_gradient_loss,3735552,1786504192.900967,-0.01673009805
train/policy_gradient_loss,3768320,1786504197.431836,-0.01723032817
train/policy_gradient_loss,3801088,1786504201.983064,-0.01708532311
train/policy_gradient_loss,3833856,1786504206.512775,-0.01787544228
train/policy_gradient_loss,3866624,1786504211.062388,-0.01685441472
train/policy_gradient_loss,3899392,1786504215.597515,-0.01633686386
train/policy_gradient_loss,3932160,1786504220.120645,-0.01701404899
train/policy_gradient_loss,3964928,1786504224.662081,-0.01750265248
train/policy_gradient_loss,3997696,1786504229.206085,-0.01741005108
train/policy_gradient_loss,4030464,1786504233.765545,-0.01655923203
train/policy_gradient_loss,4063232,1786504238.298773,-0.01491296478
train/policy_gradient_loss,4096000,1786504242.855541,-0.01781216078
train/policy_gradient_loss,4128768,1786504247.407761,-0.01723312028
train/policy_gradient_loss,4161536,1786504251.968480,-0.01672107726
train/policy_gradient_loss,4194304,1786504256.509745,-0.01554551348
train/policy_gradient_loss,4227072,1786504261.058603,-0.01603955403
train/policy_gradient_loss,4259840,1786504265.609408,-0.01651866548
train/policy_gradient_loss,4292608,1786504270.149972,-0.01663520932
train/policy_gradient_loss,4325376,1786504274.739185,-0.01683704928
train/policy_gradient_loss,4358144,1786504279.281025,-0.01638624258
train/policy_gradient_loss,4390912,1786504283.820466,-0.01687101834
train/policy_gradient_loss,4423680,1786504288.352766,-0.01633377373
train/policy_gradient_loss,4456448,1786504292.895226,-0.01667546108
train/policy_gradient_loss,4489216,1786504297.445681,-0.01659965143
train/policy_gradient_loss,4521984,1786504301.999001,-0.01634205505
train/policy_gradient_loss,4554752,1786504306.538193,-0.0162138138
train/policy_gradient_loss,4587520,1786504311.078352,-0.01592412777
train/policy_gradient_loss,4620288,1786504315.623225,-0.01611545682
train/policy_gradient_loss,4653056,1786504320.166318,-0.0156159699
train/policy_gradient_loss,4685824,1786504324.707447,-0.01555582602
train/policy_gradient_loss,4718592,1786504329.257690,-0.0166334305
train/policy_gradient_loss,4751360,1786504333.847361,-0.01723486185
train/policy_gradient_loss,4784128,1786504338.384490,-0.01599476114
train/policy_gradient_loss,4816896,1786504342.924563,-0.01610513031
train/policy_gradient_loss,4849664,1786504347.468316,-0.0169052612
train/policy_gradient_loss,4882432,1786504352.028869,-0.01600759849
train/policy_gradient_loss,4915200,1786504356.565810,-0.01629934646
train/policy_gradient_loss,4947968,1786504361.123577,-0.0167082306
train/policy_gradient_loss,4980736,1786504365.686298,-0.01638503559
train/policy_gradient_loss,5013504,1786504370.240337,-0.01705422811
train/std,65536,1786503677.514648,1.010246158
train/std,98304,1786503682.450731,1.009256244
train/std,131072,1786503687.363814,1.008377552
train/std,163840,1786503692.332846,1.007666945
train/std,196608,1786503697.248937,1.007211447
train/std,229376,1786503702.189801,1.006836653
train/std,262144,1786503707.093808,1.006177425
train/std,294912,1786503712.047422,1.005412698
train/std,327680,1786503716.974844,1.004936218
train/std,360448,1786503721.917150,1.004913211
train/std,393216,1786503726.820582,1.003895044
train/std,425984,1786503731.754266,1.003853917
train/std,458752,1786503736.717500,1.003160119
train/std,491520,1786503741.678981,1.002951503
train/std,524288,1786503746.595186,1.002298474
train/std,557056,1786503751.535555,1.001556993
train/std,589824,1786503756.781224,1.000568986
train/std,622592,1786503761.763555,1.000724673
train/std,655360,1786503766.527616,1.000844717
train/std,688128,1786503771.204651,1.000766158
train/std,720896,1786503775.803538,0.9995059967
train/std,753664,1786503780.323187,0.9985416532
train/std,786432,1786503784.874394,0.998508215
train/std,819200,1786503789.397680,0.9966988564
train/std,851968,1786503793.966351,0.9950324893
train/std,884736,1786503798.495029,0.9941367507
train/std,917504,1786503803.016749,0.9930910468
train/std,950272,1786503807.534832,0.9932249188
train/std,983040,1786503812.064061,0.9923432469
train/std,1015808,1786503816.602603,0.9909537435
train/std,1048576,1786503821.115112,0.9908206463
train/std,1081344,1786503825.643504,0.9912078977
train/std,1114112,1786503830.167607,0.9899563789
train/std,1146880,1786503834.689213,0.9893880486
train/std,1179648,1786503839.208256,0.9890596271
train/std,1212416,1786503843.729698,0.9883535504
train/std,1245184,1786503848.257913,0.9875195026
train/std,1277952,1786503852.789230,0.9876229763
train/std,1310720,1786503857.306201,0.9869837761
train/std,1343488,1786503861.838077,0.9853098989
train/std,1376256,1786503866.364925,0.9841985106
train/std,1409024,1786503870.885752,0.9835779667
train/std,1441792,1786503875.404818,0.9831847548
train/std,1474560,1786503879.924443,0.9823589325
train/std,1507328,1786503884.463038,0.9809936881
train/std,1540096,1786503888.985787,0.9809959531
train/std,1572864,1786503893.534307,0.9801523089
train/std,1605632,1786503898.053125,0.979351759
train/std,1638400,1786503902.573099,0.9789013267
train/std,1671168,1786503907.096007,0.9782905579
train/std,1703936,1786503911.618775,0.9777011871
train/std,1736704,1786503916.140282,0.9767273068
train/std,1769472,1786503920.677348,0.97654742
train/std,1802240,1786503925.208500,0.9760691524
train/std,1835008,1786503929.724096,0.9743537307
train/std,1867776,1786503934.258695,0.9747490287
train/std,1900544,1786503938.780690,0.9748284221
train/std,1933312,1786503943.316838,0.974553287
train/std,1966080,1786503947.831396,0.9734600186
train/std,1998848,1786503952.375833,0.9720263481
train/std,2031616,1786503956.923924,0.9710847735
train/std,2064384,1786503961.450509,0.9704256058
train/std,2097152,1786503966.006999,0.9692783952
train/std,2129920,1786503970.539538,0.9689810276
train/std,2162688,1786503975.151404,0.9675249457
train/std,2195456,1786503979.684570,0.9669336677
train/std,2228224,1786503984.222226,0.9661345482
train/std,2260992,1786503988.762715,0.9656062126
train/std,2293760,1786503993.305680,0.9648117423
train/std,2326528,1786503997.833160,0.9638391137
train/std,2359296,1786504002.398545,0.9641032219
train/std,2392064,1786504006.921678,0.9629473686
train/std,2424832,1786504011.460956,0.9624188542
train/std,2457600,1786504015.993992,0.9625559449
train/std,2490368,1786504020.540186,0.961288929
train/std,2523136,1786504025.089632,0.9597501755
train/std,2555904,1786504029.612897,0.9584489465
train/std,2588672,1786504034.131744,0.9581262469
train/std,2621440,1786504038.656229,0.9581972957
train/std,2654208,1786504043.172510,0.9569985271
train/std,2686976,1786504047.683825,0.9558269978
train/std,2719744,1786504052.212456,0.9551422
train/std,2752512,1786504056.748809,0.9548879266
train/std,2785280,1786504061.277421,0.9534435272
train/std,2818048,1786504065.797018,0.952270329
train/std,2850816,1786504070.327229,0.9512057304
train/std,2883584,1786504074.899875,0.950422585
train/std,2916352,1786504079.450086,0.9503225684
train/std,2949120,1786504083.995670,0.9505262971
train/std,2981888,1786504088.523985,0.9498264194
train/std,3014656,1786504093.049815,0.9487061501
train/std,3047424,1786504097.576679,0.9482571483
train/std,3080192,1786504102.106500,0.9472687244
train/std,3112960,1786504106.637791,0.9461941719
train/std,3145728,1786504111.174675,0.9459193349
train/std,3178496,1786504115.737517,0.9451393485
train/std,3211264,1786504120.264837,0.9445607066
train/std,3244032,1786504124.788246,0.9438460469
train/std,3276800,1786504129.321156,0.942563355
train/std,3309568,1786504133.883263,0.9421426654
train/std,3342336,1786504138.434948,0.9418845177
train/std,3375104,1786504142.973482,0.9416391253
train/std,3407872,1786504147.511873,0.9407559037
train/std,3440640,1786504152.038518,0.9397284985
train/std,3473408,1786504156.566680,0.9393277168
train/std,3506176,1786504161.099067,0.93827039
train/std,3538944,1786504165.638983,0.9372985363
train/std,3571712,1786504170.184581,0.9368371964
train/std,3604480,1786504174.735754,0.9362130761
train/std,3637248,1786504179.281013,0.9347687364
train/std,3670016,1786504183.813715,0.934463203
train/std,3702784,1786504188.357572,0.9335154891
train/std,3735552,1786504192.901158,0.932510078
train/std,3768320,1786504197.432026,0.9325295091
train/std,3801088,1786504201.983260,0.9316160083
train/std,3833856,1786504206.512973,0.9305739403
train/std,3866624,1786504211.062573,0.929803431
train/std,3899392,1786504215.597684,0.9292550087
train/std,3932160,1786504220.120825,0.928550005
train/std,3964928,1786504224.662264,0.9273968339
train/std,3997696,1786504229.206284,0.9266550541
train/std,4030464,1786504233.765711,0.9262800813
train/std,4063232,1786504238.298972,0.9254892468
train/std,4096000,1786504242.855714,0.9249957204
train/std,4128768,1786504247.407950,0.9249445796
train/std,4161536,1786504251.968672,0.9249728322
train/std,4194304,1786504256.509939,0.9243391156
train/std,4227072,1786504261.058768,0.9235908389
train/std,4259840,1786504265.609584,0.9228231907
train/std,4292608,1786504270.150163,0.9229152799
train/std,4325376,1786504274.739365,0.9225042462
train/std,4358144,1786504279.281238,0.9205315709
train/std,4390912,1786504283.820653,0.9193177819
train/std,4423680,1786504288.352950,0.917437315
train/std,4456448,1786504292.895417,0.9162828922
train/std,4489216,1786504297.445862,0.9161757827
train/std,4521984,1786504301.999198,0.9161379933
train/std,4554752,1786504306.538386,0.9158605933
train/std,4587520,1786504311.078528,0.9151882529
train/std,4620288,1786504315.623392,0.9148804545
train/std,4653056,1786504320.166507,0.9141688347
train/std,4685824,1786504324.707640,0.9130659103
train/std,4718592,1786504329.257858,0.9119774699
train/std,4751360,1786504333.847534,0.9110295773
train/std,4784128,1786504338.384675,0.9115551114
train/std,4816896,1786504342.924758,0.909801662
train/std,4849664,1786504347.468505,0.9110393524
train/std,4882432,1786504352.029056,0.9100934863
train/std,4915200,1786504356.566001,0.9097434878
train/std,4947968,1786504361.123755,0.9101365209
train/std,4980736,1786504365.686483,0.9093143344
train/std,5013504,1786504370.240530,0.9083015919
train/value_loss,65536,1786503677.514817,0.02860972285
train/value_loss,98304,1786503682.451045,0.01824968308
train/value_loss,131072,1786503687.364144,0.01760473102
train/value_loss,163840,1786503692.333157,0.02241291851
train/value_loss,196608,1786503697.249315,0.01711587235
train/value_loss,229376,1786503702.190134,0.01873233169
train/value_loss,262144,1786503707.094134,0.01736371033
train/value_loss,294912,1786503712.047833,0.01560741011
train/value_loss,327680,1786503716.975197,0.01589777693
train/value_loss,360448,1786503721.917529,0.01734511368
train/value_loss,393216,1786503726.820636,0.01943860762
train/value_loss,425984,1786503731.754322,0.01869771816
train/value_loss,458752,1786503736.717565,0.01867689937
train/value_loss,491520,1786503741.679037,0.01943462528
train/value_loss,524288,1786503746.595293,0.01604801975
train/value_loss,557056,1786503751.535646,0.01279092208
train/value_loss,589824,1786503756.781332,0.02068949118
train/value_loss,622592,1786503761.763719,0.01828217134
train/value_loss,655360,1786503766.527963,0.01692723483
train/value_loss,688128,1786503771.204719,0.0168976225
train/value_loss,720896,1786503775.803604,0.01818373427
train/value_loss,753664,1786503780.323539,0.0225285273
train/value_loss,786432,1786503784.874728,0.01828451827
train/value_loss,819200,1786503789.398011,0.0175853353
train/value_loss,851968,1786503793.966679,0.01635350846
train/value_loss,884736,1786503798.495345,0.01697980985
train/value_loss,917504,1786503803.017090,0.01787905395
train/value_loss,950272,1786503807.535184,0.02077695914
train/value_loss,983040,1786503812.064436,0.01739398204
train/value_loss,1015808,1786503816.602751,0.02051174827
train/value_loss,1048576,1786503821.115451,0.01727995649
train/value_loss,1081344,1786503825.643928,0.01589106396
train/value_loss,1114112,1786503830.167935,0.01613588259
train/value_loss,1146880,1786503834.689559,0.01753439009
train/value_loss,1179648,1786503839.208601,0.01671567
train/value_loss,1212416,1786503843.729757,0.0157656651
train/value_loss,1245184,1786503848.258341,0.02141098306
train/value_loss,1277952,1786503852.789289,0.01631887443
train/value_loss,1310720,1786503857.306602,0.01650869474
train/value_loss,1343488,1786503861.838421,0.01606778614
train/value_loss,1376256,1786503866.365260,0.0189639125
train/value_loss,1409024,1786503870.885837,0.01706505381
train/value_loss,1441792,1786503875.405155,0.01619333401
train/value_loss,1474560,1786503879.924853,0.01430014707
train/value_loss,1507328,1786503884.463380,0.02295831963
train/value_loss,1540096,1786503888.986143,0.02028039098
train/value_loss,1572864,1786503893.534635,0.01827813126
train/value_loss,1605632,1786503898.053467,0.01435542852
train/value_loss,1638400,1786503902.573151,0.01515976526
train/value_loss,1671168,1786503907.096362,0.01620692387
train/value_loss,1703936,1786503911.618852,0.01321718562
train/value_loss,1736704,1786503916.140609,0.01582637057
train/value_loss,1769472,1786503920.677774,0.01268158574
train/value_loss,1802240,1786503925.208876,0.01858551428
train/value_loss,1835008,1786503929.724444,0.02311753854
train/value_loss,1867776,1786503934.259058,0.01632671244
train/value_loss,1900544,1786503938.780768,0.0235483218
train/value_loss,1933312,1786503943.317195,0.01606248505
train/value_loss,1966080,1786503947.831468,0.01910880767
train/value_loss,1998848,1786503952.376165,0.01607527025
train/value_loss,2031616,1786503956.924292,0.01700378396
train/value_loss,2064384,1786503961.450928,0.02257897519
train/value_loss,2097152,1786503966.007388,0.01840472035
train/value_loss,2129920,1786503970.539874,0.01576772518
train/value_loss,2162688,1786503975.151755,0.01835863292
train/value_loss,2195456,1786503979.684952,0.01834385656
train/value_loss,2228224,1786503984.222578,0.02159241773
train/value_loss,2260992,1786503988.762817,0.01929754764
train/value_loss,2293760,1786503993.306019,0.0133984955
train/value_loss,2326528,1786503997.833242,0.01530572399
train/value_loss,2359296,1786504002.398947,0.01296486519
train/value_loss,2392064,1786504006.922052,0.01845908165
train/value_loss,2424832,1786504011.461306,0.01590518095
train/value_loss,2457600,1786504015.994328,0.01588179544
train/value_loss,2490368,1786504020.540251,0.02004517429
train/value_loss,2523136,1786504025.090059,0.01396533754
train/value_loss,2555904,1786504029.612963,0.01617402956
train/value_loss,2588672,1786504034.132124,0.01819735207
train/value_loss,2621440,1786504038.656597,0.01846503094
train/value_loss,2654208,1786504043.172938,0.01473680977
train/value_loss,2686976,1786504047.684191,0.01575847156
train/value_loss,2719744,1786504052.212842,0.01456640847
train/value_loss,2752512,1786504056.749128,0.01669917814
train/value_loss,2785280,1786504061.277754,0.01737109572
train/value_loss,2818048,1786504065.797067,0.01907356456
train/value_loss,2850816,1786504070.327624,0.01350145508
train/value_loss,2883584,1786504074.900224,0.0159724243
train/value_loss,2916352,1786504079.450225,0.01392821781
train/value_loss,2949120,1786504083.996027,0.01812227629
train/value_loss,2981888,1786504088.524330,0.01721469685
train/value_loss,3014656,1786504093.050222,0.01947438717
train/value_loss,3047424,1786504097.577035,0.01416407339
train/value_loss,3080192,1786504102.106836,0.01459802967
train/value_loss,3112960,1786504106.637849,0.01638418809
train/value_loss,3145728,1786504111.174728,0.01642790996
train/value_loss,3178496,1786504115.737922,0.01743655093
train/value_loss,3211264,1786504120.265192,0.0179510247
train/value_loss,3244032,1786504124.788314,0.0138965575
train/value_loss,3276800,1786504129.321581,0.01807404496
train/value_loss,3309568,1786504133.883587,0.01575027406
train/value_loss,3342336,1786504138.435297,0.01820191741
train/value_loss,3375104,1786504142.973840,0.01810055785
train/value_loss,3407872,1786504147.512219,0.02053065225
train/value_loss,3440640,1786504152.038841,0.02014699765
train/value_loss,3473408,1786504156.567104,0.01544159185
train/value_loss,3506176,1786504161.099135,0.01656714082
train/value_loss,3538944,1786504165.639040,0.01783604175
train/value_loss,3571712,1786504170.184944,0.01440564357
train/value_loss,3604480,1786504174.736179,0.01738747023
train/value_loss,3637248,1786504179.281406,0.01638358645
train/value_loss,3670016,1786504183.813772,0.02299099974
train/value_loss,3702784,1786504188.357909,0.02049164288
train/value_loss,3735552,1786504192.901548,0.01664969139
train/value_loss,3768320,1786504197.432392,0.01741144434
train/value_loss,3801088,1786504201.983586,0.01802803203
train/value_loss,3833856,1786504206.513334,0.01565739326
train/value_loss,3866624,1786504211.062932,0.01676703244
train/value_loss,3899392,1786504215.597822,0.01646297425
train/value_loss,3932160,1786504220.121222,0.0185905844
train/value_loss,3964928,1786504224.662670,0.02383345552
train/value_loss,3997696,1786504229.206630,0.01686513796
train/value_loss,4030464,1786504233.765762,0.01709033921
train/value_loss,4063232,1786504238.299315,0.01944293454
train/value_loss,4096000,1786504242.855772,0.01503018476
train/value_loss,4128768,1786504247.408370,0.01492539141
train/value_loss,4161536,1786504251.969058,0.01936339028
train/value_loss,4194304,1786504256.510269,0.01921588928
train/value_loss,4227072,1786504261.058935,0.0188687928
train/value_loss,4259840,1786504265.609749,0.01580661535
train/value_loss,4292608,1786504270.150493,0.01408778224
train/value_loss,4325376,1786504274.739767,0.01774756797
train/value_loss,4358144,1786504279.281577,0.0240079388
train/value_loss,4390912,1786504283.820982,0.01649774797
train/value_loss,4423680,1786504288.353350,0.01489274669
train/value_loss,4456448,1786504292.895779,0.01140645891
train/value_loss,4489216,1786504297.446210,0.01381571312
train/value_loss,4521984,1786504301.999523,0.0140460683
train/value_loss,4554752,1786504306.538742,0.0200344827
train/value_loss,4587520,1786504311.078689,0.01915905252
train/value_loss,4620288,1786504315.623555,0.01692660525
train/value_loss,4653056,1786504320.166900,0.01496696565
train/value_loss,4685824,1786504324.708057,0.016086068
train/value_loss,4718592,1786504329.258241,0.01584278978
train/value_loss,4751360,1786504333.847584,0.01231384557
train/value_loss,4784128,1786504338.385084,0.01613342762
train/value_loss,4816896,1786504342.925091,0.01196756773
train/value_loss,4849664,1786504347.468848,0.01441823877
train/value_loss,4882432,1786504352.029378,0.01689097099
train/value_loss,4915200,1786504356.566355,0.0137754418
train/value_loss,4947968,1786504361.124098,0.01080069877
train/value_loss,4980736,1786504365.686880,0.01276476402
train/value_loss,5013504,1786504370.240831,0.02057784609
