tag,step,wall_time,value
rollout/ep_len_mean,32768,1786495955.975822,362.3648682
rollout/ep_len_mean,65536,1786495961.031258,445.8699951
rollout/ep_len_mean,98304,1786495966.048288,455.1600037
rollout/ep_len_mean,131072,1786495971.060537,469.1000061
rollout/ep_len_mean,163840,1786495976.070061,460.6099854
rollout/ep_len_mean,196608,1786495981.052644,381.7099915
rollout/ep_len_mean,229376,1786495986.050716,389.7600098
rollout/ep_len_mean,262144,1786495991.022752,433.480011
rollout/ep_len_mean,294912,1786495996.011887,436.4599915
rollout/ep_len_mean,327680,1786496000.993135,317.8399963
rollout/ep_len_mean,360448,1786496006.055750,406.9200134
rollout/ep_len_mean,393216,1786496011.057509,468.9899902
rollout/ep_len_mean,425984,1786496016.047718,420.5799866
rollout/ep_len_mean,458752,1786496021.065123,429.1499939
rollout/ep_len_mean,491520,1786496026.104667,447.2000122
rollout/ep_len_mean,524288,1786496031.124490,429.2399902
rollout/ep_len_mean,557056,1786496036.171674,396.2399902
rollout/ep_len_mean,589824,1786496041.178725,357.3800049
rollout/ep_len_mean,622592,1786496046.232018,362.230011
rollout/ep_len_mean,655360,1786496051.251443,350.3599854
rollout/ep_len_mean,688128,1786496056.326870,387.1600037
rollout/ep_len_mean,720896,1786496061.432503,377.5899963
rollout/ep_len_mean,753664,1786496066.470993,362.1499939
rollout/ep_len_mean,786432,1786496071.547840,369.5899963
rollout/ep_len_mean,819200,1786496076.541661,358.5299988
rollout/ep_len_mean,851968,1786496081.598567,392.1700134
rollout/ep_len_mean,884736,1786496086.635416,410.0700073
rollout/ep_len_mean,917504,1786496091.656754,367.519989
rollout/ep_len_mean,950272,1786496096.708369,431.1099854
rollout/ep_len_mean,983040,1786496101.726638,425.4299927
rollout/ep_len_mean,1015808,1786496106.782223,435.1900024
rollout/ep_len_mean,1048576,1786496111.827593,441.769989
rollout/ep_len_mean,1081344,1786496116.872461,388.7200012
rollout/ep_len_mean,1114112,1786496121.880725,401.1799927
rollout/ep_len_mean,1146880,1786496126.855535,336.0100098
rollout/ep_len_mean,1179648,1786496131.858848,444.519989
rollout/ep_len_mean,1212416,1786496136.842082,444.5799866
rollout/ep_len_mean,1245184,1786496141.872175,435.9599915
rollout/ep_len_mean,1277952,1786496146.868358,411.0100098
rollout/ep_len_mean,1310720,1786496151.872206,464.1400146
rollout/ep_len_mean,1343488,1786496156.865711,433.5700073
rollout/ep_len_mean,1376256,1786496161.900368,409.4299927
rollout/ep_len_mean,1409024,1786496166.944965,379.2200012
rollout/ep_len_mean,1441792,1786496171.977114,437.6900024
rollout/ep_len_mean,1474560,1786496176.935167,429.7099915
rollout/ep_len_mean,1507328,1786496181.979618,433.1900024
rollout/ep_len_mean,1540096,1786496186.951576,386.3200073
rollout/ep_len_mean,1572864,1786496191.954285,421.5
rollout/ep_len_mean,1605632,1786496196.932854,412.730011
rollout/ep_len_mean,1638400,1786496202.174533,363.8800049
rollout/ep_len_mean,1671168,1786496207.301288,355.2000122
rollout/ep_len_mean,1703936,1786496212.309971,370.9700012
rollout/ep_len_mean,1736704,1786496217.283708,413.980011
rollout/ep_len_mean,1769472,1786496222.338814,395.3999939
rollout/ep_len_mean,1802240,1786496227.337607,374.8699951
rollout/ep_len_mean,1835008,1786496232.432742,379.8999939
rollout/ep_len_mean,1867776,1786496237.409748,377.3200073
rollout/ep_len_mean,1900544,1786496242.464007,313.6000061
rollout/ep_len_mean,1933312,1786496247.476692,413.9500122
rollout/ep_len_mean,1966080,1786496252.485325,394.9400024
rollout/ep_len_mean,1998848,1786496257.475312,469.8299866
rollout/ep_len_mean,2031616,1786496262.495438,468.5499878
rollout/ep_len_mean,2064384,1786496267.471749,385.8599854
rollout/ep_len_mean,2097152,1786496272.478573,411.9400024
rollout/ep_len_mean,2129920,1786496277.442032,406.8200073
rollout/ep_len_mean,2162688,1786496282.450921,348.5700073
rollout/ep_len_mean,2195456,1786496287.426120,438.2399902
rollout/ep_len_mean,2228224,1786496292.419915,392.5400085
rollout/ep_len_mean,2260992,1786496297.367561,467.5
rollout/ep_len_mean,2293760,1786496302.373584,464.6700134
rollout/ep_len_mean,2326528,1786496307.343488,391.480011
rollout/ep_len_mean,2359296,1786496312.381611,409.2799988
rollout/ep_len_mean,2392064,1786496317.339021,424.7399902
rollout/ep_len_mean,2424832,1786496322.327441,432.230011
rollout/ep_len_mean,2457600,1786496327.267284,424.1600037
rollout/ep_len_mean,2490368,1786496332.259509,439.980011
rollout/ep_len_mean,2523136,1786496337.214373,446.5400085
rollout/ep_len_mean,2555904,1786496342.208537,385.6600037
rollout/ep_len_mean,2588672,1786496347.170179,406.6600037
rollout/ep_len_mean,2621440,1786496352.164380,471.0299988
rollout/ep_len_mean,2654208,1786496357.111129,493.1600037
rollout/ep_len_mean,2686976,1786496362.110721,472.9100037
rollout/ep_len_mean,2719744,1786496367.073001,433.730011
rollout/ep_len_mean,2752512,1786496372.068177,471.3699951
rollout/ep_len_mean,2785280,1786496377.016957,485.0400085
rollout/ep_len_mean,2818048,1786496382.008405,513.0300293
rollout/ep_len_mean,2850816,1786496386.968260,516.460022
rollout/ep_len_mean,2883584,1786496391.953530,450.5299988
rollout/ep_len_mean,2916352,1786496396.902017,462.0599976
rollout/ep_len_mean,2949120,1786496401.912564,473.4599915
rollout/ep_len_mean,2981888,1786496406.879428,433.8099976
rollout/ep_len_mean,3014656,1786496411.864325,465.6099854
rollout/ep_len_mean,3047424,1786496416.818711,472.8500061
rollout/ep_len_mean,3080192,1786496421.814124,449.6900024
rollout/ep_len_mean,3112960,1786496426.783654,421.3900146
rollout/ep_len_mean,3145728,1786496431.806488,419.8599854
rollout/ep_len_mean,3178496,1786496436.777720,442.6300049
rollout/ep_len_mean,3211264,1786496441.761923,464.019989
rollout/ep_len_mean,3244032,1786496446.799088,470.9599915
rollout/ep_len_mean,3276800,1786496451.801822,469.4899902
rollout/ep_len_mean,3309568,1786496456.747593,507.1900024
rollout/ep_len_mean,3342336,1786496461.701114,509.2200012
rollout/ep_len_mean,3375104,1786496466.648171,485.519989
rollout/ep_len_mean,3407872,1786496471.589613,456.3699951
rollout/ep_len_mean,3440640,1786496476.544284,500.8099976
rollout/ep_len_mean,3473408,1786496481.493015,539.6500244
rollout/ep_len_mean,3506176,1786496486.446199,522.5
rollout/ep_len_mean,3538944,1786496491.399233,514.039978
rollout/ep_len_mean,3571712,1786496496.356226,474.6700134
rollout/ep_len_mean,3604480,1786496501.302293,462.8900146
rollout/ep_len_mean,3637248,1786496506.251990,484.3500061
rollout/ep_len_mean,3670016,1786496511.173649,513.7399902
rollout/ep_len_mean,3702784,1786496516.123739,447.6900024
rollout/ep_len_mean,3735552,1786496521.051905,487.7099915
rollout/ep_len_mean,3768320,1786496526.011983,535.8300171
rollout/ep_len_mean,3801088,1786496530.942420,473.5799866
rollout/ep_len_mean,3833856,1786496535.902072,472.8599854
rollout/ep_len_mean,3866624,1786496540.835245,478.8599854
rollout/ep_len_mean,3899392,1786496545.792084,478.2099915
rollout/ep_len_mean,3932160,1786496550.725439,545.6199951
rollout/ep_len_mean,3964928,1786496555.703942,515.5200195
rollout/ep_len_mean,3997696,1786496560.643998,482.0499878
rollout/ep_len_mean,4030464,1786496565.657765,454.0899963
rollout/ep_len_mean,4063232,1786496570.614310,502.2799988
rollout/ep_len_mean,4096000,1786496575.581807,505.9500122
rollout/ep_len_mean,4128768,1786496580.504715,477.269989
rollout/ep_len_mean,4161536,1786496585.474088,433.8500061
rollout/ep_len_mean,4194304,1786496590.396975,513.9000244
rollout/ep_len_mean,4227072,1786496595.353142,517.6599731
rollout/ep_len_mean,4259840,1786496600.280986,494.1799927
rollout/ep_len_mean,4292608,1786496605.228545,469.0799866
rollout/ep_len_mean,4325376,1786496610.150099,454.8500061
rollout/ep_len_mean,4358144,1786496615.161620,504.3500061
rollout/ep_len_mean,4390912,1786496620.102444,464.6799927
rollout/ep_len_mean,4423680,1786496625.056828,489.480011
rollout/ep_len_mean,4456448,1786496629.978903,494.3500061
rollout/ep_len_mean,4489216,1786496634.946213,482.5100098
rollout/ep_len_mean,4521984,1786496639.873773,515.8200073
rollout/ep_len_mean,4554752,1786496644.832089,545.539978
rollout/ep_len_mean,4587520,1786496649.770409,445.3500061
rollout/ep_len_mean,4620288,1786496654.716009,505.6600037
rollout/ep_len_mean,4653056,1786496659.648174,435.7099915
rollout/ep_len_mean,4685824,1786496664.606364,496.9899902
rollout/ep_len_mean,4718592,1786496669.533631,482.980011
rollout/ep_len_mean,4751360,1786496674.480168,502.8900146
rollout/ep_len_mean,4784128,1786496679.399821,531.1799927
rollout/ep_len_mean,4816896,1786496684.347089,563.4799805
rollout/ep_len_mean,4849664,1786496689.271731,530.4799805
rollout/ep_len_mean,4882432,1786496694.233714,537.7800293
rollout/ep_len_mean,4915200,1786496699.144930,517.1500244
rollout/ep_len_mean,4947968,1786496704.087301,500.2999878
rollout/ep_len_mean,4980736,1786496709.013353,505.5400085
rollout/ep_len_mean,5013504,1786496713.976639,516.9500122
rollout/ep_len_mean,5046272,1786496718.901121,542.9699707
rollout/ep_len_mean,5079040,1786496723.839998,540.75
rollout/ep_len_mean,5111808,1786496728.774754,532.8800049
rollout/ep_len_mean,5144576,1786496733.781752,511.769989
rollout/ep_len_mean,5177344,1786496738.709606,472.6600037
rollout/ep_len_mean,5210112,1786496743.672180,411.8900146
rollout/ep_len_mean,5242880,1786496748.586578,500.8900146
rollout/ep_len_mean,5275648,1786496753.533122,497.3099976
rollout/ep_len_mean,5308416,1786496758.458829,512.0599976
rollout/ep_len_mean,5341184,1786496763.433925,475.6000061
rollout/ep_len_mean,5373952,1786496768.354132,561.710022
rollout/ep_len_mean,5406720,1786496773.300918,550.9299927
rollout/ep_len_mean,5439488,1786496778.212661,494.4599915
rollout/ep_len_mean,5472256,1786496783.174336,535.1599731
rollout/ep_len_mean,5505024,1786496788.106616,532.8400269
rollout/ep_len_mean,5537792,1786496793.077079,476.1300049
rollout/ep_len_mean,5570560,1786496798.005184,462.3900146
rollout/ep_len_mean,5603328,1786496802.954677,487.480011
rollout/ep_len_mean,5636096,1786496807.894042,525.1199951
rollout/ep_len_mean,5668864,1786496812.838130,565.8300171
rollout/ep_len_mean,5701632,1786496817.749236,571.710022
rollout/ep_len_mean,5734400,1786496822.697161,571.1799927
rollout/ep_len_mean,5767168,1786496827.645775,637.1799927
rollout/ep_len_mean,5799936,1786496832.610094,585.7999878
rollout/ep_len_mean,5832704,1786496837.534029,612.1099854
rollout/ep_len_mean,5865472,1786496842.466232,605.2199707
rollout/ep_len_mean,5898240,1786496847.381460,607.9799805
rollout/ep_len_mean,5931008,1786496852.340879,623.2399902
rollout/ep_len_mean,5963776,1786496857.281633,558.4500122
rollout/ep_len_mean,5996544,1786496862.243125,512.0700073
rollout/ep_len_mean,6029312,1786496867.165001,533.6699829
rollout/ep_len_mean,6062080,1786496872.125101,556.2399902
rollout/ep_len_mean,6094848,1786496877.045411,560.3200073
rollout/ep_len_mean,6127616,1786496882.014214,581.5499878
rollout/ep_len_mean,6160384,1786496886.941577,558.5100098
rollout/ep_len_mean,6193152,1786496891.887325,594.1599731
rollout/ep_len_mean,6225920,1786496896.812148,631
rollout/ep_len_mean,6258688,1786496901.760264,607.1500244
rollout/ep_len_mean,6291456,1786496906.693267,554.8800049
rollout/ep_len_mean,6324224,1786496911.664977,489.4100037
rollout/ep_len_mean,6356992,1786496916.629901,490.8299866
rollout/ep_len_mean,6389760,1786496921.578715,544.5200195
rollout/ep_len_mean,6422528,1786496926.528282,533.8800049
rollout/ep_len_mean,6455296,1786496931.480084,606.7199707
rollout/ep_len_mean,6488064,1786496936.431805,599.8300171
rollout/ep_len_mean,6520832,1786496941.365149,576.5200195
rollout/ep_len_mean,6553600,1786496946.311130,552.1400146
rollout/ep_len_mean,6586368,1786496951.253832,606.7800293
rollout/ep_len_mean,6619136,1786496956.195110,653.9899902
rollout/ep_len_mean,6651904,1786496961.114317,612.0700073
rollout/ep_len_mean,6684672,1786496966.053569,609.9199829
rollout/ep_len_mean,6717440,1786496970.976004,576.2299805
rollout/ep_len_mean,6750208,1786496975.939377,525.8200073
rollout/ep_len_mean,6782976,1786496980.858078,604.3400269
rollout/ep_len_mean,6815744,1786496985.804312,684.1599731
rollout/ep_len_mean,6848512,1786496990.719790,624.5700073
rollout/ep_len_mean,6881280,1786496995.657713,593.3400269
rollout/ep_len_mean,6914048,1786497000.583613,569.4899902
rollout/ep_len_mean,6946816,1786497005.534617,613.2399902
rollout/ep_len_mean,6979584,1786497010.466369,578.7700195
rollout/ep_len_mean,7012352,1786497015.413443,573.3400269
rollout/ep_len_mean,7045120,1786497020.342396,595.0800171
rollout/ep_len_mean,7077888,1786497025.298268,574.8499756
rollout/ep_len_mean,7110656,1786497030.205415,553.9699707
rollout/ep_len_mean,7143424,1786497035.153128,570.4199829
rollout/ep_len_mean,7176192,1786497040.055524,509.0599976
rollout/ep_len_mean,7208960,1786497045.012922,485.6000061
rollout/ep_len_mean,7241728,1786497049.928715,551.5300293
rollout/ep_len_mean,7274496,1786497054.893191,581.6099854
rollout/ep_len_mean,7307264,1786497059.796308,604.1799927
rollout/ep_len_mean,7340032,1786497064.755354,574.6400146
rollout/ep_len_mean,7372800,1786497069.673050,502.3900146
rollout/ep_len_mean,7405568,1786497074.620783,585.1199951
rollout/ep_len_mean,7438336,1786497079.529980,550.1599731
rollout/ep_len_mean,7471104,1786497084.468946,584.5700073
rollout/ep_len_mean,7503872,1786497089.405950,655.7800293
rollout/ep_len_mean,7536640,1786497094.370145,720.5700073
rollout/ep_len_mean,7569408,1786497099.288895,658.4299927
rollout/ep_len_mean,7602176,1786497104.255059,611.1199951
rollout/ep_len_mean,7634944,1786497109.168244,630.8800049
rollout/ep_len_mean,7667712,1786497114.173762,577.960022
rollout/ep_len_mean,7700480,1786497119.123978,534.2999878
rollout/ep_len_mean,7733248,1786497124.074865,570.1599731
rollout/ep_len_mean,7766016,1786497128.986989,602.8200073
rollout/ep_len_mean,7798784,1786497133.927149,545.5900269
rollout/ep_len_mean,7831552,1786497138.861610,593.5
rollout/ep_len_mean,7864320,1786497143.818377,624.1900024
rollout/ep_len_mean,7897088,1786497148.723567,655.7700195
rollout/ep_len_mean,7929856,1786497153.713193,681.0599976
rollout/ep_len_mean,7962624,1786497158.616267,675.3099976
rollout/ep_len_mean,7995392,1786497163.570970,656.4799805
rollout/ep_len_mean,8028160,1786497168.478984,667.0100098
rollout/ep_rew_mean,32768,1786495955.975846,1.693057299
rollout/ep_rew_mean,65536,1786495961.031279,2.037011385
rollout/ep_rew_mean,98304,1786495966.048307,2.155248404
rollout/ep_rew_mean,131072,1786495971.060553,2.333730459
rollout/ep_rew_mean,163840,1786495976.070077,2.074840069
rollout/ep_rew_mean,196608,1786495981.052674,1.838302374
rollout/ep_rew_mean,229376,1786495986.050734,1.996517181
rollout/ep_rew_mean,262144,1786495991.022769,2.248075962
rollout/ep_rew_mean,294912,1786495996.011904,2.176869869
rollout/ep_rew_mean,327680,1786496000.993151,1.5496943
rollout/ep_rew_mean,360448,1786496006.055773,2.08100462
rollout/ep_rew_mean,393216,1786496011.057526,2.479382038
rollout/ep_rew_mean,425984,1786496016.047734,2.231966972
rollout/ep_rew_mean,458752,1786496021.065140,2.341761112
rollout/ep_rew_mean,491520,1786496026.104683,2.509880304
rollout/ep_rew_mean,524288,1786496031.124507,2.503407001
rollout/ep_rew_mean,557056,1786496036.171692,2.361580133
rollout/ep_rew_mean,589824,1786496041.178742,2.193531036
rollout/ep_rew_mean,622592,1786496046.232036,2.100713968
rollout/ep_rew_mean,655360,1786496051.251460,2.140460014
rollout/ep_rew_mean,688128,1786496056.326894,2.330127716
rollout/ep_rew_mean,720896,1786496061.432520,2.329270124
rollout/ep_rew_mean,753664,1786496066.471010,2.224845648
rollout/ep_rew_mean,786432,1786496071.547859,2.207359791
rollout/ep_rew_mean,819200,1786496076.541679,2.189014912
rollout/ep_rew_mean,851968,1786496081.598590,2.465641737
rollout/ep_rew_mean,884736,1786496086.635433,2.66977191
rollout/ep_rew_mean,917504,1786496091.656770,2.394561052
rollout/ep_rew_mean,950272,1786496096.708386,3.01048398
rollout/ep_rew_mean,983040,1786496101.726663,2.888612747
rollout/ep_rew_mean,1015808,1786496106.782258,2.899727106
rollout/ep_rew_mean,1048576,1786496111.827616,3.141300678
rollout/ep_rew_mean,1081344,1786496116.872478,2.762924433
rollout/ep_rew_mean,1114112,1786496121.880742,2.806095123
rollout/ep_rew_mean,1146880,1786496126.855555,2.31570816
rollout/ep_rew_mean,1179648,1786496131.858866,3.298622608
rollout/ep_rew_mean,1212416,1786496136.842100,3.039688587
rollout/ep_rew_mean,1245184,1786496141.872192,3.095308781
rollout/ep_rew_mean,1277952,1786496146.868375,2.84092164
rollout/ep_rew_mean,1310720,1786496151.872225,3.4202981
rollout/ep_rew_mean,1343488,1786496156.865728,3.193864346
rollout/ep_rew_mean,1376256,1786496161.900386,3.052479744
rollout/ep_rew_mean,1409024,1786496166.944982,2.696940899
rollout/ep_rew_mean,1441792,1786496171.977132,3.175465107
rollout/ep_rew_mean,1474560,1786496176.935185,3.273267508
rollout/ep_rew_mean,1507328,1786496181.979636,3.313914776
rollout/ep_rew_mean,1540096,1786496186.951594,2.988695145
rollout/ep_rew_mean,1572864,1786496191.954302,3.034726858
rollout/ep_rew_mean,1605632,1786496196.932871,3.010327816
rollout/ep_rew_mean,1638400,1786496202.174551,2.815765142
rollout/ep_rew_mean,1671168,1786496207.301306,2.755502701
rollout/ep_rew_mean,1703936,1786496212.309989,2.882936478
rollout/ep_rew_mean,1736704,1786496217.283725,3.209272385
rollout/ep_rew_mean,1769472,1786496222.338832,3.235409498
rollout/ep_rew_mean,1802240,1786496227.337625,2.867032528
rollout/ep_rew_mean,1835008,1786496232.432759,3.087406158
rollout/ep_rew_mean,1867776,1786496237.409765,2.985504389
rollout/ep_rew_mean,1900544,1786496242.464030,2.226513386
rollout/ep_rew_mean,1933312,1786496247.476713,3.370628834
rollout/ep_rew_mean,1966080,1786496252.485348,3.034721851
rollout/ep_rew_mean,1998848,1786496257.475328,3.717907667
rollout/ep_rew_mean,2031616,1786496262.495454,3.658008814
rollout/ep_rew_mean,2064384,1786496267.471766,3.163136005
rollout/ep_rew_mean,2097152,1786496272.478591,3.559962034
rollout/ep_rew_mean,2129920,1786496277.442053,3.548675537
rollout/ep_rew_mean,2162688,1786496282.450943,3.015982628
rollout/ep_rew_mean,2195456,1786496287.426140,3.93751812
rollout/ep_rew_mean,2228224,1786496292.419933,3.298543215
rollout/ep_rew_mean,2260992,1786496297.367579,4.038727283
rollout/ep_rew_mean,2293760,1786496302.373607,3.997087717
rollout/ep_rew_mean,2326528,1786496307.343506,3.615956783
rollout/ep_rew_mean,2359296,1786496312.381630,3.630078077
rollout/ep_rew_mean,2392064,1786496317.339039,3.847388983
rollout/ep_rew_mean,2424832,1786496322.327460,3.823708773
rollout/ep_rew_mean,2457600,1786496327.267311,3.807483196
rollout/ep_rew_mean,2490368,1786496332.259526,3.963633537
rollout/ep_rew_mean,2523136,1786496337.214390,4.059987068
rollout/ep_rew_mean,2555904,1786496342.208557,3.441509962
rollout/ep_rew_mean,2588672,1786496347.170197,3.800622463
rollout/ep_rew_mean,2621440,1786496352.164398,4.377026081
rollout/ep_rew_mean,2654208,1786496357.111148,4.47991848
rollout/ep_rew_mean,2686976,1786496362.110738,4.240095139
rollout/ep_rew_mean,2719744,1786496367.073018,3.936315775
rollout/ep_rew_mean,2752512,1786496372.068198,4.578300953
rollout/ep_rew_mean,2785280,1786496377.016977,4.611687183
rollout/ep_rew_mean,2818048,1786496382.008422,4.814328671
rollout/ep_rew_mean,2850816,1786496386.968276,5.013742924
rollout/ep_rew_mean,2883584,1786496391.953550,4.191699028
rollout/ep_rew_mean,2916352,1786496396.902035,4.259092331
rollout/ep_rew_mean,2949120,1786496401.912596,4.590312481
rollout/ep_rew_mean,2981888,1786496406.879445,4.266936779
rollout/ep_rew_mean,3014656,1786496411.864343,4.640409946
rollout/ep_rew_mean,3047424,1786496416.818728,4.67689085
rollout/ep_rew_mean,3080192,1786496421.814141,4.276309967
rollout/ep_rew_mean,3112960,1786496426.783674,4.040668011
rollout/ep_rew_mean,3145728,1786496431.806505,4.139003754
rollout/ep_rew_mean,3178496,1786496436.777738,4.167854786
rollout/ep_rew_mean,3211264,1786496441.761939,4.463974953
rollout/ep_rew_mean,3244032,1786496446.799105,4.366900921
rollout/ep_rew_mean,3276800,1786496451.801840,4.562264442
rollout/ep_rew_mean,3309568,1786496456.747614,5.085676193
rollout/ep_rew_mean,3342336,1786496461.701132,5.194953918
rollout/ep_rew_mean,3375104,1786496466.648188,4.998316765
rollout/ep_rew_mean,3407872,1786496471.589629,4.683626652
rollout/ep_rew_mean,3440640,1786496476.544305,5.176734924
rollout/ep_rew_mean,3473408,1786496481.493031,5.614132881
rollout/ep_rew_mean,3506176,1786496486.446216,5.449745655
rollout/ep_rew_mean,3538944,1786496491.399251,5.484866142
rollout/ep_rew_mean,3571712,1786496496.356244,4.856313705
rollout/ep_rew_mean,3604480,1786496501.302310,5.004456997
rollout/ep_rew_mean,3637248,1786496506.252007,5.07609129
rollout/ep_rew_mean,3670016,1786496511.173666,5.332148075
rollout/ep_rew_mean,3702784,1786496516.123763,4.492347717
rollout/ep_rew_mean,3735552,1786496521.051926,4.992592812
rollout/ep_rew_mean,3768320,1786496526.012002,5.405339718
rollout/ep_rew_mean,3801088,1786496530.942441,4.939210415
rollout/ep_rew_mean,3833856,1786496535.902089,4.911519527
rollout/ep_rew_mean,3866624,1786496540.835261,5.193648338
rollout/ep_rew_mean,3899392,1786496545.792101,5.200456142
rollout/ep_rew_mean,3932160,1786496550.725457,5.831318378
rollout/ep_rew_mean,3964928,1786496555.703961,5.697462559
rollout/ep_rew_mean,3997696,1786496560.644015,5.632351875
rollout/ep_rew_mean,4030464,1786496565.657784,5.145299911
rollout/ep_rew_mean,4063232,1786496570.614327,5.695249557
rollout/ep_rew_mean,4096000,1786496575.581825,5.72622776
rollout/ep_rew_mean,4128768,1786496580.504734,5.252083302
rollout/ep_rew_mean,4161536,1786496585.474105,4.780835629
rollout/ep_rew_mean,4194304,1786496590.396991,5.833334923
rollout/ep_rew_mean,4227072,1786496595.353160,5.916316986
rollout/ep_rew_mean,4259840,1786496600.281004,5.254814625
rollout/ep_rew_mean,4292608,1786496605.228562,5.021760941
rollout/ep_rew_mean,4325376,1786496610.150116,4.968835354
rollout/ep_rew_mean,4358144,1786496615.161639,5.757707119
rollout/ep_rew_mean,4390912,1786496620.102463,5.251009941
rollout/ep_rew_mean,4423680,1786496625.056845,5.488327503
rollout/ep_rew_mean,4456448,1786496629.978925,5.472289562
rollout/ep_rew_mean,4489216,1786496634.946230,5.28301239
rollout/ep_rew_mean,4521984,1786496639.873791,5.930342197
rollout/ep_rew_mean,4554752,1786496644.832107,6.536263943
rollout/ep_rew_mean,4587520,1786496649.770431,5.307577133
rollout/ep_rew_mean,4620288,1786496654.716027,6.02042675
rollout/ep_rew_mean,4653056,1786496659.648194,5.119088173
rollout/ep_rew_mean,4685824,1786496664.606381,5.45949316
rollout/ep_rew_mean,4718592,1786496669.533648,5.501878738
rollout/ep_rew_mean,4751360,1786496674.480185,6.043231964
rollout/ep_rew_mean,4784128,1786496679.399839,6.432324409
rollout/ep_rew_mean,4816896,1786496684.347106,6.979412079
rollout/ep_rew_mean,4849664,1786496689.271749,6.274498463
rollout/ep_rew_mean,4882432,1786496694.233732,6.429000378
rollout/ep_rew_mean,4915200,1786496699.144948,6.202001095
rollout/ep_rew_mean,4947968,1786496704.087318,5.820587635
rollout/ep_rew_mean,4980736,1786496709.013391,6.009271622
rollout/ep_rew_mean,5013504,1786496713.976659,6.359190941
rollout/ep_rew_mean,5046272,1786496718.901139,6.662167549
rollout/ep_rew_mean,5079040,1786496723.840017,6.69474268
rollout/ep_rew_mean,5111808,1786496728.774772,6.643465996
rollout/ep_rew_mean,5144576,1786496733.781769,6.256916523
rollout/ep_rew_mean,5177344,1786496738.709622,5.553944588
rollout/ep_rew_mean,5210112,1786496743.672197,4.951360703
rollout/ep_rew_mean,5242880,1786496748.586595,6.174013138
rollout/ep_rew_mean,5275648,1786496753.533141,6.122103691
rollout/ep_rew_mean,5308416,1786496758.458854,6.246253014
rollout/ep_rew_mean,5341184,1786496763.433941,6.012646198
rollout/ep_rew_mean,5373952,1786496768.354149,7.02022028
rollout/ep_rew_mean,5406720,1786496773.300936,6.764874458
rollout/ep_rew_mean,5439488,1786496778.212678,6.198256493
rollout/ep_rew_mean,5472256,1786496783.174352,6.989295006
rollout/ep_rew_mean,5505024,1786496788.106635,6.783769131
rollout/ep_rew_mean,5537792,1786496793.077096,6.111386776
rollout/ep_rew_mean,5570560,1786496798.005201,5.728233814
rollout/ep_rew_mean,5603328,1786496802.954696,6.373102665
rollout/ep_rew_mean,5636096,1786496807.894060,7.159605026
rollout/ep_rew_mean,5668864,1786496812.838148,7.469182968
rollout/ep_rew_mean,5701632,1786496817.749256,7.320985794
rollout/ep_rew_mean,5734400,1786496822.697178,7.327497959
rollout/ep_rew_mean,5767168,1786496827.645791,8.395162582
rollout/ep_rew_mean,5799936,1786496832.610111,7.76130867
rollout/ep_rew_mean,5832704,1786496837.534046,7.998696804
rollout/ep_rew_mean,5865472,1786496842.466258,7.912055016
rollout/ep_rew_mean,5898240,1786496847.381484,7.781405926
rollout/ep_rew_mean,5931008,1786496852.340897,7.884238243
rollout/ep_rew_mean,5963776,1786496857.281650,7.381514549
rollout/ep_rew_mean,5996544,1786496862.243146,6.695618153
rollout/ep_rew_mean,6029312,1786496867.165020,6.909902573
rollout/ep_rew_mean,6062080,1786496872.125117,7.389611721
rollout/ep_rew_mean,6094848,1786496877.045428,7.446272373
rollout/ep_rew_mean,6127616,1786496882.014232,7.895987034
rollout/ep_rew_mean,6160384,1786496886.941593,7.496330261
rollout/ep_rew_mean,6193152,1786496891.887344,8.070165634
rollout/ep_rew_mean,6225920,1786496896.812164,8.652104378
rollout/ep_rew_mean,6258688,1786496901.760281,8.303400993
rollout/ep_rew_mean,6291456,1786496906.693287,7.506827354
rollout/ep_rew_mean,6324224,1786496911.664994,6.286096573
rollout/ep_rew_mean,6356992,1786496916.629918,6.448336124
rollout/ep_rew_mean,6389760,1786496921.578733,7.398862839
rollout/ep_rew_mean,6422528,1786496926.528299,7.364015579
rollout/ep_rew_mean,6455296,1786496931.480101,8.11329937
rollout/ep_rew_mean,6488064,1786496936.431820,8.020501137
rollout/ep_rew_mean,6520832,1786496941.365167,8.038038254
rollout/ep_rew_mean,6553600,1786496946.311148,7.367986202
rollout/ep_rew_mean,6586368,1786496951.253849,8.154150963
rollout/ep_rew_mean,6619136,1786496956.195131,9.255903244
rollout/ep_rew_mean,6651904,1786496961.114334,8.669273376
rollout/ep_rew_mean,6684672,1786496966.053587,8.667872429
rollout/ep_rew_mean,6717440,1786496970.976025,7.932024002
rollout/ep_rew_mean,6750208,1786496975.939393,7.1922369
rollout/ep_rew_mean,6782976,1786496980.858095,8.550691605
rollout/ep_rew_mean,6815744,1786496985.804329,9.768165588
rollout/ep_rew_mean,6848512,1786496990.719807,8.77392292
rollout/ep_rew_mean,6881280,1786496995.657730,8.211341858
rollout/ep_rew_mean,6914048,1786497000.583631,7.93470192
rollout/ep_rew_mean,6946816,1786497005.534634,8.590361595
rollout/ep_rew_mean,6979584,1786497010.466386,8.13064003
rollout/ep_rew_mean,7012352,1786497015.413460,8.084030151
rollout/ep_rew_mean,7045120,1786497020.342413,8.523872375
rollout/ep_rew_mean,7077888,1786497025.298286,8.177497864
rollout/ep_rew_mean,7110656,1786497030.205432,7.532671928
rollout/ep_rew_mean,7143424,1786497035.153145,7.928192616
rollout/ep_rew_mean,7176192,1786497040.055541,7.333913803
rollout/ep_rew_mean,7208960,1786497045.012938,6.832480431
rollout/ep_rew_mean,7241728,1786497049.928735,7.620586395
rollout/ep_rew_mean,7274496,1786497054.893207,8.344988823
rollout/ep_rew_mean,7307264,1786497059.796325,8.737939835
rollout/ep_rew_mean,7340032,1786497064.755371,8.417135239
rollout/ep_rew_mean,7372800,1786497069.673069,7.093091011
rollout/ep_rew_mean,7405568,1786497074.620805,8.168411255
rollout/ep_rew_mean,7438336,1786497079.529997,7.766394615
rollout/ep_rew_mean,7471104,1786497084.468963,8.702892303
rollout/ep_rew_mean,7503872,1786497089.405971,9.494150162
rollout/ep_rew_mean,7536640,1786497094.370162,10.47289658
rollout/ep_rew_mean,7569408,1786497099.288913,9.753111839
rollout/ep_rew_mean,7602176,1786497104.255075,8.778959274
rollout/ep_rew_mean,7634944,1786497109.168299,9.202823639
rollout/ep_rew_mean,7667712,1786497114.173780,8.58455658
rollout/ep_rew_mean,7700480,1786497119.123995,7.838955402
rollout/ep_rew_mean,7733248,1786497124.074883,8.392562866
rollout/ep_rew_mean,7766016,1786497128.987006,8.638894081
rollout/ep_rew_mean,7798784,1786497133.927166,7.628293514
rollout/ep_rew_mean,7831552,1786497138.861632,8.266957283
rollout/ep_rew_mean,7864320,1786497143.818395,8.933046341
rollout/ep_rew_mean,7897088,1786497148.723584,9.756052017
rollout/ep_rew_mean,7929856,1786497153.713213,10.28327179
rollout/ep_rew_mean,7962624,1786497158.616284,10.0508194
rollout/ep_rew_mean,7995392,1786497163.570989,9.78405571
rollout/ep_rew_mean,8028160,1786497168.479001,10.04171562
time/fps,32768,1786495955.975859,13059
time/fps,65536,1786495961.031284,8663
time/fps,98304,1786495966.048312,7813
time/fps,131072,1786495971.060558,7449
time/fps,163840,1786495976.070082,7248
time/fps,196608,1786495981.052681,7127
time/fps,229376,1786495986.050739,7039
time/fps,262144,1786495991.022774,6980
time/fps,294912,1786495996.011909,6931
time/fps,327680,1786496000.993156,6894
time/fps,360448,1786496006.055778,6854
time/fps,393216,1786496011.057531,6827
time/fps,425984,1786496016.047740,6806
time/fps,458752,1786496021.065145,6786
time/fps,491520,1786496026.104688,6766
time/fps,524288,1786496031.124512,6751
time/fps,557056,1786496036.171697,6735
time/fps,589824,1786496041.178746,6724
time/fps,622592,1786496046.232040,6711
time/fps,655360,1786496051.251465,6702
time/fps,688128,1786496056.326901,6689
time/fps,720896,1786496061.432525,6677
time/fps,753664,1786496066.471015,6669
time/fps,786432,1786496071.547864,6660
time/fps,819200,1786496076.541684,6656
time/fps,851968,1786496081.598597,6649
time/fps,884736,1786496086.635442,6643
time/fps,917504,1786496091.656775,6639
time/fps,950272,1786496096.708392,6634
time/fps,983040,1786496101.726670,6630
time/fps,1015808,1786496106.782263,6625
time/fps,1048576,1786496111.827623,6621
time/fps,1081344,1786496116.872483,6617
time/fps,1114112,1786496121.880748,6615
time/fps,1146880,1786496126.855560,6614
time/fps,1179648,1786496131.858872,6612
time/fps,1212416,1786496136.842105,6611
time/fps,1245184,1786496141.872197,6609
time/fps,1277952,1786496146.868380,6607
time/fps,1310720,1786496151.872231,6606
time/fps,1343488,1786496156.865733,6605
time/fps,1376256,1786496161.900391,6602
time/fps,1409024,1786496166.944987,6600
time/fps,1441792,1786496171.977137,6598
time/fps,1474560,1786496176.935191,6598
time/fps,1507328,1786496181.979641,6596
time/fps,1540096,1786496186.951599,6596
time/fps,1572864,1786496191.954307,6595
time/fps,1605632,1786496196.932876,6594
time/fps,1638400,1786496202.174556,6587
time/fps,1671168,1786496207.301312,6583
time/fps,1703936,1786496212.309994,6582
time/fps,1736704,1786496217.283730,6582
time/fps,1769472,1786496222.338837,6581
time/fps,1802240,1786496227.337630,6580
time/fps,1835008,1786496232.432764,6577
time/fps,1867776,1786496237.409770,6577
time/fps,1900544,1786496242.464037,6576
time/fps,1933312,1786496247.476718,6575
time/fps,1966080,1786496252.485354,6575
time/fps,1998848,1786496257.475333,6574
time/fps,2031616,1786496262.495460,6574
time/fps,2064384,1786496267.471771,6574
time/fps,2097152,1786496272.478597,6573
time/fps,2129920,1786496277.442059,6574
time/fps,2162688,1786496282.450949,6573
time/fps,2195456,1786496287.426147,6574
time/fps,2228224,1786496292.419938,6573
time/fps,2260992,1786496297.367584,6574
time/fps,2293760,1786496302.373613,6574
time/fps,2326528,1786496307.343511,6574
time/fps,2359296,1786496312.381636,6573
time/fps,2392064,1786496317.339045,6573
time/fps,2424832,1786496322.327465,6573
time/fps,2457600,1786496327.267316,6574
time/fps,2490368,1786496332.259531,6574
time/fps,2523136,1786496337.214395,6574
time/fps,2555904,1786496342.208562,6574
time/fps,2588672,1786496347.170202,6575
time/fps,2621440,1786496352.164403,6575
time/fps,2654208,1786496357.111154,6575
time/fps,2686976,1786496362.110744,6575
time/fps,2719744,1786496367.073023,6575
time/fps,2752512,1786496372.068204,6575
time/fps,2785280,1786496377.016982,6576
time/fps,2818048,1786496382.008428,6575
time/fps,2850816,1786496386.968281,6576
time/fps,2883584,1786496391.953556,6576
time/fps,2916352,1786496396.902040,6576
time/fps,2949120,1786496401.912603,6576
time/fps,2981888,1786496406.879450,6576
time/fps,3014656,1786496411.864348,6576
time/fps,3047424,1786496416.818733,6576
time/fps,3080192,1786496421.814146,6576
time/fps,3112960,1786496426.783679,6576
time/fps,3145728,1786496431.806511,6576
time/fps,3178496,1786496436.777743,6576
time/fps,3211264,1786496441.761944,6576
time/fps,3244032,1786496446.799110,6575
time/fps,3276800,1786496451.801845,6575
time/fps,3309568,1786496456.747620,6575
time/fps,3342336,1786496461.701137,6576
time/fps,3375104,1786496466.648193,6576
time/fps,3407872,1786496471.589634,6577
time/fps,3440640,1786496476.544310,6577
time/fps,3473408,1786496481.493037,6578
time/fps,3506176,1786496486.446222,6578
time/fps,3538944,1786496491.399256,6578
time/fps,3571712,1786496496.356249,6579
time/fps,3604480,1786496501.302315,6579
time/fps,3637248,1786496506.252012,6579
time/fps,3670016,1786496511.173671,6580
time/fps,3702784,1786496516.123769,6580
time/fps,3735552,1786496521.051933,6581
time/fps,3768320,1786496526.012007,6581
time/fps,3801088,1786496530.942446,6582
time/fps,3833856,1786496535.902094,6582
time/fps,3866624,1786496540.835267,6582
time/fps,3899392,1786496545.792106,6583
time/fps,3932160,1786496550.725462,6583
time/fps,3964928,1786496555.703967,6583
time/fps,3997696,1786496560.644020,6584
time/fps,4030464,1786496565.657789,6583
time/fps,4063232,1786496570.614335,6583
time/fps,4096000,1786496575.581830,6583
time/fps,4128768,1786496580.504739,6584
time/fps,4161536,1786496585.474110,6584
time/fps,4194304,1786496590.396996,6585
time/fps,4227072,1786496595.353165,6585
time/fps,4259840,1786496600.281009,6585
time/fps,4292608,1786496605.228567,6586
time/fps,4325376,1786496610.150121,6586
time/fps,4358144,1786496615.161644,6586
time/fps,4390912,1786496620.102468,6586
time/fps,4423680,1786496625.056850,6586
time/fps,4456448,1786496629.978931,6587
time/fps,4489216,1786496634.946235,6587
time/fps,4521984,1786496639.873796,6587
time/fps,4554752,1786496644.832112,6588
time/fps,4587520,1786496649.770436,6588
time/fps,4620288,1786496654.716032,6588
time/fps,4653056,1786496659.648199,6589
time/fps,4685824,1786496664.606386,6589
time/fps,4718592,1786496669.533652,6589
time/fps,4751360,1786496674.480190,6589
time/fps,4784128,1786496679.399845,6590
time/fps,4816896,1786496684.347113,6590
time/fps,4849664,1786496689.271754,6590
time/fps,4882432,1786496694.233737,6591
time/fps,4915200,1786496699.144953,6591
time/fps,4947968,1786496704.087323,6591
time/fps,4980736,1786496709.013397,6592
time/fps,5013504,1786496713.976666,6592
time/fps,5046272,1786496718.901144,6592
time/fps,5079040,1786496723.840023,6592
time/fps,5111808,1786496728.774777,6593
time/fps,5144576,1786496733.781775,6592
time/fps,5177344,1786496738.709627,6593
time/fps,5210112,1786496743.672202,6593
time/fps,5242880,1786496748.586600,6593
time/fps,5275648,1786496753.533146,6594
time/fps,5308416,1786496758.458859,6594
time/fps,5341184,1786496763.433946,6594
time/fps,5373952,1786496768.354154,6594
time/fps,5406720,1786496773.300941,6594
time/fps,5439488,1786496778.212683,6595
time/fps,5472256,1786496783.174357,6595
time/fps,5505024,1786496788.106640,6595
time/fps,5537792,1786496793.077101,6595
time/fps,5570560,1786496798.005206,6595
time/fps,5603328,1786496802.954701,6596
time/fps,5636096,1786496807.894065,6596
time/fps,5668864,1786496812.838158,6596
time/fps,5701632,1786496817.749262,6596
time/fps,5734400,1786496822.697183,6597
time/fps,5767168,1786496827.645796,6597
time/fps,5799936,1786496832.610116,6597
time/fps,5832704,1786496837.534051,6597
time/fps,5865472,1786496842.466265,6597
time/fps,5898240,1786496847.381491,6598
time/fps,5931008,1786496852.340902,6598
time/fps,5963776,1786496857.281655,6598
time/fps,5996544,1786496862.243152,6598
time/fps,6029312,1786496867.165026,6598
time/fps,6062080,1786496872.125123,6598
time/fps,6094848,1786496877.045433,6599
time/fps,6127616,1786496882.014237,6599
time/fps,6160384,1786496886.941598,6599
time/fps,6193152,1786496891.887349,6599
time/fps,6225920,1786496896.812170,6599
time/fps,6258688,1786496901.760287,6599
time/fps,6291456,1786496906.693292,6600
time/fps,6324224,1786496911.664999,6600
time/fps,6356992,1786496916.629923,6600
time/fps,6389760,1786496921.578738,6600
time/fps,6422528,1786496926.528304,6600
time/fps,6455296,1786496931.480106,6600
time/fps,6488064,1786496936.431826,6600
time/fps,6520832,1786496941.365172,6600
time/fps,6553600,1786496946.311153,6600
time/fps,6586368,1786496951.253853,6600
time/fps,6619136,1786496956.195138,6601
time/fps,6651904,1786496961.114339,6601
time/fps,6684672,1786496966.053592,6601
time/fps,6717440,1786496970.976030,6601
time/fps,6750208,1786496975.939398,6601
time/fps,6782976,1786496980.858100,6602
time/fps,6815744,1786496985.804334,6602
time/fps,6848512,1786496990.719813,6602
time/fps,6881280,1786496995.657735,6602
time/fps,6914048,1786497000.583636,6602
time/fps,6946816,1786497005.534639,6603
time/fps,6979584,1786497010.466391,6603
time/fps,7012352,1786497015.413465,6603
time/fps,7045120,1786497020.342418,6603
time/fps,7077888,1786497025.298292,6603
time/fps,7110656,1786497030.205437,6603
time/fps,7143424,1786497035.153150,6603
time/fps,7176192,1786497040.055546,6604
time/fps,7208960,1786497045.012944,6604
time/fps,7241728,1786497049.928741,6604
time/fps,7274496,1786497054.893212,6604
time/fps,7307264,1786497059.796330,6604
time/fps,7340032,1786497064.755376,6604
time/fps,7372800,1786497069.673074,6605
time/fps,7405568,1786497074.620810,6605
time/fps,7438336,1786497079.530003,6605
time/fps,7471104,1786497084.468968,6605
time/fps,7503872,1786497089.405977,6605
time/fps,7536640,1786497094.370167,6605
time/fps,7569408,1786497099.288919,6606
time/fps,7602176,1786497104.255081,6606
time/fps,7634944,1786497109.168310,6606
time/fps,7667712,1786497114.173785,6606
time/fps,7700480,1786497119.124000,6606
time/fps,7733248,1786497124.074888,6606
time/fps,7766016,1786497128.987011,6606
time/fps,7798784,1786497133.927170,6606
time/fps,7831552,1786497138.861637,6606
time/fps,7864320,1786497143.818400,6606
time/fps,7897088,1786497148.723589,6607
time/fps,7929856,1786497153.713219,6606
time/fps,7962624,1786497158.616289,6607
time/fps,7995392,1786497163.570994,6607
time/fps,8028160,1786497168.479007,6607
train/approx_kl,65536,1786495961.031288,0.04906381667
train/approx_kl,98304,1786495966.048316,0.05015920475
train/approx_kl,131072,1786495971.060563,0.04907900095
train/approx_kl,163840,1786495976.070087,0.05062686652
train/approx_kl,196608,1786495981.052686,0.05204799026
train/approx_kl,229376,1786495986.050744,0.0520446375
train/approx_kl,262144,1786495991.022779,0.05131818354
train/approx_kl,294912,1786495996.011913,0.05088572204
train/approx_kl,327680,1786496000.993160,0.05135296285
train/approx_kl,360448,1786496006.055783,0.05334613472
train/approx_kl,393216,1786496011.057536,0.05199722573
train/approx_kl,425984,1786496016.047745,0.05051458254
train/approx_kl,458752,1786496021.065150,0.0508701466
train/approx_kl,491520,1786496026.104693,0.04982558265
train/approx_kl,524288,1786496031.124517,0.053541895
train/approx_kl,557056,1786496036.171701,0.05134121329
train/approx_kl,589824,1786496041.178751,0.05238323659
train/approx_kl,622592,1786496046.232045,0.0515233539
train/approx_kl,655360,1786496051.251470,0.05264999717
train/approx_kl,688128,1786496056.326908,0.05188905448
train/approx_kl,720896,1786496061.432530,0.0537000075
train/approx_kl,753664,1786496066.471020,0.05522160977
train/approx_kl,786432,1786496071.547869,0.05381984264
train/approx_kl,819200,1786496076.541688,0.05353246257
train/approx_kl,851968,1786496081.598604,0.05491364747
train/approx_kl,884736,1786496086.635447,0.05522651598
train/approx_kl,917504,1786496091.656780,0.05645094067
train/approx_kl,950272,1786496096.708397,0.05455444753
train/approx_kl,983040,1786496101.726675,0.05636650324
train/approx_kl,1015808,1786496106.782268,0.05316865444
train/approx_kl,1048576,1786496111.827628,0.05594328046
train/approx_kl,1081344,1786496116.872487,0.05705868453
train/approx_kl,1114112,1786496121.880752,0.05627289787
train/approx_kl,1146880,1786496126.855565,0.05685435236
train/approx_kl,1179648,1786496131.858876,0.05810214579
train/approx_kl,1212416,1786496136.842110,0.05625868589
train/approx_kl,1245184,1786496141.872202,0.05733013153
train/approx_kl,1277952,1786496146.868384,0.05819700658
train/approx_kl,1310720,1786496151.872236,0.05793906003
train/approx_kl,1343488,1786496156.865738,0.05916625261
train/approx_kl,1376256,1786496161.900396,0.05887647718
train/approx_kl,1409024,1786496166.944992,0.05978969485
train/approx_kl,1441792,1786496171.977142,0.0599661544
train/approx_kl,1474560,1786496176.935195,0.05770624429
train/approx_kl,1507328,1786496181.979645,0.05903744325
train/approx_kl,1540096,1786496186.951604,0.06077341735
train/approx_kl,1572864,1786496191.954312,0.06082624197
train/approx_kl,1605632,1786496196.932880,0.05902121961
train/approx_kl,1638400,1786496202.174561,0.0592706725
train/approx_kl,1671168,1786496207.301317,0.05956375226
train/approx_kl,1703936,1786496212.309999,0.06030707806
train/approx_kl,1736704,1786496217.283735,0.06159688905
train/approx_kl,1769472,1786496222.338841,0.06079992652
train/approx_kl,1802240,1786496227.337634,0.0595266223
train/approx_kl,1835008,1786496232.432769,0.06056317687
train/approx_kl,1867776,1786496237.409774,0.06017044187
train/approx_kl,1900544,1786496242.464043,0.06100684032
train/approx_kl,1933312,1786496247.476723,0.06023792922
train/approx_kl,1966080,1786496252.485361,0.0629023388
train/approx_kl,1998848,1786496257.475338,0.06134813279
train/approx_kl,2031616,1786496262.495464,0.0623806566
train/approx_kl,2064384,1786496267.471775,0.061341919
train/approx_kl,2097152,1786496272.478601,0.06032581255
train/approx_kl,2129920,1786496277.442064,0.06112243608
train/approx_kl,2162688,1786496282.450955,0.06421007216
train/approx_kl,2195456,1786496287.426153,0.06301833689
train/approx_kl,2228224,1786496292.419943,0.06134109199
train/approx_kl,2260992,1786496297.367588,0.06603612751
train/approx_kl,2293760,1786496302.373618,0.06341422349
train/approx_kl,2326528,1786496307.343516,0.06443790346
train/approx_kl,2359296,1786496312.381640,0.0643035695
train/approx_kl,2392064,1786496317.339049,0.06353659928
train/approx_kl,2424832,1786496322.327470,0.06266119331
train/approx_kl,2457600,1786496327.267321,0.06189386919
train/approx_kl,2490368,1786496332.259541,0.06208804995
train/approx_kl,2523136,1786496337.214400,0.06306681037
train/approx_kl,2555904,1786496342.208567,0.06481605768
train/approx_kl,2588672,1786496347.170206,0.0655914098
train/approx_kl,2621440,1786496352.164408,0.06225645542
train/approx_kl,2654208,1786496357.111159,0.06619894505
train/approx_kl,2686976,1786496362.110748,0.06551858038
train/approx_kl,2719744,1786496367.073027,0.06489500403
train/approx_kl,2752512,1786496372.068209,0.06649280339
train/approx_kl,2785280,1786496377.016987,0.06470823288
train/approx_kl,2818048,1786496382.008433,0.06469938159
train/approx_kl,2850816,1786496386.968286,0.07025613636
train/approx_kl,2883584,1786496391.953562,0.06845603883
train/approx_kl,2916352,1786496396.902044,0.06766493618
train/approx_kl,2949120,1786496401.912609,0.0674841553
train/approx_kl,2981888,1786496406.879455,0.06820409
train/approx_kl,3014656,1786496411.864352,0.06877977401
train/approx_kl,3047424,1786496416.818738,0.0695848316
train/approx_kl,3080192,1786496421.814151,0.06996773183
train/approx_kl,3112960,1786496426.783684,0.06889790297
train/approx_kl,3145728,1786496431.806515,0.06729151309
train/approx_kl,3178496,1786496436.777748,0.06941120327
train/approx_kl,3211264,1786496441.761949,0.07276937366
train/approx_kl,3244032,1786496446.799115,0.07039520144
train/approx_kl,3276800,1786496451.801850,0.07141976058
train/approx_kl,3309568,1786496456.747627,0.06882369518
train/approx_kl,3342336,1786496461.701142,0.07032130659
train/approx_kl,3375104,1786496466.648198,0.07075750828
train/approx_kl,3407872,1786496471.589639,0.06859728694
train/approx_kl,3440640,1786496476.544315,0.07056155056
train/approx_kl,3473408,1786496481.493041,0.07065948844
train/approx_kl,3506176,1786496486.446226,0.07164756209
train/approx_kl,3538944,1786496491.399261,0.07004345953
train/approx_kl,3571712,1786496496.356254,0.07219032198
train/approx_kl,3604480,1786496501.302320,0.07106406987
train/approx_kl,3637248,1786496506.252017,0.07083489746
train/approx_kl,3670016,1786496511.173676,0.06867142022
train/approx_kl,3702784,1786496516.123774,0.07136009634
train/approx_kl,3735552,1786496521.051939,0.07461192459
train/approx_kl,3768320,1786496526.012012,0.07428340614
train/approx_kl,3801088,1786496530.942451,0.07266198099
train/approx_kl,3833856,1786496535.902099,0.07372220606
train/approx_kl,3866624,1786496540.835271,0.07237325609
train/approx_kl,3899392,1786496545.792111,0.07121300697
train/approx_kl,3932160,1786496550.725466,0.07405139506
train/approx_kl,3964928,1786496555.703971,0.07235004753
train/approx_kl,3997696,1786496560.644025,0.07315407693
train/approx_kl,4030464,1786496565.657794,0.07302477211
train/approx_kl,4063232,1786496570.614340,0.07173156738
train/approx_kl,4096000,1786496575.581834,0.07497956604
train/approx_kl,4128768,1786496580.504744,0.07364696264
train/approx_kl,4161536,1786496585.474115,0.07149774581
train/approx_kl,4194304,1786496590.397001,0.07496038079
train/approx_kl,4227072,1786496595.353170,0.0740789324
train/approx_kl,4259840,1786496600.281013,0.07416634262
train/approx_kl,4292608,1786496605.228572,0.07498399913
train/approx_kl,4325376,1786496610.150126,0.07234792411
train/approx_kl,4358144,1786496615.161649,0.07315025479
train/approx_kl,4390912,1786496620.102473,0.0766184926
train/approx_kl,4423680,1786496625.056854,0.07501577586
train/approx_kl,4456448,1786496629.978936,0.07484032959
train/approx_kl,4489216,1786496634.946240,0.07284478843
train/approx_kl,4521984,1786496639.873801,0.0744792521
train/approx_kl,4554752,1786496644.832116,0.07477198541
train/approx_kl,4587520,1786496649.770440,0.07518901676
train/approx_kl,4620288,1786496654.716037,0.07608596236
train/approx_kl,4653056,1786496659.648203,0.08360180259
train/approx_kl,4685824,1786496664.606390,0.08190411329
train/approx_kl,4718592,1786496669.533657,0.07466426492
train/approx_kl,4751360,1786496674.480194,0.07584968209
train/approx_kl,4784128,1786496679.399849,0.07917004824
train/approx_kl,4816896,1786496684.347118,0.07753239572
train/approx_kl,4849664,1786496689.271759,0.07819898427
train/approx_kl,4882432,1786496694.233741,0.07985382527
train/approx_kl,4915200,1786496699.144957,0.07987994701
train/approx_kl,4947968,1786496704.087328,0.08314879984
train/approx_kl,4980736,1786496709.013403,0.07657574117
train/approx_kl,5013504,1786496713.976672,0.07915852964
train/approx_kl,5046272,1786496718.901149,0.08052022755
train/approx_kl,5079040,1786496723.840027,0.08131356537
train/approx_kl,5111808,1786496728.774781,0.0814242512
train/approx_kl,5144576,1786496733.781779,0.08089921623
train/approx_kl,5177344,1786496738.709632,0.0819337368
train/approx_kl,5210112,1786496743.672207,0.08129178733
train/approx_kl,5242880,1786496748.586605,0.08105531335
train/approx_kl,5275648,1786496753.533151,0.08325321972
train/approx_kl,5308416,1786496758.458864,0.08007599413
train/approx_kl,5341184,1786496763.433951,0.07878468186
train/approx_kl,5373952,1786496768.354159,0.07836208493
train/approx_kl,5406720,1786496773.300946,0.0798965171
train/approx_kl,5439488,1786496778.212688,0.08011326939
train/approx_kl,5472256,1786496783.174362,0.08139816672
train/approx_kl,5505024,1786496788.106645,0.08041976392
train/approx_kl,5537792,1786496793.077106,0.085230425
train/approx_kl,5570560,1786496798.005211,0.08205645531
train/approx_kl,5603328,1786496802.954706,0.08199656755
train/approx_kl,5636096,1786496807.894070,0.08076643199
train/approx_kl,5668864,1786496812.838165,0.08364198357
train/approx_kl,5701632,1786496817.749268,0.08551715314
train/approx_kl,5734400,1786496822.697188,0.08124525845
train/approx_kl,5767168,1786496827.645802,0.08540700376
train/approx_kl,5799936,1786496832.610121,0.08443427831
train/approx_kl,5832704,1786496837.534056,0.08056131005
train/approx_kl,5865472,1786496842.466271,0.08598166704
train/approx_kl,5898240,1786496847.381497,0.08008893579
train/approx_kl,5931008,1786496852.340907,0.08636693656
train/approx_kl,5963776,1786496857.281660,0.08492007852
train/approx_kl,5996544,1786496862.243158,0.08698026836
train/approx_kl,6029312,1786496867.165031,0.08374209702
train/approx_kl,6062080,1786496872.125127,0.08281417936
train/approx_kl,6094848,1786496877.045438,0.08731657267
train/approx_kl,6127616,1786496882.014242,0.08570436388
train/approx_kl,6160384,1786496886.941603,0.08791550249
train/approx_kl,6193152,1786496891.887354,0.08535508811
train/approx_kl,6225920,1786496896.812174,0.08915090561
train/approx_kl,6258688,1786496901.760291,0.08695054799
train/approx_kl,6291456,1786496906.693298,0.08566980064
train/approx_kl,6324224,1786496911.665004,0.08483920991
train/approx_kl,6356992,1786496916.629927,0.08767868578
train/approx_kl,6389760,1786496921.578742,0.08857859671
train/approx_kl,6422528,1786496926.528309,0.09003671259
train/approx_kl,6455296,1786496931.480111,0.09002400935
train/approx_kl,6488064,1786496936.431830,0.08270551264
train/approx_kl,6520832,1786496941.365176,0.08862417936
train/approx_kl,6553600,1786496946.311157,0.08781164885
train/approx_kl,6586368,1786496951.253858,0.08877629042
train/approx_kl,6619136,1786496956.195143,0.08515843004
train/approx_kl,6651904,1786496961.114344,0.09091915935
train/approx_kl,6684672,1786496966.053597,0.09130510688
train/approx_kl,6717440,1786496970.976035,0.08568146825
train/approx_kl,6750208,1786496975.939403,0.08853547275
train/approx_kl,6782976,1786496980.858105,0.09181635827
train/approx_kl,6815744,1786496985.804338,0.08740007132
train/approx_kl,6848512,1786496990.719817,0.08946277201
train/approx_kl,6881280,1786496995.657739,0.09006340057
train/approx_kl,6914048,1786497000.583640,0.08781220019
train/approx_kl,6946816,1786497005.534644,0.08833475411
train/approx_kl,6979584,1786497010.466396,0.09429906309
train/approx_kl,7012352,1786497015.413470,0.0912367478
train/approx_kl,7045120,1786497020.342422,0.09061937034
train/approx_kl,7077888,1786497025.298297,0.09101495892
train/approx_kl,7110656,1786497030.205441,0.09228325635
train/approx_kl,7143424,1786497035.153155,0.09318678826
train/approx_kl,7176192,1786497040.055550,0.09072807431
train/approx_kl,7208960,1786497045.012948,0.09130012989
train/approx_kl,7241728,1786497049.928747,0.09363229573
train/approx_kl,7274496,1786497054.893217,0.09007642418
train/approx_kl,7307264,1786497059.796335,0.09249665588
train/approx_kl,7340032,1786497064.755381,0.09225756675
train/approx_kl,7372800,1786497069.673079,0.0907471925
train/approx_kl,7405568,1786497074.620815,0.09032043815
train/approx_kl,7438336,1786497079.530008,0.09187401831
train/approx_kl,7471104,1786497084.468973,0.09250508994
train/approx_kl,7503872,1786497089.405984,0.08990970999
train/approx_kl,7536640,1786497094.370172,0.09279744327
train/approx_kl,7569408,1786497099.288925,0.09159080684
train/approx_kl,7602176,1786497104.255085,0.08998627216
train/approx_kl,7634944,1786497109.168316,0.091588296
train/approx_kl,7667712,1786497114.173790,0.09009952098
train/approx_kl,7700480,1786497119.124004,0.09254714102
train/approx_kl,7733248,1786497124.074893,0.09316062927
train/approx_kl,7766016,1786497128.987016,0.09313902259
train/approx_kl,7798784,1786497133.927175,0.09065613151
train/approx_kl,7831552,1786497138.861641,0.09174340963
train/approx_kl,7864320,1786497143.818404,0.0966013968
train/approx_kl,7897088,1786497148.723594,0.09382168949
train/approx_kl,7929856,1786497153.713225,0.09433603287
train/approx_kl,7962624,1786497158.616294,0.09367397428
train/approx_kl,7995392,1786497163.570999,0.0941670239
train/approx_kl,8028160,1786497168.479011,0.09497769177
train/clip_fraction,65536,1786495961.031292,0.4176101685
train/clip_fraction,98304,1786495966.048320,0.4198455811
train/clip_fraction,131072,1786495971.060566,0.4223098755
train/clip_fraction,163840,1786495976.070090,0.4266738892
train/clip_fraction,196608,1786495981.052690,0.4322052002
train/clip_fraction,229376,1786495986.050748,0.4287033081
train/clip_fraction,262144,1786495991.022783,0.4270172119
train/clip_fraction,294912,1786495996.011917,0.4242782593
train/clip_fraction,327680,1786496000.993165,0.4312973022
train/clip_fraction,360448,1786496006.055787,0.4349899292
train/clip_fraction,393216,1786496011.057540,0.4315719604
train/clip_fraction,425984,1786496016.047748,0.4271697998
train/clip_fraction,458752,1786496021.065154,0.4273452759
train/clip_fraction,491520,1786496026.104697,0.42578125
train/clip_fraction,524288,1786496031.124520,0.4331207275
train/clip_fraction,557056,1786496036.171705,0.4301376343
train/clip_fraction,589824,1786496041.178759,0.4322891235
train/clip_fraction,622592,1786496046.232049,0.428352356
train/clip_fraction,655360,1786496051.251477,0.4312820435
train/clip_fraction,688128,1786496056.326913,0.4324798584
train/clip_fraction,720896,1786496061.432534,0.4371261597
train/clip_fraction,753664,1786496066.471024,0.4409332275
train/clip_fraction,786432,1786496071.547873,0.4389038086
train/clip_fraction,819200,1786496076.541691,0.4362945557
train/clip_fraction,851968,1786496081.598608,0.4394073486
train/clip_fraction,884736,1786496086.635451,0.441734314
train/clip_fraction,917504,1786496091.656784,0.4454803467
train/clip_fraction,950272,1786496096.708400,0.4448623657
train/clip_fraction,983040,1786496101.726679,0.4469451904
train/clip_fraction,1015808,1786496106.782272,0.4422988892
train/clip_fraction,1048576,1786496111.827632,0.4482498169
train/clip_fraction,1081344,1786496116.872491,0.4507064819
train/clip_fraction,1114112,1786496121.880756,0.4491958618
train/clip_fraction,1146880,1786496126.855569,0.4533996582
train/clip_fraction,1179648,1786496131.858880,0.4492645264
train/clip_fraction,1212416,1786496136.842113,0.4482650757
train/clip_fraction,1245184,1786496141.872206,0.4517288208
train/clip_fraction,1277952,1786496146.868388,0.4548034668
train/clip_fraction,1310720,1786496151.872240,0.453453064
train/clip_fraction,1343488,1786496156.865742,0.4584960938
train/clip_fraction,1376256,1786496161.900399,0.4624328613
train/clip_fraction,1409024,1786496166.944995,0.4598922729
train/clip_fraction,1441792,1786496171.977145,0.4621963501
train/clip_fraction,1474560,1786496176.935199,0.4599227905
train/clip_fraction,1507328,1786496181.979649,0.459526062
train/clip_fraction,1540096,1786496186.951607,0.4644470215
train/clip_fraction,1572864,1786496191.954315,0.4596557617
train/clip_fraction,1605632,1786496196.932884,0.4651031494
train/clip_fraction,1638400,1786496202.174565,0.4619064331
train/clip_fraction,1671168,1786496207.301321,0.4651260376
train/clip_fraction,1703936,1786496212.310003,0.4663619995
train/clip_fraction,1736704,1786496217.283738,0.4713439941
train/clip_fraction,1769472,1786496222.338845,0.465423584
train/clip_fraction,1802240,1786496227.337638,0.4652099609
train/clip_fraction,1835008,1786496232.432772,0.4673156738
train/clip_fraction,1867776,1786496237.409778,0.464515686
train/clip_fraction,1900544,1786496242.464047,0.4747543335
train/clip_fraction,1933312,1786496247.476727,0.4667663574
train/clip_fraction,1966080,1786496252.485366,0.4731369019
train/clip_fraction,1998848,1786496257.475341,0.470413208
train/clip_fraction,2031616,1786496262.495468,0.4722671509
train/clip_fraction,2064384,1786496267.471779,0.4703140259
train/clip_fraction,2097152,1786496272.478605,0.4690246582
train/clip_fraction,2129920,1786496277.442068,0.4704055786
train/clip_fraction,2162688,1786496282.450960,0.4800949097
train/clip_fraction,2195456,1786496287.426158,0.4800567627
train/clip_fraction,2228224,1786496292.419946,0.4732208252
train/clip_fraction,2260992,1786496297.367592,0.4808425903
train/clip_fraction,2293760,1786496302.373622,0.4760131836
train/clip_fraction,2326528,1786496307.343519,0.478263855
train/clip_fraction,2359296,1786496312.381644,0.4806976318
train/clip_fraction,2392064,1786496317.339053,0.4761734009
train/clip_fraction,2424832,1786496322.327474,0.4736328125
train/clip_fraction,2457600,1786496327.267324,0.4747085571
train/clip_fraction,2490368,1786496332.259544,0.4778594971
train/clip_fraction,2523136,1786496337.214404,0.4778366089
train/clip_fraction,2555904,1786496342.208571,0.4793319702
train/clip_fraction,2588672,1786496347.170210,0.4858551025
train/clip_fraction,2621440,1786496352.164411,0.478302002
train/clip_fraction,2654208,1786496357.111163,0.4864273071
train/clip_fraction,2686976,1786496362.110752,0.482131958
train/clip_fraction,2719744,1786496367.073031,0.4820556641
train/clip_fraction,2752512,1786496372.068213,0.4798202515
train/clip_fraction,2785280,1786496377.016991,0.4869384766
train/clip_fraction,2818048,1786496382.008436,0.4835128784
train/clip_fraction,2850816,1786496386.968290,0.4907608032
train/clip_fraction,2883584,1786496391.953567,0.4924240112
train/clip_fraction,2916352,1786496396.902048,0.4879684448
train/clip_fraction,2949120,1786496401.912613,0.4929351807
train/clip_fraction,2981888,1786496406.879459,0.489944458
train/clip_fraction,3014656,1786496411.864356,0.4915390015
train/clip_fraction,3047424,1786496416.818742,0.4943618774
train/clip_fraction,3080192,1786496421.814155,0.49193573
train/clip_fraction,3112960,1786496426.783688,0.4951858521
train/clip_fraction,3145728,1786496431.806519,0.490020752
train/clip_fraction,3178496,1786496436.777752,0.4968109131
train/clip_fraction,3211264,1786496441.761953,0.4981231689
train/clip_fraction,3244032,1786496446.799119,0.495803833
train/clip_fraction,3276800,1786496451.801853,0.5037841797
train/clip_fraction,3309568,1786496456.747631,0.4972763062
train/clip_fraction,3342336,1786496461.701146,0.5008544922
train/clip_fraction,3375104,1786496466.648202,0.4992294312
train/clip_fraction,3407872,1786496471.589643,0.4960327148
train/clip_fraction,3440640,1786496476.544319,0.500617981
train/clip_fraction,3473408,1786496481.493045,0.4929962158
train/clip_fraction,3506176,1786496486.446230,0.4982376099
train/clip_fraction,3538944,1786496491.399265,0.5039901733
train/clip_fraction,3571712,1786496496.356258,0.5021286011
train/clip_fraction,3604480,1786496501.302324,0.5048828125
train/clip_fraction,3637248,1786496506.252020,0.4991531372
train/clip_fraction,3670016,1786496511.173680,0.5074615479
train/clip_fraction,3702784,1786496516.123778,0.5077896118
train/clip_fraction,3735552,1786496521.051943,0.504196167
train/clip_fraction,3768320,1786496526.012015,0.5093688965
train/clip_fraction,3801088,1786496530.942454,0.5044174194
train/clip_fraction,3833856,1786496535.902103,0.5071563721
train/clip_fraction,3866624,1786496540.835275,0.5008926392
train/clip_fraction,3899392,1786496545.792115,0.5044631958
train/clip_fraction,3932160,1786496550.725470,0.5084915161
train/clip_fraction,3964928,1786496555.703975,0.5070495605
train/clip_fraction,3997696,1786496560.644029,0.5118408203
train/clip_fraction,4030464,1786496565.657798,0.5113830566
train/clip_fraction,4063232,1786496570.614344,0.5108261108
train/clip_fraction,4096000,1786496575.581838,0.5127563477
train/clip_fraction,4128768,1786496580.504748,0.5106124878
train/clip_fraction,4161536,1786496585.474119,0.5057754517
train/clip_fraction,4194304,1786496590.397004,0.5132980347
train/clip_fraction,4227072,1786496595.353173,0.5101013184
train/clip_fraction,4259840,1786496600.281017,0.5142211914
train/clip_fraction,4292608,1786496605.228576,0.5134506226
train/clip_fraction,4325376,1786496610.150130,0.5074996948
train/clip_fraction,4358144,1786496615.161653,0.5115966797
train/clip_fraction,4390912,1786496620.102477,0.513710022
train/clip_fraction,4423680,1786496625.056858,0.5123138428
train/clip_fraction,4456448,1786496629.978940,0.5091323853
train/clip_fraction,4489216,1786496634.946243,0.5091323853
train/clip_fraction,4521984,1786496639.873804,0.5132293701
train/clip_fraction,4554752,1786496644.832120,0.5162353516
train/clip_fraction,4587520,1786496649.770444,0.5117645264
train/clip_fraction,4620288,1786496654.716041,0.519569397
train/clip_fraction,4653056,1786496659.648207,0.529548645
train/clip_fraction,4685824,1786496664.606394,0.5228271484
train/clip_fraction,4718592,1786496669.533660,0.517074585
train/clip_fraction,4751360,1786496674.480198,0.5183944702
train/clip_fraction,4784128,1786496679.399853,0.52293396
train/clip_fraction,4816896,1786496684.347122,0.5234985352
train/clip_fraction,4849664,1786496689.271763,0.5277404785
train/clip_fraction,4882432,1786496694.233745,0.5259170532
train/clip_fraction,4915200,1786496699.144961,0.5206222534
train/clip_fraction,4947968,1786496704.087332,0.5259857178
train/clip_fraction,4980736,1786496709.013407,0.5190505981
train/clip_fraction,5013504,1786496713.976677,0.5264892578
train/clip_fraction,5046272,1786496718.901153,0.5276870728
train/clip_fraction,5079040,1786496723.840031,0.5267105103
train/clip_fraction,5111808,1786496728.774785,0.5300369263
train/clip_fraction,5144576,1786496733.781783,0.5339355469
train/clip_fraction,5177344,1786496738.709636,0.530380249
train/clip_fraction,5210112,1786496743.672210,0.5295944214
train/clip_fraction,5242880,1786496748.586608,0.5341644287
train/clip_fraction,5275648,1786496753.533154,0.5360031128
train/clip_fraction,5308416,1786496758.458867,0.5310592651
train/clip_fraction,5341184,1786496763.433955,0.5294036865
train/clip_fraction,5373952,1786496768.354163,0.5291595459
train/clip_fraction,5406720,1786496773.300950,0.5313949585
train/clip_fraction,5439488,1786496778.212692,0.532333374
train/clip_fraction,5472256,1786496783.174366,0.5284881592
train/clip_fraction,5505024,1786496788.106648,0.5305252075
train/clip_fraction,5537792,1786496793.077110,0.5348434448
train/clip_fraction,5570560,1786496798.005214,0.5327148438
train/clip_fraction,5603328,1786496802.954710,0.5332336426
train/clip_fraction,5636096,1786496807.894074,0.5379104614
train/clip_fraction,5668864,1786496812.838168,0.5352401733
train/clip_fraction,5701632,1786496817.749273,0.5399703979
train/clip_fraction,5734400,1786496822.697192,0.5326080322
train/clip_fraction,5767168,1786496827.645805,0.5392684937
train/clip_fraction,5799936,1786496832.610124,0.5363693237
train/clip_fraction,5832704,1786496837.534060,0.5326004028
train/clip_fraction,5865472,1786496842.466276,0.537612915
train/clip_fraction,5898240,1786496847.381502,0.5373840332
train/clip_fraction,5931008,1786496852.340911,0.5389404297
train/clip_fraction,5963776,1786496857.281664,0.5397033691
train/clip_fraction,5996544,1786496862.243163,0.545173645
train/clip_fraction,6029312,1786496867.165035,0.5389022827
train/clip_fraction,6062080,1786496872.125131,0.5348205566
train/clip_fraction,6094848,1786496877.045441,0.5425872803
train/clip_fraction,6127616,1786496882.014246,0.5432052612
train/clip_fraction,6160384,1786496886.941607,0.5437088013
train/clip_fraction,6193152,1786496891.887358,0.5428543091
train/clip_fraction,6225920,1786496896.812178,0.5433120728
train/clip_fraction,6258688,1786496901.760295,0.5492095947
train/clip_fraction,6291456,1786496906.693302,0.5438842773
train/clip_fraction,6324224,1786496911.665008,0.5429000854
train/clip_fraction,6356992,1786496916.629931,0.5477981567
train/clip_fraction,6389760,1786496921.578746,0.5467758179
train/clip_fraction,6422528,1786496926.528313,0.5528335571
train/clip_fraction,6455296,1786496931.480114,0.5503234863
train/clip_fraction,6488064,1786496936.431834,0.5438995361
train/clip_fraction,6520832,1786496941.365180,0.548789978
train/clip_fraction,6553600,1786496946.311161,0.5466003418
train/clip_fraction,6586368,1786496951.253862,0.5463256836
train/clip_fraction,6619136,1786496956.195148,0.5501861572
train/clip_fraction,6651904,1786496961.114347,0.5538864136
train/clip_fraction,6684672,1786496966.053601,0.5543365479
train/clip_fraction,6717440,1786496970.976039,0.5483474731
train/clip_fraction,6750208,1786496975.939407,0.553565979
train/clip_fraction,6782976,1786496980.858109,0.5533599854
train/clip_fraction,6815744,1786496985.804342,0.5465164185
train/clip_fraction,6848512,1786496990.719821,0.5501403809
train/clip_fraction,6881280,1786496995.657742,0.5550613403
train/clip_fraction,6914048,1786497000.583644,0.5516052246
train/clip_fraction,6946816,1786497005.534647,0.553565979
train/clip_fraction,6979584,1786497010.466400,0.5536651611
train/clip_fraction,7012352,1786497015.413474,0.5589065552
train/clip_fraction,7045120,1786497020.342426,0.5563354492
train/clip_fraction,7077888,1786497025.298300,0.5554199219
train/clip_fraction,7110656,1786497030.205445,0.554359436
train/clip_fraction,7143424,1786497035.153159,0.5587463379
train/clip_fraction,7176192,1786497040.055554,0.5583267212
train/clip_fraction,7208960,1786497045.012952,0.5551223755
train/clip_fraction,7241728,1786497049.928752,0.5569458008
train/clip_fraction,7274496,1786497054.893221,0.5554656982
train/clip_fraction,7307264,1786497059.796339,0.5620498657
train/clip_fraction,7340032,1786497064.755385,0.5557022095
train/clip_fraction,7372800,1786497069.673082,0.5536499023
train/clip_fraction,7405568,1786497074.620819,0.555847168
train/clip_fraction,7438336,1786497079.530012,0.5584182739
train/clip_fraction,7471104,1786497084.468977,0.5583953857
train/clip_fraction,7503872,1786497089.405988,0.561958313
train/clip_fraction,7536640,1786497094.370176,0.5567321777
train/clip_fraction,7569408,1786497099.288929,0.5547103882
train/clip_fraction,7602176,1786497104.255089,0.5537185669
train/clip_fraction,7634944,1786497109.168320,0.553565979
train/clip_fraction,7667712,1786497114.173793,0.5555419922
train/clip_fraction,7700480,1786497119.124007,0.5579071045
train/clip_fraction,7733248,1786497124.074896,0.5603942871
train/clip_fraction,7766016,1786497128.987020,0.560295105
train/clip_fraction,7798784,1786497133.927178,0.5542526245
train/clip_fraction,7831552,1786497138.861645,0.5605316162
train/clip_fraction,7864320,1786497143.818408,0.5646362305
train/clip_fraction,7897088,1786497148.723598,0.5586547852
train/clip_fraction,7929856,1786497153.713230,0.559928894
train/clip_fraction,7962624,1786497158.616297,0.5629730225
train/clip_fraction,7995392,1786497163.571003,0.5585250854
train/clip_fraction,8028160,1786497168.479015,0.5641098022
train/clip_range,65536,1786495961.031296,0.200000003
train/clip_range,98304,1786495966.048323,0.200000003
train/clip_range,131072,1786495971.060569,0.200000003
train/clip_range,163840,1786495976.070094,0.200000003
train/clip_range,196608,1786495981.052693,0.200000003
train/clip_range,229376,1786495986.050752,0.200000003
train/clip_range,262144,1786495991.022787,0.200000003
train/clip_range,294912,1786495996.011921,0.200000003
train/clip_range,327680,1786496000.993169,0.200000003
train/clip_range,360448,1786496006.055790,0.200000003
train/clip_range,393216,1786496011.057543,0.200000003
train/clip_range,425984,1786496016.047752,0.200000003
train/clip_range,458752,1786496021.065158,0.200000003
train/clip_range,491520,1786496026.104701,0.200000003
train/clip_range,524288,1786496031.124524,0.200000003
train/clip_range,557056,1786496036.171709,0.200000003
train/clip_range,589824,1786496041.178762,0.200000003
train/clip_range,622592,1786496046.232054,0.200000003
train/clip_range,655360,1786496051.251481,0.200000003
train/clip_range,688128,1786496056.326918,0.200000003
train/clip_range,720896,1786496061.432537,0.200000003
train/clip_range,753664,1786496066.471027,0.200000003
train/clip_range,786432,1786496071.547876,0.200000003
train/clip_range,819200,1786496076.541695,0.200000003
train/clip_range,851968,1786496081.598613,0.200000003
train/clip_range,884736,1786496086.635454,0.200000003
train/clip_range,917504,1786496091.656788,0.200000003
train/clip_range,950272,1786496096.708404,0.200000003
train/clip_range,983040,1786496101.726682,0.200000003
train/clip_range,1015808,1786496106.782276,0.200000003
train/clip_range,1048576,1786496111.827636,0.200000003
train/clip_range,1081344,1786496116.872495,0.200000003
train/clip_range,1114112,1786496121.880759,0.200000003
train/clip_range,1146880,1786496126.855573,0.200000003
train/clip_range,1179648,1786496131.858884,0.200000003
train/clip_range,1212416,1786496136.842117,0.200000003
train/clip_range,1245184,1786496141.872209,0.200000003
train/clip_range,1277952,1786496146.868392,0.200000003
train/clip_range,1310720,1786496151.872243,0.200000003
train/clip_range,1343488,1786496156.865745,0.200000003
train/clip_range,1376256,1786496161.900403,0.200000003
train/clip_range,1409024,1786496166.944999,0.200000003
train/clip_range,1441792,1786496171.977149,0.200000003
train/clip_range,1474560,1786496176.935202,0.200000003
train/clip_range,1507328,1786496181.979652,0.200000003
train/clip_range,1540096,1786496186.951611,0.200000003
train/clip_range,1572864,1786496191.954319,0.200000003
train/clip_range,1605632,1786496196.932887,0.200000003
train/clip_range,1638400,1786496202.174568,0.200000003
train/clip_range,1671168,1786496207.301324,0.200000003
train/clip_range,1703936,1786496212.310007,0.200000003
train/clip_range,1736704,1786496217.283742,0.200000003
train/clip_range,1769472,1786496222.338849,0.200000003
train/clip_range,1802240,1786496227.337641,0.200000003
train/clip_range,1835008,1786496232.432776,0.200000003
train/clip_range,1867776,1786496237.409782,0.200000003
train/clip_range,1900544,1786496242.464051,0.200000003
train/clip_range,1933312,1786496247.476730,0.200000003
train/clip_range,1966080,1786496252.485370,0.200000003
train/clip_range,1998848,1786496257.475345,0.200000003
train/clip_range,2031616,1786496262.495472,0.200000003
train/clip_range,2064384,1786496267.471782,0.200000003
train/clip_range,2097152,1786496272.478609,0.200000003
train/clip_range,2129920,1786496277.442071,0.200000003
train/clip_range,2162688,1786496282.450965,0.200000003
train/clip_range,2195456,1786496287.426163,0.200000003
train/clip_range,2228224,1786496292.419950,0.200000003
train/clip_range,2260992,1786496297.367596,0.200000003
train/clip_range,2293760,1786496302.373626,0.200000003
train/clip_range,2326528,1786496307.343523,0.200000003
train/clip_range,2359296,1786496312.381647,0.200000003
train/clip_range,2392064,1786496317.339057,0.200000003
train/clip_range,2424832,1786496322.327477,0.200000003
train/clip_range,2457600,1786496327.267328,0.200000003
train/clip_range,2490368,1786496332.259548,0.200000003
train/clip_range,2523136,1786496337.214408,0.200000003
train/clip_range,2555904,1786496342.208579,0.200000003
train/clip_range,2588672,1786496347.170213,0.200000003
train/clip_range,2621440,1786496352.164415,0.200000003
train/clip_range,2654208,1786496357.111166,0.200000003
train/clip_range,2686976,1786496362.110755,0.200000003
train/clip_range,2719744,1786496367.073035,0.200000003
train/clip_range,2752512,1786496372.068217,0.200000003
train/clip_range,2785280,1786496377.016994,0.200000003
train/clip_range,2818048,1786496382.008440,0.200000003
train/clip_range,2850816,1786496386.968293,0.200000003
train/clip_range,2883584,1786496391.953572,0.200000003
train/clip_range,2916352,1786496396.902052,0.200000003
train/clip_range,2949120,1786496401.912617,0.200000003
train/clip_range,2981888,1786496406.879462,0.200000003
train/clip_range,3014656,1786496411.864359,0.200000003
train/clip_range,3047424,1786496416.818745,0.200000003
train/clip_range,3080192,1786496421.814158,0.200000003
train/clip_range,3112960,1786496426.783692,0.200000003
train/clip_range,3145728,1786496431.806523,0.200000003
train/clip_range,3178496,1786496436.777755,0.200000003
train/clip_range,3211264,1786496441.761956,0.200000003
train/clip_range,3244032,1786496446.799122,0.200000003
train/clip_range,3276800,1786496451.801857,0.200000003
train/clip_range,3309568,1786496456.747636,0.200000003
train/clip_range,3342336,1786496461.701150,0.200000003
train/clip_range,3375104,1786496466.648205,0.200000003
train/clip_range,3407872,1786496471.589647,0.200000003
train/clip_range,3440640,1786496476.544322,0.200000003
train/clip_range,3473408,1786496481.493049,0.200000003
train/clip_range,3506176,1786496486.446234,0.200000003
train/clip_range,3538944,1786496491.399268,0.200000003
train/clip_range,3571712,1786496496.356261,0.200000003
train/clip_range,3604480,1786496501.302327,0.200000003
train/clip_range,3637248,1786496506.252024,0.200000003
train/clip_range,3670016,1786496511.173683,0.200000003
train/clip_range,3702784,1786496516.123782,0.200000003
train/clip_range,3735552,1786496521.051948,0.200000003
train/clip_range,3768320,1786496526.012019,0.200000003
train/clip_range,3801088,1786496530.942458,0.200000003
train/clip_range,3833856,1786496535.902106,0.200000003
train/clip_range,3866624,1786496540.835278,0.200000003
train/clip_range,3899392,1786496545.792118,0.200000003
train/clip_range,3932160,1786496550.725473,0.200000003
train/clip_range,3964928,1786496555.703979,0.200000003
train/clip_range,3997696,1786496560.644032,0.200000003
train/clip_range,4030464,1786496565.657801,0.200000003
train/clip_range,4063232,1786496570.614348,0.200000003
train/clip_range,4096000,1786496575.581841,0.200000003
train/clip_range,4128768,1786496580.504751,0.200000003
train/clip_range,4161536,1786496585.474122,0.200000003
train/clip_range,4194304,1786496590.397008,0.200000003
train/clip_range,4227072,1786496595.353177,0.200000003
train/clip_range,4259840,1786496600.281020,0.200000003
train/clip_range,4292608,1786496605.228579,0.200000003
train/clip_range,4325376,1786496610.150133,0.200000003
train/clip_range,4358144,1786496615.161656,0.200000003
train/clip_range,4390912,1786496620.102480,0.200000003
train/clip_range,4423680,1786496625.056862,0.200000003
train/clip_range,4456448,1786496629.978943,0.200000003
train/clip_range,4489216,1786496634.946247,0.200000003
train/clip_range,4521984,1786496639.873808,0.200000003
train/clip_range,4554752,1786496644.832124,0.200000003
train/clip_range,4587520,1786496649.770447,0.200000003
train/clip_range,4620288,1786496654.716044,0.200000003
train/clip_range,4653056,1786496659.648211,0.200000003
train/clip_range,4685824,1786496664.606398,0.200000003
train/clip_range,4718592,1786496669.533663,0.200000003
train/clip_range,4751360,1786496674.480202,0.200000003
train/clip_range,4784128,1786496679.399857,0.200000003
train/clip_range,4816896,1786496684.347125,0.200000003
train/clip_range,4849664,1786496689.271766,0.200000003
train/clip_range,4882432,1786496694.233749,0.200000003
train/clip_range,4915200,1786496699.144965,0.200000003
train/clip_range,4947968,1786496704.087335,0.200000003
train/clip_range,4980736,1786496709.013411,0.200000003
train/clip_range,5013504,1786496713.976685,0.200000003
train/clip_range,5046272,1786496718.901157,0.200000003
train/clip_range,5079040,1786496723.840035,0.200000003
train/clip_range,5111808,1786496728.774789,0.200000003
train/clip_range,5144576,1786496733.781787,0.200000003
train/clip_range,5177344,1786496738.709639,0.200000003
train/clip_range,5210112,1786496743.672214,0.200000003
train/clip_range,5242880,1786496748.586612,0.200000003
train/clip_range,5275648,1786496753.533158,0.200000003
train/clip_range,5308416,1786496758.458871,0.200000003
train/clip_range,5341184,1786496763.433958,0.200000003
train/clip_range,5373952,1786496768.354166,0.200000003
train/clip_range,5406720,1786496773.300953,0.200000003
train/clip_range,5439488,1786496778.212695,0.200000003
train/clip_range,5472256,1786496783.174369,0.200000003
train/clip_range,5505024,1786496788.106652,0.200000003
train/clip_range,5537792,1786496793.077113,0.200000003
train/clip_range,5570560,1786496798.005218,0.200000003
train/clip_range,5603328,1786496802.954714,0.200000003
train/clip_range,5636096,1786496807.894078,0.200000003
train/clip_range,5668864,1786496812.838172,0.200000003
train/clip_range,5701632,1786496817.749278,0.200000003
train/clip_range,5734400,1786496822.697196,0.200000003
train/clip_range,5767168,1786496827.645809,0.200000003
train/clip_range,5799936,1786496832.610128,0.200000003
train/clip_range,5832704,1786496837.534063,0.200000003
train/clip_range,5865472,1786496842.466281,0.200000003
train/clip_range,5898240,1786496847.381506,0.200000003
train/clip_range,5931008,1786496852.340914,0.200000003
train/clip_range,5963776,1786496857.281667,0.200000003
train/clip_range,5996544,1786496862.243168,0.200000003
train/clip_range,6029312,1786496867.165038,0.200000003
train/clip_range,6062080,1786496872.125134,0.200000003
train/clip_range,6094848,1786496877.045445,0.200000003
train/clip_range,6127616,1786496882.014249,0.200000003
train/clip_range,6160384,1786496886.941611,0.200000003
train/clip_range,6193152,1786496891.887361,0.200000003
train/clip_range,6225920,1786496896.812182,0.200000003
train/clip_range,6258688,1786496901.760299,0.200000003
train/clip_range,6291456,1786496906.693306,0.200000003
train/clip_range,6324224,1786496911.665011,0.200000003
train/clip_range,6356992,1786496916.629934,0.200000003
train/clip_range,6389760,1786496921.578750,0.200000003
train/clip_range,6422528,1786496926.528316,0.200000003
train/clip_range,6455296,1786496931.480118,0.200000003
train/clip_range,6488064,1786496936.431837,0.200000003
train/clip_range,6520832,1786496941.365184,0.200000003
train/clip_range,6553600,1786496946.311164,0.200000003
train/clip_range,6586368,1786496951.253866,0.200000003
train/clip_range,6619136,1786496956.195153,0.200000003
train/clip_range,6651904,1786496961.114351,0.200000003
train/clip_range,6684672,1786496966.053605,0.200000003
train/clip_range,6717440,1786496970.976042,0.200000003
train/clip_range,6750208,1786496975.939410,0.200000003
train/clip_range,6782976,1786496980.858112,0.200000003
train/clip_range,6815744,1786496985.804346,0.200000003
train/clip_range,6848512,1786496990.719825,0.200000003
train/clip_range,6881280,1786496995.657746,0.200000003
train/clip_range,6914048,1786497000.583648,0.200000003
train/clip_range,6946816,1786497005.534651,0.200000003
train/clip_range,6979584,1786497010.466403,0.200000003
train/clip_range,7012352,1786497015.413477,0.200000003
train/clip_range,7045120,1786497020.342429,0.200000003
train/clip_range,7077888,1786497025.298304,0.200000003
train/clip_range,7110656,1786497030.205449,0.200000003
train/clip_range,7143424,1786497035.153162,0.200000003
train/clip_range,7176192,1786497040.055558,0.200000003
train/clip_range,7208960,1786497045.012955,0.200000003
train/clip_range,7241728,1786497049.928757,0.200000003
train/clip_range,7274496,1786497054.893224,0.200000003
train/clip_range,7307264,1786497059.796342,0.200000003
train/clip_range,7340032,1786497064.755388,0.200000003
train/clip_range,7372800,1786497069.673086,0.200000003
train/clip_range,7405568,1786497074.620823,0.200000003
train/clip_range,7438336,1786497079.530015,0.200000003
train/clip_range,7471104,1786497084.468981,0.200000003
train/clip_range,7503872,1786497089.405993,0.200000003
train/clip_range,7536640,1786497094.370179,0.200000003
train/clip_range,7569408,1786497099.288934,0.200000003
train/clip_range,7602176,1786497104.255092,0.200000003
train/clip_range,7634944,1786497109.168323,0.200000003
train/clip_range,7667712,1786497114.173797,0.200000003
train/clip_range,7700480,1786497119.124011,0.200000003
train/clip_range,7733248,1786497124.074900,0.200000003
train/clip_range,7766016,1786497128.987023,0.200000003
train/clip_range,7798784,1786497133.927181,0.200000003
train/clip_range,7831552,1786497138.861649,0.200000003
train/clip_range,7864320,1786497143.818412,0.200000003
train/clip_range,7897088,1786497148.723601,0.200000003
train/clip_range,7929856,1786497153.713235,0.200000003
train/clip_range,7962624,1786497158.616301,0.200000003
train/clip_range,7995392,1786497163.571007,0.200000003
train/clip_range,8028160,1786497168.479019,0.200000003
train/ent_coef,32768,1786495955.975863,0.0004947200068
train/ent_coef,65536,1786495961.031299,0.001993855927
train/ent_coef,98304,1786495966.048326,0.001987711992
train/ent_coef,131072,1786495971.060573,0.001981568057
train/ent_coef,163840,1786495976.070098,0.001975423889
train/ent_coef,196608,1786495981.052697,0.001969279954
train/ent_coef,229376,1786495986.050755,0.001963136019
train/ent_coef,262144,1786495991.022790,0.001956992084
train/ent_coef,294912,1786495996.011924,0.001950848033
train/ent_coef,327680,1786496000.993172,0.001944703981
train/ent_coef,360448,1786496006.055794,0.001938560046
train/ent_coef,393216,1786496011.057547,0.001932415995
train/ent_coef,425984,1786496016.047755,0.001926271943
train/ent_coef,458752,1786496021.065161,0.001920128008
train/ent_coef,491520,1786496026.104704,0.001913983957
train/ent_coef,524288,1786496031.124527,0.001907840022
train/ent_coef,557056,1786496036.171712,0.00190169597
train/ent_coef,589824,1786496041.178766,0.001895552035
train/ent_coef,622592,1786496046.232058,0.001889407984
train/ent_coef,655360,1786496051.251485,0.001883264049
train/ent_coef,688128,1786496056.326922,0.001877119998
train/ent_coef,720896,1786496061.432541,0.001870975946
train/ent_coef,753664,1786496066.471031,0.001864832011
train/ent_coef,786432,1786496071.547879,0.00185868796
train/ent_coef,819200,1786496076.541698,0.001852544025
train/ent_coef,851968,1786496081.598617,0.001846399973
train/ent_coef,884736,1786496086.635457,0.001840256038
train/ent_coef,917504,1786496091.656791,0.001834111987
train/ent_coef,950272,1786496096.708407,0.001827968052
train/ent_coef,983040,1786496101.726686,0.001821824
train/ent_coef,1015808,1786496106.782279,0.001815679949
train/ent_coef,1048576,1786496111.827639,0.001809536014
train/ent_coef,1081344,1786496116.872498,0.001803391962
train/ent_coef,1114112,1786496121.880763,0.001797248027
train/ent_coef,1146880,1786496126.855576,0.001791103976
train/ent_coef,1179648,1786496131.858887,0.001784960041
train/ent_coef,1212416,1786496136.842120,0.001778815989
train/ent_coef,1245184,1786496141.872213,0.001772672054
train/ent_coef,1277952,1786496146.868395,0.001766528003
train/ent_coef,1310720,1786496151.872247,0.001760383951
train/ent_coef,1343488,1786496156.865749,0.001754240016
train/ent_coef,1376256,1786496161.900406,0.001748095965
train/ent_coef,1409024,1786496166.945002,0.00174195203
train/ent_coef,1441792,1786496171.977153,0.001735807979
train/ent_coef,1474560,1786496176.935206,0.001729664044
train/ent_coef,1507328,1786496181.979656,0.001723519992
train/ent_coef,1540096,1786496186.951614,0.001717376057
train/ent_coef,1572864,1786496191.954323,0.001711232006
train/ent_coef,1605632,1786496196.932890,0.001705087954
train/ent_coef,1638400,1786496202.174572,0.001698944019
train/ent_coef,1671168,1786496207.301328,0.001692799968
train/ent_coef,1703936,1786496212.310010,0.001686656033
train/ent_coef,1736704,1786496217.283745,0.001680511981
train/ent_coef,1769472,1786496222.338852,0.001674368046
train/ent_coef,1802240,1786496227.337644,0.001668223995
train/ent_coef,1835008,1786496232.432779,0.001662079943
train/ent_coef,1867776,1786496237.409785,0.001655936008
train/ent_coef,1900544,1786496242.464054,0.001649791957
train/ent_coef,1933312,1786496247.476734,0.001643648022
train/ent_coef,1966080,1786496252.485375,0.00163750397
train/ent_coef,1998848,1786496257.475348,0.001631360035
train/ent_coef,2031616,1786496262.495475,0.001625215984
train/ent_coef,2064384,1786496267.471786,0.001619072049
train/ent_coef,2097152,1786496272.478612,0.001612927997
train/ent_coef,2129920,1786496277.442075,0.001606783946
train/ent_coef,2162688,1786496282.450969,0.001600640011
train/ent_coef,2195456,1786496287.426167,0.00159449596
train/ent_coef,2228224,1786496292.419953,0.001588352025
train/ent_coef,2260992,1786496297.367599,0.001582207973
train/ent_coef,2293760,1786496302.373630,0.001576064038
train/ent_coef,2326528,1786496307.343526,0.001569919987
train/ent_coef,2359296,1786496312.381651,0.001563776052
train/ent_coef,2392064,1786496317.339060,0.001557632
train/ent_coef,2424832,1786496322.327481,0.001551487949
train/ent_coef,2457600,1786496327.267335,0.001545344014
train/ent_coef,2490368,1786496332.259551,0.001539199962
train/ent_coef,2523136,1786496337.214411,0.001533056027
train/ent_coef,2555904,1786496342.208582,0.001526911976
train/ent_coef,2588672,1786496347.170216,0.001520768041
train/ent_coef,2621440,1786496352.164419,0.001514623989
train/ent_coef,2654208,1786496357.111170,0.001508480054
train/ent_coef,2686976,1786496362.110759,0.001502336003
train/ent_coef,2719744,1786496367.073038,0.001496191951
train/ent_coef,2752512,1786496372.068220,0.001490048016
train/ent_coef,2785280,1786496377.016998,0.001483903965
train/ent_coef,2818048,1786496382.008443,0.00147776003
train/ent_coef,2850816,1786496386.968297,0.001471615979
train/ent_coef,2883584,1786496391.953576,0.001465472043
train/ent_coef,2916352,1786496396.902055,0.001459327992
train/ent_coef,2949120,1786496401.912620,0.001453184057
train/ent_coef,2981888,1786496406.879466,0.001447040006
train/ent_coef,3014656,1786496411.864362,0.001440895954
train/ent_coef,3047424,1786496416.818748,0.001434752019
train/ent_coef,3080192,1786496421.814162,0.001428607968
train/ent_coef,3112960,1786496426.783698,0.001422464033
train/ent_coef,3145728,1786496431.806526,0.001416319981
train/ent_coef,3178496,1786496436.777758,0.001410176046
train/ent_coef,3211264,1786496441.761960,0.001404031995
train/ent_coef,3244032,1786496446.799125,0.001397887943
train/ent_coef,3276800,1786496451.801860,0.001391744008
train/ent_coef,3309568,1786496456.747640,0.001385599957
train/ent_coef,3342336,1786496461.701154,0.001379456022
train/ent_coef,3375104,1786496466.648209,0.00137331197
train/ent_coef,3407872,1786496471.589650,0.001367168035
train/ent_coef,3440640,1786496476.544326,0.001361023984
train/ent_coef,3473408,1786496481.493052,0.001354880049
train/ent_coef,3506176,1786496486.446237,0.001348735997
train/ent_coef,3538944,1786496491.399272,0.001342591946
train/ent_coef,3571712,1786496496.356265,0.001336448011
train/ent_coef,3604480,1786496501.302331,0.00133030396
train/ent_coef,3637248,1786496506.252027,0.001324160025
train/ent_coef,3670016,1786496511.173687,0.001318015973
train/ent_coef,3702784,1786496516.123785,0.001311872038
train/ent_coef,3735552,1786496521.051952,0.001305727987
train/ent_coef,3768320,1786496526.012022,0.001299584052
train/ent_coef,3801088,1786496530.942461,0.00129344
train/ent_coef,3833856,1786496535.902109,0.001287295949
train/ent_coef,3866624,1786496540.835282,0.001281152014
train/ent_coef,3899392,1786496545.792121,0.001275007962
train/ent_coef,3932160,1786496550.725477,0.001268864027
train/ent_coef,3964928,1786496555.703982,0.001262719976
train/ent_coef,3997696,1786496560.644036,0.001256576041
train/ent_coef,4030464,1786496565.657805,0.001250431989
train/ent_coef,4063232,1786496570.614351,0.001244288054
train/ent_coef,4096000,1786496575.581845,0.001238144003
train/ent_coef,4128768,1786496580.504754,0.001231999951
train/ent_coef,4161536,1786496585.474126,0.001225856016
train/ent_coef,4194304,1786496590.397011,0.001219711965
train/ent_coef,4227072,1786496595.353180,0.00121356803
train/ent_coef,4259840,1786496600.281024,0.001207423978
train/ent_coef,4292608,1786496605.228583,0.001201280043
train/ent_coef,4325376,1786496610.150137,0.001195135992
train/ent_coef,4358144,1786496615.161660,0.001188992057
train/ent_coef,4390912,1786496620.102483,0.001182848006
train/ent_coef,4423680,1786496625.056865,0.001176703954
train/ent_coef,4456448,1786496629.978947,0.001170560019
train/ent_coef,4489216,1786496634.946250,0.001164415968
train/ent_coef,4521984,1786496639.873811,0.001158272033
train/ent_coef,4554752,1786496644.832127,0.001152127981
train/ent_coef,4587520,1786496649.770451,0.001145984046
train/ent_coef,4620288,1786496654.716047,0.001139839995
train/ent_coef,4653056,1786496659.648214,0.001133695943
train/ent_coef,4685824,1786496664.606401,0.001127552008
train/ent_coef,4718592,1786496669.533666,0.001121407957
train/ent_coef,4751360,1786496674.480205,0.001115264022
train/ent_coef,4784128,1786496679.399860,0.00110911997
train/ent_coef,4816896,1786496684.347129,0.001102976035
train/ent_coef,4849664,1786496689.271770,0.001096831984
train/ent_coef,4882432,1786496694.233752,0.001090688049
train/ent_coef,4915200,1786496699.144968,0.001084543997
train/ent_coef,4947968,1786496704.087339,0.001078399946
train/ent_coef,4980736,1786496709.013415,0.001072256011
train/ent_coef,5013504,1786496713.976689,0.00106611196
train/ent_coef,5046272,1786496718.901160,0.001059968024
train/ent_coef,5079040,1786496723.840038,0.001053823973
train/ent_coef,5111808,1786496728.774792,0.001047680038
train/ent_coef,5144576,1786496733.781790,0.001041535987
train/ent_coef,5177344,1786496738.709643,0.001035392052
train/ent_coef,5210112,1786496743.672218,0.001029248
train/ent_coef,5242880,1786496748.586616,0.001023103949
train/ent_coef,5275648,1786496753.533162,0.001016960014
train/ent_coef,5308416,1786496758.458874,0.001010815962
train/ent_coef,5341184,1786496763.433962,0.001004672027
train/ent_coef,5373952,1786496768.354169,0.0009985279758
train/ent_coef,5406720,1786496773.300957,0.0009923840407
train/ent_coef,5439488,1786496778.212699,0.0009862399893
train/ent_coef,5472256,1786496783.174373,0.0009800960543
train/ent_coef,5505024,1786496788.106655,0.0009739520028
train/ent_coef,5537792,1786496793.077117,0.0009678080096
train/ent_coef,5570560,1786496798.005222,0.0009616640164
train/ent_coef,5603328,1786496802.954717,0.0009555200231
train/ent_coef,5636096,1786496807.894081,0.0009493759717
train/ent_coef,5668864,1786496812.838175,0.0009432319785
train/ent_coef,5701632,1786496817.749282,0.0009370879852
train/ent_coef,5734400,1786496822.697199,0.000930943992
train/ent_coef,5767168,1786496827.645812,0.0009247999988
train/ent_coef,5799936,1786496832.610131,0.0009186560055
train/ent_coef,5832704,1786496837.534067,0.0009125120123
train/ent_coef,5865472,1786496842.466285,0.0009063680191
train/ent_coef,5898240,1786496847.381510,0.0009002240258
train/ent_coef,5931008,1786496852.340918,0.0008940799744
train/ent_coef,5963776,1786496857.281671,0.0008879359812
train/ent_coef,5996544,1786496862.243172,0.0008817919879
train/ent_coef,6029312,1786496867.165042,0.0008756479947
train/ent_coef,6062080,1786496872.125138,0.0008695040015
train/ent_coef,6094848,1786496877.045449,0.0008633600082
train/ent_coef,6127616,1786496882.014253,0.000857216015
train/ent_coef,6160384,1786496886.941614,0.0008510720218
train/ent_coef,6193152,1786496891.887364,0.0008449280285
train/ent_coef,6225920,1786496896.812185,0.0008387839771
train/ent_coef,6258688,1786496901.760302,0.0008326399839
train/ent_coef,6291456,1786496906.693309,0.0008264959906
train/ent_coef,6324224,1786496911.665015,0.0008203519974
train/ent_coef,6356992,1786496916.629938,0.0008142080042
train/ent_coef,6389760,1786496921.578753,0.0008080640109
train/ent_coef,6422528,1786496926.528320,0.0008019200177
train/ent_coef,6455296,1786496931.480121,0.0007957760245
train/ent_coef,6488064,1786496936.431841,0.000789631973
train/ent_coef,6520832,1786496941.365187,0.0007834879798
train/ent_coef,6553600,1786496946.311168,0.0007773439866
train/ent_coef,6586368,1786496951.253869,0.0007711999933
train/ent_coef,6619136,1786496956.195157,0.0007650560001
train/ent_coef,6651904,1786496961.114354,0.0007589120069
train/ent_coef,6684672,1786496966.053608,0.0007527680136
train/ent_coef,6717440,1786496970.976046,0.0007466240204
train/ent_coef,6750208,1786496975.939413,0.0007404800272
train/ent_coef,6782976,1786496980.858116,0.0007343359757
train/ent_coef,6815744,1786496985.804349,0.0007281919825
train/ent_coef,6848512,1786496990.719828,0.0007220479893
train/ent_coef,6881280,1786496995.657749,0.000715903996
train/ent_coef,6914048,1786497000.583651,0.0007097600028
train/ent_coef,6946816,1786497005.534654,0.0007036160096
train/ent_coef,6979584,1786497010.466407,0.0006974720163
train/ent_coef,7012352,1786497015.413481,0.0006913280231
train/ent_coef,7045120,1786497020.342433,0.0006851839717
train/ent_coef,7077888,1786497025.298307,0.0006790399784
train/ent_coef,7110656,1786497030.205452,0.0006728959852
train/ent_coef,7143424,1786497035.153166,0.000666751992
train/ent_coef,7176192,1786497040.055561,0.0006606079987
train/ent_coef,7208960,1786497045.012959,0.0006544640055
train/ent_coef,7241728,1786497049.928761,0.0006483200123
train/ent_coef,7274496,1786497054.893228,0.000642176019
train/ent_coef,7307264,1786497059.796346,0.0006360320258
train/ent_coef,7340032,1786497064.755392,0.0006298879744
train/ent_coef,7372800,1786497069.673089,0.0006237439811
train/ent_coef,7405568,1786497074.620826,0.0006175999879
train/ent_coef,7438336,1786497079.530019,0.0006114559947
train/ent_coef,7471104,1786497084.468984,0.0006053120014
train/ent_coef,7503872,1786497089.405997,0.0005991680082
train/ent_coef,7536640,1786497094.370182,0.000593024015
train/ent_coef,7569408,1786497099.288938,0.0005868800217
train/ent_coef,7602176,1786497104.255096,0.0005807360285
train/ent_coef,7634944,1786497109.168327,0.0005745919771
train/ent_coef,7667712,1786497114.173801,0.0005684479838
train/ent_coef,7700480,1786497119.124014,0.0005623039906
train/ent_coef,7733248,1786497124.074903,0.0005561599974
train/ent_coef,7766016,1786497128.987026,0.0005500160041
train/ent_coef,7798784,1786497133.927185,0.0005438720109
train/ent_coef,7831552,1786497138.861652,0.0005377280177
train/ent_coef,7864320,1786497143.818415,0.0005315840244
train/ent_coef,7897088,1786497148.723605,0.000525439973
train/ent_coef,7929856,1786497153.713239,0.0005192959798
train/ent_coef,7962624,1786497158.616304,0.0005131519865
train/ent_coef,7995392,1786497163.571010,0.0005070079933
train/ent_coef,8028160,1786497168.479022,0.0005008640001
train/entropy_loss,65536,1786495961.031303,-22.14207077
train/entropy_loss,98304,1786495966.048329,-22.11183929
train/entropy_loss,131072,1786495971.060576,-22.07572365
train/entropy_loss,163840,1786495976.070101,-22.03442574
train/entropy_loss,196608,1786495981.052701,-22.00832748
train/entropy_loss,229376,1786495986.050759,-21.96414185
train/entropy_loss,262144,1786495991.022793,-21.91628647
train/entropy_loss,294912,1786495996.011928,-21.89206886
train/entropy_loss,327680,1786496000.993176,-21.86109161
train/entropy_loss,360448,1786496006.055797,-21.81283951
train/entropy_loss,393216,1786496011.057550,-21.76881027
train/entropy_loss,425984,1786496016.047759,-21.74801826
train/entropy_loss,458752,1786496021.065165,-21.722229
train/entropy_loss,491520,1786496026.104707,-21.68976212
train/entropy_loss,524288,1786496031.124531,-21.64304543
train/entropy_loss,557056,1786496036.171715,-21.59750938
train/entropy_loss,589824,1786496041.178769,-21.54827118
train/entropy_loss,622592,1786496046.232062,-21.50993729
train/entropy_loss,655360,1786496051.251488,-21.4730587
train/entropy_loss,688128,1786496056.326926,-21.43921661
train/entropy_loss,720896,1786496061.432544,-21.41615868
train/entropy_loss,753664,1786496066.471034,-21.37657738
train/entropy_loss,786432,1786496071.547883,-21.34062576
train/entropy_loss,819200,1786496076.541701,-21.30176926
train/entropy_loss,851968,1786496081.598622,-21.26431465
train/entropy_loss,884736,1786496086.635461,-21.24090576
train/entropy_loss,917504,1786496091.656794,-21.20919609
train/entropy_loss,950272,1786496096.708411,-21.14967346
train/entropy_loss,983040,1786496101.726689,-21.10255051
train/entropy_loss,1015808,1786496106.782282,-21.06631851
train/entropy_loss,1048576,1786496111.827643,-21.02358246
train/entropy_loss,1081344,1786496116.872502,-21.00126457
train/entropy_loss,1114112,1786496121.880766,-20.96505547
train/entropy_loss,1146880,1786496126.855580,-20.93507385
train/entropy_loss,1179648,1786496131.858890,-20.89444542
train/entropy_loss,1212416,1786496136.842124,-20.83721161
train/entropy_loss,1245184,1786496141.872216,-20.79443359
train/entropy_loss,1277952,1786496146.868399,-20.7513752
train/entropy_loss,1310720,1786496151.872250,-20.70429802
train/entropy_loss,1343488,1786496156.865752,-20.65968513
train/entropy_loss,1376256,1786496161.900410,-20.61080742
train/entropy_loss,1409024,1786496166.945006,-20.57192612
train/entropy_loss,1441792,1786496171.977156,-20.52634048
train/entropy_loss,1474560,1786496176.935209,-20.49524307
train/entropy_loss,1507328,1786496181.979659,-20.47819138
train/entropy_loss,1540096,1786496186.951618,-20.4367981
train/entropy_loss,1572864,1786496191.954326,-20.3909893
train/entropy_loss,1605632,1786496196.932893,-20.34933662
train/entropy_loss,1638400,1786496202.174575,-20.3266468
train/entropy_loss,1671168,1786496207.301331,-20.30293846
train/entropy_loss,1703936,1786496212.310013,-20.26830482
train/entropy_loss,1736704,1786496217.283749,-20.22610092
train/entropy_loss,1769472,1786496222.338856,-20.1906929
train/entropy_loss,1802240,1786496227.337648,-20.15956688
train/entropy_loss,1835008,1786496232.432783,-20.1307106
train/entropy_loss,1867776,1786496237.409788,-20.101017
train/entropy_loss,1900544,1786496242.464058,-20.07615852
train/entropy_loss,1933312,1786496247.476737,-20.0568943
train/entropy_loss,1966080,1786496252.485379,-20.01254272
train/entropy_loss,1998848,1786496257.475352,-19.96530914
train/entropy_loss,2031616,1786496262.495479,-19.93825531
train/entropy_loss,2064384,1786496267.471789,-19.9100647
train/entropy_loss,2097152,1786496272.478615,-19.88072395
train/entropy_loss,2129920,1786496277.442078,-19.84348488
train/entropy_loss,2162688,1786496282.450972,-19.80818558
train/entropy_loss,2195456,1786496287.426171,-19.77434158
train/entropy_loss,2228224,1786496292.419957,-19.74908447
train/entropy_loss,2260992,1786496297.367603,-19.72572136
train/entropy_loss,2293760,1786496302.373633,-19.72707939
train/entropy_loss,2326528,1786496307.343529,-19.70413971
train/entropy_loss,2359296,1786496312.381654,-19.66288185
train/entropy_loss,2392064,1786496317.339064,-19.61820221
train/entropy_loss,2424832,1786496322.327484,-19.58748245
train/entropy_loss,2457600,1786496327.267338,-19.55807495
train/entropy_loss,2490368,1786496332.259555,-19.52559662
train/entropy_loss,2523136,1786496337.214414,-19.50789452
train/entropy_loss,2555904,1786496342.208585,-19.45514679
train/entropy_loss,2588672,1786496347.170219,-19.41479683
train/entropy_loss,2621440,1786496352.164422,-19.37251663
train/entropy_loss,2654208,1786496357.111173,-19.33110619
train/entropy_loss,2686976,1786496362.110762,-19.30839539
train/entropy_loss,2719744,1786496367.073042,-19.27915764
train/entropy_loss,2752512,1786496372.068224,-19.25299072
train/entropy_loss,2785280,1786496377.017001,-19.2122097
train/entropy_loss,2818048,1786496382.008447,-19.17258644
train/entropy_loss,2850816,1786496386.968300,-19.14583969
train/entropy_loss,2883584,1786496391.953579,-19.11386871
train/entropy_loss,2916352,1786496396.902059,-19.08944893
train/entropy_loss,2949120,1786496401.912624,-19.0673027
train/entropy_loss,2981888,1786496406.879469,-19.03544998
train/entropy_loss,3014656,1786496411.864366,-19.00953674
train/entropy_loss,3047424,1786496416.818752,-18.99080849
train/entropy_loss,3080192,1786496421.814165,-18.95981789
train/entropy_loss,3112960,1786496426.783701,-18.92938042
train/entropy_loss,3145728,1786496431.806530,-18.8920269
train/entropy_loss,3178496,1786496436.777762,-18.85082054
train/entropy_loss,3211264,1786496441.761963,-18.82581329
train/entropy_loss,3244032,1786496446.799129,-18.79912949
train/entropy_loss,3276800,1786496451.801864,-18.78359985
train/entropy_loss,3309568,1786496456.747643,-18.73407555
train/entropy_loss,3342336,1786496461.701157,-18.71296501
train/entropy_loss,3375104,1786496466.648212,-18.68945122
train/entropy_loss,3407872,1786496471.589653,-18.65106201
train/entropy_loss,3440640,1786496476.544329,-18.61621475
train/entropy_loss,3473408,1786496481.493055,-18.59766579
train/entropy_loss,3506176,1786496486.446240,-18.57338715
train/entropy_loss,3538944,1786496491.399275,-18.5681076
train/entropy_loss,3571712,1786496496.356268,-18.56534767
train/entropy_loss,3604480,1786496501.302334,-18.53653336
train/entropy_loss,3637248,1786496506.252031,-18.51373672
train/entropy_loss,3670016,1786496511.173690,-18.4969883
train/entropy_loss,3702784,1786496516.123789,-18.48262024
train/entropy_loss,3735552,1786496521.051955,-18.43344879
train/entropy_loss,3768320,1786496526.012026,-18.37991524
train/entropy_loss,3801088,1786496530.942465,-18.3397007
train/entropy_loss,3833856,1786496535.902113,-18.31043816
train/entropy_loss,3866624,1786496540.835285,-18.2810688
train/entropy_loss,3899392,1786496545.792125,-18.26035881
train/entropy_loss,3932160,1786496550.725480,-18.22896194
train/entropy_loss,3964928,1786496555.703985,-18.20064163
train/entropy_loss,3997696,1786496560.644039,-18.16684914
train/entropy_loss,4030464,1786496565.657808,-18.14669037
train/entropy_loss,4063232,1786496570.614355,-18.12793922
train/entropy_loss,4096000,1786496575.581848,-18.09375
train/entropy_loss,4128768,1786496580.504758,-18.07203865
train/entropy_loss,4161536,1786496585.474130,-18.05728149
train/entropy_loss,4194304,1786496590.397015,-18.03790474
train/entropy_loss,4227072,1786496595.353183,-18.00409317
train/entropy_loss,4259840,1786496600.281027,-17.98785782
train/entropy_loss,4292608,1786496605.228586,-17.97375488
train/entropy_loss,4325376,1786496610.150140,-17.95929337
train/entropy_loss,4358144,1786496615.161663,-17.95144272
train/entropy_loss,4390912,1786496620.102487,-17.92288208
train/entropy_loss,4423680,1786496625.056868,-17.89919662
train/entropy_loss,4456448,1786496629.978950,-17.85719681
train/entropy_loss,4489216,1786496634.946254,-17.84606552
train/entropy_loss,4521984,1786496639.873815,-17.8260746
train/entropy_loss,4554752,1786496644.832130,-17.7922821
train/entropy_loss,4587520,1786496649.770454,-17.7552433
train/entropy_loss,4620288,1786496654.716051,-17.72859764
train/entropy_loss,4653056,1786496659.648217,-17.69404411
train/entropy_loss,4685824,1786496664.606405,-17.6688652
train/entropy_loss,4718592,1786496669.533669,-17.62527657
train/entropy_loss,4751360,1786496674.480209,-17.60682678
train/entropy_loss,4784128,1786496679.399863,-17.57991219
train/entropy_loss,4816896,1786496684.347132,-17.56718445
train/entropy_loss,4849664,1786496689.271773,-17.54406357
train/entropy_loss,4882432,1786496694.233755,-17.53161049
train/entropy_loss,4915200,1786496699.144972,-17.50736427
train/entropy_loss,4947968,1786496704.087342,-17.4834919
train/entropy_loss,4980736,1786496709.013419,-17.45978546
train/entropy_loss,5013504,1786496713.976693,-17.42866325
train/entropy_loss,5046272,1786496718.901164,-17.41613388
train/entropy_loss,5079040,1786496723.840042,-17.39475441
train/entropy_loss,5111808,1786496728.774796,-17.34057999
train/entropy_loss,5144576,1786496733.781793,-17.30204582
train/entropy_loss,5177344,1786496738.709646,-17.29536819
train/entropy_loss,5210112,1786496743.672221,-17.28215599
train/entropy_loss,5242880,1786496748.586619,-17.25037766
train/entropy_loss,5275648,1786496753.533165,-17.22734833
train/entropy_loss,5308416,1786496758.458878,-17.22959709
train/entropy_loss,5341184,1786496763.433965,-17.21242905
train/entropy_loss,5373952,1786496768.354173,-17.19225883
train/entropy_loss,5406720,1786496773.300960,-17.15732002
train/entropy_loss,5439488,1786496778.212702,-17.13489532
train/entropy_loss,5472256,1786496783.174376,-17.12949181
train/entropy_loss,5505024,1786496788.106659,-17.0972271
train/entropy_loss,5537792,1786496793.077120,-17.0440197
train/entropy_loss,5570560,1786496798.005225,-17.04589081
train/entropy_loss,5603328,1786496802.954721,-17.02216339
train/entropy_loss,5636096,1786496807.894085,-16.98924828
train/entropy_loss,5668864,1786496812.838179,-16.97619057
train/entropy_loss,5701632,1786496817.749287,-16.9452877
train/entropy_loss,5734400,1786496822.697203,-16.91610336
train/entropy_loss,5767168,1786496827.645816,-16.88472939
train/entropy_loss,5799936,1786496832.610135,-16.85202217
train/entropy_loss,5832704,1786496837.534070,-16.84531021
train/entropy_loss,5865472,1786496842.466290,-16.82472229
train/entropy_loss,5898240,1786496847.381514,-16.78727913
train/entropy_loss,5931008,1786496852.340921,-16.76143646
train/entropy_loss,5963776,1786496857.281674,-16.74357605
train/entropy_loss,5996544,1786496862.243176,-16.71208191
train/entropy_loss,6029312,1786496867.165045,-16.68774986
train/entropy_loss,6062080,1786496872.125141,-16.64938545
train/entropy_loss,6094848,1786496877.045452,-16.6310215
train/entropy_loss,6127616,1786496882.014256,-16.60328484
train/entropy_loss,6160384,1786496886.941617,-16.56879997
train/entropy_loss,6193152,1786496891.887368,-16.54786873
train/entropy_loss,6225920,1786496896.812188,-16.52504349
train/entropy_loss,6258688,1786496901.760306,-16.48854065
train/entropy_loss,6291456,1786496906.693313,-16.44922256
train/entropy_loss,6324224,1786496911.665018,-16.42554283
train/entropy_loss,6356992,1786496916.629941,-16.41524124
train/entropy_loss,6389760,1786496921.578756,-16.41013908
train/entropy_loss,6422528,1786496926.528323,-16.38967323
train/entropy_loss,6455296,1786496931.480125,-16.3579464
train/entropy_loss,6488064,1786496936.431844,-16.32333374
train/entropy_loss,6520832,1786496941.365191,-16.30014992
train/entropy_loss,6553600,1786496946.311171,-16.27788353
train/entropy_loss,6586368,1786496951.253872,-16.26315308
train/entropy_loss,6619136,1786496956.195161,-16.23088646
train/entropy_loss,6651904,1786496961.114357,-16.21807098
train/entropy_loss,6684672,1786496966.053611,-16.19577026
train/entropy_loss,6717440,1786496970.976049,-16.1728363
train/entropy_loss,6750208,1786496975.939417,-16.16630745
train/entropy_loss,6782976,1786496980.858119,-16.16526222
train/entropy_loss,6815744,1786496985.804353,-16.14067268
train/entropy_loss,6848512,1786496990.719832,-16.1211586
train/entropy_loss,6881280,1786496995.657752,-16.10364914
train/entropy_loss,6914048,1786497000.583654,-16.0961895
train/entropy_loss,6946816,1786497005.534658,-16.07950401
train/entropy_loss,6979584,1786497010.466410,-16.06794357
train/entropy_loss,7012352,1786497015.413484,-16.03992844
train/entropy_loss,7045120,1786497020.342436,-16.03226089
train/entropy_loss,7077888,1786497025.298311,-16.0131855
train/entropy_loss,7110656,1786497030.205456,-15.99309254
train/entropy_loss,7143424,1786497035.153169,-15.98001957
train/entropy_loss,7176192,1786497040.055564,-15.97493839
train/entropy_loss,7208960,1786497045.012962,-15.94297695
train/entropy_loss,7241728,1786497049.928764,-15.91252041
train/entropy_loss,7274496,1786497054.893231,-15.9107132
train/entropy_loss,7307264,1786497059.796350,-15.88114643
train/entropy_loss,7340032,1786497064.755395,-15.82587528
train/entropy_loss,7372800,1786497069.673092,-15.81398487
train/entropy_loss,7405568,1786497074.620829,-15.80152225
train/entropy_loss,7438336,1786497079.530022,-15.79925728
train/entropy_loss,7471104,1786497084.468988,-15.79685497
train/entropy_loss,7503872,1786497089.406001,-15.79166985
train/entropy_loss,7536640,1786497094.370186,-15.76428509
train/entropy_loss,7569408,1786497099.288942,-15.75754642
train/entropy_loss,7602176,1786497104.255099,-15.73949242
train/entropy_loss,7634944,1786497109.168330,-15.71748352
train/entropy_loss,7667712,1786497114.173804,-15.68599415
train/entropy_loss,7700480,1786497119.124017,-15.66132259
train/entropy_loss,7733248,1786497124.074907,-15.62905502
train/entropy_loss,7766016,1786497128.987030,-15.60663414
train/entropy_loss,7798784,1786497133.927188,-15.59174252
train/entropy_loss,7831552,1786497138.861656,-15.59179783
train/entropy_loss,7864320,1786497143.818418,-15.58532333
train/entropy_loss,7897088,1786497148.723608,-15.57748413
train/entropy_loss,7929856,1786497153.713243,-15.54778004
train/entropy_loss,7962624,1786497158.616308,-15.53177929
train/entropy_loss,7995392,1786497163.571014,-15.52514172
train/entropy_loss,8028160,1786497168.479025,-15.5050993
train/explained_variance,65536,1786495961.031306,0.7752865553
train/explained_variance,98304,1786495966.048333,0.7827797532
train/explained_variance,131072,1786495971.060579,0.7956336737
train/explained_variance,163840,1786495976.070104,0.8066781163
train/explained_variance,196608,1786495981.052704,0.7809976339
train/explained_variance,229376,1786495986.050762,0.7909305096
train/explained_variance,262144,1786495991.022797,0.7890728712
train/explained_variance,294912,1786495996.011931,0.7709130645
train/explained_variance,327680,1786496000.993179,0.7900392413
train/explained_variance,360448,1786496006.055801,0.8188568354
train/explained_variance,393216,1786496011.057554,0.814483285
train/explained_variance,425984,1786496016.047762,0.8032735586
train/explained_variance,458752,1786496021.065168,0.8171284199
train/explained_variance,491520,1786496026.104711,0.8115692139
train/explained_variance,524288,1786496031.124534,0.7866011858
train/explained_variance,557056,1786496036.171719,0.7833182812
train/explained_variance,589824,1786496041.178772,0.776789248
train/explained_variance,622592,1786496046.232065,0.8189973235
train/explained_variance,655360,1786496051.251491,0.8359664083
train/explained_variance,688128,1786496056.326931,0.8121043444
train/explained_variance,720896,1786496061.432547,0.8007055521
train/explained_variance,753664,1786496066.471037,0.8133439422
train/explained_variance,786432,1786496071.547886,0.8140232563
train/explained_variance,819200,1786496076.541704,0.7938758135
train/explained_variance,851968,1786496081.598626,0.8093925118
train/explained_variance,884736,1786496086.635464,0.8246648312
train/explained_variance,917504,1786496091.656798,0.785364747
train/explained_variance,950272,1786496096.708414,0.7896748781
train/explained_variance,983040,1786496101.726693,0.8252404928
train/explained_variance,1015808,1786496106.782286,0.7816413641
train/explained_variance,1048576,1786496111.827646,0.809068799
train/explained_variance,1081344,1786496116.872505,0.7926397324
train/explained_variance,1114112,1786496121.880769,0.7992259264
train/explained_variance,1146880,1786496126.855583,0.8207016587
train/explained_variance,1179648,1786496131.858894,0.7930343151
train/explained_variance,1212416,1786496136.842129,0.8030002117
train/explained_variance,1245184,1786496141.872219,0.8092268109
train/explained_variance,1277952,1786496146.868402,0.8040697575
train/explained_variance,1310720,1786496151.872254,0.8076103926
train/explained_variance,1343488,1786496156.865755,0.8112983704
train/explained_variance,1376256,1786496161.900413,0.8148014545
train/explained_variance,1409024,1786496166.945009,0.7780393362
train/explained_variance,1441792,1786496171.977160,0.831160903
train/explained_variance,1474560,1786496176.935212,0.782674551
train/explained_variance,1507328,1786496181.979662,0.8176134825
train/explained_variance,1540096,1786496186.951621,0.8325318694
train/explained_variance,1572864,1786496191.954329,0.8139598966
train/explained_variance,1605632,1786496196.932896,0.7899284363
train/explained_variance,1638400,1786496202.174578,0.814091444
train/explained_variance,1671168,1786496207.301336,0.8028866649
train/explained_variance,1703936,1786496212.310017,0.8132010698
train/explained_variance,1736704,1786496217.283752,0.803661406
train/explained_variance,1769472,1786496222.338859,0.8234664202
train/explained_variance,1802240,1786496227.337651,0.8058130145
train/explained_variance,1835008,1786496232.432786,0.8062311411
train/explained_variance,1867776,1786496237.409792,0.7920094132
train/explained_variance,1900544,1786496242.464061,0.811242342
train/explained_variance,1933312,1786496247.476741,0.816064775
train/explained_variance,1966080,1786496252.485384,0.7924147844
train/explained_variance,1998848,1786496257.475355,0.80080235
train/explained_variance,2031616,1786496262.495482,0.8205961585
train/explained_variance,2064384,1786496267.471792,0.836678803
train/explained_variance,2097152,1786496272.478619,0.8200958967
train/explained_variance,2129920,1786496277.442081,0.7911258936
train/explained_variance,2162688,1786496282.450976,0.8177411556
train/explained_variance,2195456,1786496287.426175,0.8013979197
train/explained_variance,2228224,1786496292.419960,0.7902319431
train/explained_variance,2260992,1786496297.367606,0.8488038778
train/explained_variance,2293760,1786496302.373637,0.7821115851
train/explained_variance,2326528,1786496307.343533,0.8156913519
train/explained_variance,2359296,1786496312.381657,0.8173161745
train/explained_variance,2392064,1786496317.339067,0.8143144846
train/explained_variance,2424832,1786496322.327487,0.7726063132
train/explained_variance,2457600,1786496327.267342,0.8252160549
train/explained_variance,2490368,1786496332.259558,0.8145759702
train/explained_variance,2523136,1786496337.214418,0.8189743757
train/explained_variance,2555904,1786496342.208589,0.8155539036
train/explained_variance,2588672,1786496347.170222,0.8046642542
train/explained_variance,2621440,1786496352.164426,0.7909215689
train/explained_variance,2654208,1786496357.111177,0.8239097595
train/explained_variance,2686976,1786496362.110765,0.814411521
train/explained_variance,2719744,1786496367.073045,0.8233939409
train/explained_variance,2752512,1786496372.068227,0.7996244431
train/explained_variance,2785280,1786496377.017005,0.8111658096
train/explained_variance,2818048,1786496382.008450,0.8042190671
train/explained_variance,2850816,1786496386.968304,0.8199822903
train/explained_variance,2883584,1786496391.953583,0.7997119427
train/explained_variance,2916352,1786496396.902062,0.8506458402
train/explained_variance,2949120,1786496401.912627,0.8082147241
train/explained_variance,2981888,1786496406.879472,0.8316406608
train/explained_variance,3014656,1786496411.864369,0.8481154442
train/explained_variance,3047424,1786496416.818755,0.8135693073
train/explained_variance,3080192,1786496421.814169,0.8441616893
train/explained_variance,3112960,1786496426.783705,0.8106906414
train/explained_variance,3145728,1786496431.806533,0.8372753859
train/explained_variance,3178496,1786496436.777765,0.8233575821
train/explained_variance,3211264,1786496441.761966,0.8265737295
train/explained_variance,3244032,1786496446.799132,0.8124670982
train/explained_variance,3276800,1786496451.801867,0.8446006775
train/explained_variance,3309568,1786496456.747647,0.8315045834
train/explained_variance,3342336,1786496461.701160,0.7680324316
train/explained_variance,3375104,1786496466.648216,0.8322521448
train/explained_variance,3407872,1786496471.589657,0.8253216743
train/explained_variance,3440640,1786496476.544333,0.7890399694
train/explained_variance,3473408,1786496481.493059,0.7950801253
train/explained_variance,3506176,1786496486.446244,0.774261117
train/explained_variance,3538944,1786496491.399278,0.7905403972
train/explained_variance,3571712,1786496496.356271,0.8133220673
train/explained_variance,3604480,1786496501.302337,0.8396636844
train/explained_variance,3637248,1786496506.252034,0.8215546012
train/explained_variance,3670016,1786496511.173693,0.8077356815
train/explained_variance,3702784,1786496516.123793,0.8278995156
train/explained_variance,3735552,1786496521.051959,0.8282342553
train/explained_variance,3768320,1786496526.012029,0.8326817155
train/explained_variance,3801088,1786496530.942468,0.8558834195
train/explained_variance,3833856,1786496535.902116,0.7980315685
train/explained_variance,3866624,1786496540.835288,0.828334868
train/explained_variance,3899392,1786496545.792128,0.8205637932
train/explained_variance,3932160,1786496550.725483,0.8022971153
train/explained_variance,3964928,1786496555.703989,0.8373122215
train/explained_variance,3997696,1786496560.644042,0.7898163795
train/explained_variance,4030464,1786496565.657811,0.7990359068
train/explained_variance,4063232,1786496570.614358,0.8050222993
train/explained_variance,4096000,1786496575.581851,0.8089279532
train/explained_variance,4128768,1786496580.504761,0.8363721967
train/explained_variance,4161536,1786496585.474133,0.7875069976
train/explained_variance,4194304,1786496590.397018,0.8470622897
train/explained_variance,4227072,1786496595.353187,0.8193020225
train/explained_variance,4259840,1786496600.281031,0.8441455364
train/explained_variance,4292608,1786496605.228590,0.8372058868
train/explained_variance,4325376,1786496610.150143,0.8017925024
train/explained_variance,4358144,1786496615.161667,0.8171224594
train/explained_variance,4390912,1786496620.102490,0.7883429527
train/explained_variance,4423680,1786496625.056872,0.8204674125
train/explained_variance,4456448,1786496629.978953,0.8152409196
train/explained_variance,4489216,1786496634.946257,0.8074182272
train/explained_variance,4521984,1786496639.873818,0.8195297122
train/explained_variance,4554752,1786496644.832133,0.8382810354
train/explained_variance,4587520,1786496649.770458,0.7903796434
train/explained_variance,4620288,1786496654.716054,0.8227226734
train/explained_variance,4653056,1786496659.648221,0.7827761769
train/explained_variance,4685824,1786496664.606408,0.8217732906
train/explained_variance,4718592,1786496669.533672,0.8124989271
train/explained_variance,4751360,1786496674.480212,0.7915888429
train/explained_variance,4784128,1786496679.399867,0.8114906549
train/explained_variance,4816896,1786496684.347135,0.8168054819
train/explained_variance,4849664,1786496689.271776,0.8046426773
train/explained_variance,4882432,1786496694.233759,0.8296696544
train/explained_variance,4915200,1786496699.144976,0.7982586622
train/explained_variance,4947968,1786496704.087345,0.787230134
train/explained_variance,4980736,1786496709.013423,0.7811536789
train/explained_variance,5013504,1786496713.976698,0.8199667931
train/explained_variance,5046272,1786496718.901167,0.7859442234
train/explained_variance,5079040,1786496723.840045,0.7651649117
train/explained_variance,5111808,1786496728.774799,0.8314165473
train/explained_variance,5144576,1786496733.781797,0.7867561579
train/explained_variance,5177344,1786496738.709649,0.848549068
train/explained_variance,5210112,1786496743.672224,0.8021489382
train/explained_variance,5242880,1786496748.586623,0.8401771188
train/explained_variance,5275648,1786496753.533168,0.8077110052
train/explained_variance,5308416,1786496758.458881,0.8276401758
train/explained_variance,5341184,1786496763.433968,0.77736485
train/explained_variance,5373952,1786496768.354176,0.8203878403
train/explained_variance,5406720,1786496773.300963,0.8093892932
train/explained_variance,5439488,1786496778.212705,0.7971296906
train/explained_variance,5472256,1786496783.174379,0.7947356701
train/explained_variance,5505024,1786496788.106662,0.8222404718
train/explained_variance,5537792,1786496793.077124,0.8261603117
train/explained_variance,5570560,1786496798.005228,0.761618197
train/explained_variance,5603328,1786496802.954724,0.7821329236
train/explained_variance,5636096,1786496807.894088,0.8088639379
train/explained_variance,5668864,1786496812.838182,0.7863917947
train/explained_variance,5701632,1786496817.749290,0.8306804895
train/explained_variance,5734400,1786496822.697206,0.8282185197
train/explained_variance,5767168,1786496827.645819,0.7651096582
train/explained_variance,5799936,1786496832.610138,0.7879621983
train/explained_variance,5832704,1786496837.534073,0.8286468387
train/explained_variance,5865472,1786496842.466294,0.7810980678
train/explained_variance,5898240,1786496847.381517,0.8080447316
train/explained_variance,5931008,1786496852.340924,0.8498946428
train/explained_variance,5963776,1786496857.281678,0.8212834597
train/explained_variance,5996544,1786496862.243179,0.8486508727
train/explained_variance,6029312,1786496867.165049,0.8296964169
train/explained_variance,6062080,1786496872.125144,0.8077316284
train/explained_variance,6094848,1786496877.045455,0.7968408465
train/explained_variance,6127616,1786496882.014260,0.8154658079
train/explained_variance,6160384,1786496886.941621,0.7676571608
train/explained_variance,6193152,1786496891.887371,0.7799048424
train/explained_variance,6225920,1786496896.812192,0.8015030026
train/explained_variance,6258688,1786496901.760309,0.8389369845
train/explained_variance,6291456,1786496906.693316,0.8097505569
train/explained_variance,6324224,1786496911.665021,0.7983417511
train/explained_variance,6356992,1786496916.629945,0.839918673
train/explained_variance,6389760,1786496921.578760,0.8353789449
train/explained_variance,6422528,1786496926.528326,0.7937443852
train/explained_variance,6455296,1786496931.480128,0.787543714
train/explained_variance,6488064,1786496936.431847,0.7722276449
train/explained_variance,6520832,1786496941.365194,0.7885126472
train/explained_variance,6553600,1786496946.311175,0.7898851633
train/explained_variance,6586368,1786496951.253876,0.8493423462
train/explained_variance,6619136,1786496956.195164,0.8269827366
train/explained_variance,6651904,1786496961.114361,0.8029853106
train/explained_variance,6684672,1786496966.053615,0.8350529075
train/explained_variance,6717440,1786496970.976052,0.7906971574
train/explained_variance,6750208,1786496975.939420,0.8430621624
train/explained_variance,6782976,1786496980.858123,0.822229147
train/explained_variance,6815744,1786496985.804356,0.8271617889
train/explained_variance,6848512,1786496990.719835,0.802972734
train/explained_variance,6881280,1786496995.657755,0.8184776902
train/explained_variance,6914048,1786497000.583658,0.8204723001
train/explained_variance,6946816,1786497005.534661,0.8155529499
train/explained_variance,6979584,1786497010.466414,0.834036231
train/explained_variance,7012352,1786497015.413487,0.8691987991
train/explained_variance,7045120,1786497020.342439,0.8187441826
train/explained_variance,7077888,1786497025.298314,0.8034819365
train/explained_variance,7110656,1786497030.205459,0.8048009872
train/explained_variance,7143424,1786497035.153173,0.8315631151
train/explained_variance,7176192,1786497040.055568,0.8164248466
train/explained_variance,7208960,1786497045.012966,0.7983056903
train/explained_variance,7241728,1786497049.928768,0.8542746305
train/explained_variance,7274496,1786497054.893234,0.8239590526
train/explained_variance,7307264,1786497059.796353,0.8247317076
train/explained_variance,7340032,1786497064.755399,0.8149087429
train/explained_variance,7372800,1786497069.673096,0.8004922867
train/explained_variance,7405568,1786497074.620833,0.8242191672
train/explained_variance,7438336,1786497079.530025,0.822404623
train/explained_variance,7471104,1786497084.468991,0.8196920156
train/explained_variance,7503872,1786497089.406004,0.823048234
train/explained_variance,7536640,1786497094.370189,0.8697729707
train/explained_variance,7569408,1786497099.288946,0.833800137
train/explained_variance,7602176,1786497104.255103,0.7929782271
train/explained_variance,7634944,1786497109.168333,0.8322207928
train/explained_variance,7667712,1786497114.173807,0.8053120971
train/explained_variance,7700480,1786497119.124020,0.8117975593
train/explained_variance,7733248,1786497124.074910,0.7886279225
train/explained_variance,7766016,1786497128.987033,0.7574174404
train/explained_variance,7798784,1786497133.927191,0.8055618405
train/explained_variance,7831552,1786497138.861659,0.8264888525
train/explained_variance,7864320,1786497143.818422,0.845538497
train/explained_variance,7897088,1786497148.723611,0.807682693
train/explained_variance,7929856,1786497153.713246,0.8047642112
train/explained_variance,7962624,1786497158.616311,0.7973071337
train/explained_variance,7995392,1786497163.571018,0.848321557
train/explained_variance,8028160,1786497168.479028,0.7925343513
train/learning_rate,65536,1786495961.031309,0.0003000000142
train/learning_rate,98304,1786495966.048337,0.0003000000142
train/learning_rate,131072,1786495971.060582,0.0003000000142
train/learning_rate,163840,1786495976.070108,0.0003000000142
train/learning_rate,196608,1786495981.052708,0.0003000000142
train/learning_rate,229376,1786495986.050765,0.0003000000142
train/learning_rate,262144,1786495991.022800,0.0003000000142
train/learning_rate,294912,1786495996.011934,0.0003000000142
train/learning_rate,327680,1786496000.993182,0.0003000000142
train/learning_rate,360448,1786496006.055804,0.0003000000142
train/learning_rate,393216,1786496011.057557,0.0003000000142
train/learning_rate,425984,1786496016.047766,0.0003000000142
train/learning_rate,458752,1786496021.065171,0.0003000000142
train/learning_rate,491520,1786496026.104714,0.0003000000142
train/learning_rate,524288,1786496031.124537,0.0003000000142
train/learning_rate,557056,1786496036.171722,0.0003000000142
train/learning_rate,589824,1786496041.178775,0.0003000000142
train/learning_rate,622592,1786496046.232068,0.0003000000142
train/learning_rate,655360,1786496051.251495,0.0003000000142
train/learning_rate,688128,1786496056.326935,0.0003000000142
train/learning_rate,720896,1786496061.432551,0.0003000000142
train/learning_rate,753664,1786496066.471041,0.0003000000142
train/learning_rate,786432,1786496071.547890,0.0003000000142
train/learning_rate,819200,1786496076.541707,0.0003000000142
train/learning_rate,851968,1786496081.598630,0.0003000000142
train/learning_rate,884736,1786496086.635467,0.0003000000142
train/learning_rate,917504,1786496091.656801,0.0003000000142
train/learning_rate,950272,1786496096.708417,0.0003000000142
train/learning_rate,983040,1786496101.726696,0.0003000000142
train/learning_rate,1015808,1786496106.782289,0.0003000000142
train/learning_rate,1048576,1786496111.827650,0.0003000000142
train/learning_rate,1081344,1786496116.872508,0.0003000000142
train/learning_rate,1114112,1786496121.880773,0.0003000000142
train/learning_rate,1146880,1786496126.855587,0.0003000000142
train/learning_rate,1179648,1786496131.858897,0.0003000000142
train/learning_rate,1212416,1786496136.842133,0.0003000000142
train/learning_rate,1245184,1786496141.872223,0.0003000000142
train/learning_rate,1277952,1786496146.868405,0.0003000000142
train/learning_rate,1310720,1786496151.872257,0.0003000000142
train/learning_rate,1343488,1786496156.865759,0.0003000000142
train/learning_rate,1376256,1786496161.900417,0.0003000000142
train/learning_rate,1409024,1786496166.945012,0.0003000000142
train/learning_rate,1441792,1786496171.977163,0.0003000000142
train/learning_rate,1474560,1786496176.935215,0.0003000000142
train/learning_rate,1507328,1786496181.979666,0.0003000000142
train/learning_rate,1540096,1786496186.951624,0.0003000000142
train/learning_rate,1572864,1786496191.954333,0.0003000000142
train/learning_rate,1605632,1786496196.932899,0.0003000000142
train/learning_rate,1638400,1786496202.174582,0.0003000000142
train/learning_rate,1671168,1786496207.301340,0.0003000000142
train/learning_rate,1703936,1786496212.310020,0.0003000000142
train/learning_rate,1736704,1786496217.283755,0.0003000000142
train/learning_rate,1769472,1786496222.338862,0.0003000000142
train/learning_rate,1802240,1786496227.337654,0.0003000000142
train/learning_rate,1835008,1786496232.432789,0.0003000000142
train/learning_rate,1867776,1786496237.409795,0.0003000000142
train/learning_rate,1900544,1786496242.464064,0.0003000000142
train/learning_rate,1933312,1786496247.476745,0.0003000000142
train/learning_rate,1966080,1786496252.485388,0.0003000000142
train/learning_rate,1998848,1786496257.475359,0.0003000000142
train/learning_rate,2031616,1786496262.495485,0.0003000000142
train/learning_rate,2064384,1786496267.471795,0.0003000000142
train/learning_rate,2097152,1786496272.478622,0.0003000000142
train/learning_rate,2129920,1786496277.442085,0.0003000000142
train/learning_rate,2162688,1786496282.450979,0.0003000000142
train/learning_rate,2195456,1786496287.426178,0.0003000000142
train/learning_rate,2228224,1786496292.419964,0.0003000000142
train/learning_rate,2260992,1786496297.367610,0.0003000000142
train/learning_rate,2293760,1786496302.373641,0.0003000000142
train/learning_rate,2326528,1786496307.343536,0.0003000000142
train/learning_rate,2359296,1786496312.381661,0.0003000000142
train/learning_rate,2392064,1786496317.339070,0.0003000000142
train/learning_rate,2424832,1786496322.327491,0.0003000000142
train/learning_rate,2457600,1786496327.267345,0.0003000000142
train/learning_rate,2490368,1786496332.259561,0.0003000000142
train/learning_rate,2523136,1786496337.214421,0.0003000000142
train/learning_rate,2555904,1786496342.208593,0.0003000000142
train/learning_rate,2588672,1786496347.170225,0.0003000000142
train/learning_rate,2621440,1786496352.164429,0.0003000000142
train/learning_rate,2654208,1786496357.111180,0.0003000000142
train/learning_rate,2686976,1786496362.110769,0.0003000000142
train/learning_rate,2719744,1786496367.073048,0.0003000000142
train/learning_rate,2752512,1786496372.068231,0.0003000000142
train/learning_rate,2785280,1786496377.017008,0.0003000000142
train/learning_rate,2818048,1786496382.008453,0.0003000000142
train/learning_rate,2850816,1786496386.968307,0.0003000000142
train/learning_rate,2883584,1786496391.953586,0.0003000000142
train/learning_rate,2916352,1786496396.902065,0.0003000000142
train/learning_rate,2949120,1786496401.912631,0.0003000000142
train/learning_rate,2981888,1786496406.879475,0.0003000000142
train/learning_rate,3014656,1786496411.864372,0.0003000000142
train/learning_rate,3047424,1786496416.818758,0.0003000000142
train/learning_rate,3080192,1786496421.814172,0.0003000000142
train/learning_rate,3112960,1786496426.783728,0.0003000000142
train/learning_rate,3145728,1786496431.806536,0.0003000000142
train/learning_rate,3178496,1786496436.777769,0.0003000000142
train/learning_rate,3211264,1786496441.761970,0.0003000000142
train/learning_rate,3244032,1786496446.799135,0.0003000000142
train/learning_rate,3276800,1786496451.801870,0.0003000000142
train/learning_rate,3309568,1786496456.747650,0.0003000000142
train/learning_rate,3342336,1786496461.701164,0.0003000000142
train/learning_rate,3375104,1786496466.648219,0.0003000000142
train/learning_rate,3407872,1786496471.589660,0.0003000000142
train/learning_rate,3440640,1786496476.544336,0.0003000000142
train/learning_rate,3473408,1786496481.493062,0.0003000000142
train/learning_rate,3506176,1786496486.446247,0.0003000000142
train/learning_rate,3538944,1786496491.399282,0.0003000000142
train/learning_rate,3571712,1786496496.356275,0.0003000000142
train/learning_rate,3604480,1786496501.302341,0.0003000000142
train/learning_rate,3637248,1786496506.252037,0.0003000000142
train/learning_rate,3670016,1786496511.173697,0.0003000000142
train/learning_rate,3702784,1786496516.123797,0.0003000000142
train/learning_rate,3735552,1786496521.051962,0.0003000000142
train/learning_rate,3768320,1786496526.012032,0.0003000000142
train/learning_rate,3801088,1786496530.942472,0.0003000000142
train/learning_rate,3833856,1786496535.902119,0.0003000000142
train/learning_rate,3866624,1786496540.835292,0.0003000000142
train/learning_rate,3899392,1786496545.792131,0.0003000000142
train/learning_rate,3932160,1786496550.725486,0.0003000000142
train/learning_rate,3964928,1786496555.703992,0.0003000000142
train/learning_rate,3997696,1786496560.644046,0.0003000000142
train/learning_rate,4030464,1786496565.657814,0.0003000000142
train/learning_rate,4063232,1786496570.614361,0.0003000000142
train/learning_rate,4096000,1786496575.581855,0.0003000000142
train/learning_rate,4128768,1786496580.504764,0.0003000000142
train/learning_rate,4161536,1786496585.474136,0.0003000000142
train/learning_rate,4194304,1786496590.397022,0.0003000000142
train/learning_rate,4227072,1786496595.353190,0.0003000000142
train/learning_rate,4259840,1786496600.281034,0.0003000000142
train/learning_rate,4292608,1786496605.228593,0.0003000000142
train/learning_rate,4325376,1786496610.150147,0.0003000000142
train/learning_rate,4358144,1786496615.161670,0.0003000000142
train/learning_rate,4390912,1786496620.102493,0.0003000000142
train/learning_rate,4423680,1786496625.056875,0.0003000000142
train/learning_rate,4456448,1786496629.978957,0.0003000000142
train/learning_rate,4489216,1786496634.946260,0.0003000000142
train/learning_rate,4521984,1786496639.873821,0.0003000000142
train/learning_rate,4554752,1786496644.832137,0.0003000000142
train/learning_rate,4587520,1786496649.770461,0.0003000000142
train/learning_rate,4620288,1786496654.716057,0.0003000000142
train/learning_rate,4653056,1786496659.648224,0.0003000000142
train/learning_rate,4685824,1786496664.606411,0.0003000000142
train/learning_rate,4718592,1786496669.533675,0.0003000000142
train/learning_rate,4751360,1786496674.480216,0.0003000000142
train/learning_rate,4784128,1786496679.399870,0.0003000000142
train/learning_rate,4816896,1786496684.347139,0.0003000000142
train/learning_rate,4849664,1786496689.271780,0.0003000000142
train/learning_rate,4882432,1786496694.233762,0.0003000000142
train/learning_rate,4915200,1786496699.144979,0.0003000000142
train/learning_rate,4947968,1786496704.087348,0.0003000000142
train/learning_rate,4980736,1786496709.013426,0.0003000000142
train/learning_rate,5013504,1786496713.976702,0.0003000000142
train/learning_rate,5046272,1786496718.901170,0.0003000000142
train/learning_rate,5079040,1786496723.840049,0.0003000000142
train/learning_rate,5111808,1786496728.774802,0.0003000000142
train/learning_rate,5144576,1786496733.781800,0.0003000000142
train/learning_rate,5177344,1786496738.709652,0.0003000000142
train/learning_rate,5210112,1786496743.672228,0.0003000000142
train/learning_rate,5242880,1786496748.586626,0.0003000000142
train/learning_rate,5275648,1786496753.533172,0.0003000000142
train/learning_rate,5308416,1786496758.458884,0.0003000000142
train/learning_rate,5341184,1786496763.433972,0.0003000000142
train/learning_rate,5373952,1786496768.354180,0.0003000000142
train/learning_rate,5406720,1786496773.300967,0.0003000000142
train/learning_rate,5439488,1786496778.212709,0.0003000000142
train/learning_rate,5472256,1786496783.174383,0.0003000000142
train/learning_rate,5505024,1786496788.106666,0.0003000000142
train/learning_rate,5537792,1786496793.077127,0.0003000000142
train/learning_rate,5570560,1786496798.005232,0.0003000000142
train/learning_rate,5603328,1786496802.954727,0.0003000000142
train/learning_rate,5636096,1786496807.894092,0.0003000000142
train/learning_rate,5668864,1786496812.838186,0.0003000000142
train/learning_rate,5701632,1786496817.749293,0.0003000000142
train/learning_rate,5734400,1786496822.697209,0.0003000000142
train/learning_rate,5767168,1786496827.645822,0.0003000000142
train/learning_rate,5799936,1786496832.610141,0.0003000000142
train/learning_rate,5832704,1786496837.534077,0.0003000000142
train/learning_rate,5865472,1786496842.466299,0.0003000000142
train/learning_rate,5898240,1786496847.381520,0.0003000000142
train/learning_rate,5931008,1786496852.340928,0.0003000000142
train/learning_rate,5963776,1786496857.281681,0.0003000000142
train/learning_rate,5996544,1786496862.243183,0.0003000000142
train/learning_rate,6029312,1786496867.165052,0.0003000000142
train/learning_rate,6062080,1786496872.125148,0.0003000000142
train/learning_rate,6094848,1786496877.045459,0.0003000000142
train/learning_rate,6127616,1786496882.014263,0.0003000000142
train/learning_rate,6160384,1786496886.941624,0.0003000000142
train/learning_rate,6193152,1786496891.887375,0.0003000000142
train/learning_rate,6225920,1786496896.812195,0.0003000000142
train/learning_rate,6258688,1786496901.760313,0.0003000000142
train/learning_rate,6291456,1786496906.693320,0.0003000000142
train/learning_rate,6324224,1786496911.665025,0.0003000000142
train/learning_rate,6356992,1786496916.629948,0.0003000000142
train/learning_rate,6389760,1786496921.578763,0.0003000000142
train/learning_rate,6422528,1786496926.528330,0.0003000000142
train/learning_rate,6455296,1786496931.480131,0.0003000000142
train/learning_rate,6488064,1786496936.431851,0.0003000000142
train/learning_rate,6520832,1786496941.365197,0.0003000000142
train/learning_rate,6553600,1786496946.311178,0.0003000000142
train/learning_rate,6586368,1786496951.253879,0.0003000000142
train/learning_rate,6619136,1786496956.195167,0.0003000000142
train/learning_rate,6651904,1786496961.114364,0.0003000000142
train/learning_rate,6684672,1786496966.053618,0.0003000000142
train/learning_rate,6717440,1786496970.976056,0.0003000000142
train/learning_rate,6750208,1786496975.939423,0.0003000000142
train/learning_rate,6782976,1786496980.858126,0.0003000000142
train/learning_rate,6815744,1786496985.804359,0.0003000000142
train/learning_rate,6848512,1786496990.719839,0.0003000000142
train/learning_rate,6881280,1786496995.657758,0.0003000000142
train/learning_rate,6914048,1786497000.583661,0.0003000000142
train/learning_rate,6946816,1786497005.534664,0.0003000000142
train/learning_rate,6979584,1786497010.466417,0.0003000000142
train/learning_rate,7012352,1786497015.413491,0.0003000000142
train/learning_rate,7045120,1786497020.342443,0.0003000000142
train/learning_rate,7077888,1786497025.298318,0.0003000000142
train/learning_rate,7110656,1786497030.205463,0.0003000000142
train/learning_rate,7143424,1786497035.153176,0.0003000000142
train/learning_rate,7176192,1786497040.055571,0.0003000000142
train/learning_rate,7208960,1786497045.012969,0.0003000000142
train/learning_rate,7241728,1786497049.928773,0.0003000000142
train/learning_rate,7274496,1786497054.893238,0.0003000000142
train/learning_rate,7307264,1786497059.796356,0.0003000000142
train/learning_rate,7340032,1786497064.755402,0.0003000000142
train/learning_rate,7372800,1786497069.673099,0.0003000000142
train/learning_rate,7405568,1786497074.620836,0.0003000000142
train/learning_rate,7438336,1786497079.530028,0.0003000000142
train/learning_rate,7471104,1786497084.468994,0.0003000000142
train/learning_rate,7503872,1786497089.406007,0.0003000000142
train/learning_rate,7536640,1786497094.370193,0.0003000000142
train/learning_rate,7569408,1786497099.288950,0.0003000000142
train/learning_rate,7602176,1786497104.255106,0.0003000000142
train/learning_rate,7634944,1786497109.168337,0.0003000000142
train/learning_rate,7667712,1786497114.173811,0.0003000000142
train/learning_rate,7700480,1786497119.124023,0.0003000000142
train/learning_rate,7733248,1786497124.074913,0.0003000000142
train/learning_rate,7766016,1786497128.987037,0.0003000000142
train/learning_rate,7798784,1786497133.927194,0.0003000000142
train/learning_rate,7831552,1786497138.861663,0.0003000000142
train/learning_rate,7864320,1786497143.818425,0.0003000000142
train/learning_rate,7897088,1786497148.723614,0.0003000000142
train/learning_rate,7929856,1786497153.713250,0.0003000000142
train/learning_rate,7962624,1786497158.616315,0.0003000000142
train/learning_rate,7995392,1786497163.571021,0.0003000000142
train/learning_rate,8028160,1786497168.479032,0.0003000000142
train/loss,65536,1786495961.031312,-0.07006379962
train/loss,98304,1786495966.048340,-0.09920160472
train/loss,131072,1786495971.060585,-0.1045728922
train/loss,163840,1786495976.070111,-0.09615556896
train/loss,196608,1786495981.052711,-0.08286871016
train/loss,229376,1786495986.050768,-0.09037617594
train/loss,262144,1786495991.022804,-0.09743734449
train/loss,294912,1786495996.011937,-0.08640041202
train/loss,327680,1786496000.993185,-0.08826130629
train/loss,360448,1786496006.055807,-0.09261196852
train/loss,393216,1786496011.057560,-0.0905110687
train/loss,425984,1786496016.047769,-0.0809417367
train/loss,458752,1786496021.065175,-0.07229588181
train/loss,491520,1786496026.104717,-0.06440217793
train/loss,524288,1786496031.124541,-0.07719711959
train/loss,557056,1786496036.171726,-0.09115454555
train/loss,589824,1786496041.178778,-0.07961892337
train/loss,622592,1786496046.232071,-0.09500789642
train/loss,655360,1786496051.251498,-0.0969844684
train/loss,688128,1786496056.326939,-0.08884126693
train/loss,720896,1786496061.432554,-0.07814878225
train/loss,753664,1786496066.471044,-0.09091801196
train/loss,786432,1786496071.547893,-0.08167784661
train/loss,819200,1786496076.541710,-0.07707225531
train/loss,851968,1786496081.598634,-0.07848604769
train/loss,884736,1786496086.635471,-0.08057819307
train/loss,917504,1786496091.656804,-0.0875230059
train/loss,950272,1786496096.708421,-0.08971396834
train/loss,983040,1786496101.726699,-0.08857697248
train/loss,1015808,1786496106.782292,-0.07613833249
train/loss,1048576,1786496111.827653,-0.08787552267
train/loss,1081344,1786496116.872511,-0.08876445889
train/loss,1114112,1786496121.880776,-0.0922703743
train/loss,1146880,1786496126.855590,-0.08330688626
train/loss,1179648,1786496131.858900,-0.06887361407
train/loss,1212416,1786496136.842136,-0.09638113528
train/loss,1245184,1786496141.872226,-0.07946018875
train/loss,1277952,1786496146.868408,-0.0790643692
train/loss,1310720,1786496151.872260,-0.07070504874
train/loss,1343488,1786496156.865762,-0.072909832
train/loss,1376256,1786496161.900420,-0.08510376513
train/loss,1409024,1786496166.945015,-0.0521896109
train/loss,1441792,1786496171.977166,-0.07905317098
train/loss,1474560,1786496176.935219,-0.08133152127
train/loss,1507328,1786496181.979669,-0.08028816432
train/loss,1540096,1786496186.951628,-0.0732793659
train/loss,1572864,1786496191.954336,-0.0570311062
train/loss,1605632,1786496196.932902,-0.06807931513
train/loss,1638400,1786496202.174585,-0.09975925088
train/loss,1671168,1786496207.301343,-0.08539556712
train/loss,1703936,1786496212.310023,-0.08135071397
train/loss,1736704,1786496217.283758,-0.06953956932
train/loss,1769472,1786496222.338865,-0.06721068919
train/loss,1802240,1786496227.337657,-0.07173863053
train/loss,1835008,1786496232.432793,-0.08981376886
train/loss,1867776,1786496237.409798,-0.07889117301
train/loss,1900544,1786496242.464067,-0.08701371402
train/loss,1933312,1786496247.476749,-0.0576098673
train/loss,1966080,1786496252.485391,-0.06413968652
train/loss,1998848,1786496257.475362,-0.06491293758
train/loss,2031616,1786496262.495489,-0.07312054187
train/loss,2064384,1786496267.471798,-0.08471685648
train/loss,2097152,1786496272.478626,-0.06313364953
train/loss,2129920,1786496277.442088,-0.08770135045
train/loss,2162688,1786496282.450982,-0.05847385153
train/loss,2195456,1786496287.426181,-0.06857042015
train/loss,2228224,1786496292.419967,-0.07663869113
train/loss,2260992,1786496297.367613,-0.05901731551
train/loss,2293760,1786496302.373644,-0.0706743896
train/loss,2326528,1786496307.343539,-0.07276829332
train/loss,2359296,1786496312.381664,-0.09283603728
train/loss,2392064,1786496317.339074,-0.0669432655
train/loss,2424832,1786496322.327494,-0.07231520116
train/loss,2457600,1786496327.267348,-0.08293001354
train/loss,2490368,1786496332.259565,-0.08594382554
train/loss,2523136,1786496337.214424,-0.07157509029
train/loss,2555904,1786496342.208596,-0.06509123743
train/loss,2588672,1786496347.170228,-0.08098822087
train/loss,2621440,1786496352.164432,-0.07870107144
train/loss,2654208,1786496357.111183,-0.07094579935
train/loss,2686976,1786496362.110772,-0.0793588534
train/loss,2719744,1786496367.073051,-0.04433430359
train/loss,2752512,1786496372.068234,-0.04954154789
train/loss,2785280,1786496377.017017,-0.07003366202
train/loss,2818048,1786496382.008457,-0.05819175765
train/loss,2850816,1786496386.968310,-0.06885869056
train/loss,2883584,1786496391.953590,-0.07141283154
train/loss,2916352,1786496396.902069,-0.06831916422
train/loss,2949120,1786496401.912634,-0.07714889944
train/loss,2981888,1786496406.879479,-0.06226056814
train/loss,3014656,1786496411.864375,-0.04731687158
train/loss,3047424,1786496416.818762,-0.06646125019
train/loss,3080192,1786496421.814175,-0.06063839048
train/loss,3112960,1786496426.783736,-0.06543702632
train/loss,3145728,1786496431.806539,-0.05752249062
train/loss,3178496,1786496436.777772,-0.0616960302
train/loss,3211264,1786496441.761973,-0.08041871339
train/loss,3244032,1786496446.799138,-0.06098393351
train/loss,3276800,1786496451.801874,-0.05456932634
train/loss,3309568,1786496456.747656,-0.0700129047
train/loss,3342336,1786496461.701167,-0.06716040522
train/loss,3375104,1786496466.648222,-0.02811420336
train/loss,3407872,1786496471.589663,-0.08075812459
train/loss,3440640,1786496476.544339,-0.08679094911
train/loss,3473408,1786496481.493065,-0.06984966248
train/loss,3506176,1786496486.446250,-0.06536587328
train/loss,3538944,1786496491.399285,-0.077217035
train/loss,3571712,1786496496.356278,-0.06354653835
train/loss,3604480,1786496501.302344,-0.06294146925
train/loss,3637248,1786496506.252040,-0.07560758293
train/loss,3670016,1786496511.173700,-0.06169604138
train/loss,3702784,1786496516.123801,-0.0700719133
train/loss,3735552,1786496521.051965,-0.06431941688
train/loss,3768320,1786496526.012035,-0.05314644054
train/loss,3801088,1786496530.942475,-0.05236156285
train/loss,3833856,1786496535.902123,-0.07476051897
train/loss,3866624,1786496540.835295,-0.06849441677
train/loss,3899392,1786496545.792134,-0.06892415136
train/loss,3932160,1786496550.725489,-0.05460210517
train/loss,3964928,1786496555.703995,-0.04746183753
train/loss,3997696,1786496560.644049,-0.05998036638
train/loss,4030464,1786496565.657818,-0.07072541118
train/loss,4063232,1786496570.614365,-0.04490224272
train/loss,4096000,1786496575.581858,-0.06848654896
train/loss,4128768,1786496580.504767,-0.05001534149
train/loss,4161536,1786496585.474140,-0.06077876687
train/loss,4194304,1786496590.397025,-0.04050834104
train/loss,4227072,1786496595.353193,-0.05137256533
train/loss,4259840,1786496600.281037,-0.04879075661
train/loss,4292608,1786496605.228596,-0.05743426457
train/loss,4325376,1786496610.150150,-0.03060515597
train/loss,4358144,1786496615.161673,-0.05447079614
train/loss,4390912,1786496620.102496,-0.03606991842
train/loss,4423680,1786496625.056878,-0.04911323637
train/loss,4456448,1786496629.978960,-0.050488621
train/loss,4489216,1786496634.946264,-0.04895045236
train/loss,4521984,1786496639.873824,-0.05712954327
train/loss,4554752,1786496644.832140,-0.03527827561
train/loss,4587520,1786496649.770464,-0.03850784153
train/loss,4620288,1786496654.716061,-0.05835885182
train/loss,4653056,1786496659.648227,-0.04322645441
train/loss,4685824,1786496664.606414,-0.06648957729
train/loss,4718592,1786496669.533678,-0.05648432672
train/loss,4751360,1786496674.480219,-0.0372608304
train/loss,4784128,1786496679.399873,-0.05680649355
train/loss,4816896,1786496684.347142,-0.06668910384
train/loss,4849664,1786496689.271783,-0.06653501093
train/loss,4882432,1786496694.233765,-0.05450493097
train/loss,4915200,1786496699.144982,-0.05441788584
train/loss,4947968,1786496704.087352,-0.06770970672
train/loss,4980736,1786496709.013429,-0.04843077436
train/loss,5013504,1786496713.976706,-0.04306917638
train/loss,5046272,1786496718.901174,-0.04456770048
train/loss,5079040,1786496723.840052,-0.05646374822
train/loss,5111808,1786496728.774805,-0.05061336234
train/loss,5144576,1786496733.781803,-0.03693265468
train/loss,5177344,1786496738.709656,-0.06478955597
train/loss,5210112,1786496743.672231,-0.0408465974
train/loss,5242880,1786496748.586629,-0.03637804836
train/loss,5275648,1786496753.533175,-0.05210663378
train/loss,5308416,1786496758.458887,-0.0488967374
train/loss,5341184,1786496763.433975,-0.02991988882
train/loss,5373952,1786496768.354183,-0.07174441218
train/loss,5406720,1786496773.300970,-0.04336647317
train/loss,5439488,1786496778.212712,-0.04482006282
train/loss,5472256,1786496783.174386,-0.03642821312
train/loss,5505024,1786496788.106669,-0.04756327346
train/loss,5537792,1786496793.077130,-0.04905049503
train/loss,5570560,1786496798.005235,-0.06263018399
train/loss,5603328,1786496802.954730,-0.04365444928
train/loss,5636096,1786496807.894100,-0.05138316005
train/loss,5668864,1786496812.838189,-0.04177184775
train/loss,5701632,1786496817.749297,-0.05277203023
train/loss,5734400,1786496822.697213,-0.05803160369
train/loss,5767168,1786496827.645826,-0.05613965541
train/loss,5799936,1786496832.610145,-0.05570508912
train/loss,5832704,1786496837.534080,-0.04483805969
train/loss,5865472,1786496842.466303,-0.05193287879
train/loss,5898240,1786496847.381524,-0.05007792637
train/loss,5931008,1786496852.340931,-0.04408958554
train/loss,5963776,1786496857.281684,-0.04182158038
train/loss,5996544,1786496862.243186,-0.05374484882
train/loss,6029312,1786496867.165055,-0.03349298984
train/loss,6062080,1786496872.125151,-0.0388485603
train/loss,6094848,1786496877.045462,-0.04228904471
train/loss,6127616,1786496882.014266,-0.05433352292
train/loss,6160384,1786496886.941627,-0.04686720297
train/loss,6193152,1786496891.887378,-0.03668201342
train/loss,6225920,1786496896.812198,-0.02991600335
train/loss,6258688,1786496901.760316,-0.04898730665
train/loss,6291456,1786496906.693323,-0.06431153417
train/loss,6324224,1786496911.665028,-0.05793985724
train/loss,6356992,1786496916.629951,-0.03552566469
train/loss,6389760,1786496921.578766,-0.05198748782
train/loss,6422528,1786496926.528333,-0.03913787007
train/loss,6455296,1786496931.480134,-0.05167023465
train/loss,6488064,1786496936.431854,-0.03997774795
train/loss,6520832,1786496941.365201,-0.05820560455
train/loss,6553600,1786496946.311181,-0.03626168892
train/loss,6586368,1786496951.253883,-0.05105895177
train/loss,6619136,1786496956.195171,-0.03580182791
train/loss,6651904,1786496961.114367,-0.04209182411
train/loss,6684672,1786496966.053621,-0.04220372811
train/loss,6717440,1786496970.976059,-0.03181152046
train/loss,6750208,1786496975.939427,-0.03593755513
train/loss,6782976,1786496980.858129,-0.04292225838
train/loss,6815744,1786496985.804362,-0.02543377317
train/loss,6848512,1786496990.719842,-0.0339721404
train/loss,6881280,1786496995.657761,-0.05517299473
train/loss,6914048,1786497000.583664,-0.02931211144
train/loss,6946816,1786497005.534668,-0.05363990739
train/loss,6979584,1786497010.466420,-0.04006640241
train/loss,7012352,1786497015.413494,-0.03071506694
train/loss,7045120,1786497020.342446,-0.01453921106
train/loss,7077888,1786497025.298321,-0.04672539607
train/loss,7110656,1786497030.205466,-0.05758607015
train/loss,7143424,1786497035.153179,-0.0456340313
train/loss,7176192,1786497040.055575,-0.02436351776
train/loss,7208960,1786497045.012972,-0.01962983049
train/loss,7241728,1786497049.928777,-0.03891669586
train/loss,7274496,1786497054.893241,-0.03855860978
train/loss,7307264,1786497059.796360,-0.03614448011
train/loss,7340032,1786497064.755406,-0.0148000652
train/loss,7372800,1786497069.673102,-0.02870818414
train/loss,7405568,1786497074.620840,-0.05517241359
train/loss,7438336,1786497079.530032,-0.01818711497
train/loss,7471104,1786497084.468998,-0.05589351431
train/loss,7503872,1786497089.406011,-0.04356377944
train/loss,7536640,1786497094.370196,-0.03284026682
train/loss,7569408,1786497099.288953,-0.006320012268
train/loss,7602176,1786497104.255109,-0.03551016748
train/loss,7634944,1786497109.168340,-0.03820163384
train/loss,7667712,1786497114.173814,-0.02579922415
train/loss,7700480,1786497119.124027,-0.02720140293
train/loss,7733248,1786497124.074916,-0.04709165916
train/loss,7766016,1786497128.987040,-0.03060347773
train/loss,7798784,1786497133.927197,-0.04465420917
train/loss,7831552,1786497138.861666,-0.05973232538
train/loss,7864320,1786497143.818428,-0.02788145281
train/loss,7897088,1786497148.723618,-0.03588210419
train/loss,7929856,1786497153.713253,-0.03081757948
train/loss,7962624,1786497158.616318,-0.04575819895
train/loss,7995392,1786497163.571025,-0.02795339748
train/loss,8028160,1786497168.479035,-0.03439281136
train/policy_gradient_loss,65536,1786495961.031401,-0.02655708417
train/policy_gradient_loss,98304,1786495966.048437,-0.02635043114
train/policy_gradient_loss,131072,1786495971.060678,-0.02559138834
train/policy_gradient_loss,163840,1786495976.070200,-0.02638565563
train/policy_gradient_loss,196608,1786495981.052776,-0.02689814568
train/policy_gradient_loss,229376,1786495986.050864,-0.025725713
train/policy_gradient_loss,262144,1786495991.022904,-0.02698529512
train/policy_gradient_loss,294912,1786495996.012019,-0.02609088272
train/policy_gradient_loss,327680,1786496000.993289,-0.02763747238
train/policy_gradient_loss,360448,1786496006.055905,-0.02557763457
train/policy_gradient_loss,393216,1786496011.057654,-0.0264262557
train/policy_gradient_loss,425984,1786496016.047857,-0.02597440407
train/policy_gradient_loss,458752,1786496021.065268,-0.02555663697
train/policy_gradient_loss,491520,1786496026.104805,-0.02531840838
train/policy_gradient_loss,524288,1786496031.124639,-0.0270982217
train/policy_gradient_loss,557056,1786496036.171824,-0.02543753572
train/policy_gradient_loss,589824,1786496041.178889,-0.02624669112
train/policy_gradient_loss,622592,1786496046.232171,-0.02567506395
train/policy_gradient_loss,655360,1786496051.251589,-0.02428309247
train/policy_gradient_loss,688128,1786496056.327012,-0.02497887239
train/policy_gradient_loss,720896,1786496061.432643,-0.02564425953
train/policy_gradient_loss,753664,1786496066.471136,-0.02559942752
train/policy_gradient_loss,786432,1786496071.547993,-0.02523722872
train/policy_gradient_loss,819200,1786496076.541803,-0.02533091977
train/policy_gradient_loss,851968,1786496081.598703,-0.0258980915
train/policy_gradient_loss,884736,1786496086.635557,-0.02487270348
train/policy_gradient_loss,917504,1786496091.656901,-0.0250249207
train/policy_gradient_loss,950272,1786496096.708511,-0.02476961538
train/policy_gradient_loss,983040,1786496101.726761,-0.02458306588
train/policy_gradient_loss,1015808,1786496106.782417,-0.02426775731
train/policy_gradient_loss,1048576,1786496111.827732,-0.02473041601
train/policy_gradient_loss,1081344,1786496116.872622,-0.02386897989
train/policy_gradient_loss,1114112,1786496121.880883,-0.02437848412
train/policy_gradient_loss,1146880,1786496126.855652,-0.02371754311
train/policy_gradient_loss,1179648,1786496131.859001,-0.02431472018
train/policy_gradient_loss,1212416,1786496136.842233,-0.02567033656
train/policy_gradient_loss,1245184,1786496141.872331,-0.02458256856
train/policy_gradient_loss,1277952,1786496146.868491,-0.02390082553
train/policy_gradient_loss,1310720,1786496151.872342,-0.0231275782
train/policy_gradient_loss,1343488,1786496156.865852,-0.02370125428
train/policy_gradient_loss,1376256,1786496161.900527,-0.02415795624
train/policy_gradient_loss,1409024,1786496166.945104,-0.02374728397
train/policy_gradient_loss,1441792,1786496171.977269,-0.02350974269
train/policy_gradient_loss,1474560,1786496176.935315,-0.02334699221
train/policy_gradient_loss,1507328,1786496181.979763,-0.02287301049
train/policy_gradient_loss,1540096,1786496186.951747,-0.02250074223
train/policy_gradient_loss,1572864,1786496191.954436,-0.02306699753
train/policy_gradient_loss,1605632,1786496196.933007,-0.02354895882
train/policy_gradient_loss,1638400,1786496202.174678,-0.02395996638
train/policy_gradient_loss,1671168,1786496207.301407,-0.02265123092
train/policy_gradient_loss,1703936,1786496212.310116,-0.02293772437
train/policy_gradient_loss,1736704,1786496217.283833,-0.02191029862
train/policy_gradient_loss,1769472,1786496222.338975,-0.0231713932
train/policy_gradient_loss,1802240,1786496227.337742,-0.02324765921
train/policy_gradient_loss,1835008,1786496232.432893,-0.02265494503
train/policy_gradient_loss,1867776,1786496237.409907,-0.02254877239
train/policy_gradient_loss,1900544,1786496242.464127,-0.02165449597
train/policy_gradient_loss,1933312,1786496247.476814,-0.02203473262
train/policy_gradient_loss,1966080,1786496252.485459,-0.02112568915
train/policy_gradient_loss,1998848,1786496257.475442,-0.0224747546
train/policy_gradient_loss,2031616,1786496262.495571,-0.02122560143
train/policy_gradient_loss,2064384,1786496267.471883,-0.0222924687
train/policy_gradient_loss,2097152,1786496272.478721,-0.02151008695
train/policy_gradient_loss,2129920,1786496277.442190,-0.0209001936
train/policy_gradient_loss,2162688,1786496282.451049,-0.02045514435
train/policy_gradient_loss,2195456,1786496287.426255,-0.02229747362
train/policy_gradient_loss,2228224,1786496292.420058,-0.02116615884
train/policy_gradient_loss,2260992,1786496297.367701,-0.02234545164
train/policy_gradient_loss,2293760,1786496302.373713,-0.02097764052
train/policy_gradient_loss,2326528,1786496307.343617,-0.02155743167
train/policy_gradient_loss,2359296,1786496312.381757,-0.02247110568
train/policy_gradient_loss,2392064,1786496317.339156,-0.0228082072
train/policy_gradient_loss,2424832,1786496322.327612,-0.02185935713
train/policy_gradient_loss,2457600,1786496327.267447,-0.01982801594
train/policy_gradient_loss,2490368,1786496332.259655,-0.02003171109
train/policy_gradient_loss,2523136,1786496337.214515,-0.02277895622
train/policy_gradient_loss,2555904,1786496342.208708,-0.02005890012
train/policy_gradient_loss,2588672,1786496347.170318,-0.02194227092
train/policy_gradient_loss,2621440,1786496352.164518,-0.0200229995
train/policy_gradient_loss,2654208,1786496357.111269,-0.02004364133
train/policy_gradient_loss,2686976,1786496362.110860,-0.01996533386
train/policy_gradient_loss,2719744,1786496367.073148,-0.02062733099
train/policy_gradient_loss,2752512,1786496372.068303,-0.02080410905
train/policy_gradient_loss,2785280,1786496377.017110,-0.01940853707
train/policy_gradient_loss,2818048,1786496382.008539,-0.01897330768
train/policy_gradient_loss,2850816,1786496386.968393,-0.02202173695
train/policy_gradient_loss,2883584,1786496391.953658,-0.01894702017
train/policy_gradient_loss,2916352,1786496396.902151,-0.02085695788
train/policy_gradient_loss,2949120,1786496401.912709,-0.01928410307
train/policy_gradient_loss,2981888,1786496406.879576,-0.01969631948
train/policy_gradient_loss,3014656,1786496411.864468,-0.02093472518
train/policy_gradient_loss,3047424,1786496416.818852,-0.01910443977
train/policy_gradient_loss,3080192,1786496421.814282,-0.01910224557
train/policy_gradient_loss,3112960,1786496426.783801,-0.01935456134
train/policy_gradient_loss,3145728,1786496431.806631,-0.01911966503
train/policy_gradient_loss,3178496,1786496436.777874,-0.01980906911
train/policy_gradient_loss,3211264,1786496441.762093,-0.01979999058
train/policy_gradient_loss,3244032,1786496446.799231,-0.02015854046
train/policy_gradient_loss,3276800,1786496451.801979,-0.01919421181
train/policy_gradient_loss,3309568,1786496456.747720,-0.01982579939
train/policy_gradient_loss,3342336,1786496461.701254,-0.01885298267
train/policy_gradient_loss,3375104,1786496466.648327,-0.01961816289
train/policy_gradient_loss,3407872,1786496471.589761,-0.01881728694
train/policy_gradient_loss,3440640,1786496476.544423,-0.01893662289
train/policy_gradient_loss,3473408,1786496481.493162,-0.01935184933
train/policy_gradient_loss,3506176,1786496486.446338,-0.01989495382
train/policy_gradient_loss,3538944,1786496491.399370,-0.01803547703
train/policy_gradient_loss,3571712,1786496496.356370,-0.01992279477
train/policy_gradient_loss,3604480,1786496501.302450,-0.01810454391
train/policy_gradient_loss,3637248,1786496506.252132,-0.01871355809
train/policy_gradient_loss,3670016,1786496511.173794,-0.01783280447
train/policy_gradient_loss,3702784,1786496516.123864,-0.01801708527
train/policy_gradient_loss,3735552,1786496521.052035,-0.01857901551
train/policy_gradient_loss,3768320,1786496526.012124,-0.01919352077
train/policy_gradient_loss,3801088,1786496530.942572,-0.01908085123
train/policy_gradient_loss,3833856,1786496535.902206,-0.01788312569
train/policy_gradient_loss,3866624,1786496540.835381,-0.01816201769
train/policy_gradient_loss,3899392,1786496545.792218,-0.01697759144
train/policy_gradient_loss,3932160,1786496550.725610,-0.01851049811
train/policy_gradient_loss,3964928,1786496555.704089,-0.01693469286
train/policy_gradient_loss,3997696,1786496560.644138,-0.01772544906
train/policy_gradient_loss,4030464,1786496565.657911,-0.01623410359
train/policy_gradient_loss,4063232,1786496570.614451,-0.01789719425
train/policy_gradient_loss,4096000,1786496575.581944,-0.01790189743
train/policy_gradient_loss,4128768,1786496580.504823,-0.01550973579
train/policy_gradient_loss,4161536,1786496585.474227,-0.01659741625
train/policy_gradient_loss,4194304,1786496590.397107,-0.01623800769
train/policy_gradient_loss,4227072,1786496595.353280,-0.01534566376
train/policy_gradient_loss,4259840,1786496600.281131,-0.01699815691
train/policy_gradient_loss,4292608,1786496605.228687,-0.01586692221
train/policy_gradient_loss,4325376,1786496610.150232,-0.01770825312
train/policy_gradient_loss,4358144,1786496615.161760,-0.01788942143
train/policy_gradient_loss,4390912,1786496620.102588,-0.01663582027
train/policy_gradient_loss,4423680,1786496625.056957,-0.01627108455
train/policy_gradient_loss,4456448,1786496629.979052,-0.01648780331
train/policy_gradient_loss,4489216,1786496634.946354,-0.01779394597
train/policy_gradient_loss,4521984,1786496639.873921,-0.01627616398
train/policy_gradient_loss,4554752,1786496644.832231,-0.01707766019
train/policy_gradient_loss,4587520,1786496649.770551,-0.01756868511
train/policy_gradient_loss,4620288,1786496654.716147,-0.01599167101
train/policy_gradient_loss,4653056,1786496659.648309,-0.01664480567
train/policy_gradient_loss,4685824,1786496664.606503,-0.01621823944
train/policy_gradient_loss,4718592,1786496669.533767,-0.01709900983
train/policy_gradient_loss,4751360,1786496674.480310,-0.01553297881
train/policy_gradient_loss,4784128,1786496679.399935,-0.01582380943
train/policy_gradient_loss,4816896,1786496684.347243,-0.01523026265
train/policy_gradient_loss,4849664,1786496689.271873,-0.01540745329
train/policy_gradient_loss,4882432,1786496694.233851,-0.01572963968
train/policy_gradient_loss,4915200,1786496699.145078,-0.01597834006
train/policy_gradient_loss,4947968,1786496704.087443,-0.01459517051
train/policy_gradient_loss,4980736,1786496709.013500,-0.0169641152
train/policy_gradient_loss,5013504,1786496713.976765,-0.0160361249
train/policy_gradient_loss,5046272,1786496718.901257,-0.01530995686
train/policy_gradient_loss,5079040,1786496723.840150,-0.01630265638
train/policy_gradient_loss,5111808,1786496728.774903,-0.01605029777
train/policy_gradient_loss,5144576,1786496733.781900,-0.01524862554
train/policy_gradient_loss,5177344,1786496738.709743,-0.01497456618
train/policy_gradient_loss,5210112,1786496743.672316,-0.01437943615
train/policy_gradient_loss,5242880,1786496748.586723,-0.01369222999
train/policy_gradient_loss,5275648,1786496753.533260,-0.0169527065
train/policy_gradient_loss,5308416,1786496758.458973,-0.01394637674
train/policy_gradient_loss,5341184,1786496763.434068,-0.01254698914
train/policy_gradient_loss,5373952,1786496768.354269,-0.01637263969
train/policy_gradient_loss,5406720,1786496773.301050,-0.01306137908
train/policy_gradient_loss,5439488,1786496778.212804,-0.01437956188
train/policy_gradient_loss,5472256,1786496783.174485,-0.01510464773
train/policy_gradient_loss,5505024,1786496788.106757,-0.01442729402
train/policy_gradient_loss,5537792,1786496793.077229,-0.01394840889
train/policy_gradient_loss,5570560,1786496798.005319,-0.01404715423
train/policy_gradient_loss,5603328,1786496802.954791,-0.01397417672
train/policy_gradient_loss,5636096,1786496807.894188,-0.01445242111
train/policy_gradient_loss,5668864,1786496812.838277,-0.01361523196
train/policy_gradient_loss,5701632,1786496817.749369,-0.01230847929
train/policy_gradient_loss,5734400,1786496822.697304,-0.01429940388
train/policy_gradient_loss,5767168,1786496827.645916,-0.01259813644
train/policy_gradient_loss,5799936,1786496832.610229,-0.01358790603
train/policy_gradient_loss,5832704,1786496837.534170,-0.01439301483
train/policy_gradient_loss,5865472,1786496842.466372,-0.013553394
train/policy_gradient_loss,5898240,1786496847.381587,-0.01317803934
train/policy_gradient_loss,5931008,1786496852.341019,-0.0126867611
train/policy_gradient_loss,5963776,1786496857.281770,-0.01447038352
train/policy_gradient_loss,5996544,1786496862.243250,-0.01295696665
train/policy_gradient_loss,6029312,1786496867.165149,-0.01369159203
train/policy_gradient_loss,6062080,1786496872.125236,-0.01287755277
train/policy_gradient_loss,6094848,1786496877.045556,-0.01218344737
train/policy_gradient_loss,6127616,1786496882.014355,-0.0116793653
train/policy_gradient_loss,6160384,1786496886.941713,-0.01472757012
train/policy_gradient_loss,6193152,1786496891.887494,-0.01107121259
train/policy_gradient_loss,6225920,1786496896.812277,-0.01292852871
train/policy_gradient_loss,6258688,1786496901.760402,-0.01081202179
train/policy_gradient_loss,6291456,1786496906.693380,-0.01141577773
train/policy_gradient_loss,6324224,1786496911.665120,-0.01315713953
train/policy_gradient_loss,6356992,1786496916.630037,-0.0119116595
train/policy_gradient_loss,6389760,1786496921.578856,-0.01317991968
train/policy_gradient_loss,6422528,1786496926.528423,-0.01289360877
train/policy_gradient_loss,6455296,1786496931.480231,-0.01241513062
train/policy_gradient_loss,6488064,1786496936.431956,-0.01165972371
train/policy_gradient_loss,6520832,1786496941.365283,-0.0131175518
train/policy_gradient_loss,6553600,1786496946.311268,-0.01092141587
train/policy_gradient_loss,6586368,1786496951.253977,-0.01232277788
train/policy_gradient_loss,6619136,1786496956.195235,-0.01082751341
train/policy_gradient_loss,6651904,1786496961.114459,-0.01029208582
train/policy_gradient_loss,6684672,1786496966.053708,-0.01128545869
train/policy_gradient_loss,6717440,1786496970.976149,-0.009765747935
train/policy_gradient_loss,6750208,1786496975.939539,-0.01008728798
train/policy_gradient_loss,6782976,1786496980.858217,-0.01053214446
train/policy_gradient_loss,6815744,1786496985.804458,-0.01186482701
train/policy_gradient_loss,6848512,1786496990.719921,-0.01093456801
train/policy_gradient_loss,6881280,1786496995.657849,-0.00940139126
train/policy_gradient_loss,6914048,1786497000.583770,-0.0125017548
train/policy_gradient_loss,6946816,1786497005.534760,-0.01065072417
train/policy_gradient_loss,6979584,1786497010.466513,-0.009259525687
train/policy_gradient_loss,7012352,1786497015.413584,-0.01076391619
train/policy_gradient_loss,7045120,1786497020.342535,-0.009847794659
train/policy_gradient_loss,7077888,1786497025.298420,-0.01048154011
train/policy_gradient_loss,7110656,1786497030.205551,-0.01008729823
train/policy_gradient_loss,7143424,1786497035.153272,-0.009012805298
train/policy_gradient_loss,7176192,1786497040.055689,-0.01102230139
train/policy_gradient_loss,7208960,1786497045.013088,-0.01056555565
train/policy_gradient_loss,7241728,1786497049.928839,-0.010234694
train/policy_gradient_loss,7274496,1786497054.893323,-0.009596087039
train/policy_gradient_loss,7307264,1786497059.796448,-0.01012506988
train/policy_gradient_loss,7340032,1786497064.755495,-0.01120244246
train/policy_gradient_loss,7372800,1786497069.673159,-0.01105911657
train/policy_gradient_loss,7405568,1786497074.620904,-0.008935930207
train/policy_gradient_loss,7438336,1786497079.530126,-0.01084355917
train/policy_gradient_loss,7471104,1786497084.469095,-0.009583874606
train/policy_gradient_loss,7503872,1786497089.406077,-0.008950850926
train/policy_gradient_loss,7536640,1786497094.370286,-0.009499660693
train/policy_gradient_loss,7569408,1786497099.289040,-0.008969143964
train/policy_gradient_loss,7602176,1786497104.255193,-0.008212682791
train/policy_gradient_loss,7634944,1786497109.168431,-0.007778539788
train/policy_gradient_loss,7667712,1786497114.173923,-0.009258604608
train/policy_gradient_loss,7700480,1786497119.124121,-0.009992501698
train/policy_gradient_loss,7733248,1786497124.075018,-0.006803951226
train/policy_gradient_loss,7766016,1786497128.987137,-0.009879650548
train/policy_gradient_loss,7798784,1786497133.927284,-0.008883470669
train/policy_gradient_loss,7831552,1786497138.861750,-0.009283762425
train/policy_gradient_loss,7864320,1786497143.818518,-0.007807514165
train/policy_gradient_loss,7897088,1786497148.723719,-0.009252408519
train/policy_gradient_loss,7929856,1786497153.713319,-0.01013266109
train/policy_gradient_loss,7962624,1786497158.616412,-0.009560587816
train/policy_gradient_loss,7995392,1786497163.571113,-0.008098560385
train/policy_gradient_loss,8028160,1786497168.479128,-0.008722539991
train/std,65536,1786495961.031565,1.537607193
train/std,98304,1786495966.048575,1.535357475
train/std,131072,1786495971.060801,1.529168487
train/std,163840,1786495976.070355,1.525379062
train/std,196608,1786495981.052985,1.521471024
train/std,229376,1786495986.051037,1.514777303
train/std,262144,1786495991.023066,1.510504842
train/std,294912,1786495996.012184,1.507016182
train/std,327680,1786496000.993413,1.50231564
train/std,360448,1786496006.056920,1.49636364
train/std,393216,1786496011.057801,1.491876125
train/std,425984,1786496016.048026,1.489387155
train/std,458752,1786496021.065430,1.486044526
train/std,491520,1786496026.104973,1.482029915
train/std,524288,1786496031.124814,1.475743294
train/std,557056,1786496036.172012,1.470351815
train/std,589824,1786496041.179421,1.465276361
train/std,622592,1786496046.232333,1.458742023
train/std,655360,1786496051.251740,1.455690742
train/std,688128,1786496056.327424,1.452326179
train/std,720896,1786496061.432772,1.448598027
train/std,753664,1786496066.471306,1.444854379
train/std,786432,1786496071.548185,1.439720273
train/std,819200,1786496076.541947,1.43607676
train/std,851968,1786496081.599042,1.431361794
train/std,884736,1786496086.635745,1.427902222
train/std,917504,1786496091.657059,1.424973369
train/std,950272,1786496096.708694,1.418322563
train/std,983040,1786496101.726989,1.411432147
train/std,1015808,1786496106.782603,1.408517718
train/std,1048576,1786496111.827958,1.404262185
train/std,1081344,1786496116.872820,1.401070952
train/std,1114112,1786496121.881055,1.395287156
train/std,1146880,1786496126.855849,1.392222047
train/std,1179648,1786496131.859162,1.385942936
train/std,1212416,1786496136.842423,1.3806566
train/std,1245184,1786496141.872520,1.374697685
train/std,1277952,1786496146.868683,1.370353103
train/std,1310720,1786496151.872534,1.36420095
train/std,1343488,1786496156.866017,1.359639168
train/std,1376256,1786496161.900714,1.354004025
train/std,1409024,1786496166.945264,1.35008049
train/std,1441792,1786496171.977410,1.344676971
train/std,1474560,1786496176.935483,1.342174888
train/std,1507328,1786496181.979918,1.339996934
train/std,1540096,1786496186.951959,1.334634304
train/std,1572864,1786496191.954590,1.329874158
train/std,1605632,1786496196.933142,1.325426579
train/std,1638400,1786496202.174807,1.324022293
train/std,1671168,1786496207.301606,1.321153641
train/std,1703936,1786496212.310298,1.316543102
train/std,1736704,1786496217.284015,1.311057568
train/std,1769472,1786496222.339166,1.308402181
train/std,1802240,1786496227.337932,1.304362893
train/std,1835008,1786496232.433054,1.30149591
train/std,1867776,1786496237.410109,1.298785329
train/std,1900544,1786496242.464318,1.295767307
train/std,1933312,1786496247.477014,1.293763995
train/std,1966080,1786496252.485659,1.288697243
train/std,1998848,1786496257.475638,1.283534408
train/std,2031616,1786496262.495747,1.281478524
train/std,2064384,1786496267.472060,1.277444959
train/std,2097152,1786496272.478869,1.274833083
train/std,2129920,1786496277.442389,1.270258904
train/std,2162688,1786496282.451342,1.26605773
train/std,2195456,1786496287.426459,1.263427377
train/std,2228224,1786496292.420241,1.261121154
train/std,2260992,1786496297.367863,1.257973194
train/std,2293760,1786496302.373911,1.258758068
train/std,2326528,1786496307.343793,1.255094647
train/std,2359296,1786496312.381939,1.251244903
train/std,2392064,1786496317.339328,1.245990753
train/std,2424832,1786496322.327827,1.243434787
train/std,2457600,1786496327.267643,1.239652514
train/std,2490368,1786496332.259816,1.236732125
train/std,2523136,1786496337.214701,1.234691978
train/std,2555904,1786496342.208860,1.229178905
train/std,2588672,1786496347.170481,1.224273801
train/std,2621440,1786496352.164684,1.219907761
train/std,2654208,1786496357.111455,1.216198921
train/std,2686976,1786496362.111035,1.214003325
train/std,2719744,1786496367.073320,1.212137222
train/std,2752512,1786496372.068563,1.209207416
train/std,2785280,1786496377.017302,1.204940319
train/std,2818048,1786496382.008705,1.200947642
train/std,2850816,1786496386.968557,1.198516965
train/std,2883584,1786496391.953852,1.194591045
train/std,2916352,1786496396.902374,1.193012357
train/std,2949120,1786496401.913160,1.189803481
train/std,2981888,1786496406.879754,1.187404275
train/std,3014656,1786496411.864625,1.185228825
train/std,3047424,1786496416.819021,1.183820963
train/std,3080192,1786496421.814488,1.180152059
train/std,3112960,1786496426.784153,1.177174211
train/std,3145728,1786496431.806780,1.173414111
train/std,3178496,1786496436.778055,1.169241667
train/std,3211264,1786496441.762257,1.167123199
train/std,3244032,1786496446.799394,1.164280415
train/std,3276800,1786496451.802158,1.162415624
train/std,3309568,1786496456.747923,1.157738924
train/std,3342336,1786496461.701396,1.155397534
train/std,3375104,1786496466.648480,1.152800918
train/std,3407872,1786496471.589921,1.149764061
train/std,3440640,1786496476.544591,1.14689815
train/std,3473408,1786496481.493312,1.144250989
train/std,3506176,1786496486.446498,1.142866969
train/std,3538944,1786496491.399556,1.142701507
train/std,3571712,1786496496.356555,1.141454577
train/std,3604480,1786496501.302640,1.138453841
train/std,3637248,1786496506.252325,1.13623476
train/std,3670016,1786496511.173922,1.135328054
train/std,3702784,1786496516.124061,1.132910609
train/std,3735552,1786496521.052197,1.127586365
train/std,3768320,1786496526.012308,1.122255802
train/std,3801088,1786496530.942749,1.119932055
train/std,3833856,1786496535.902358,1.117067099
train/std,3866624,1786496540.835543,1.114765644
train/std,3899392,1786496545.792391,1.112031937
train/std,3932160,1786496550.725807,1.10964334
train/std,3964928,1786496555.704268,1.106679797
train/std,3997696,1786496560.644306,1.103773475
train/std,4030464,1786496565.658021,1.101517558
train/std,4063232,1786496570.614613,1.098980904
train/std,4096000,1786496575.582113,1.096332431
train/std,4128768,1786496580.504996,1.094179749
train/std,4161536,1786496585.474395,1.093213558
train/std,4194304,1786496590.397277,1.090881228
train/std,4227072,1786496595.353441,1.088545918
train/std,4259840,1786496600.281296,1.086859107
train/std,4292608,1786496605.228850,1.085956693
train/std,4325376,1786496610.150401,1.085140944
train/std,4358144,1786496615.161954,1.084176421
train/std,4390912,1786496620.102760,1.081197143
train/std,4423680,1786496625.057128,1.078560472
train/std,4456448,1786496629.979237,1.075675607
train/std,4489216,1786496634.946524,1.075008512
train/std,4521984,1786496639.874077,1.07250607
train/std,4554752,1786496644.832398,1.069128513
train/std,4587520,1786496649.770714,1.066068292
train/std,4620288,1786496654.716315,1.064086914
train/std,4653056,1786496659.648478,1.061009884
train/std,4685824,1786496664.606689,1.058176517
train/std,4718592,1786496669.533938,1.054661632
train/std,4751360,1786496674.480481,1.054412484
train/std,4784128,1786496679.400163,1.051390052
train/std,4816896,1786496684.347410,1.050516963
train/std,4849664,1786496689.272035,1.04869926
train/std,4882432,1786496694.234039,1.047804594
train/std,4915200,1786496699.145238,1.045512795
train/std,4947968,1786496704.087602,1.042613387
train/std,4980736,1786496709.013770,1.041325212
train/std,5013504,1786496713.977067,1.039051414
train/std,5046272,1786496718.901434,1.037174582
train/std,5079040,1786496723.840327,1.034683108
train/std,5111808,1786496728.775081,1.030198455
train/std,5144576,1786496733.782085,1.02844131
train/std,5177344,1786496738.709924,1.027225018
train/std,5210112,1786496743.672489,1.025833845
train/std,5242880,1786496748.586894,1.023455977
train/std,5275648,1786496753.533430,1.021859288
train/std,5308416,1786496758.459142,1.023045778
train/std,5341184,1786496763.434227,1.020332456
train/std,5373952,1786496768.354454,1.018404603
train/std,5406720,1786496773.301217,1.015480161
train/std,5439488,1786496778.212958,1.014588475
train/std,5472256,1786496783.174614,1.013233304
train/std,5505024,1786496788.106939,1.009502053
train/std,5537792,1786496793.077394,1.006281853
train/std,5570560,1786496798.005489,1.006516933
train/std,5603328,1786496802.955008,1.004388928
train/std,5636096,1786496807.894355,1.001803994
train/std,5668864,1786496812.838463,1.000776291
train/std,5701632,1786496817.749584,0.9973654151
train/std,5734400,1786496822.697473,0.9966858029
train/std,5767168,1786496827.646087,0.992819488
train/std,5799936,1786496832.610411,0.9909234643
train/std,5832704,1786496837.534340,0.9900767207
train/std,5865472,1786496842.466586,0.9880621433
train/std,5898240,1786496847.381799,0.9849172235
train/std,5931008,1786496852.341187,0.9830729365
train/std,5963776,1786496857.281942,0.9812601209
train/std,5996544,1786496862.243450,0.9788346887
train/std,6029312,1786496867.165355,0.9771549106
train/std,6062080,1786496872.125403,0.9736828804
train/std,6094848,1786496877.045744,0.9717901349
train/std,6127616,1786496882.014518,0.9695350528
train/std,6160384,1786496886.941892,0.9668784142
train/std,6193152,1786496891.887665,0.9658737779
train/std,6225920,1786496896.812449,0.9629439712
train/std,6258688,1786496901.760544,0.9593220353
train/std,6291456,1786496906.693604,0.9566047192
train/std,6324224,1786496911.665277,0.9556673169
train/std,6356992,1786496916.630217,0.9550599456
train/std,6389760,1786496921.579016,0.9539088607
train/std,6422528,1786496926.528575,0.951335609
train/std,6455296,1786496931.480394,0.9491940141
train/std,6488064,1786496936.432137,0.9468175769
train/std,6520832,1786496941.365462,0.9455530047
train/std,6553600,1786496946.311439,0.9426530004
train/std,6586368,1786496951.254116,0.9418282509
train/std,6619136,1786496956.195446,0.9400174022
train/std,6651904,1786496961.114598,0.9391148686
train/std,6684672,1786496966.053889,0.9367291331
train/std,6717440,1786496970.976307,0.9361772537
train/std,6750208,1786496975.939743,0.9354426861
train/std,6782976,1786496980.858382,0.9351533055
train/std,6815744,1786496985.804617,0.9333367348
train/std,6848512,1786496990.720101,0.9314425588
train/std,6881280,1786496995.658009,0.9305146337
train/std,6914048,1786497000.583959,0.9297739863
train/std,6946816,1786497005.534898,0.9275336266
train/std,6979584,1786497010.466680,0.927295506
train/std,7012352,1786497015.413759,0.9246599078
train/std,7045120,1786497020.342691,0.9249882102
train/std,7077888,1786497025.298587,0.9229950905
train/std,7110656,1786497030.205709,0.9214849472
train/std,7143424,1786497035.153446,0.9214408994
train/std,7176192,1786497040.055927,0.9204847813
train/std,7208960,1786497045.013292,0.917525053
train/std,7241728,1786497049.929031,0.9155929685
train/std,7274496,1786497054.893493,0.9154099822
train/std,7307264,1786497059.796614,0.9127733111
train/std,7340032,1786497064.755660,0.9094114304
train/std,7372800,1786497069.673340,0.9087123275
train/std,7405568,1786497074.621113,0.9079304338
train/std,7438336,1786497079.530289,0.907630682
train/std,7471104,1786497084.469274,0.9077863693
train/std,7503872,1786497089.406268,0.9072494507
train/std,7536640,1786497094.370449,0.9047946334
train/std,7569408,1786497099.289211,0.9051374793
train/std,7602176,1786497104.255370,0.9034484029
train/std,7634944,1786497109.168634,0.9006795883
train/std,7667712,1786497114.174090,0.8993464112
train/std,7700480,1786497119.124294,0.8964682221
train/std,7733248,1786497124.075171,0.8949207664
train/std,7766016,1786497128.987296,0.8925235868
train/std,7798784,1786497133.927440,0.8922155499
train/std,7831552,1786497138.861921,0.8928365707
train/std,7864320,1786497143.818673,0.8913226128
train/std,7897088,1786497148.723899,0.8908750415
train/std,7929856,1786497153.713523,0.8886957169
train/std,7962624,1786497158.616570,0.8878299594
train/std,7995392,1786497163.571277,0.8870977759
train/std,8028160,1786497168.479311,0.8852086663
train/value_loss,65536,1786495961.031931,0.002881541848
train/value_loss,98304,1786495966.048972,0.002041947097
train/value_loss,131072,1786495971.061161,0.001438199077
train/value_loss,163840,1786495976.070735,0.00132572907
train/value_loss,196608,1786495981.053066,0.001232873532
train/value_loss,229376,1786495986.051210,0.001096936991
train/value_loss,262144,1786495991.023466,0.001082092524
train/value_loss,294912,1786495996.012587,0.001097532921
train/value_loss,327680,1786496000.993560,0.001083436073
train/value_loss,360448,1786496006.057028,0.001123444759
train/value_loss,393216,1786496011.057941,0.0009676133632
train/value_loss,425984,1786496016.048411,0.0009201199864
train/value_loss,458752,1786496021.065800,0.001092107035
train/value_loss,491520,1786496026.105029,0.001044199918
train/value_loss,524288,1786496031.125180,0.001102264854
train/value_loss,557056,1786496036.172222,0.001144434209
train/value_loss,589824,1786496041.179520,0.001239393139
train/value_loss,622592,1786496046.232740,0.001166408649
train/value_loss,655360,1786496051.252154,0.001163246343
train/value_loss,688128,1786496056.327482,0.001320823212
train/value_loss,720896,1786496061.432826,0.001382213319
train/value_loss,753664,1786496066.471675,0.001252998365
train/value_loss,786432,1786496071.548483,0.001152012032
train/value_loss,819200,1786496076.542118,0.00145049463
train/value_loss,851968,1786496081.599100,0.001385219628
train/value_loss,884736,1786496086.636100,0.00120830466
train/value_loss,917504,1786496091.657196,0.001423337031
train/value_loss,950272,1786496096.708923,0.001464166911
train/value_loss,983040,1786496101.727076,0.00130626501
train/value_loss,1015808,1786496106.782996,0.001369596808
train/value_loss,1048576,1786496111.828221,0.001297022565
train/value_loss,1081344,1786496116.873166,0.001298162853
train/value_loss,1114112,1786496121.881394,0.001498700585
train/value_loss,1146880,1786496126.856202,0.0014040682
train/value_loss,1179648,1786496131.859511,0.001473956509
train/value_loss,1212416,1786496136.842812,0.001417276566
train/value_loss,1245184,1786496141.872822,0.001517965109
train/value_loss,1277952,1786496146.869072,0.001512152725
train/value_loss,1310720,1786496151.873015,0.001546468236
train/value_loss,1343488,1786496156.866452,0.001404730836
train/value_loss,1376256,1786496161.901061,0.00152116525
train/value_loss,1409024,1786496166.945655,0.001692087855
train/value_loss,1441792,1786496171.977794,0.001628262107
train/value_loss,1474560,1786496176.935848,0.001638253918
train/value_loss,1507328,1786496181.980308,0.001637129579
train/value_loss,1540096,1786496186.952310,0.001522595296
train/value_loss,1572864,1786496191.954968,0.001715711202
train/value_loss,1605632,1786496196.933315,0.001657171408
train/value_loss,1638400,1786496202.174958,0.001589792664
train/value_loss,1671168,1786496207.301940,0.001679745968
train/value_loss,1703936,1786496212.310650,0.001717744977
train/value_loss,1736704,1786496217.284399,0.001958776033
train/value_loss,1769472,1786496222.339567,0.001701065921
train/value_loss,1802240,1786496227.338317,0.001840286423
train/value_loss,1835008,1786496232.433208,0.001879497431
train/value_loss,1867776,1786496237.410447,0.001856883289
train/value_loss,1900544,1786496242.464638,0.001871655579
train/value_loss,1933312,1786496247.477349,0.002076004632
train/value_loss,1966080,1786496252.485993,0.001783841872
train/value_loss,1998848,1786496257.476052,0.001955839572
train/value_loss,2031616,1786496262.495936,0.00183427881
train/value_loss,2064384,1786496267.472465,0.001882034005
train/value_loss,2097152,1786496272.479269,0.001751205418
train/value_loss,2129920,1786496277.442776,0.00177926675
train/value_loss,2162688,1786496282.451654,0.002005862538
train/value_loss,2195456,1786496287.426836,0.001969725359
train/value_loss,2228224,1786496292.420600,0.001931831357
train/value_loss,2260992,1786496297.368247,0.00188151875
train/value_loss,2293760,1786496302.374217,0.001957684755
train/value_loss,2326528,1786496307.344201,0.002022479661
train/value_loss,2359296,1786496312.382287,0.001944409218
train/value_loss,2392064,1786496317.339726,0.001967718359
train/value_loss,2424832,1786496322.328216,0.002143418882
train/value_loss,2457600,1786496327.268033,0.002064273227
train/value_loss,2490368,1786496332.260221,0.001960199093
train/value_loss,2523136,1786496337.214885,0.002144749276
train/value_loss,2555904,1786496342.209027,0.001901125652
train/value_loss,2588672,1786496347.170654,0.002255151048
train/value_loss,2621440,1786496352.164843,0.002047878923
train/value_loss,2654208,1786496357.111878,0.001851679524
train/value_loss,2686976,1786496362.111420,0.001987168798
train/value_loss,2719744,1786496367.073736,0.002088033594
train/value_loss,2752512,1786496372.068876,0.002094631782
train/value_loss,2785280,1786496377.017699,0.00192446413
train/value_loss,2818048,1786496382.009097,0.002015897306
train/value_loss,2850816,1786496386.968914,0.00210134103
train/value_loss,2883584,1786496391.954265,0.00215272815
train/value_loss,2916352,1786496396.903332,0.001966363052
train/value_loss,2949120,1786496401.913243,0.002355406992
train/value_loss,2981888,1786496406.879960,0.001910355291
train/value_loss,3014656,1786496411.864994,0.002280808752
train/value_loss,3047424,1786496416.819387,0.002222014591
train/value_loss,3080192,1786496421.814777,0.002176230773
train/value_loss,3112960,1786496426.784565,0.002296389546
train/value_loss,3145728,1786496431.806935,0.002329592127
train/value_loss,3178496,1786496436.778114,0.002139813034
train/value_loss,3211264,1786496441.762379,0.002447996521
train/value_loss,3244032,1786496446.799797,0.00232451316
train/value_loss,3276800,1786496451.802229,0.002196531277
train/value_loss,3309568,1786496456.748261,0.002015736187
train/value_loss,3342336,1786496461.701543,0.002340991981
train/value_loss,3375104,1786496466.648667,0.002095910022
train/value_loss,3407872,1786496471.590326,0.002176688286
train/value_loss,3440640,1786496476.544754,0.002289715689
train/value_loss,3473408,1786496481.493700,0.002659988822
train/value_loss,3506176,1786496486.446943,0.002752246335
train/value_loss,3538944,1786496491.399727,0.002619602252
train/value_loss,3571712,1786496496.356913,0.002198314993
train/value_loss,3604480,1786496501.302948,0.002559281187
train/value_loss,3637248,1786496506.252698,0.002243283438
train/value_loss,3670016,1786496511.174084,0.002292821417
train/value_loss,3702784,1786496516.124396,0.002471878193
train/value_loss,3735552,1786496521.052568,0.002306597773
train/value_loss,3768320,1786496526.012675,0.002260700567
train/value_loss,3801088,1786496530.943126,0.002301598433
train/value_loss,3833856,1786496535.902763,0.002565263072
train/value_loss,3866624,1786496540.835939,0.002260185312
train/value_loss,3899392,1786496545.792785,0.002481643111
train/value_loss,3932160,1786496550.726011,0.002567892894
train/value_loss,3964928,1786496555.704630,0.002147213556
train/value_loss,3997696,1786496560.644700,0.002479584422
train/value_loss,4030464,1786496565.658158,0.002384090563
train/value_loss,4063232,1786496570.614989,0.002555987332
train/value_loss,4096000,1786496575.582500,0.002692611888
train/value_loss,4128768,1786496580.505333,0.002440969925
train/value_loss,4161536,1786496585.474766,0.002603303641
train/value_loss,4194304,1786496590.397672,0.002455111826
train/value_loss,4227072,1786496595.353842,0.002468248364
train/value_loss,4259840,1786496600.281691,0.002537412103
train/value_loss,4292608,1786496605.229218,0.002875599544
train/value_loss,4325376,1786496610.150799,0.002752953675
train/value_loss,4358144,1786496615.162343,0.002611426404
train/value_loss,4390912,1786496620.103142,0.00275412458
train/value_loss,4423680,1786496625.057531,0.002850679215
train/value_loss,4456448,1786496629.979634,0.002808787394
train/value_loss,4489216,1786496634.946943,0.002825172152
train/value_loss,4521984,1786496639.874477,0.002660983708
train/value_loss,4554752,1786496644.832820,0.002174222376
train/value_loss,4587520,1786496649.771106,0.002472760389
train/value_loss,4620288,1786496654.716712,0.002454121131
train/value_loss,4653056,1786496659.648856,0.002152702305
train/value_loss,4685824,1786496664.607074,0.002796893939
train/value_loss,4718592,1786496669.534107,0.00257941871
train/value_loss,4751360,1786496674.480902,0.002801764058
train/value_loss,4784128,1786496679.400320,0.002603937173
train/value_loss,4816896,1786496684.347815,0.002600169275
train/value_loss,4849664,1786496689.272434,0.002485940699
train/value_loss,4882432,1786496694.234098,0.002651362214
train/value_loss,4915200,1786496699.145647,0.002418951364
train/value_loss,4947968,1786496704.088009,0.002747266786
train/value_loss,4980736,1786496709.014093,0.002746932209
train/value_loss,5013504,1786496713.977430,0.002674059942
train/value_loss,5046272,1786496718.901806,0.002755624242
train/value_loss,5079040,1786496723.840757,0.003364569973
train/value_loss,5111808,1786496728.775442,0.002637369791
train/value_loss,5144576,1786496733.782267,0.002691593254
train/value_loss,5177344,1786496738.710301,0.002854869002
train/value_loss,5210112,1786496743.672853,0.003113551531
train/value_loss,5242880,1786496748.587273,0.003047742881
train/value_loss,5275648,1786496753.533609,0.002961891936
train/value_loss,5308416,1786496758.459547,0.003035468981
train/value_loss,5341184,1786496763.434389,0.002947634785
train/value_loss,5373952,1786496768.354849,0.002668326721
train/value_loss,5406720,1786496773.301606,0.002888152376
train/value_loss,5439488,1786496778.213014,0.003284688573
train/value_loss,5472256,1786496783.174664,0.002942437539
train/value_loss,5505024,1786496788.107324,0.002929816954
train/value_loss,5537792,1786496793.077775,0.002717279363
train/value_loss,5570560,1786496798.005859,0.003299765289
train/value_loss,5603328,1786496802.955326,0.003220656887
train/value_loss,5636096,1786496807.894534,0.002770363586
train/value_loss,5668864,1786496812.838852,0.002758119255
train/value_loss,5701632,1786496817.749914,0.00269672717
train/value_loss,5734400,1786496822.697864,0.003115378553
train/value_loss,5767168,1786496827.646463,0.002628593007
train/value_loss,5799936,1786496832.610822,0.003018537071
train/value_loss,5832704,1786496837.534513,0.00269527128
train/value_loss,5865472,1786496842.466925,0.003089528764
train/value_loss,5898240,1786496847.382145,0.002538585803
train/value_loss,5931008,1786496852.341604,0.002800406888
train/value_loss,5963776,1786496857.282319,0.00270797452
train/value_loss,5996544,1786496862.243802,0.002904154127
train/value_loss,6029312,1786496867.165464,0.003023373429
train/value_loss,6062080,1786496872.125797,0.002909515286
train/value_loss,6094848,1786496877.046120,0.003020595526
train/value_loss,6127616,1786496882.014924,0.002936156932
train/value_loss,6160384,1786496886.942254,0.002915308578
train/value_loss,6193152,1786496891.888000,0.003284005681
train/value_loss,6225920,1786496896.812848,0.00285354699
train/value_loss,6258688,1786496901.760598,0.002791983541
train/value_loss,6291456,1786496906.693932,0.002467158716
train/value_loss,6324224,1786496911.665438,0.003263314022
train/value_loss,6356992,1786496916.630602,0.00332728168
train/value_loss,6389760,1786496921.579172,0.002847207012
train/value_loss,6422528,1786496926.528749,0.003176016733
train/value_loss,6455296,1786496931.480754,0.003012518864
train/value_loss,6488064,1786496936.432461,0.003095205175
train/value_loss,6520832,1786496941.365857,0.002708313754
train/value_loss,6553600,1786496946.311843,0.003324812977
train/value_loss,6586368,1786496951.254503,0.003389828373
train/value_loss,6619136,1786496956.195557,0.002772181761
train/value_loss,6651904,1786496961.114972,0.00267370767
train/value_loss,6684672,1786496966.054277,0.003427708056
train/value_loss,6717440,1786496970.976357,0.003320223419
train/value_loss,6750208,1786496975.940063,0.003341719275
train/value_loss,6782976,1786496980.858770,0.003266618587
train/value_loss,6815744,1786496985.805002,0.002694378374
train/value_loss,6848512,1786496990.720446,0.002786941826
train/value_loss,6881280,1786496995.658211,0.003258213168
train/value_loss,6914048,1786497000.584339,0.003087275662
train/value_loss,6946816,1786497005.534948,0.002806444652
train/value_loss,6979584,1786497010.467061,0.002919982187
train/value_loss,7012352,1786497015.414126,0.003545221873
train/value_loss,7045120,1786497020.343070,0.003014718648
train/value_loss,7077888,1786497025.298965,0.002858489519
train/value_loss,7110656,1786497030.205866,0.003369663144
train/value_loss,7143424,1786497035.153821,0.003049922874
train/value_loss,7176192,1786497040.056258,0.003115030238
train/value_loss,7208960,1786497045.013662,0.003012085101
train/value_loss,7241728,1786497049.929353,0.002991936635
train/value_loss,7274496,1786497054.893907,0.002813173924
train/value_loss,7307264,1786497059.796985,0.003004004015
train/value_loss,7340032,1786497064.756050,0.002835727762
train/value_loss,7372800,1786497069.673442,0.003156670602
train/value_loss,7405568,1786497074.621485,0.003560286714
train/value_loss,7438336,1786497079.530463,0.003453843063
train/value_loss,7471104,1786497084.469659,0.002933284966
train/value_loss,7503872,1786497089.406328,0.003237453056
train/value_loss,7536640,1786497094.370825,0.00305924844
train/value_loss,7569408,1786497099.289622,0.0033599874
train/value_loss,7602176,1786497104.255748,0.002993827686
train/value_loss,7634944,1786497109.168804,0.003358270042
train/value_loss,7667712,1786497114.174290,0.0030541257
train/value_loss,7700480,1786497119.124661,0.00319243432
train/value_loss,7733248,1786497124.075563,0.003508590627
train/value_loss,7766016,1786497128.987694,0.003535563592
train/value_loss,7798784,1786497133.927875,0.003549404675
train/value_loss,7831552,1786497138.862311,0.003221357241
train/value_loss,7864320,1786497143.818841,0.003793381155
train/value_loss,7897088,1786497148.724287,0.003364970442
train/value_loss,7929856,1786497153.713835,0.002979191253
train/value_loss,7962624,1786497158.616980,0.002984530525
train/value_loss,7995392,1786497163.571441,0.002875711769
train/value_loss,8028160,1786497168.479685,0.00282218121
