tag,step,wall_time,value
rollout/ep_len_mean,32768,1786499480.754967,415.2153931
rollout/ep_len_mean,65536,1786499485.758742,523.75
rollout/ep_len_mean,98304,1786499490.697981,523.8300171
rollout/ep_len_mean,131072,1786499495.669117,481.5400085
rollout/ep_len_mean,163840,1786499500.593664,468.25
rollout/ep_len_mean,196608,1786499505.586142,421.1300049
rollout/ep_len_mean,229376,1786499510.524575,439.5
rollout/ep_len_mean,262144,1786499515.534856,426.5400085
rollout/ep_len_mean,294912,1786499520.528716,543.9400024
rollout/ep_len_mean,327680,1786499525.477563,558.1199951
rollout/ep_len_mean,360448,1786499530.425944,518.2999878
rollout/ep_len_mean,393216,1786499535.383702,499.1099854
rollout/ep_len_mean,425984,1786499540.359315,497.1099854
rollout/ep_len_mean,458752,1786499545.324350,596.8800049
rollout/ep_len_mean,491520,1786499550.319739,557.789978
rollout/ep_len_mean,524288,1786499555.325388,497.3599854
rollout/ep_len_mean,557056,1786499560.285994,474.3900146
rollout/ep_len_mean,589824,1786499565.264004,498.4899902
rollout/ep_len_mean,622592,1786499570.213322,607.0200195
rollout/ep_len_mean,655360,1786499575.185607,551.3499756
rollout/ep_len_mean,688128,1786499580.118032,497.9200134
rollout/ep_len_mean,720896,1786499585.092473,519.5700073
rollout/ep_len_mean,753664,1786499590.008861,501.519989
rollout/ep_len_mean,786432,1786499594.963510,539.8900146
rollout/ep_len_mean,819200,1786499599.910378,590
rollout/ep_len_mean,851968,1786499604.878924,521.5
rollout/ep_len_mean,884736,1786499609.792879,510.2399902
rollout/ep_len_mean,917504,1786499614.747654,513.5300293
rollout/ep_len_mean,950272,1786499619.687355,493.7900085
rollout/ep_len_mean,983040,1786499624.657620,511.7600098
rollout/ep_len_mean,1015808,1786499629.627290,549.9899902
rollout/ep_len_mean,1048576,1786499634.577694,550.8400269
rollout/ep_len_mean,1081344,1786499639.486793,472.6499939
rollout/ep_len_mean,1114112,1786499644.425486,509.1300049
rollout/ep_len_mean,1146880,1786499649.369989,538.7199707
rollout/ep_len_mean,1179648,1786499654.355044,540.789978
rollout/ep_len_mean,1212416,1786499659.288301,478.0799866
rollout/ep_len_mean,1245184,1786499664.444569,488.9700012
rollout/ep_len_mean,1277952,1786499669.544690,548.2199707
rollout/ep_len_mean,1310720,1786499674.707783,484
rollout/ep_len_mean,1343488,1786499679.841821,559.6500244
rollout/ep_len_mean,1376256,1786499684.963886,629.1599731
rollout/ep_len_mean,1409024,1786499689.915278,650.0599976
rollout/ep_len_mean,1441792,1786499694.893071,573.4899902
rollout/ep_len_mean,1474560,1786499699.840752,505.5
rollout/ep_len_mean,1507328,1786499704.815853,546.0499878
rollout/ep_len_mean,1540096,1786499709.770973,541.789978
rollout/ep_len_mean,1572864,1786499714.744832,592.2000122
rollout/ep_len_mean,1605632,1786499719.705075,638.2199707
rollout/ep_len_mean,1638400,1786499724.682445,557.7299805
rollout/ep_len_mean,1671168,1786499729.611585,576.8900146
rollout/ep_len_mean,1703936,1786499734.585084,594.6400146
rollout/ep_len_mean,1736704,1786499739.527312,583.1300049
rollout/ep_len_mean,1769472,1786499744.523468,603.2299805
rollout/ep_len_mean,1802240,1786499749.486562,637.0900269
rollout/ep_len_mean,1835008,1786499754.451644,620.6300049
rollout/ep_len_mean,1867776,1786499759.401799,572.1199951
rollout/ep_len_mean,1900544,1786499764.414571,591.210022
rollout/ep_len_mean,1933312,1786499769.359136,581.7299805
rollout/ep_len_mean,1966080,1786499774.329325,557.6900024
rollout/ep_len_mean,1998848,1786499779.260565,593.5599976
rollout/ep_len_mean,2031616,1786499784.255033,633.789978
rollout/ep_len_mean,2064384,1786499789.205367,638.3099976
rollout/ep_len_mean,2097152,1786499794.220303,618.289978
rollout/ep_len_mean,2129920,1786499799.163614,611.8400269
rollout/ep_len_mean,2162688,1786499804.142235,623.1099854
rollout/ep_len_mean,2195456,1786499809.091571,625.8200073
rollout/ep_len_mean,2228224,1786499814.084894,643.75
rollout/ep_len_mean,2260992,1786499819.032247,656.5599976
rollout/ep_len_mean,2293760,1786499824.015758,627.4000244
rollout/ep_len_mean,2326528,1786499828.953292,616.7199707
rollout/ep_len_mean,2359296,1786499833.927249,622.0499878
rollout/ep_len_mean,2392064,1786499838.874348,577.0599976
rollout/ep_len_mean,2424832,1786499843.853106,619.8499756
rollout/ep_len_mean,2457600,1786499848.820253,634.3499756
rollout/ep_len_mean,2490368,1786499853.829076,629.8300171
rollout/ep_len_mean,2523136,1786499858.799432,721.0300293
rollout/ep_len_mean,2555904,1786499863.786084,678.6199951
rollout/ep_len_mean,2588672,1786499868.735480,621.8499756
rollout/ep_len_mean,2621440,1786499873.704339,645.4799805
rollout/ep_len_mean,2654208,1786499878.651667,692.539978
rollout/ep_len_mean,2686976,1786499883.646761,653.3800049
rollout/ep_len_mean,2719744,1786499888.587230,667.0100098
rollout/ep_len_mean,2752512,1786499893.567769,703.3499756
rollout/ep_len_mean,2785280,1786499898.502282,691.210022
rollout/ep_len_mean,2818048,1786499903.505784,706.8800049
rollout/ep_len_mean,2850816,1786499908.445937,750.0100098
rollout/ep_len_mean,2883584,1786499913.466487,763.8499756
rollout/ep_len_mean,2916352,1786499918.403784,711.6900024
rollout/ep_len_mean,2949120,1786499923.378915,687.5999756
rollout/ep_len_mean,2981888,1786499928.337639,675.5300293
rollout/ep_len_mean,3014656,1786499933.321796,641.9699707
rollout/ep_len_mean,3047424,1786499938.300390,694.4199829
rollout/ep_len_mean,3080192,1786499943.284326,748.8300171
rollout/ep_len_mean,3112960,1786499948.291152,766.8599854
rollout/ep_len_mean,3145728,1786499953.311863,795.5100098
rollout/ep_len_mean,3178496,1786499958.281546,790.1599731
rollout/ep_len_mean,3211264,1786499963.283970,748.8900146
rollout/ep_len_mean,3244032,1786499968.266657,727.2199707
rollout/ep_len_mean,3276800,1786499973.308629,726.7800293
rollout/ep_len_mean,3309568,1786499978.253925,725.7399902
rollout/ep_len_mean,3342336,1786499983.391531,753.2600098
rollout/ep_len_mean,3375104,1786499988.426687,749.8599854
rollout/ep_len_mean,3407872,1786499993.588761,714.7999878
rollout/ep_len_mean,3440640,1786499998.779899,703.9299927
rollout/ep_len_mean,3473408,1786500003.976766,749.8300171
rollout/ep_len_mean,3506176,1786500009.040935,766.2999878
rollout/ep_len_mean,3538944,1786500014.110615,764.4000244
rollout/ep_len_mean,3571712,1786500019.098918,759.4400024
rollout/ep_len_mean,3604480,1786500024.113721,736.5300293
rollout/ep_len_mean,3637248,1786500029.105828,679.7199707
rollout/ep_len_mean,3670016,1786500034.147601,705.2000122
rollout/ep_len_mean,3702784,1786500039.159587,705.5200195
rollout/ep_len_mean,3735552,1786500044.172123,646.0100098
rollout/ep_len_mean,3768320,1786500049.164589,671.8200073
rollout/ep_len_mean,3801088,1786500054.194334,706.5900269
rollout/ep_len_mean,3833856,1786500059.188021,649.4799805
rollout/ep_len_mean,3866624,1786500064.218760,649.710022
rollout/ep_len_mean,3899392,1786500069.217686,695.4199829
rollout/ep_len_mean,3932160,1786500074.227398,674.5800171
rollout/ep_len_mean,3964928,1786500079.206550,653.7700195
rollout/ep_len_mean,3997696,1786500084.211098,699.75
rollout/ep_len_mean,4030464,1786500089.182771,727.9099731
rollout/ep_len_mean,4063232,1786500094.185472,740.8499756
rollout/ep_len_mean,4096000,1786500099.144563,713.2800293
rollout/ep_len_mean,4128768,1786500104.157920,678.5999756
rollout/ep_len_mean,4161536,1786500109.127699,679.6799927
rollout/ep_len_mean,4194304,1786500114.201015,671.3599854
rollout/ep_len_mean,4227072,1786500119.243267,702.6099854
rollout/ep_len_mean,4259840,1786500124.388015,752.7700195
rollout/ep_len_mean,4292608,1786500129.462999,758.2199707
rollout/ep_len_mean,4325376,1786500134.548413,729.0200195
rollout/ep_len_mean,4358144,1786500139.610457,706.4199829
rollout/ep_len_mean,4390912,1786500144.649962,672.4000244
rollout/ep_len_mean,4423680,1786500149.644075,669.5900269
rollout/ep_len_mean,4456448,1786500154.700254,702.539978
rollout/ep_len_mean,4489216,1786500159.789520,762.7800293
rollout/ep_len_mean,4521984,1786500164.843571,736.4699707
rollout/ep_len_mean,4554752,1786500169.808092,724.0100098
rollout/ep_len_mean,4587520,1786500174.829142,698.8699951
rollout/ep_len_mean,4620288,1786500179.882991,731.2399902
rollout/ep_len_mean,4653056,1786500184.917444,768.6300049
rollout/ep_len_mean,4685824,1786500189.897626,783.9500122
rollout/ep_len_mean,4718592,1786500194.956301,762.5900269
rollout/ep_len_mean,4751360,1786500199.944299,745.1699829
rollout/ep_len_mean,4784128,1786500204.962549,734.0700073
rollout/ep_len_mean,4816896,1786500209.943360,684.8699951
rollout/ep_len_mean,4849664,1786500214.956535,698.4799805
rollout/ep_len_mean,4882432,1786500219.946651,646.1099854
rollout/ep_len_mean,4915200,1786500224.970936,616.0900269
rollout/ep_len_mean,4947968,1786500229.991430,696.5499878
rollout/ep_len_mean,4980736,1786500235.024686,755.0200195
rollout/ep_len_mean,5013504,1786500240.002262,686.460022
rollout/ep_len_mean,5046272,1786500245.026843,694.4799805
rollout/ep_len_mean,5079040,1786500250.019753,742.9299927
rollout/ep_len_mean,5111808,1786500255.188491,804.2700195
rollout/ep_len_mean,5144576,1786500260.241080,806.8699951
rollout/ep_len_mean,5177344,1786500265.328148,820.2800293
rollout/ep_len_mean,5210112,1786500270.383223,826.539978
rollout/ep_len_mean,5242880,1786500275.481664,810.5700073
rollout/ep_len_mean,5275648,1786500280.453790,783.0700073
rollout/ep_len_mean,5308416,1786500285.496974,801.0300293
rollout/ep_len_mean,5341184,1786500290.498207,806.5300293
rollout/ep_len_mean,5373952,1786500295.523973,794.9899902
rollout/ep_len_mean,5406720,1786500300.514907,811.3599854
rollout/ep_len_mean,5439488,1786500305.545688,771.8499756
rollout/ep_len_mean,5472256,1786500310.645648,751.0900269
rollout/ep_len_mean,5505024,1786500315.764813,760.4799805
rollout/ep_len_mean,5537792,1786500320.804795,739.2199707
rollout/ep_len_mean,5570560,1786500325.891708,719.1799927
rollout/ep_len_mean,5603328,1786500330.932310,744.1699829
rollout/ep_len_mean,5636096,1786500335.981960,786.6500244
rollout/ep_len_mean,5668864,1786500341.003223,755.6900024
rollout/ep_len_mean,5701632,1786500346.166127,815.5900269
rollout/ep_len_mean,5734400,1786500351.190538,845.5599976
rollout/ep_len_mean,5767168,1786500356.239305,840.6199951
rollout/ep_len_mean,5799936,1786500361.267569,837.289978
rollout/ep_len_mean,5832704,1786500366.271378,838.9899902
rollout/ep_len_mean,5865472,1786500371.261290,813.1699829
rollout/ep_len_mean,5898240,1786500376.255815,782.3200073
rollout/ep_len_mean,5931008,1786500381.246725,785.710022
rollout/ep_len_mean,5963776,1786500386.258773,789.8499756
rollout/ep_len_mean,5996544,1786500391.270714,766.210022
rollout/ep_len_mean,6029312,1786500396.267579,780.1599731
rollout/ep_len_mean,6062080,1786500401.254778,806.2700195
rollout/ep_len_mean,6094848,1786500406.250701,839.6099854
rollout/ep_len_mean,6127616,1786500411.253854,859.8300171
rollout/ep_len_mean,6160384,1786500416.276356,855.0999756
rollout/ep_len_mean,6193152,1786500421.285932,852.5900269
rollout/ep_len_mean,6225920,1786500426.276549,864.5700073
rollout/ep_len_mean,6258688,1786500431.267338,840.1599731
rollout/ep_len_mean,6291456,1786500436.263267,818.8099976
rollout/ep_len_mean,6324224,1786500441.264760,807.1500244
rollout/ep_len_mean,6356992,1786500446.338406,807.8400269
rollout/ep_len_mean,6389760,1786500451.363804,778.0800171
rollout/ep_len_mean,6422528,1786500456.338270,770.2999878
rollout/ep_len_mean,6455296,1786500461.323570,789.2999878
rollout/ep_len_mean,6488064,1786500466.316035,861.3900146
rollout/ep_len_mean,6520832,1786500471.305781,856.4400024
rollout/ep_len_mean,6553600,1786500476.310608,873.2000122
rollout/ep_len_mean,6586368,1786500481.293809,861.5
rollout/ep_len_mean,6619136,1786500486.289248,845.5800171
rollout/ep_len_mean,6651904,1786500491.290603,845.1799927
rollout/ep_len_mean,6684672,1786500496.294567,875.0599976
rollout/ep_len_mean,6717440,1786500501.280851,860.5
rollout/ep_len_mean,6750208,1786500506.289495,855.789978
rollout/ep_len_mean,6782976,1786500511.298075,814.9099731
rollout/ep_len_mean,6815744,1786500516.332804,770.3800049
rollout/ep_len_mean,6848512,1786500521.305165,768.539978
rollout/ep_len_mean,6881280,1786500526.308248,819.1199951
rollout/ep_len_mean,6914048,1786500531.373262,829.7600098
rollout/ep_len_mean,6946816,1786500536.388387,791.1900024
rollout/ep_len_mean,6979584,1786500541.437657,778.2299805
rollout/ep_len_mean,7012352,1786500546.472074,754.5599976
rollout/ep_len_mean,7045120,1786500551.465643,803.8499756
rollout/ep_len_mean,7077888,1786500556.456333,804.3099976
rollout/ep_len_mean,7110656,1786500561.449756,817.6300049
rollout/ep_len_mean,7143424,1786500566.454256,800.6099854
rollout/ep_len_mean,7176192,1786500571.469921,808.2700195
rollout/ep_len_mean,7208960,1786500576.449229,830.3699951
rollout/ep_len_mean,7241728,1786500581.450958,828.4400024
rollout/ep_len_mean,7274496,1786500586.444731,800.4500122
rollout/ep_len_mean,7307264,1786500591.432576,813.5200195
rollout/ep_len_mean,7340032,1786500596.447391,821.9500122
rollout/ep_len_mean,7372800,1786500601.438236,768.6199951
rollout/ep_len_mean,7405568,1786500606.417792,771.1199951
rollout/ep_len_mean,7438336,1786500611.431870,833.5499878
rollout/ep_len_mean,7471104,1786500616.419231,811.1799927
rollout/ep_len_mean,7503872,1786500621.409453,822.539978
rollout/ep_len_mean,7536640,1786500626.395070,865.5
rollout/ep_len_mean,7569408,1786500631.403206,860.1099854
rollout/ep_len_mean,7602176,1786500636.400542,862.8599854
rollout/ep_len_mean,7634944,1786500641.378759,809.4400024
rollout/ep_len_mean,7667712,1786500646.367658,793.1199951
rollout/ep_len_mean,7700480,1786500651.366190,808.3200073
rollout/ep_len_mean,7733248,1786500656.348816,786.4099731
rollout/ep_len_mean,7766016,1786500661.340290,767.2299805
rollout/ep_len_mean,7798784,1786500666.350389,728.3499756
rollout/ep_len_mean,7831552,1786500671.343890,740.8099976
rollout/ep_len_mean,7864320,1786500676.323788,773.2600098
rollout/ep_len_mean,7897088,1786500681.304481,810.3499756
rollout/ep_len_mean,7929856,1786500686.304021,812.8699951
rollout/ep_len_mean,7962624,1786500691.305778,813.6400146
rollout/ep_len_mean,7995392,1786500696.302233,831.8400269
rollout/ep_len_mean,8028160,1786500701.313361,809.8800049
rollout/ep_rew_mean,32768,1786499480.754993,5.439249039
rollout/ep_rew_mean,65536,1786499485.758759,6.278514862
rollout/ep_rew_mean,98304,1786499490.697997,6.147012711
rollout/ep_rew_mean,131072,1786499495.669135,5.719928265
rollout/ep_rew_mean,163840,1786499500.593681,5.899532318
rollout/ep_rew_mean,196608,1786499505.586158,5.290827274
rollout/ep_rew_mean,229376,1786499510.524591,5.438382149
rollout/ep_rew_mean,262144,1786499515.534877,5.574791908
rollout/ep_rew_mean,294912,1786499520.528748,6.816628933
rollout/ep_rew_mean,327680,1786499525.477579,6.748221397
rollout/ep_rew_mean,360448,1786499530.425964,6.771181583
rollout/ep_rew_mean,393216,1786499535.383718,6.356321335
rollout/ep_rew_mean,425984,1786499540.359331,6.436539173
rollout/ep_rew_mean,458752,1786499545.324365,8.047442436
rollout/ep_rew_mean,491520,1786499550.319761,7.15182972
rollout/ep_rew_mean,524288,1786499555.325408,6.605089188
rollout/ep_rew_mean,557056,1786499560.286014,5.972848415
rollout/ep_rew_mean,589824,1786499565.264022,6.523416042
rollout/ep_rew_mean,622592,1786499570.213339,8.474589348
rollout/ep_rew_mean,655360,1786499575.185624,7.632669926
rollout/ep_rew_mean,688128,1786499580.118049,6.62447691
rollout/ep_rew_mean,720896,1786499585.092490,6.826545238
rollout/ep_rew_mean,753664,1786499590.008879,7.053518772
rollout/ep_rew_mean,786432,1786499594.963527,7.740116596
rollout/ep_rew_mean,819200,1786499599.910395,8.275364876
rollout/ep_rew_mean,851968,1786499604.878942,6.945685863
rollout/ep_rew_mean,884736,1786499609.792895,6.919713497
rollout/ep_rew_mean,917504,1786499614.747671,6.748020172
rollout/ep_rew_mean,950272,1786499619.687373,6.843516827
rollout/ep_rew_mean,983040,1786499624.657638,7.246930122
rollout/ep_rew_mean,1015808,1786499629.627329,7.573011398
rollout/ep_rew_mean,1048576,1786499634.577711,7.202635288
rollout/ep_rew_mean,1081344,1786499639.486810,6.484549522
rollout/ep_rew_mean,1114112,1786499644.425503,7.598727703
rollout/ep_rew_mean,1146880,1786499649.370006,7.760399818
rollout/ep_rew_mean,1179648,1786499654.355064,7.92089653
rollout/ep_rew_mean,1212416,1786499659.288317,7.137589455
rollout/ep_rew_mean,1245184,1786499664.444594,7.097113609
rollout/ep_rew_mean,1277952,1786499669.544708,8.35734272
rollout/ep_rew_mean,1310720,1786499674.707807,6.787115097
rollout/ep_rew_mean,1343488,1786499679.841838,8.599761963
rollout/ep_rew_mean,1376256,1786499684.963908,10.13186932
rollout/ep_rew_mean,1409024,1786499689.915296,10.16284847
rollout/ep_rew_mean,1441792,1786499694.893088,8.776438713
rollout/ep_rew_mean,1474560,1786499699.840768,8.093458176
rollout/ep_rew_mean,1507328,1786499704.815870,8.384553909
rollout/ep_rew_mean,1540096,1786499709.770991,8.101405144
rollout/ep_rew_mean,1572864,1786499714.744851,9.464394569
rollout/ep_rew_mean,1605632,1786499719.705092,10.4848938
rollout/ep_rew_mean,1638400,1786499724.682461,9.054830551
rollout/ep_rew_mean,1671168,1786499729.611603,9.053120613
rollout/ep_rew_mean,1703936,1786499734.585106,9.327219009
rollout/ep_rew_mean,1736704,1786499739.527334,9.439494133
rollout/ep_rew_mean,1769472,1786499744.523485,9.724152565
rollout/ep_rew_mean,1802240,1786499749.486580,10.2052803
rollout/ep_rew_mean,1835008,1786499754.451660,9.939845085
rollout/ep_rew_mean,1867776,1786499759.401821,9.271986008
rollout/ep_rew_mean,1900544,1786499764.414587,9.614927292
rollout/ep_rew_mean,1933312,1786499769.359152,9.610153198
rollout/ep_rew_mean,1966080,1786499774.329342,9.35406208
rollout/ep_rew_mean,1998848,1786499779.260586,10.15584755
rollout/ep_rew_mean,2031616,1786499784.255051,10.64938545
rollout/ep_rew_mean,2064384,1786499789.205384,10.35730457
rollout/ep_rew_mean,2097152,1786499794.220319,9.795302391
rollout/ep_rew_mean,2129920,1786499799.163634,10.12114429
rollout/ep_rew_mean,2162688,1786499804.142252,10.65237522
rollout/ep_rew_mean,2195456,1786499809.091589,11.03634548
rollout/ep_rew_mean,2228224,1786499814.084911,11.38466454
rollout/ep_rew_mean,2260992,1786499819.032265,11.26021099
rollout/ep_rew_mean,2293760,1786499824.015774,10.5506506
rollout/ep_rew_mean,2326528,1786499828.953311,10.23826408
rollout/ep_rew_mean,2359296,1786499833.927266,10.4801178
rollout/ep_rew_mean,2392064,1786499838.874364,10.01989841
rollout/ep_rew_mean,2424832,1786499843.853124,10.87950039
rollout/ep_rew_mean,2457600,1786499848.820270,11.02357483
rollout/ep_rew_mean,2490368,1786499853.829094,11.32719707
rollout/ep_rew_mean,2523136,1786499858.799448,13.80309486
rollout/ep_rew_mean,2555904,1786499863.786102,12.1048193
rollout/ep_rew_mean,2588672,1786499868.735498,10.65602493
rollout/ep_rew_mean,2621440,1786499873.704356,11.49833775
rollout/ep_rew_mean,2654208,1786499878.651683,12.62026978
rollout/ep_rew_mean,2686976,1786499883.646779,11.73814869
rollout/ep_rew_mean,2719744,1786499888.587247,11.55484676
rollout/ep_rew_mean,2752512,1786499893.567786,11.78888893
rollout/ep_rew_mean,2785280,1786499898.502298,11.60091114
rollout/ep_rew_mean,2818048,1786499903.505802,12.07980919
rollout/ep_rew_mean,2850816,1786499908.445954,13.19571018
rollout/ep_rew_mean,2883584,1786499913.466507,14.07418823
rollout/ep_rew_mean,2916352,1786499918.403800,13.260499
rollout/ep_rew_mean,2949120,1786499923.378931,12.49563217
rollout/ep_rew_mean,2981888,1786499928.337656,12.17691231
rollout/ep_rew_mean,3014656,1786499933.321814,11.53283691
rollout/ep_rew_mean,3047424,1786499938.300407,12.63907242
rollout/ep_rew_mean,3080192,1786499943.284343,13.53138733
rollout/ep_rew_mean,3112960,1786499948.291170,13.99281979
rollout/ep_rew_mean,3145728,1786499953.311880,14.65734386
rollout/ep_rew_mean,3178496,1786499958.281562,14.59897327
rollout/ep_rew_mean,3211264,1786499963.283986,13.85901165
rollout/ep_rew_mean,3244032,1786499968.266674,13.43312073
rollout/ep_rew_mean,3276800,1786499973.308646,13.45262241
rollout/ep_rew_mean,3309568,1786499978.253942,13.38067913
rollout/ep_rew_mean,3342336,1786499983.391561,14.26504707
rollout/ep_rew_mean,3375104,1786499988.426705,14.17788315
rollout/ep_rew_mean,3407872,1786499993.588828,13.20704079
rollout/ep_rew_mean,3440640,1786499998.779940,12.70458603
rollout/ep_rew_mean,3473408,1786500003.976790,13.66674805
rollout/ep_rew_mean,3506176,1786500009.040954,14.37674522
rollout/ep_rew_mean,3538944,1786500014.110632,14.35934162
rollout/ep_rew_mean,3571712,1786500019.098936,14.1780901
rollout/ep_rew_mean,3604480,1786500024.113739,14.19586563
rollout/ep_rew_mean,3637248,1786500029.105846,13.36557388
rollout/ep_rew_mean,3670016,1786500034.147618,13.30471134
rollout/ep_rew_mean,3702784,1786500039.159604,13.56245232
rollout/ep_rew_mean,3735552,1786500044.172142,12.79416847
rollout/ep_rew_mean,3768320,1786500049.164607,13.06794739
rollout/ep_rew_mean,3801088,1786500054.194351,13.81136608
rollout/ep_rew_mean,3833856,1786500059.188039,12.72381496
rollout/ep_rew_mean,3866624,1786500064.218784,12.82437706
rollout/ep_rew_mean,3899392,1786500069.217703,13.6578474
rollout/ep_rew_mean,3932160,1786500074.227418,13.63451004
rollout/ep_rew_mean,3964928,1786500079.206567,13.14263153
rollout/ep_rew_mean,3997696,1786500084.211115,13.4676733
rollout/ep_rew_mean,4030464,1786500089.182788,14.05330849
rollout/ep_rew_mean,4063232,1786500094.185489,14.77034855
rollout/ep_rew_mean,4096000,1786500099.144581,14.17197418
rollout/ep_rew_mean,4128768,1786500104.157943,13.3819313
rollout/ep_rew_mean,4161536,1786500109.127717,13.25868797
rollout/ep_rew_mean,4194304,1786500114.201032,13.67583942
rollout/ep_rew_mean,4227072,1786500119.243283,14.76411438
rollout/ep_rew_mean,4259840,1786500124.388033,15.34677505
rollout/ep_rew_mean,4292608,1786500129.463016,15.46660805
rollout/ep_rew_mean,4325376,1786500134.548431,15.03758526
rollout/ep_rew_mean,4358144,1786500139.610474,14.40642738
rollout/ep_rew_mean,4390912,1786500144.649980,13.29182148
rollout/ep_rew_mean,4423680,1786500149.644092,13.2533474
rollout/ep_rew_mean,4456448,1786500154.700273,14.53134727
rollout/ep_rew_mean,4489216,1786500159.789536,15.71747398
rollout/ep_rew_mean,4521984,1786500164.843587,14.85717392
rollout/ep_rew_mean,4554752,1786500169.808110,14.76631832
rollout/ep_rew_mean,4587520,1786500174.829159,13.84028435
rollout/ep_rew_mean,4620288,1786500179.883016,14.64328098
rollout/ep_rew_mean,4653056,1786500184.917460,15.70048618
rollout/ep_rew_mean,4685824,1786500189.897643,16.04463577
rollout/ep_rew_mean,4718592,1786500194.956318,15.64768791
rollout/ep_rew_mean,4751360,1786500199.944316,15.3800869
rollout/ep_rew_mean,4784128,1786500204.962565,15.37779331
rollout/ep_rew_mean,4816896,1786500209.943377,14.27454185
rollout/ep_rew_mean,4849664,1786500214.956552,14.47146988
rollout/ep_rew_mean,4882432,1786500219.946668,13.11429691
rollout/ep_rew_mean,4915200,1786500224.970953,12.68891716
rollout/ep_rew_mean,4947968,1786500229.991447,14.49593449
rollout/ep_rew_mean,4980736,1786500235.024703,16.01030922
rollout/ep_rew_mean,5013504,1786500240.002281,14.18196106
rollout/ep_rew_mean,5046272,1786500245.026861,13.97618294
rollout/ep_rew_mean,5079040,1786500250.019770,15.21256161
rollout/ep_rew_mean,5111808,1786500255.188508,16.95651054
rollout/ep_rew_mean,5144576,1786500260.241099,17.22043419
rollout/ep_rew_mean,5177344,1786500265.328174,17.14989281
rollout/ep_rew_mean,5210112,1786500270.383239,17.34355354
rollout/ep_rew_mean,5242880,1786500275.481682,17.35779762
rollout/ep_rew_mean,5275648,1786500280.453808,16.78165436
rollout/ep_rew_mean,5308416,1786500285.496994,16.72269249
rollout/ep_rew_mean,5341184,1786500290.498223,17.14695358
rollout/ep_rew_mean,5373952,1786500295.523989,16.79296494
rollout/ep_rew_mean,5406720,1786500300.514926,17.25628853
rollout/ep_rew_mean,5439488,1786500305.545706,16.20768356
rollout/ep_rew_mean,5472256,1786500310.645665,15.85560608
rollout/ep_rew_mean,5505024,1786500315.764830,16.29528999
rollout/ep_rew_mean,5537792,1786500320.804822,15.89391804
rollout/ep_rew_mean,5570560,1786500325.891726,15.35101509
rollout/ep_rew_mean,5603328,1786500330.932327,15.99858761
rollout/ep_rew_mean,5636096,1786500335.981977,16.89873505
rollout/ep_rew_mean,5668864,1786500341.003240,16.51024246
rollout/ep_rew_mean,5701632,1786500346.166148,17.32503128
rollout/ep_rew_mean,5734400,1786500351.190555,18.12639999
rollout/ep_rew_mean,5767168,1786500356.239324,17.9521656
rollout/ep_rew_mean,5799936,1786500361.267586,18.15901947
rollout/ep_rew_mean,5832704,1786500366.271396,18.55900192
rollout/ep_rew_mean,5865472,1786500371.261307,17.66412163
rollout/ep_rew_mean,5898240,1786500376.255831,16.65459633
rollout/ep_rew_mean,5931008,1786500381.246744,16.9967823
rollout/ep_rew_mean,5963776,1786500386.258789,17.12673759
rollout/ep_rew_mean,5996544,1786500391.270731,16.32933998
rollout/ep_rew_mean,6029312,1786500396.267596,16.87499046
rollout/ep_rew_mean,6062080,1786500401.254795,17.74046707
rollout/ep_rew_mean,6094848,1786500406.250721,18.25542641
rollout/ep_rew_mean,6127616,1786500411.253871,18.85549927
rollout/ep_rew_mean,6160384,1786500416.276397,19.15501404
rollout/ep_rew_mean,6193152,1786500421.285950,18.45070839
rollout/ep_rew_mean,6225920,1786500426.276568,18.72655106
rollout/ep_rew_mean,6258688,1786500431.267356,18.6193924
rollout/ep_rew_mean,6291456,1786500436.263284,18.33855057
rollout/ep_rew_mean,6324224,1786500441.264777,17.69310188
rollout/ep_rew_mean,6356992,1786500446.338423,17.43403816
rollout/ep_rew_mean,6389760,1786500451.363824,16.48646355
rollout/ep_rew_mean,6422528,1786500456.338285,16.41263008
rollout/ep_rew_mean,6455296,1786500461.323588,17.44939613
rollout/ep_rew_mean,6488064,1786500466.316057,19.28076172
rollout/ep_rew_mean,6520832,1786500471.305801,18.84465027
rollout/ep_rew_mean,6553600,1786500476.310625,19.19705963
rollout/ep_rew_mean,6586368,1786500481.293826,19.09010887
rollout/ep_rew_mean,6619136,1786500486.289264,18.94541168
rollout/ep_rew_mean,6651904,1786500491.290620,18.75954628
rollout/ep_rew_mean,6684672,1786500496.294586,19.50049782
rollout/ep_rew_mean,6717440,1786500501.280871,19.3494091
rollout/ep_rew_mean,6750208,1786500506.289511,19.18473625
rollout/ep_rew_mean,6782976,1786500511.298093,18.23120117
rollout/ep_rew_mean,6815744,1786500516.332837,17.25682068
rollout/ep_rew_mean,6848512,1786500521.305181,17.38870621
rollout/ep_rew_mean,6881280,1786500526.308265,18.44459152
rollout/ep_rew_mean,6914048,1786500531.373280,18.67103767
rollout/ep_rew_mean,6946816,1786500536.388405,17.99251556
rollout/ep_rew_mean,6979584,1786500541.437680,17.86484337
rollout/ep_rew_mean,7012352,1786500546.472095,17.0369606
rollout/ep_rew_mean,7045120,1786500551.465659,18.10965347
rollout/ep_rew_mean,7077888,1786500556.456349,17.90072441
rollout/ep_rew_mean,7110656,1786500561.449773,18.76616478
rollout/ep_rew_mean,7143424,1786500566.454275,18.58749199
rollout/ep_rew_mean,7176192,1786500571.469938,18.1852169
rollout/ep_rew_mean,7208960,1786500576.449246,18.28779602
rollout/ep_rew_mean,7241728,1786500581.450974,18.16781616
rollout/ep_rew_mean,7274496,1786500586.444748,18.4229641
rollout/ep_rew_mean,7307264,1786500591.432597,18.61501312
rollout/ep_rew_mean,7340032,1786500596.447416,18.79084778
rollout/ep_rew_mean,7372800,1786500601.438253,17.14116478
rollout/ep_rew_mean,7405568,1786500606.417808,17.30459976
rollout/ep_rew_mean,7438336,1786500611.431887,18.57528877
rollout/ep_rew_mean,7471104,1786500616.419249,18.62418747
rollout/ep_rew_mean,7503872,1786500621.409470,19.09439659
rollout/ep_rew_mean,7536640,1786500626.395089,20.33239746
rollout/ep_rew_mean,7569408,1786500631.403223,20.15440559
rollout/ep_rew_mean,7602176,1786500636.400581,20.36720657
rollout/ep_rew_mean,7634944,1786500641.378776,18.91367722
rollout/ep_rew_mean,7667712,1786500646.367675,18.83890533
rollout/ep_rew_mean,7700480,1786500651.366206,19.02081108
rollout/ep_rew_mean,7733248,1786500656.348836,18.28028488
rollout/ep_rew_mean,7766016,1786500661.340310,17.83075523
rollout/ep_rew_mean,7798784,1786500666.350406,17.21698761
rollout/ep_rew_mean,7831552,1786500671.343905,17.29551506
rollout/ep_rew_mean,7864320,1786500676.323804,18.2583046
rollout/ep_rew_mean,7897088,1786500681.304498,19.23238945
rollout/ep_rew_mean,7929856,1786500686.304038,19.1159935
rollout/ep_rew_mean,7962624,1786500691.305797,18.88733292
rollout/ep_rew_mean,7995392,1786500696.302249,19.06785202
rollout/ep_rew_mean,8028160,1786500701.313378,18.26324272
time/fps,32768,1786499480.755006,12999
time/fps,65536,1786499485.758765,8709
time/fps,98304,1786499490.698002,7887
time/fps,131072,1786499495.669139,7517
time/fps,163840,1786499500.593686,7327
time/fps,196608,1786499505.586163,7188
time/fps,229376,1786499510.524596,7103
time/fps,262144,1786499515.534882,7027
time/fps,294912,1786499520.528753,6972
time/fps,327680,1786499525.477585,6935
time/fps,360448,1786499530.425969,6906
time/fps,393216,1786499535.383724,6880
time/fps,425984,1786499540.359336,6856
time/fps,458752,1786499545.324370,6837
time/fps,491520,1786499550.319766,6818
time/fps,524288,1786499555.325413,6800
time/fps,557056,1786499560.286019,6789
time/fps,589824,1786499565.264027,6777
time/fps,622592,1786499570.213345,6768
time/fps,655360,1786499575.185629,6759
time/fps,688128,1786499580.118054,6754
time/fps,720896,1786499585.092495,6746
time/fps,753664,1786499590.008884,6742
time/fps,786432,1786499594.963532,6737
time/fps,819200,1786499599.910400,6732
time/fps,851968,1786499604.878947,6727
time/fps,884736,1786499609.792900,6725
time/fps,917504,1786499614.747676,6720
time/fps,950272,1786499619.687378,6717
time/fps,983040,1786499624.657643,6713
time/fps,1015808,1786499629.627336,6709
time/fps,1048576,1786499634.577716,6706
time/fps,1081344,1786499639.486815,6705
time/fps,1114112,1786499644.425508,6703
time/fps,1146880,1786499649.370012,6701
time/fps,1179648,1786499654.355069,6697
time/fps,1212416,1786499659.288322,6696
time/fps,1245184,1786499664.444601,6686
time/fps,1277952,1786499669.544713,6679
time/fps,1310720,1786499674.707815,6671
time/fps,1343488,1786499679.841843,6663
time/fps,1376256,1786499684.963915,6657
time/fps,1409024,1786499689.915301,6656
time/fps,1441792,1786499694.893093,6654
time/fps,1474560,1786499699.840772,6653
time/fps,1507328,1786499704.815875,6652
time/fps,1540096,1786499709.770996,6651
time/fps,1572864,1786499714.744856,6650
time/fps,1605632,1786499719.705097,6649
time/fps,1638400,1786499724.682467,6648
time/fps,1671168,1786499729.611608,6648
time/fps,1703936,1786499734.585112,6646
time/fps,1736704,1786499739.527340,6646
time/fps,1769472,1786499744.523490,6644
time/fps,1802240,1786499749.486585,6644
time/fps,1835008,1786499754.451666,6643
time/fps,1867776,1786499759.401829,6642
time/fps,1900544,1786499764.414592,6641
time/fps,1933312,1786499769.359157,6640
time/fps,1966080,1786499774.329347,6640
time/fps,1998848,1786499779.260591,6640
time/fps,2031616,1786499784.255057,6638
time/fps,2064384,1786499789.205389,6638
time/fps,2097152,1786499794.220324,6636
time/fps,2129920,1786499799.163640,6636
time/fps,2162688,1786499804.142257,6635
time/fps,2195456,1786499809.091594,6635
time/fps,2228224,1786499814.084915,6634
time/fps,2260992,1786499819.032270,6634
time/fps,2293760,1786499824.015779,6633
time/fps,2326528,1786499828.953316,6633
time/fps,2359296,1786499833.927271,6632
time/fps,2392064,1786499838.874369,6632
time/fps,2424832,1786499843.853130,6632
time/fps,2457600,1786499848.820275,6631
time/fps,2490368,1786499853.829098,6630
time/fps,2523136,1786499858.799454,6629
time/fps,2555904,1786499863.786107,6629
time/fps,2588672,1786499868.735503,6629
time/fps,2621440,1786499873.704361,6628
time/fps,2654208,1786499878.651688,6628
time/fps,2686976,1786499883.646784,6627
time/fps,2719744,1786499888.587252,6627
time/fps,2752512,1786499893.567791,6627
time/fps,2785280,1786499898.502303,6627
time/fps,2818048,1786499903.505807,6626
time/fps,2850816,1786499908.445959,6626
time/fps,2883584,1786499913.466513,6625
time/fps,2916352,1786499918.403805,6625
time/fps,2949120,1786499923.378936,6625
time/fps,2981888,1786499928.337661,6624
time/fps,3014656,1786499933.321819,6624
time/fps,3047424,1786499938.300412,6623
time/fps,3080192,1786499943.284348,6623
time/fps,3112960,1786499948.291175,6622
time/fps,3145728,1786499953.311885,6621
time/fps,3178496,1786499958.281566,6621
time/fps,3211264,1786499963.283991,6620
time/fps,3244032,1786499968.266679,6620
time/fps,3276800,1786499973.308651,6618
time/fps,3309568,1786499978.253947,6618
time/fps,3342336,1786499983.391568,6616
time/fps,3375104,1786499988.426710,6615
time/fps,3407872,1786499993.588837,6612
time/fps,3440640,1786499998.779946,6609
time/fps,3473408,1786500003.976797,6606
time/fps,3506176,1786500009.040959,6605
time/fps,3538944,1786500014.110636,6604
time/fps,3571712,1786500019.098941,6603
time/fps,3604480,1786500024.113744,6603
time/fps,3637248,1786500029.105851,6602
time/fps,3670016,1786500034.147623,6601
time/fps,3702784,1786500039.159609,6601
time/fps,3735552,1786500044.172148,6600
time/fps,3768320,1786500049.164612,6600
time/fps,3801088,1786500054.194357,6599
time/fps,3833856,1786500059.188043,6599
time/fps,3866624,1786500064.218789,6598
time/fps,3899392,1786500069.217708,6598
time/fps,3932160,1786500074.227424,6597
time/fps,3964928,1786500079.206571,6597
time/fps,3997696,1786500084.211120,6597
time/fps,4030464,1786500089.182793,6597
time/fps,4063232,1786500094.185494,6596
time/fps,4096000,1786500099.144586,6596
time/fps,4128768,1786500104.157949,6596
time/fps,4161536,1786500109.127722,6596
time/fps,4194304,1786500114.201037,6595
time/fps,4227072,1786500119.243288,6594
time/fps,4259840,1786500124.388038,6592
time/fps,4292608,1786500129.463021,6591
time/fps,4325376,1786500134.548437,6590
time/fps,4358144,1786500139.610479,6589
time/fps,4390912,1786500144.649985,6588
time/fps,4423680,1786500149.644097,6588
time/fps,4456448,1786500154.700278,6587
time/fps,4489216,1786500159.789541,6586
time/fps,4521984,1786500164.843592,6585
time/fps,4554752,1786500169.808115,6586
time/fps,4587520,1786500174.829164,6585
time/fps,4620288,1786500179.883021,6584
time/fps,4653056,1786500184.917466,6584
time/fps,4685824,1786500189.897648,6584
time/fps,4718592,1786500194.956323,6583
time/fps,4751360,1786500199.944321,6583
time/fps,4784128,1786500204.962570,6583
time/fps,4816896,1786500209.943384,6583
time/fps,4849664,1786500214.956557,6582
time/fps,4882432,1786500219.946673,6582
time/fps,4915200,1786500224.970958,6582
time/fps,4947968,1786500229.991451,6581
time/fps,4980736,1786500235.024708,6581
time/fps,5013504,1786500240.002286,6581
time/fps,5046272,1786500245.026866,6581
time/fps,5079040,1786500250.019775,6580
time/fps,5111808,1786500255.188514,6579
time/fps,5144576,1786500260.241104,6578
time/fps,5177344,1786500265.328179,6577
time/fps,5210112,1786500270.383244,6577
time/fps,5242880,1786500275.481688,6576
time/fps,5275648,1786500280.453813,6576
time/fps,5308416,1786500285.496999,6575
time/fps,5341184,1786500290.498229,6575
time/fps,5373952,1786500295.523994,6575
time/fps,5406720,1786500300.514931,6575
time/fps,5439488,1786500305.545711,6574
time/fps,5472256,1786500310.645670,6573
time/fps,5505024,1786500315.764835,6572
time/fps,5537792,1786500320.804827,6572
time/fps,5570560,1786500325.891731,6571
time/fps,5603328,1786500330.932332,6571
time/fps,5636096,1786500335.981982,6570
time/fps,5668864,1786500341.003245,6570
time/fps,5701632,1786500346.166154,6569
time/fps,5734400,1786500351.190560,6568
time/fps,5767168,1786500356.239329,6568
time/fps,5799936,1786500361.267591,6568
time/fps,5832704,1786500366.271401,6568
time/fps,5865472,1786500371.261312,6568
time/fps,5898240,1786500376.255836,6568
time/fps,5931008,1786500381.246750,6568
time/fps,5963776,1786500386.258794,6567
time/fps,5996544,1786500391.270736,6567
time/fps,6029312,1786500396.267601,6567
time/fps,6062080,1786500401.254800,6567
time/fps,6094848,1786500406.250726,6567
time/fps,6127616,1786500411.253876,6567
time/fps,6160384,1786500416.276404,6567
time/fps,6193152,1786500421.285956,6567
time/fps,6225920,1786500426.276573,6567
time/fps,6258688,1786500431.267361,6567
time/fps,6291456,1786500436.263289,6567
time/fps,6324224,1786500441.264782,6567
time/fps,6356992,1786500446.338428,6566
time/fps,6389760,1786500451.363831,6566
time/fps,6422528,1786500456.338290,6566
time/fps,6455296,1786500461.323593,6566
time/fps,6488064,1786500466.316063,6566
time/fps,6520832,1786500471.305808,6566
time/fps,6553600,1786500476.310629,6566
time/fps,6586368,1786500481.293831,6566
time/fps,6619136,1786500486.289269,6566
time/fps,6651904,1786500491.290625,6566
time/fps,6684672,1786500496.294591,6566
time/fps,6717440,1786500501.280877,6566
time/fps,6750208,1786500506.289516,6565
time/fps,6782976,1786500511.298098,6565
time/fps,6815744,1786500516.332843,6565
time/fps,6848512,1786500521.305186,6565
time/fps,6881280,1786500526.308270,6565
time/fps,6914048,1786500531.373285,6565
time/fps,6946816,1786500536.388410,6565
time/fps,6979584,1786500541.437685,6564
time/fps,7012352,1786500546.472100,6564
time/fps,7045120,1786500551.465664,6564
time/fps,7077888,1786500556.456354,6564
time/fps,7110656,1786500561.449778,6564
time/fps,7143424,1786500566.454280,6564
time/fps,7176192,1786500571.469943,6564
time/fps,7208960,1786500576.449250,6564
time/fps,7241728,1786500581.450979,6564
time/fps,7274496,1786500586.444753,6564
time/fps,7307264,1786500591.432602,6564
time/fps,7340032,1786500596.447422,6564
time/fps,7372800,1786500601.438258,6564
time/fps,7405568,1786500606.417813,6564
time/fps,7438336,1786500611.431891,6564
time/fps,7471104,1786500616.419254,6564
time/fps,7503872,1786500621.409475,6564
time/fps,7536640,1786500626.395094,6564
time/fps,7569408,1786500631.403227,6564
time/fps,7602176,1786500636.400591,6563
time/fps,7634944,1786500641.378781,6564
time/fps,7667712,1786500646.367680,6564
time/fps,7700480,1786500651.366211,6564
time/fps,7733248,1786500656.348841,6564
time/fps,7766016,1786500661.340316,6564
time/fps,7798784,1786500666.350411,6563
time/fps,7831552,1786500671.343910,6563
time/fps,7864320,1786500676.323809,6564
time/fps,7897088,1786500681.304503,6564
time/fps,7929856,1786500686.304043,6564
time/fps,7962624,1786500691.305803,6564
time/fps,7995392,1786500696.302254,6563
time/fps,8028160,1786500701.313384,6563
train/approx_kl,65536,1786499485.758770,0.03844656795
train/approx_kl,98304,1786499490.698007,0.03942740709
train/approx_kl,131072,1786499495.669144,0.03986015916
train/approx_kl,163840,1786499500.593691,0.03889662772
train/approx_kl,196608,1786499505.586168,0.03965486586
train/approx_kl,229376,1786499510.524600,0.03919497877
train/approx_kl,262144,1786499515.534887,0.03976617381
train/approx_kl,294912,1786499520.528758,0.03797035292
train/approx_kl,327680,1786499525.477589,0.04049209505
train/approx_kl,360448,1786499530.425973,0.04063660651
train/approx_kl,393216,1786499535.383728,0.04118562862
train/approx_kl,425984,1786499540.359341,0.04078134894
train/approx_kl,458752,1786499545.324375,0.04168914258
train/approx_kl,491520,1786499550.319771,0.04261286929
train/approx_kl,524288,1786499555.325418,0.0404583253
train/approx_kl,557056,1786499560.286024,0.04210756719
train/approx_kl,589824,1786499565.264031,0.04114880413
train/approx_kl,622592,1786499570.213350,0.04101315513
train/approx_kl,655360,1786499575.185633,0.04418057948
train/approx_kl,688128,1786499580.118059,0.04324148968
train/approx_kl,720896,1786499585.092499,0.04464751855
train/approx_kl,753664,1786499590.008889,0.04358558357
train/approx_kl,786432,1786499594.963537,0.04368364438
train/approx_kl,819200,1786499599.910405,0.04336006939
train/approx_kl,851968,1786499604.878952,0.04424276203
train/approx_kl,884736,1786499609.792904,0.04393560439
train/approx_kl,917504,1786499614.747680,0.04549054801
train/approx_kl,950272,1786499619.687383,0.04172852635
train/approx_kl,983040,1786499624.657648,0.04385861754
train/approx_kl,1015808,1786499629.627342,0.04707992449
train/approx_kl,1048576,1786499634.577721,0.04528458044
train/approx_kl,1081344,1786499639.486820,0.04450983554
train/approx_kl,1114112,1786499644.425512,0.04493330419
train/approx_kl,1146880,1786499649.370016,0.04473567009
train/approx_kl,1179648,1786499654.355079,0.04477459565
train/approx_kl,1212416,1786499659.288326,0.04539521039
train/approx_kl,1245184,1786499664.444606,0.04595722258
train/approx_kl,1277952,1786499669.544718,0.04417057335
train/approx_kl,1310720,1786499674.707821,0.04538858682
train/approx_kl,1343488,1786499679.841847,0.04716163129
train/approx_kl,1376256,1786499684.963921,0.04789797217
train/approx_kl,1409024,1786499689.915306,0.0465384908
train/approx_kl,1441792,1786499694.893098,0.04770475626
train/approx_kl,1474560,1786499699.840777,0.0464274399
train/approx_kl,1507328,1786499704.815879,0.04661355168
train/approx_kl,1540096,1786499709.771000,0.04668541998
train/approx_kl,1572864,1786499714.744861,0.04822043702
train/approx_kl,1605632,1786499719.705101,0.04834957793
train/approx_kl,1638400,1786499724.682471,0.04942778498
train/approx_kl,1671168,1786499729.611613,0.0497601144
train/approx_kl,1703936,1786499734.585118,0.0483077988
train/approx_kl,1736704,1786499739.527344,0.04931188375
train/approx_kl,1769472,1786499744.523495,0.04891697317
train/approx_kl,1802240,1786499749.486589,0.04816643894
train/approx_kl,1835008,1786499754.451671,0.04817999154
train/approx_kl,1867776,1786499759.401835,0.05002830178
train/approx_kl,1900544,1786499764.414597,0.05074717104
train/approx_kl,1933312,1786499769.359162,0.05212453008
train/approx_kl,1966080,1786499774.329351,0.04993743822
train/approx_kl,1998848,1786499779.260595,0.05043569952
train/approx_kl,2031616,1786499784.255061,0.05062261224
train/approx_kl,2064384,1786499789.205394,0.0492493771
train/approx_kl,2097152,1786499794.220328,0.05182800442
train/approx_kl,2129920,1786499799.163646,0.05049904808
train/approx_kl,2162688,1786499804.142262,0.05150615796
train/approx_kl,2195456,1786499809.091599,0.0520169735
train/approx_kl,2228224,1786499814.084920,0.05323845148
train/approx_kl,2260992,1786499819.032275,0.05443998054
train/approx_kl,2293760,1786499824.015783,0.05212961137
train/approx_kl,2326528,1786499828.953321,0.05026087165
train/approx_kl,2359296,1786499833.927276,0.0541100204
train/approx_kl,2392064,1786499838.874374,0.05372472107
train/approx_kl,2424832,1786499843.853134,0.05047761649
train/approx_kl,2457600,1786499848.820280,0.05431121588
train/approx_kl,2490368,1786499853.829103,0.0525790453
train/approx_kl,2523136,1786499858.799458,0.05640853196
train/approx_kl,2555904,1786499863.786112,0.0527872555
train/approx_kl,2588672,1786499868.735507,0.05591037124
train/approx_kl,2621440,1786499873.704366,0.05591724813
train/approx_kl,2654208,1786499878.651692,0.05343995988
train/approx_kl,2686976,1786499883.646788,0.05616954714
train/approx_kl,2719744,1786499888.587257,0.05477673188
train/approx_kl,2752512,1786499893.567795,0.05620295182
train/approx_kl,2785280,1786499898.502308,0.05627855659
train/approx_kl,2818048,1786499903.505812,0.05539745837
train/approx_kl,2850816,1786499908.445964,0.05748584867
train/approx_kl,2883584,1786499913.466519,0.0565187484
train/approx_kl,2916352,1786499918.403810,0.05623366684
train/approx_kl,2949120,1786499923.378940,0.05706643686
train/approx_kl,2981888,1786499928.337666,0.0586207062
train/approx_kl,3014656,1786499933.321823,0.05916586891
train/approx_kl,3047424,1786499938.300417,0.05660628155
train/approx_kl,3080192,1786499943.284352,0.05853085965
train/approx_kl,3112960,1786499948.291179,0.05758818612
train/approx_kl,3145728,1786499953.311889,0.05833244324
train/approx_kl,3178496,1786499958.281571,0.05455356464
train/approx_kl,3211264,1786499963.283996,0.05954571813
train/approx_kl,3244032,1786499968.266683,0.05833300576
train/approx_kl,3276800,1786499973.308655,0.058569327
train/approx_kl,3309568,1786499978.253951,0.05969044566
train/approx_kl,3342336,1786499983.391574,0.05900201201
train/approx_kl,3375104,1786499988.426715,0.06071104482
train/approx_kl,3407872,1786499993.588842,0.0637768358
train/approx_kl,3440640,1786499998.779951,0.06107741967
train/approx_kl,3473408,1786500003.976803,0.06035492197
train/approx_kl,3506176,1786500009.040964,0.06192851812
train/approx_kl,3538944,1786500014.110641,0.06167767942
train/approx_kl,3571712,1786500019.098945,0.06360058486
train/approx_kl,3604480,1786500024.113748,0.0581308268
train/approx_kl,3637248,1786500029.105855,0.06005723774
train/approx_kl,3670016,1786500034.147628,0.06421080232
train/approx_kl,3702784,1786500039.159614,0.06157490611
train/approx_kl,3735552,1786500044.172153,0.06653060019
train/approx_kl,3768320,1786500049.164617,0.06532369554
train/approx_kl,3801088,1786500054.194361,0.06205612049
train/approx_kl,3833856,1786500059.188048,0.06168716401
train/approx_kl,3866624,1786500064.218794,0.06182056665
train/approx_kl,3899392,1786500069.217712,0.06256596744
train/approx_kl,3932160,1786500074.227430,0.06517787278
train/approx_kl,3964928,1786500079.206576,0.06362596154
train/approx_kl,3997696,1786500084.211124,0.06252773106
train/approx_kl,4030464,1786500089.182798,0.0610380657
train/approx_kl,4063232,1786500094.185498,0.06764733791
train/approx_kl,4096000,1786500099.144590,0.06526894867
train/approx_kl,4128768,1786500104.157955,0.06436519325
train/approx_kl,4161536,1786500109.127726,0.06319507957
train/approx_kl,4194304,1786500114.201042,0.06548339128
train/approx_kl,4227072,1786500119.243293,0.06494574994
train/approx_kl,4259840,1786500124.388043,0.06557837129
train/approx_kl,4292608,1786500129.463025,0.06729353964
train/approx_kl,4325376,1786500134.548442,0.067160815
train/approx_kl,4358144,1786500139.610484,0.06514437497
train/approx_kl,4390912,1786500144.649990,0.06451308727
train/approx_kl,4423680,1786500149.644102,0.06823481619
train/approx_kl,4456448,1786500154.700282,0.06632975489
train/approx_kl,4489216,1786500159.789545,0.06680627912
train/approx_kl,4521984,1786500164.843596,0.06657037139
train/approx_kl,4554752,1786500169.808120,0.06345118582
train/approx_kl,4587520,1786500174.829168,0.06663899869
train/approx_kl,4620288,1786500179.883027,0.06602735817
train/approx_kl,4653056,1786500184.917470,0.06618576497
train/approx_kl,4685824,1786500189.897652,0.06782700121
train/approx_kl,4718592,1786500194.956328,0.0689214915
train/approx_kl,4751360,1786500199.944326,0.06910638511
train/approx_kl,4784128,1786500204.962575,0.06737796962
train/approx_kl,4816896,1786500209.943389,0.06471611559
train/approx_kl,4849664,1786500214.956562,0.06738816202
train/approx_kl,4882432,1786500219.946678,0.06696978211
train/approx_kl,4915200,1786500224.970963,0.06793111563
train/approx_kl,4947968,1786500229.991456,0.06996776164
train/approx_kl,4980736,1786500235.024712,0.06672808528
train/approx_kl,5013504,1786500240.002291,0.07216339558
train/approx_kl,5046272,1786500245.026871,0.06803226471
train/approx_kl,5079040,1786500250.019779,0.06781156361
train/approx_kl,5111808,1786500255.188518,0.07040002197
train/approx_kl,5144576,1786500260.241109,0.07085263729
train/approx_kl,5177344,1786500265.328184,0.06733328104
train/approx_kl,5210112,1786500270.383249,0.07323551923
train/approx_kl,5242880,1786500275.481693,0.06959420443
train/approx_kl,5275648,1786500280.453817,0.0692518726
train/approx_kl,5308416,1786500285.497004,0.06980118155
train/approx_kl,5341184,1786500290.498233,0.07075452805
train/approx_kl,5373952,1786500295.523999,0.07101911306
train/approx_kl,5406720,1786500300.514936,0.06700225174
train/approx_kl,5439488,1786500305.545716,0.06904295832
train/approx_kl,5472256,1786500310.645675,0.07402223349
train/approx_kl,5505024,1786500315.764840,0.07193412632
train/approx_kl,5537792,1786500320.804831,0.07050551474
train/approx_kl,5570560,1786500325.891736,0.07277507335
train/approx_kl,5603328,1786500330.932336,0.06898748875
train/approx_kl,5636096,1786500335.981986,0.07223491371
train/approx_kl,5668864,1786500341.003249,0.0728950277
train/approx_kl,5701632,1786500346.166159,0.06684449315
train/approx_kl,5734400,1786500351.190564,0.07080776244
train/approx_kl,5767168,1786500356.239334,0.07330040634
train/approx_kl,5799936,1786500361.267595,0.07521371543
train/approx_kl,5832704,1786500366.271405,0.07757791877
train/approx_kl,5865472,1786500371.261317,0.07031677663
train/approx_kl,5898240,1786500376.255840,0.07022285461
train/approx_kl,5931008,1786500381.246756,0.07239732146
train/approx_kl,5963776,1786500386.258799,0.07321008295
train/approx_kl,5996544,1786500391.270741,0.07009315491
train/approx_kl,6029312,1786500396.267605,0.06935675442
train/approx_kl,6062080,1786500401.254804,0.07455252111
train/approx_kl,6094848,1786500406.250731,0.07895600796
train/approx_kl,6127616,1786500411.253881,0.07477530837
train/approx_kl,6160384,1786500416.276410,0.0727917403
train/approx_kl,6193152,1786500421.285960,0.07591174543
train/approx_kl,6225920,1786500426.276577,0.07160957158
train/approx_kl,6258688,1786500431.267366,0.07484294474
train/approx_kl,6291456,1786500436.263293,0.07326754928
train/approx_kl,6324224,1786500441.264786,0.07538360357
train/approx_kl,6356992,1786500446.338433,0.07469601929
train/approx_kl,6389760,1786500451.363836,0.07477852702
train/approx_kl,6422528,1786500456.338295,0.07555282116
train/approx_kl,6455296,1786500461.323597,0.07697100192
train/approx_kl,6488064,1786500466.316067,0.08189974725
train/approx_kl,6520832,1786500471.305814,0.0764900744
train/approx_kl,6553600,1786500476.310634,0.07731212676
train/approx_kl,6586368,1786500481.293836,0.07743807137
train/approx_kl,6619136,1786500486.289273,0.07211592793
train/approx_kl,6651904,1786500491.290629,0.07720647752
train/approx_kl,6684672,1786500496.294595,0.0784265548
train/approx_kl,6717440,1786500501.280883,0.07508419454
train/approx_kl,6750208,1786500506.289521,0.07442848384
train/approx_kl,6782976,1786500511.298103,0.07992574573
train/approx_kl,6815744,1786500516.332848,0.0741179511
train/approx_kl,6848512,1786500521.305191,0.0752068609
train/approx_kl,6881280,1786500526.308274,0.07685139775
train/approx_kl,6914048,1786500531.373289,0.07790477574
train/approx_kl,6946816,1786500536.388414,0.07560293376
train/approx_kl,6979584,1786500541.437689,0.07858135551
train/approx_kl,7012352,1786500546.472105,0.0744233802
train/approx_kl,7045120,1786500551.465669,0.07961877435
train/approx_kl,7077888,1786500556.456359,0.07950548828
train/approx_kl,7110656,1786500561.449782,0.08321163058
train/approx_kl,7143424,1786500566.454284,0.07661314309
train/approx_kl,7176192,1786500571.469947,0.07986858487
train/approx_kl,7208960,1786500576.449255,0.07614503056
train/approx_kl,7241728,1786500581.450983,0.0791836381
train/approx_kl,7274496,1786500586.444757,0.07858742028
train/approx_kl,7307264,1786500591.432607,0.08221438527
train/approx_kl,7340032,1786500596.447427,0.08464999497
train/approx_kl,7372800,1786500601.438262,0.08059731126
train/approx_kl,7405568,1786500606.417817,0.08126221597
train/approx_kl,7438336,1786500611.431896,0.07857970148
train/approx_kl,7471104,1786500616.419259,0.07976572216
train/approx_kl,7503872,1786500621.409480,0.08001820743
train/approx_kl,7536640,1786500626.395100,0.08110306412
train/approx_kl,7569408,1786500631.403231,0.08394046128
train/approx_kl,7602176,1786500636.400596,0.07814369351
train/approx_kl,7634944,1786500641.378785,0.0786857754
train/approx_kl,7667712,1786500646.367685,0.08386737108
train/approx_kl,7700480,1786500651.366216,0.07808089256
train/approx_kl,7733248,1786500656.348845,0.08359472454
train/approx_kl,7766016,1786500661.340321,0.07556529343
train/approx_kl,7798784,1786500666.350415,0.07987929881
train/approx_kl,7831552,1786500671.343915,0.07845692337
train/approx_kl,7864320,1786500676.323814,0.0810430795
train/approx_kl,7897088,1786500681.304508,0.08227261901
train/approx_kl,7929856,1786500686.304047,0.08293800056
train/approx_kl,7962624,1786500691.305809,0.08226040751
train/approx_kl,7995392,1786500696.302259,0.08004261553
train/approx_kl,8028160,1786500701.313388,0.08235578239
train/clip_fraction,65536,1786499485.758773,0.3833236694
train/clip_fraction,98304,1786499490.698010,0.3858108521
train/clip_fraction,131072,1786499495.669148,0.388092041
train/clip_fraction,163840,1786499500.593695,0.381942749
train/clip_fraction,196608,1786499505.586171,0.3897476196
train/clip_fraction,229376,1786499510.524603,0.3865966797
train/clip_fraction,262144,1786499515.534891,0.3812866211
train/clip_fraction,294912,1786499520.528761,0.3835983276
train/clip_fraction,327680,1786499525.477594,0.3897857666
train/clip_fraction,360448,1786499530.425977,0.3989715576
train/clip_fraction,393216,1786499535.383732,0.3982696533
train/clip_fraction,425984,1786499540.359345,0.3913955688
train/clip_fraction,458752,1786499545.324378,0.3902893066
train/clip_fraction,491520,1786499550.319775,0.3991851807
train/clip_fraction,524288,1786499555.325421,0.3912506104
train/clip_fraction,557056,1786499560.286028,0.3983001709
train/clip_fraction,589824,1786499565.264035,0.3969802856
train/clip_fraction,622592,1786499570.213353,0.3986740112
train/clip_fraction,655360,1786499575.185637,0.4051437378
train/clip_fraction,688128,1786499580.118062,0.4018630981
train/clip_fraction,720896,1786499585.092503,0.4035186768
train/clip_fraction,753664,1786499590.008892,0.4073181152
train/clip_fraction,786432,1786499594.963541,0.4016876221
train/clip_fraction,819200,1786499599.910408,0.4029541016
train/clip_fraction,851968,1786499604.878955,0.4070968628
train/clip_fraction,884736,1786499609.792908,0.4059448242
train/clip_fraction,917504,1786499614.747684,0.4120407104
train/clip_fraction,950272,1786499619.687386,0.3979644775
train/clip_fraction,983040,1786499624.657652,0.4051895142
train/clip_fraction,1015808,1786499629.627345,0.4170532227
train/clip_fraction,1048576,1786499634.577725,0.41746521
train/clip_fraction,1081344,1786499639.486823,0.4138793945
train/clip_fraction,1114112,1786499644.425516,0.4153137207
train/clip_fraction,1146880,1786499649.370020,0.4144668579
train/clip_fraction,1179648,1786499654.355082,0.4167785645
train/clip_fraction,1212416,1786499659.288330,0.4194641113
train/clip_fraction,1245184,1786499664.444610,0.4214706421
train/clip_fraction,1277952,1786499669.544721,0.4141311646
train/clip_fraction,1310720,1786499674.707824,0.4180984497
train/clip_fraction,1343488,1786499679.841851,0.4234390259
train/clip_fraction,1376256,1786499684.963926,0.4267272949
train/clip_fraction,1409024,1786499689.915310,0.4292373657
train/clip_fraction,1441792,1786499694.893101,0.4190292358
train/clip_fraction,1474560,1786499699.840780,0.4223556519
train/clip_fraction,1507328,1786499704.815883,0.4228973389
train/clip_fraction,1540096,1786499709.771004,0.4206542969
train/clip_fraction,1572864,1786499714.744864,0.4279098511
train/clip_fraction,1605632,1786499719.705105,0.433265686
train/clip_fraction,1638400,1786499724.682475,0.4383773804
train/clip_fraction,1671168,1786499729.611616,0.4375
train/clip_fraction,1703936,1786499734.585123,0.4321365356
train/clip_fraction,1736704,1786499739.527348,0.4395828247
train/clip_fraction,1769472,1786499744.523499,0.4379425049
train/clip_fraction,1802240,1786499749.486592,0.4324951172
train/clip_fraction,1835008,1786499754.451674,0.4297637939
train/clip_fraction,1867776,1786499759.401839,0.4468078613
train/clip_fraction,1900544,1786499764.414600,0.4413528442
train/clip_fraction,1933312,1786499769.359165,0.4394607544
train/clip_fraction,1966080,1786499774.329355,0.4398193359
train/clip_fraction,1998848,1786499779.260599,0.4455871582
train/clip_fraction,2031616,1786499784.255065,0.4401702881
train/clip_fraction,2064384,1786499789.205397,0.4351501465
train/clip_fraction,2097152,1786499794.220332,0.4442901611
train/clip_fraction,2129920,1786499799.163651,0.4378738403
train/clip_fraction,2162688,1786499804.142266,0.4460983276
train/clip_fraction,2195456,1786499809.091603,0.4484786987
train/clip_fraction,2228224,1786499814.084923,0.4437408447
train/clip_fraction,2260992,1786499819.032279,0.4481048584
train/clip_fraction,2293760,1786499824.015787,0.4488677979
train/clip_fraction,2326528,1786499828.953325,0.4437484741
train/clip_fraction,2359296,1786499833.927279,0.4499893188
train/clip_fraction,2392064,1786499838.874377,0.4497833252
train/clip_fraction,2424832,1786499843.853138,0.4493637085
train/clip_fraction,2457600,1786499848.820283,0.4485626221
train/clip_fraction,2490368,1786499853.829106,0.4488067627
train/clip_fraction,2523136,1786499858.799462,0.4581069946
train/clip_fraction,2555904,1786499863.786115,0.4582519531
train/clip_fraction,2588672,1786499868.735511,0.4627609253
train/clip_fraction,2621440,1786499873.704370,0.4633407593
train/clip_fraction,2654208,1786499878.651695,0.4582672119
train/clip_fraction,2686976,1786499883.646792,0.4619445801
train/clip_fraction,2719744,1786499888.587261,0.4564819336
train/clip_fraction,2752512,1786499893.567799,0.4644088745
train/clip_fraction,2785280,1786499898.502312,0.4599533081
train/clip_fraction,2818048,1786499903.505816,0.4656829834
train/clip_fraction,2850816,1786499908.445967,0.462638855
train/clip_fraction,2883584,1786499913.466524,0.473815918
train/clip_fraction,2916352,1786499918.403813,0.4659805298
train/clip_fraction,2949120,1786499923.378944,0.4614105225
train/clip_fraction,2981888,1786499928.337670,0.4733734131
train/clip_fraction,3014656,1786499933.321827,0.4689407349
train/clip_fraction,3047424,1786499938.300420,0.4667510986
train/clip_fraction,3080192,1786499943.284356,0.4665298462
train/clip_fraction,3112960,1786499948.291182,0.4650421143
train/clip_fraction,3145728,1786499953.311893,0.4677963257
train/clip_fraction,3178496,1786499958.281575,0.4632644653
train/clip_fraction,3211264,1786499963.283999,0.4743347168
train/clip_fraction,3244032,1786499968.266686,0.4722595215
train/clip_fraction,3276800,1786499973.308659,0.477684021
train/clip_fraction,3309568,1786499978.253955,0.4733734131
train/clip_fraction,3342336,1786499983.391579,0.4738769531
train/clip_fraction,3375104,1786499988.426718,0.4748687744
train/clip_fraction,3407872,1786499993.588846,0.484413147
train/clip_fraction,3440640,1786499998.779954,0.4780197144
train/clip_fraction,3473408,1786500003.976806,0.4726867676
train/clip_fraction,3506176,1786500009.040968,0.4810409546
train/clip_fraction,3538944,1786500014.110645,0.4791793823
train/clip_fraction,3571712,1786500019.098949,0.4856491089
train/clip_fraction,3604480,1786500024.113752,0.4831161499
train/clip_fraction,3637248,1786500029.105859,0.4803314209
train/clip_fraction,3670016,1786500034.147631,0.4878845215
train/clip_fraction,3702784,1786500039.159617,0.480758667
train/clip_fraction,3735552,1786500044.172157,0.4972000122
train/clip_fraction,3768320,1786500049.164620,0.4865570068
train/clip_fraction,3801088,1786500054.194365,0.4880065918
train/clip_fraction,3833856,1786500059.188051,0.4879608154
train/clip_fraction,3866624,1786500064.218798,0.4881515503
train/clip_fraction,3899392,1786500069.217716,0.4816513062
train/clip_fraction,3932160,1786500074.227435,0.4929275513
train/clip_fraction,3964928,1786500079.206580,0.4851531982
train/clip_fraction,3997696,1786500084.211128,0.4873275757
train/clip_fraction,4030464,1786500089.182802,0.4938049316
train/clip_fraction,4063232,1786500094.185501,0.4981842041
train/clip_fraction,4096000,1786500099.144593,0.4910507202
train/clip_fraction,4128768,1786500104.157959,0.4896621704
train/clip_fraction,4161536,1786500109.127730,0.4921646118
train/clip_fraction,4194304,1786500114.201046,0.4986190796
train/clip_fraction,4227072,1786500119.243296,0.4945373535
train/clip_fraction,4259840,1786500124.388047,0.4947509766
train/clip_fraction,4292608,1786500129.463029,0.4966278076
train/clip_fraction,4325376,1786500134.548446,0.4968032837
train/clip_fraction,4358144,1786500139.610487,0.4946517944
train/clip_fraction,4390912,1786500144.649993,0.5017852783
train/clip_fraction,4423680,1786500149.644106,0.5022964478
train/clip_fraction,4456448,1786500154.700286,0.5050582886
train/clip_fraction,4489216,1786500159.789549,0.505065918
train/clip_fraction,4521984,1786500164.843600,0.5010604858
train/clip_fraction,4554752,1786500169.808123,0.4946975708
train/clip_fraction,4587520,1786500174.829172,0.5022659302
train/clip_fraction,4620288,1786500179.883031,0.4993972778
train/clip_fraction,4653056,1786500184.917474,0.5006713867
train/clip_fraction,4685824,1786500189.897656,0.5023117065
train/clip_fraction,4718592,1786500194.956332,0.5049591064
train/clip_fraction,4751360,1786500199.944329,0.5077209473
train/clip_fraction,4784128,1786500204.962578,0.5056686401
train/clip_fraction,4816896,1786500209.943393,0.4958953857
train/clip_fraction,4849664,1786500214.956565,0.5077590942
train/clip_fraction,4882432,1786500219.946681,0.5012664795
train/clip_fraction,4915200,1786500224.970967,0.5021896362
train/clip_fraction,4947968,1786500229.991459,0.509147644
train/clip_fraction,4980736,1786500235.024716,0.5063705444
train/clip_fraction,5013504,1786500240.002294,0.5100631714
train/clip_fraction,5046272,1786500245.026875,0.5029449463
train/clip_fraction,5079040,1786500250.019783,0.5053024292
train/clip_fraction,5111808,1786500255.188522,0.5095748901
train/clip_fraction,5144576,1786500260.241113,0.5137557983
train/clip_fraction,5177344,1786500265.328188,0.5063247681
train/clip_fraction,5210112,1786500270.383252,0.5159072876
train/clip_fraction,5242880,1786500275.481697,0.518157959
train/clip_fraction,5275648,1786500280.453821,0.5073394775
train/clip_fraction,5308416,1786500285.497007,0.5149688721
train/clip_fraction,5341184,1786500290.498237,0.5162353516
train/clip_fraction,5373952,1786500295.524002,0.511390686
train/clip_fraction,5406720,1786500300.514939,0.5003128052
train/clip_fraction,5439488,1786500305.545720,0.5092773438
train/clip_fraction,5472256,1786500310.645679,0.5181427002
train/clip_fraction,5505024,1786500315.764843,0.5106201172
train/clip_fraction,5537792,1786500320.804835,0.5182495117
train/clip_fraction,5570560,1786500325.891739,0.5185699463
train/clip_fraction,5603328,1786500330.932340,0.5146331787
train/clip_fraction,5636096,1786500335.981990,0.5153884888
train/clip_fraction,5668864,1786500341.003253,0.5155258179
train/clip_fraction,5701632,1786500346.166162,0.5086669922
train/clip_fraction,5734400,1786500351.190568,0.515586853
train/clip_fraction,5767168,1786500356.239337,0.5182418823
train/clip_fraction,5799936,1786500361.267599,0.5198516846
train/clip_fraction,5832704,1786500366.271409,0.525100708
train/clip_fraction,5865472,1786500371.261320,0.5096664429
train/clip_fraction,5898240,1786500376.255844,0.5163574219
train/clip_fraction,5931008,1786500381.246761,0.5137252808
train/clip_fraction,5963776,1786500386.258803,0.5154266357
train/clip_fraction,5996544,1786500391.270745,0.5138015747
train/clip_fraction,6029312,1786500396.267608,0.5158538818
train/clip_fraction,6062080,1786500401.254808,0.5249176025
train/clip_fraction,6094848,1786500406.250734,0.5224990845
train/clip_fraction,6127616,1786500411.253884,0.5199661255
train/clip_fraction,6160384,1786500416.276414,0.525062561
train/clip_fraction,6193152,1786500421.285964,0.531539917
train/clip_fraction,6225920,1786500426.276581,0.5168380737
train/clip_fraction,6258688,1786500431.267369,0.5281219482
train/clip_fraction,6291456,1786500436.263297,0.5211410522
train/clip_fraction,6324224,1786500441.264790,0.5171508789
train/clip_fraction,6356992,1786500446.338436,0.5288009644
train/clip_fraction,6389760,1786500451.363840,0.5194244385
train/clip_fraction,6422528,1786500456.338298,0.5190353394
train/clip_fraction,6455296,1786500461.323601,0.5305252075
train/clip_fraction,6488064,1786500466.316071,0.53515625
train/clip_fraction,6520832,1786500471.305818,0.5294494629
train/clip_fraction,6553600,1786500476.310638,0.5259094238
train/clip_fraction,6586368,1786500481.293839,0.5258178711
train/clip_fraction,6619136,1786500486.289277,0.5194473267
train/clip_fraction,6651904,1786500491.290633,0.5306396484
train/clip_fraction,6684672,1786500496.294599,0.530670166
train/clip_fraction,6717440,1786500501.280887,0.5241012573
train/clip_fraction,6750208,1786500506.289524,0.52684021
train/clip_fraction,6782976,1786500511.298106,0.5356674194
train/clip_fraction,6815744,1786500516.332855,0.5342788696
train/clip_fraction,6848512,1786500521.305195,0.5279388428
train/clip_fraction,6881280,1786500526.308278,0.5291595459
train/clip_fraction,6914048,1786500531.373293,0.5265274048
train/clip_fraction,6946816,1786500536.388418,0.5297317505
train/clip_fraction,6979584,1786500541.437693,0.5305175781
train/clip_fraction,7012352,1786500546.472109,0.5282516479
train/clip_fraction,7045120,1786500551.465672,0.5375823975
train/clip_fraction,7077888,1786500556.456363,0.5304412842
train/clip_fraction,7110656,1786500561.449786,0.5405578613
train/clip_fraction,7143424,1786500566.454288,0.5294418335
train/clip_fraction,7176192,1786500571.469951,0.5331954956
train/clip_fraction,7208960,1786500576.449259,0.5303268433
train/clip_fraction,7241728,1786500581.450987,0.5292282104
train/clip_fraction,7274496,1786500586.444761,0.5298843384
train/clip_fraction,7307264,1786500591.432610,0.5446929932
train/clip_fraction,7340032,1786500596.447431,0.5435714722
train/clip_fraction,7372800,1786500601.438266,0.5377197266
train/clip_fraction,7405568,1786500606.417821,0.5344314575
train/clip_fraction,7438336,1786500611.431899,0.5344238281
train/clip_fraction,7471104,1786500616.419262,0.5349349976
train/clip_fraction,7503872,1786500621.409483,0.5375213623
train/clip_fraction,7536640,1786500626.395103,0.5438461304
train/clip_fraction,7569408,1786500631.403235,0.5402984619
train/clip_fraction,7602176,1786500636.400600,0.5402145386
train/clip_fraction,7634944,1786500641.378789,0.5347061157
train/clip_fraction,7667712,1786500646.367688,0.5459060669
train/clip_fraction,7700480,1786500651.366219,0.5364990234
train/clip_fraction,7733248,1786500656.348849,0.5426025391
train/clip_fraction,7766016,1786500661.340324,0.530960083
train/clip_fraction,7798784,1786500666.350419,0.5463485718
train/clip_fraction,7831552,1786500671.343919,0.5338821411
train/clip_fraction,7864320,1786500676.323817,0.5409469604
train/clip_fraction,7897088,1786500681.304511,0.5423660278
train/clip_fraction,7929856,1786500686.304051,0.5377883911
train/clip_fraction,7962624,1786500691.305814,0.5503997803
train/clip_fraction,7995392,1786500696.302262,0.5360870361
train/clip_fraction,8028160,1786500701.313392,0.548866272
train/clip_range,65536,1786499485.758777,0.200000003
train/clip_range,98304,1786499490.698014,0.200000003
train/clip_range,131072,1786499495.669152,0.200000003
train/clip_range,163840,1786499500.593698,0.200000003
train/clip_range,196608,1786499505.586175,0.200000003
train/clip_range,229376,1786499510.524607,0.200000003
train/clip_range,262144,1786499515.534894,0.200000003
train/clip_range,294912,1786499520.528765,0.200000003
train/clip_range,327680,1786499525.477598,0.200000003
train/clip_range,360448,1786499530.425981,0.200000003
train/clip_range,393216,1786499535.383736,0.200000003
train/clip_range,425984,1786499540.359348,0.200000003
train/clip_range,458752,1786499545.324382,0.200000003
train/clip_range,491520,1786499550.319778,0.200000003
train/clip_range,524288,1786499555.325425,0.200000003
train/clip_range,557056,1786499560.286031,0.200000003
train/clip_range,589824,1786499565.264038,0.200000003
train/clip_range,622592,1786499570.213358,0.200000003
train/clip_range,655360,1786499575.185641,0.200000003
train/clip_range,688128,1786499580.118066,0.200000003
train/clip_range,720896,1786499585.092507,0.200000003
train/clip_range,753664,1786499590.008896,0.200000003
train/clip_range,786432,1786499594.963545,0.200000003
train/clip_range,819200,1786499599.910412,0.200000003
train/clip_range,851968,1786499604.878959,0.200000003
train/clip_range,884736,1786499609.792912,0.200000003
train/clip_range,917504,1786499614.747688,0.200000003
train/clip_range,950272,1786499619.687390,0.200000003
train/clip_range,983040,1786499624.657655,0.200000003
train/clip_range,1015808,1786499629.627349,0.200000003
train/clip_range,1048576,1786499634.577728,0.200000003
train/clip_range,1081344,1786499639.486827,0.200000003
train/clip_range,1114112,1786499644.425520,0.200000003
train/clip_range,1146880,1786499649.370023,0.200000003
train/clip_range,1179648,1786499654.355086,0.200000003
train/clip_range,1212416,1786499659.288333,0.200000003
train/clip_range,1245184,1786499664.444614,0.200000003
train/clip_range,1277952,1786499669.544725,0.200000003
train/clip_range,1310720,1786499674.707828,0.200000003
train/clip_range,1343488,1786499679.841855,0.200000003
train/clip_range,1376256,1786499684.963931,0.200000003
train/clip_range,1409024,1786499689.915313,0.200000003
train/clip_range,1441792,1786499694.893105,0.200000003
train/clip_range,1474560,1786499699.840783,0.200000003
train/clip_range,1507328,1786499704.815886,0.200000003
train/clip_range,1540096,1786499709.771007,0.200000003
train/clip_range,1572864,1786499714.744868,0.200000003
train/clip_range,1605632,1786499719.705109,0.200000003
train/clip_range,1638400,1786499724.682479,0.200000003
train/clip_range,1671168,1786499729.611620,0.200000003
train/clip_range,1703936,1786499734.585127,0.200000003
train/clip_range,1736704,1786499739.527351,0.200000003
train/clip_range,1769472,1786499744.523502,0.200000003
train/clip_range,1802240,1786499749.486596,0.200000003
train/clip_range,1835008,1786499754.451678,0.200000003
train/clip_range,1867776,1786499759.401842,0.200000003
train/clip_range,1900544,1786499764.414604,0.200000003
train/clip_range,1933312,1786499769.359169,0.200000003
train/clip_range,1966080,1786499774.329358,0.200000003
train/clip_range,1998848,1786499779.260602,0.200000003
train/clip_range,2031616,1786499784.255069,0.200000003
train/clip_range,2064384,1786499789.205401,0.200000003
train/clip_range,2097152,1786499794.220336,0.200000003
train/clip_range,2129920,1786499799.163655,0.200000003
train/clip_range,2162688,1786499804.142269,0.200000003
train/clip_range,2195456,1786499809.091606,0.200000003
train/clip_range,2228224,1786499814.084926,0.200000003
train/clip_range,2260992,1786499819.032282,0.200000003
train/clip_range,2293760,1786499824.015791,0.200000003
train/clip_range,2326528,1786499828.953328,0.200000003
train/clip_range,2359296,1786499833.927282,0.200000003
train/clip_range,2392064,1786499838.874381,0.200000003
train/clip_range,2424832,1786499843.853142,0.200000003
train/clip_range,2457600,1786499848.820287,0.200000003
train/clip_range,2490368,1786499853.829110,0.200000003
train/clip_range,2523136,1786499858.799465,0.200000003
train/clip_range,2555904,1786499863.786119,0.200000003
train/clip_range,2588672,1786499868.735514,0.200000003
train/clip_range,2621440,1786499873.704373,0.200000003
train/clip_range,2654208,1786499878.651699,0.200000003
train/clip_range,2686976,1786499883.646795,0.200000003
train/clip_range,2719744,1786499888.587264,0.200000003
train/clip_range,2752512,1786499893.567802,0.200000003
train/clip_range,2785280,1786499898.502315,0.200000003
train/clip_range,2818048,1786499903.505819,0.200000003
train/clip_range,2850816,1786499908.445971,0.200000003
train/clip_range,2883584,1786499913.466528,0.200000003
train/clip_range,2916352,1786499918.403817,0.200000003
train/clip_range,2949120,1786499923.378948,0.200000003
train/clip_range,2981888,1786499928.337673,0.200000003
train/clip_range,3014656,1786499933.321831,0.200000003
train/clip_range,3047424,1786499938.300424,0.200000003
train/clip_range,3080192,1786499943.284359,0.200000003
train/clip_range,3112960,1786499948.291186,0.200000003
train/clip_range,3145728,1786499953.311897,0.200000003
train/clip_range,3178496,1786499958.281578,0.200000003
train/clip_range,3211264,1786499963.284003,0.200000003
train/clip_range,3244032,1786499968.266690,0.200000003
train/clip_range,3276800,1786499973.308663,0.200000003
train/clip_range,3309568,1786499978.253958,0.200000003
train/clip_range,3342336,1786499983.391583,0.200000003
train/clip_range,3375104,1786499988.426722,0.200000003
train/clip_range,3407872,1786499993.588849,0.200000003
train/clip_range,3440640,1786499998.779958,0.200000003
train/clip_range,3473408,1786500003.976810,0.200000003
train/clip_range,3506176,1786500009.040971,0.200000003
train/clip_range,3538944,1786500014.110648,0.200000003
train/clip_range,3571712,1786500019.098952,0.200000003
train/clip_range,3604480,1786500024.113755,0.200000003
train/clip_range,3637248,1786500029.105862,0.200000003
train/clip_range,3670016,1786500034.147634,0.200000003
train/clip_range,3702784,1786500039.159621,0.200000003
train/clip_range,3735552,1786500044.172160,0.200000003
train/clip_range,3768320,1786500049.164624,0.200000003
train/clip_range,3801088,1786500054.194368,0.200000003
train/clip_range,3833856,1786500059.188055,0.200000003
train/clip_range,3866624,1786500064.218802,0.200000003
train/clip_range,3899392,1786500069.217719,0.200000003
train/clip_range,3932160,1786500074.227440,0.200000003
train/clip_range,3964928,1786500079.206583,0.200000003
train/clip_range,3997696,1786500084.211132,0.200000003
train/clip_range,4030464,1786500089.182805,0.200000003
train/clip_range,4063232,1786500094.185505,0.200000003
train/clip_range,4096000,1786500099.144596,0.200000003
train/clip_range,4128768,1786500104.157964,0.200000003
train/clip_range,4161536,1786500109.127733,0.200000003
train/clip_range,4194304,1786500114.201049,0.200000003
train/clip_range,4227072,1786500119.243300,0.200000003
train/clip_range,4259840,1786500124.388050,0.200000003
train/clip_range,4292608,1786500129.463032,0.200000003
train/clip_range,4325376,1786500134.548449,0.200000003
train/clip_range,4358144,1786500139.610491,0.200000003
train/clip_range,4390912,1786500144.649997,0.200000003
train/clip_range,4423680,1786500149.644109,0.200000003
train/clip_range,4456448,1786500154.700289,0.200000003
train/clip_range,4489216,1786500159.789552,0.200000003
train/clip_range,4521984,1786500164.843603,0.200000003
train/clip_range,4554752,1786500169.808127,0.200000003
train/clip_range,4587520,1786500174.829175,0.200000003
train/clip_range,4620288,1786500179.883034,0.200000003
train/clip_range,4653056,1786500184.917477,0.200000003
train/clip_range,4685824,1786500189.897659,0.200000003
train/clip_range,4718592,1786500194.956336,0.200000003
train/clip_range,4751360,1786500199.944333,0.200000003
train/clip_range,4784128,1786500204.962582,0.200000003
train/clip_range,4816896,1786500209.943396,0.200000003
train/clip_range,4849664,1786500214.956569,0.200000003
train/clip_range,4882432,1786500219.946685,0.200000003
train/clip_range,4915200,1786500224.970970,0.200000003
train/clip_range,4947968,1786500229.991462,0.200000003
train/clip_range,4980736,1786500235.024719,0.200000003
train/clip_range,5013504,1786500240.002298,0.200000003
train/clip_range,5046272,1786500245.026878,0.200000003
train/clip_range,5079040,1786500250.019786,0.200000003
train/clip_range,5111808,1786500255.188525,0.200000003
train/clip_range,5144576,1786500260.241117,0.200000003
train/clip_range,5177344,1786500265.328191,0.200000003
train/clip_range,5210112,1786500270.383256,0.200000003
train/clip_range,5242880,1786500275.481700,0.200000003
train/clip_range,5275648,1786500280.453824,0.200000003
train/clip_range,5308416,1786500285.497011,0.200000003
train/clip_range,5341184,1786500290.498241,0.200000003
train/clip_range,5373952,1786500295.524006,0.200000003
train/clip_range,5406720,1786500300.514943,0.200000003
train/clip_range,5439488,1786500305.545723,0.200000003
train/clip_range,5472256,1786500310.645682,0.200000003
train/clip_range,5505024,1786500315.764847,0.200000003
train/clip_range,5537792,1786500320.804839,0.200000003
train/clip_range,5570560,1786500325.891743,0.200000003
train/clip_range,5603328,1786500330.932343,0.200000003
train/clip_range,5636096,1786500335.981993,0.200000003
train/clip_range,5668864,1786500341.003256,0.200000003
train/clip_range,5701632,1786500346.166166,0.200000003
train/clip_range,5734400,1786500351.190572,0.200000003
train/clip_range,5767168,1786500356.239341,0.200000003
train/clip_range,5799936,1786500361.267602,0.200000003
train/clip_range,5832704,1786500366.271413,0.200000003
train/clip_range,5865472,1786500371.261324,0.200000003
train/clip_range,5898240,1786500376.255847,0.200000003
train/clip_range,5931008,1786500381.246765,0.200000003
train/clip_range,5963776,1786500386.258806,0.200000003
train/clip_range,5996544,1786500391.270748,0.200000003
train/clip_range,6029312,1786500396.267611,0.200000003
train/clip_range,6062080,1786500401.254811,0.200000003
train/clip_range,6094848,1786500406.250738,0.200000003
train/clip_range,6127616,1786500411.253888,0.200000003
train/clip_range,6160384,1786500416.276417,0.200000003
train/clip_range,6193152,1786500421.285967,0.200000003
train/clip_range,6225920,1786500426.276584,0.200000003
train/clip_range,6258688,1786500431.267373,0.200000003
train/clip_range,6291456,1786500436.263301,0.200000003
train/clip_range,6324224,1786500441.264794,0.200000003
train/clip_range,6356992,1786500446.338440,0.200000003
train/clip_range,6389760,1786500451.363844,0.200000003
train/clip_range,6422528,1786500456.338301,0.200000003
train/clip_range,6455296,1786500461.323604,0.200000003
train/clip_range,6488064,1786500466.316074,0.200000003
train/clip_range,6520832,1786500471.305823,0.200000003
train/clip_range,6553600,1786500476.310641,0.200000003
train/clip_range,6586368,1786500481.293843,0.200000003
train/clip_range,6619136,1786500486.289280,0.200000003
train/clip_range,6651904,1786500491.290637,0.200000003
train/clip_range,6684672,1786500496.294603,0.200000003
train/clip_range,6717440,1786500501.280892,0.200000003
train/clip_range,6750208,1786500506.289528,0.200000003
train/clip_range,6782976,1786500511.298110,0.200000003
train/clip_range,6815744,1786500516.332859,0.200000003
train/clip_range,6848512,1786500521.305198,0.200000003
train/clip_range,6881280,1786500526.308282,0.200000003
train/clip_range,6914048,1786500531.373296,0.200000003
train/clip_range,6946816,1786500536.388421,0.200000003
train/clip_range,6979584,1786500541.437697,0.200000003
train/clip_range,7012352,1786500546.472112,0.200000003
train/clip_range,7045120,1786500551.465676,0.200000003
train/clip_range,7077888,1786500556.456366,0.200000003
train/clip_range,7110656,1786500561.449789,0.200000003
train/clip_range,7143424,1786500566.454291,0.200000003
train/clip_range,7176192,1786500571.469954,0.200000003
train/clip_range,7208960,1786500576.449262,0.200000003
train/clip_range,7241728,1786500581.450990,0.200000003
train/clip_range,7274496,1786500586.444764,0.200000003
train/clip_range,7307264,1786500591.432614,0.200000003
train/clip_range,7340032,1786500596.447435,0.200000003
train/clip_range,7372800,1786500601.438269,0.200000003
train/clip_range,7405568,1786500606.417824,0.200000003
train/clip_range,7438336,1786500611.431903,0.200000003
train/clip_range,7471104,1786500616.419266,0.200000003
train/clip_range,7503872,1786500621.409487,0.200000003
train/clip_range,7536640,1786500626.395107,0.200000003
train/clip_range,7569408,1786500631.403238,0.200000003
train/clip_range,7602176,1786500636.400604,0.200000003
train/clip_range,7634944,1786500641.378792,0.200000003
train/clip_range,7667712,1786500646.367692,0.200000003
train/clip_range,7700480,1786500651.366223,0.200000003
train/clip_range,7733248,1786500656.348852,0.200000003
train/clip_range,7766016,1786500661.340328,0.200000003
train/clip_range,7798784,1786500666.350422,0.200000003
train/clip_range,7831552,1786500671.343922,0.200000003
train/clip_range,7864320,1786500676.323821,0.200000003
train/clip_range,7897088,1786500681.304515,0.200000003
train/clip_range,7929856,1786500686.304054,0.200000003
train/clip_range,7962624,1786500691.305818,0.200000003
train/clip_range,7995392,1786500696.302266,0.200000003
train/clip_range,8028160,1786500701.313396,0.200000003
train/ent_coef,32768,1786499480.755011,0.0004947200068
train/ent_coef,65536,1786499485.758780,0.001993855927
train/ent_coef,98304,1786499490.698017,0.001987711992
train/ent_coef,131072,1786499495.669155,0.001981568057
train/ent_coef,163840,1786499500.593701,0.001975423889
train/ent_coef,196608,1786499505.586178,0.001969279954
train/ent_coef,229376,1786499510.524610,0.001963136019
train/ent_coef,262144,1786499515.534897,0.001956992084
train/ent_coef,294912,1786499520.528768,0.001950848033
train/ent_coef,327680,1786499525.477602,0.001944703981
train/ent_coef,360448,1786499530.425984,0.001938560046
train/ent_coef,393216,1786499535.383739,0.001932415995
train/ent_coef,425984,1786499540.359351,0.001926271943
train/ent_coef,458752,1786499545.324385,0.001920128008
train/ent_coef,491520,1786499550.319782,0.001913983957
train/ent_coef,524288,1786499555.325428,0.001907840022
train/ent_coef,557056,1786499560.286034,0.00190169597
train/ent_coef,589824,1786499565.264042,0.001895552035
train/ent_coef,622592,1786499570.213362,0.001889407984
train/ent_coef,655360,1786499575.185644,0.001883264049
train/ent_coef,688128,1786499580.118069,0.001877119998
train/ent_coef,720896,1786499585.092510,0.001870975946
train/ent_coef,753664,1786499590.008899,0.001864832011
train/ent_coef,786432,1786499594.963548,0.00185868796
train/ent_coef,819200,1786499599.910415,0.001852544025
train/ent_coef,851968,1786499604.878963,0.001846399973
train/ent_coef,884736,1786499609.792915,0.001840256038
train/ent_coef,917504,1786499614.747691,0.001834111987
train/ent_coef,950272,1786499619.687393,0.001827968052
train/ent_coef,983040,1786499624.657659,0.001821824
train/ent_coef,1015808,1786499629.627353,0.001815679949
train/ent_coef,1048576,1786499634.577732,0.001809536014
train/ent_coef,1081344,1786499639.486830,0.001803391962
train/ent_coef,1114112,1786499644.425523,0.001797248027
train/ent_coef,1146880,1786499649.370027,0.001791103976
train/ent_coef,1179648,1786499654.355089,0.001784960041
train/ent_coef,1212416,1786499659.288336,0.001778815989
train/ent_coef,1245184,1786499664.444617,0.001772672054
train/ent_coef,1277952,1786499669.544728,0.001766528003
train/ent_coef,1310720,1786499674.707832,0.001760383951
train/ent_coef,1343488,1786499679.841858,0.001754240016
train/ent_coef,1376256,1786499684.963935,0.001748095965
train/ent_coef,1409024,1786499689.915317,0.00174195203
train/ent_coef,1441792,1786499694.893108,0.001735807979
train/ent_coef,1474560,1786499699.840786,0.001729664044
train/ent_coef,1507328,1786499704.815889,0.001723519992
train/ent_coef,1540096,1786499709.771011,0.001717376057
train/ent_coef,1572864,1786499714.744871,0.001711232006
train/ent_coef,1605632,1786499719.705112,0.001705087954
train/ent_coef,1638400,1786499724.682482,0.001698944019
train/ent_coef,1671168,1786499729.611623,0.001692799968
train/ent_coef,1703936,1786499734.585131,0.001686656033
train/ent_coef,1736704,1786499739.527355,0.001680511981
train/ent_coef,1769472,1786499744.523505,0.001674368046
train/ent_coef,1802240,1786499749.486600,0.001668223995
train/ent_coef,1835008,1786499754.451681,0.001662079943
train/ent_coef,1867776,1786499759.401846,0.001655936008
train/ent_coef,1900544,1786499764.414607,0.001649791957
train/ent_coef,1933312,1786499769.359172,0.001643648022
train/ent_coef,1966080,1786499774.329362,0.00163750397
train/ent_coef,1998848,1786499779.260605,0.001631360035
train/ent_coef,2031616,1786499784.255072,0.001625215984
train/ent_coef,2064384,1786499789.205404,0.001619072049
train/ent_coef,2097152,1786499794.220339,0.001612927997
train/ent_coef,2129920,1786499799.163660,0.001606783946
train/ent_coef,2162688,1786499804.142272,0.001600640011
train/ent_coef,2195456,1786499809.091610,0.00159449596
train/ent_coef,2228224,1786499814.084929,0.001588352025
train/ent_coef,2260992,1786499819.032286,0.001582207973
train/ent_coef,2293760,1786499824.015794,0.001576064038
train/ent_coef,2326528,1786499828.953332,0.001569919987
train/ent_coef,2359296,1786499833.927285,0.001563776052
train/ent_coef,2392064,1786499838.874384,0.001557632
train/ent_coef,2424832,1786499843.853145,0.001551487949
train/ent_coef,2457600,1786499848.820290,0.001545344014
train/ent_coef,2490368,1786499853.829113,0.001539199962
train/ent_coef,2523136,1786499858.799469,0.001533056027
train/ent_coef,2555904,1786499863.786122,0.001526911976
train/ent_coef,2588672,1786499868.735518,0.001520768041
train/ent_coef,2621440,1786499873.704377,0.001514623989
train/ent_coef,2654208,1786499878.651702,0.001508480054
train/ent_coef,2686976,1786499883.646798,0.001502336003
train/ent_coef,2719744,1786499888.587267,0.001496191951
train/ent_coef,2752512,1786499893.567805,0.001490048016
train/ent_coef,2785280,1786499898.502318,0.001483903965
train/ent_coef,2818048,1786499903.505823,0.00147776003
train/ent_coef,2850816,1786499908.445974,0.001471615979
train/ent_coef,2883584,1786499913.466532,0.001465472043
train/ent_coef,2916352,1786499918.403820,0.001459327992
train/ent_coef,2949120,1786499923.378951,0.001453184057
train/ent_coef,2981888,1786499928.337676,0.001447040006
train/ent_coef,3014656,1786499933.321834,0.001440895954
train/ent_coef,3047424,1786499938.300427,0.001434752019
train/ent_coef,3080192,1786499943.284362,0.001428607968
train/ent_coef,3112960,1786499948.291189,0.001422464033
train/ent_coef,3145728,1786499953.311900,0.001416319981
train/ent_coef,3178496,1786499958.281581,0.001410176046
train/ent_coef,3211264,1786499963.284006,0.001404031995
train/ent_coef,3244032,1786499968.266693,0.001397887943
train/ent_coef,3276800,1786499973.308666,0.001391744008
train/ent_coef,3309568,1786499978.253961,0.001385599957
train/ent_coef,3342336,1786499983.391587,0.001379456022
train/ent_coef,3375104,1786499988.426725,0.00137331197
train/ent_coef,3407872,1786499993.588852,0.001367168035
train/ent_coef,3440640,1786499998.779961,0.001361023984
train/ent_coef,3473408,1786500003.976814,0.001354880049
train/ent_coef,3506176,1786500009.040974,0.001348735997
train/ent_coef,3538944,1786500014.110651,0.001342591946
train/ent_coef,3571712,1786500019.098956,0.001336448011
train/ent_coef,3604480,1786500024.113758,0.00133030396
train/ent_coef,3637248,1786500029.105866,0.001324160025
train/ent_coef,3670016,1786500034.147638,0.001318015973
train/ent_coef,3702784,1786500039.159624,0.001311872038
train/ent_coef,3735552,1786500044.172163,0.001305727987
train/ent_coef,3768320,1786500049.164627,0.001299584052
train/ent_coef,3801088,1786500054.194372,0.00129344
train/ent_coef,3833856,1786500059.188058,0.001287295949
train/ent_coef,3866624,1786500064.218805,0.001281152014
train/ent_coef,3899392,1786500069.217722,0.001275007962
train/ent_coef,3932160,1786500074.227444,0.001268864027
train/ent_coef,3964928,1786500079.206586,0.001262719976
train/ent_coef,3997696,1786500084.211135,0.001256576041
train/ent_coef,4030464,1786500089.182809,0.001250431989
train/ent_coef,4063232,1786500094.185508,0.001244288054
train/ent_coef,4096000,1786500099.144599,0.001238144003
train/ent_coef,4128768,1786500104.157968,0.001231999951
train/ent_coef,4161536,1786500109.127737,0.001225856016
train/ent_coef,4194304,1786500114.201052,0.001219711965
train/ent_coef,4227072,1786500119.243303,0.00121356803
train/ent_coef,4259840,1786500124.388054,0.001207423978
train/ent_coef,4292608,1786500129.463036,0.001201280043
train/ent_coef,4325376,1786500134.548452,0.001195135992
train/ent_coef,4358144,1786500139.610494,0.001188992057
train/ent_coef,4390912,1786500144.650000,0.001182848006
train/ent_coef,4423680,1786500149.644112,0.001176703954
train/ent_coef,4456448,1786500154.700292,0.001170560019
train/ent_coef,4489216,1786500159.789555,0.001164415968
train/ent_coef,4521984,1786500164.843606,0.001158272033
train/ent_coef,4554752,1786500169.808130,0.001152127981
train/ent_coef,4587520,1786500174.829178,0.001145984046
train/ent_coef,4620288,1786500179.883037,0.001139839995
train/ent_coef,4653056,1786500184.917480,0.001133695943
train/ent_coef,4685824,1786500189.897662,0.001127552008
train/ent_coef,4718592,1786500194.956339,0.001121407957
train/ent_coef,4751360,1786500199.944336,0.001115264022
train/ent_coef,4784128,1786500204.962585,0.00110911997
train/ent_coef,4816896,1786500209.943399,0.001102976035
train/ent_coef,4849664,1786500214.956572,0.001096831984
train/ent_coef,4882432,1786500219.946688,0.001090688049
train/ent_coef,4915200,1786500224.970974,0.001084543997
train/ent_coef,4947968,1786500229.991465,0.001078399946
train/ent_coef,4980736,1786500235.024723,0.001072256011
train/ent_coef,5013504,1786500240.002301,0.00106611196
train/ent_coef,5046272,1786500245.026881,0.001059968024
train/ent_coef,5079040,1786500250.019789,0.001053823973
train/ent_coef,5111808,1786500255.188528,0.001047680038
train/ent_coef,5144576,1786500260.241120,0.001041535987
train/ent_coef,5177344,1786500265.328194,0.001035392052
train/ent_coef,5210112,1786500270.383259,0.001029248
train/ent_coef,5242880,1786500275.481703,0.001023103949
train/ent_coef,5275648,1786500280.453827,0.001016960014
train/ent_coef,5308416,1786500285.497014,0.001010815962
train/ent_coef,5341184,1786500290.498244,0.001004672027
train/ent_coef,5373952,1786500295.524009,0.0009985279758
train/ent_coef,5406720,1786500300.514947,0.0009923840407
train/ent_coef,5439488,1786500305.545726,0.0009862399893
train/ent_coef,5472256,1786500310.645685,0.0009800960543
train/ent_coef,5505024,1786500315.764850,0.0009739520028
train/ent_coef,5537792,1786500320.804842,0.0009678080096
train/ent_coef,5570560,1786500325.891746,0.0009616640164
train/ent_coef,5603328,1786500330.932347,0.0009555200231
train/ent_coef,5636096,1786500335.981997,0.0009493759717
train/ent_coef,5668864,1786500341.003259,0.0009432319785
train/ent_coef,5701632,1786500346.166169,0.0009370879852
train/ent_coef,5734400,1786500351.190575,0.000930943992
train/ent_coef,5767168,1786500356.239344,0.0009247999988
train/ent_coef,5799936,1786500361.267606,0.0009186560055
train/ent_coef,5832704,1786500366.271416,0.0009125120123
train/ent_coef,5865472,1786500371.261327,0.0009063680191
train/ent_coef,5898240,1786500376.255851,0.0009002240258
train/ent_coef,5931008,1786500381.246769,0.0008940799744
train/ent_coef,5963776,1786500386.258809,0.0008879359812
train/ent_coef,5996544,1786500391.270751,0.0008817919879
train/ent_coef,6029312,1786500396.267614,0.0008756479947
train/ent_coef,6062080,1786500401.254815,0.0008695040015
train/ent_coef,6094848,1786500406.250741,0.0008633600082
train/ent_coef,6127616,1786500411.253891,0.000857216015
train/ent_coef,6160384,1786500416.276421,0.0008510720218
train/ent_coef,6193152,1786500421.285970,0.0008449280285
train/ent_coef,6225920,1786500426.276588,0.0008387839771
train/ent_coef,6258688,1786500431.267376,0.0008326399839
train/ent_coef,6291456,1786500436.263304,0.0008264959906
train/ent_coef,6324224,1786500441.264797,0.0008203519974
train/ent_coef,6356992,1786500446.338444,0.0008142080042
train/ent_coef,6389760,1786500451.363847,0.0008080640109
train/ent_coef,6422528,1786500456.338304,0.0008019200177
train/ent_coef,6455296,1786500461.323608,0.0007957760245
train/ent_coef,6488064,1786500466.316078,0.000789631973
train/ent_coef,6520832,1786500471.305827,0.0007834879798
train/ent_coef,6553600,1786500476.310644,0.0007773439866
train/ent_coef,6586368,1786500481.293846,0.0007711999933
train/ent_coef,6619136,1786500486.289283,0.0007650560001
train/ent_coef,6651904,1786500491.290640,0.0007589120069
train/ent_coef,6684672,1786500496.294606,0.0007527680136
train/ent_coef,6717440,1786500501.280896,0.0007466240204
train/ent_coef,6750208,1786500506.289531,0.0007404800272
train/ent_coef,6782976,1786500511.298113,0.0007343359757
train/ent_coef,6815744,1786500516.332862,0.0007281919825
train/ent_coef,6848512,1786500521.305201,0.0007220479893
train/ent_coef,6881280,1786500526.308285,0.000715903996
train/ent_coef,6914048,1786500531.373300,0.0007097600028
train/ent_coef,6946816,1786500536.388425,0.0007036160096
train/ent_coef,6979584,1786500541.437700,0.0006974720163
train/ent_coef,7012352,1786500546.472115,0.0006913280231
train/ent_coef,7045120,1786500551.465679,0.0006851839717
train/ent_coef,7077888,1786500556.456370,0.0006790399784
train/ent_coef,7110656,1786500561.449793,0.0006728959852
train/ent_coef,7143424,1786500566.454295,0.000666751992
train/ent_coef,7176192,1786500571.469958,0.0006606079987
train/ent_coef,7208960,1786500576.449266,0.0006544640055
train/ent_coef,7241728,1786500581.450994,0.0006483200123
train/ent_coef,7274496,1786500586.444767,0.000642176019
train/ent_coef,7307264,1786500591.432617,0.0006360320258
train/ent_coef,7340032,1786500596.447438,0.0006298879744
train/ent_coef,7372800,1786500601.438273,0.0006237439811
train/ent_coef,7405568,1786500606.417827,0.0006175999879
train/ent_coef,7438336,1786500611.431906,0.0006114559947
train/ent_coef,7471104,1786500616.419269,0.0006053120014
train/ent_coef,7503872,1786500621.409490,0.0005991680082
train/ent_coef,7536640,1786500626.395110,0.000593024015
train/ent_coef,7569408,1786500631.403241,0.0005868800217
train/ent_coef,7602176,1786500636.400608,0.0005807360285
train/ent_coef,7634944,1786500641.378795,0.0005745919771
train/ent_coef,7667712,1786500646.367696,0.0005684479838
train/ent_coef,7700480,1786500651.366226,0.0005623039906
train/ent_coef,7733248,1786500656.348856,0.0005561599974
train/ent_coef,7766016,1786500661.340331,0.0005500160041
train/ent_coef,7798784,1786500666.350425,0.0005438720109
train/ent_coef,7831552,1786500671.343926,0.0005377280177
train/ent_coef,7864320,1786500676.323824,0.0005315840244
train/ent_coef,7897088,1786500681.304518,0.000525439973
train/ent_coef,7929856,1786500686.304057,0.0005192959798
train/ent_coef,7962624,1786500691.305823,0.0005131519865
train/ent_coef,7995392,1786500696.302269,0.0005070079933
train/ent_coef,8028160,1786500701.313399,0.0005008640001
train/entropy_loss,65536,1786499485.758784,-22.02186203
train/entropy_loss,98304,1786499490.698021,-21.99348831
train/entropy_loss,131072,1786499495.669158,-21.97104836
train/entropy_loss,163840,1786499500.593705,-21.96629333
train/entropy_loss,196608,1786499505.586181,-21.94336128
train/entropy_loss,229376,1786499510.524613,-21.9269352
train/entropy_loss,262144,1786499515.534900,-21.91226196
train/entropy_loss,294912,1786499520.528771,-21.89975739
train/entropy_loss,327680,1786499525.477605,-21.87445831
train/entropy_loss,360448,1786499530.425987,-21.8333683
train/entropy_loss,393216,1786499535.383742,-21.80352783
train/entropy_loss,425984,1786499540.359355,-21.75578499
train/entropy_loss,458752,1786499545.324388,-21.74768448
train/entropy_loss,491520,1786499550.319785,-21.73468399
train/entropy_loss,524288,1786499555.325431,-21.71734619
train/entropy_loss,557056,1786499560.286038,-21.70898819
train/entropy_loss,589824,1786499565.264045,-21.68631935
train/entropy_loss,622592,1786499570.213366,-21.65488815
train/entropy_loss,655360,1786499575.185647,-21.6127243
train/entropy_loss,688128,1786499580.118073,-21.59669685
train/entropy_loss,720896,1786499585.092514,-21.54600906
train/entropy_loss,753664,1786499590.008902,-21.52615166
train/entropy_loss,786432,1786499594.963551,-21.50714493
train/entropy_loss,819200,1786499599.910419,-21.4847908
train/entropy_loss,851968,1786499604.878966,-21.45203209
train/entropy_loss,884736,1786499609.792918,-21.42607117
train/entropy_loss,917504,1786499614.747694,-21.39676476
train/entropy_loss,950272,1786499619.687397,-21.36243629
train/entropy_loss,983040,1786499624.657662,-21.32085228
train/entropy_loss,1015808,1786499629.627356,-21.30090714
train/entropy_loss,1048576,1786499634.577735,-21.28230667
train/entropy_loss,1081344,1786499639.486834,-21.2737236
train/entropy_loss,1114112,1786499644.425527,-21.26918983
train/entropy_loss,1146880,1786499649.370030,-21.25799561
train/entropy_loss,1179648,1786499654.355092,-21.22843361
train/entropy_loss,1212416,1786499659.288339,-21.19235039
train/entropy_loss,1245184,1786499664.444621,-21.18607903
train/entropy_loss,1277952,1786499669.544731,-21.17453384
train/entropy_loss,1310720,1786499674.707835,-21.14946938
train/entropy_loss,1343488,1786499679.841861,-21.1200428
train/entropy_loss,1376256,1786499684.963939,-21.09005547
train/entropy_loss,1409024,1786499689.915320,-21.07995987
train/entropy_loss,1441792,1786499694.893111,-21.05764771
train/entropy_loss,1474560,1786499699.840790,-21.01878166
train/entropy_loss,1507328,1786499704.815893,-20.97997665
train/entropy_loss,1540096,1786499709.771014,-20.9366703
train/entropy_loss,1572864,1786499714.744874,-20.90471649
train/entropy_loss,1605632,1786499719.705116,-20.85717964
train/entropy_loss,1638400,1786499724.682485,-20.83976364
train/entropy_loss,1671168,1786499729.611627,-20.80934715
train/entropy_loss,1703936,1786499734.585135,-20.78172684
train/entropy_loss,1736704,1786499739.527358,-20.74129486
train/entropy_loss,1769472,1786499744.523508,-20.70474243
train/entropy_loss,1802240,1786499749.486603,-20.67330551
train/entropy_loss,1835008,1786499754.451685,-20.66233253
train/entropy_loss,1867776,1786499759.401849,-20.63274574
train/entropy_loss,1900544,1786499764.414610,-20.61942863
train/entropy_loss,1933312,1786499769.359175,-20.59476089
train/entropy_loss,1966080,1786499774.329365,-20.57001305
train/entropy_loss,1998848,1786499779.260609,-20.53879738
train/entropy_loss,2031616,1786499784.255075,-20.5127182
train/entropy_loss,2064384,1786499789.205407,-20.49453354
train/entropy_loss,2097152,1786499794.220342,-20.48806
train/entropy_loss,2129920,1786499799.163663,-20.47080231
train/entropy_loss,2162688,1786499804.142275,-20.44943047
train/entropy_loss,2195456,1786499809.091613,-20.42428017
train/entropy_loss,2228224,1786499814.084932,-20.39456177
train/entropy_loss,2260992,1786499819.032289,-20.38365364
train/entropy_loss,2293760,1786499824.015797,-20.35715103
train/entropy_loss,2326528,1786499828.953335,-20.33665085
train/entropy_loss,2359296,1786499833.927288,-20.30889511
train/entropy_loss,2392064,1786499838.874387,-20.29889488
train/entropy_loss,2424832,1786499843.853148,-20.27491951
train/entropy_loss,2457600,1786499848.820293,-20.24754143
train/entropy_loss,2490368,1786499853.829116,-20.18226051
train/entropy_loss,2523136,1786499858.799472,-20.14548874
train/entropy_loss,2555904,1786499863.786125,-20.10170174
train/entropy_loss,2588672,1786499868.735521,-20.07242584
train/entropy_loss,2621440,1786499873.704380,-20.04270935
train/entropy_loss,2654208,1786499878.651705,-20.00176811
train/entropy_loss,2686976,1786499883.646802,-19.96935081
train/entropy_loss,2719744,1786499888.587271,-19.97916794
train/entropy_loss,2752512,1786499893.567809,-19.97339439
train/entropy_loss,2785280,1786499898.502322,-19.94241142
train/entropy_loss,2818048,1786499903.505826,-19.91992569
train/entropy_loss,2850816,1786499908.445977,-19.9046917
train/entropy_loss,2883584,1786499913.466536,-19.87874031
train/entropy_loss,2916352,1786499918.403823,-19.85118675
train/entropy_loss,2949120,1786499923.378954,-19.82516479
train/entropy_loss,2981888,1786499928.337680,-19.79583168
train/entropy_loss,3014656,1786499933.321837,-19.78104973
train/entropy_loss,3047424,1786499938.300431,-19.75569344
train/entropy_loss,3080192,1786499943.284365,-19.74046516
train/entropy_loss,3112960,1786499948.291193,-19.73544312
train/entropy_loss,3145728,1786499953.311903,-19.71110344
train/entropy_loss,3178496,1786499958.281585,-19.69991493
train/entropy_loss,3211264,1786499963.284010,-19.68928909
train/entropy_loss,3244032,1786499968.266696,-19.64694214
train/entropy_loss,3276800,1786499973.308669,-19.61131859
train/entropy_loss,3309568,1786499978.253964,-19.58174896
train/entropy_loss,3342336,1786499983.391591,-19.57015038
train/entropy_loss,3375104,1786499988.426728,-19.54277992
train/entropy_loss,3407872,1786499993.588855,-19.52228928
train/entropy_loss,3440640,1786499998.779964,-19.52812386
train/entropy_loss,3473408,1786500003.976817,-19.51095581
train/entropy_loss,3506176,1786500009.040977,-19.47369003
train/entropy_loss,3538944,1786500014.110655,-19.45990372
train/entropy_loss,3571712,1786500019.098959,-19.45144272
train/entropy_loss,3604480,1786500024.113762,-19.42672348
train/entropy_loss,3637248,1786500029.105869,-19.40167236
train/entropy_loss,3670016,1786500034.147641,-19.36285591
train/entropy_loss,3702784,1786500039.159627,-19.33377647
train/entropy_loss,3735552,1786500044.172167,-19.30939102
train/entropy_loss,3768320,1786500049.164630,-19.29056549
train/entropy_loss,3801088,1786500054.194375,-19.27779007
train/entropy_loss,3833856,1786500059.188062,-19.23881531
train/entropy_loss,3866624,1786500064.218809,-19.2154026
train/entropy_loss,3899392,1786500069.217725,-19.18488693
train/entropy_loss,3932160,1786500074.227448,-19.15172005
train/entropy_loss,3964928,1786500079.206589,-19.10853767
train/entropy_loss,3997696,1786500084.211138,-19.08418846
train/entropy_loss,4030464,1786500089.182812,-19.05572701
train/entropy_loss,4063232,1786500094.185512,-19.02834892
train/entropy_loss,4096000,1786500099.144602,-19.00636292
train/entropy_loss,4128768,1786500104.157972,-18.9812603
train/entropy_loss,4161536,1786500109.127740,-18.95378494
train/entropy_loss,4194304,1786500114.201056,-18.93862343
train/entropy_loss,4227072,1786500119.243306,-18.91790581
train/entropy_loss,4259840,1786500124.388057,-18.90218735
train/entropy_loss,4292608,1786500129.463039,-18.8985157
train/entropy_loss,4325376,1786500134.548455,-18.89405632
train/entropy_loss,4358144,1786500139.610498,-18.87374306
train/entropy_loss,4390912,1786500144.650004,-18.85060883
train/entropy_loss,4423680,1786500149.644116,-18.84886932
train/entropy_loss,4456448,1786500154.700295,-18.84379005
train/entropy_loss,4489216,1786500159.789559,-18.80664635
train/entropy_loss,4521984,1786500164.843610,-18.79045868
train/entropy_loss,4554752,1786500169.808134,-18.76966667
train/entropy_loss,4587520,1786500174.829181,-18.73042679
train/entropy_loss,4620288,1786500179.883042,-18.71424484
train/entropy_loss,4653056,1786500184.917484,-18.70361519
train/entropy_loss,4685824,1786500189.897665,-18.68971634
train/entropy_loss,4718592,1786500194.956342,-18.67774773
train/entropy_loss,4751360,1786500199.944340,-18.67247009
train/entropy_loss,4784128,1786500204.962588,-18.66990089
train/entropy_loss,4816896,1786500209.943403,-18.64191437
train/entropy_loss,4849664,1786500214.956575,-18.64017296
train/entropy_loss,4882432,1786500219.946691,-18.63991737
train/entropy_loss,4915200,1786500224.970977,-18.6305275
train/entropy_loss,4947968,1786500229.991468,-18.58595276
train/entropy_loss,4980736,1786500235.024726,-18.57394981
train/entropy_loss,5013504,1786500240.002305,-18.55593491
train/entropy_loss,5046272,1786500245.026885,-18.53069115
train/entropy_loss,5079040,1786500250.019792,-18.51369476
train/entropy_loss,5111808,1786500255.188531,-18.51263618
train/entropy_loss,5144576,1786500260.241123,-18.49481773
train/entropy_loss,5177344,1786500265.328197,-18.4785614
train/entropy_loss,5210112,1786500270.383262,-18.44975662
train/entropy_loss,5242880,1786500275.481707,-18.43550873
train/entropy_loss,5275648,1786500280.453831,-18.39393806
train/entropy_loss,5308416,1786500285.497017,-18.38871574
train/entropy_loss,5341184,1786500290.498247,-18.35942078
train/entropy_loss,5373952,1786500295.524013,-18.35366821
train/entropy_loss,5406720,1786500300.514950,-18.34091759
train/entropy_loss,5439488,1786500305.545730,-18.34068298
train/entropy_loss,5472256,1786500310.645689,-18.32081604
train/entropy_loss,5505024,1786500315.764853,-18.29218483
train/entropy_loss,5537792,1786500320.804845,-18.2862854
train/entropy_loss,5570560,1786500325.891750,-18.28355026
train/entropy_loss,5603328,1786500330.932350,-18.26981163
train/entropy_loss,5636096,1786500335.982000,-18.25880051
train/entropy_loss,5668864,1786500341.003262,-18.25466347
train/entropy_loss,5701632,1786500346.166173,-18.24723434
train/entropy_loss,5734400,1786500351.190578,-18.23504448
train/entropy_loss,5767168,1786500356.239348,-18.2118721
train/entropy_loss,5799936,1786500361.267609,-18.20453262
train/entropy_loss,5832704,1786500366.271419,-18.17887115
train/entropy_loss,5865472,1786500371.261331,-18.18891335
train/entropy_loss,5898240,1786500376.255854,-18.19883347
train/entropy_loss,5931008,1786500381.246774,-18.19586372
train/entropy_loss,5963776,1786500386.258813,-18.19191933
train/entropy_loss,5996544,1786500391.270755,-18.17892075
train/entropy_loss,6029312,1786500396.267617,-18.16160774
train/entropy_loss,6062080,1786500401.254818,-18.12706757
train/entropy_loss,6094848,1786500406.250744,-18.12771797
train/entropy_loss,6127616,1786500411.253894,-18.09903908
train/entropy_loss,6160384,1786500416.276425,-18.07580757
train/entropy_loss,6193152,1786500421.285974,-18.06147194
train/entropy_loss,6225920,1786500426.276591,-18.06617737
train/entropy_loss,6258688,1786500431.267380,-18.04872704
train/entropy_loss,6291456,1786500436.263307,-18.02270126
train/entropy_loss,6324224,1786500441.264800,-17.99062347
train/entropy_loss,6356992,1786500446.338447,-17.96460724
train/entropy_loss,6389760,1786500451.363851,-17.93904495
train/entropy_loss,6422528,1786500456.338307,-17.93257332
train/entropy_loss,6455296,1786500461.323611,-17.8959446
train/entropy_loss,6488064,1786500466.316081,-17.89451218
train/entropy_loss,6520832,1786500471.305830,-17.88664818
train/entropy_loss,6553600,1786500476.310648,-17.88050079
train/entropy_loss,6586368,1786500481.293850,-17.85623169
train/entropy_loss,6619136,1786500486.289287,-17.85313606
train/entropy_loss,6651904,1786500491.290643,-17.84309196
train/entropy_loss,6684672,1786500496.294609,-17.81905937
train/entropy_loss,6717440,1786500501.280900,-17.79325485
train/entropy_loss,6750208,1786500506.289534,-17.76934624
train/entropy_loss,6782976,1786500511.298116,-17.75313759
train/entropy_loss,6815744,1786500516.332865,-17.73823929
train/entropy_loss,6848512,1786500521.305205,-17.73396683
train/entropy_loss,6881280,1786500526.308288,-17.71183205
train/entropy_loss,6914048,1786500531.373303,-17.70485497
train/entropy_loss,6946816,1786500536.388428,-17.66971779
train/entropy_loss,6979584,1786500541.437703,-17.64666176
train/entropy_loss,7012352,1786500546.472119,-17.6303978
train/entropy_loss,7045120,1786500551.465682,-17.59053802
train/entropy_loss,7077888,1786500556.456373,-17.57464218
train/entropy_loss,7110656,1786500561.449796,-17.57741737
train/entropy_loss,7143424,1786500566.454298,-17.56973839
train/entropy_loss,7176192,1786500571.469961,-17.54510498
train/entropy_loss,7208960,1786500576.449269,-17.53091812
train/entropy_loss,7241728,1786500581.450997,-17.50766945
train/entropy_loss,7274496,1786500586.444770,-17.48275375
train/entropy_loss,7307264,1786500591.432621,-17.46986389
train/entropy_loss,7340032,1786500596.447442,-17.45186615
train/entropy_loss,7372800,1786500601.438276,-17.4559021
train/entropy_loss,7405568,1786500606.417831,-17.432127
train/entropy_loss,7438336,1786500611.431909,-17.42196846
train/entropy_loss,7471104,1786500616.419273,-17.39025116
train/entropy_loss,7503872,1786500621.409493,-17.37783623
train/entropy_loss,7536640,1786500626.395113,-17.35570526
train/entropy_loss,7569408,1786500631.403244,-17.33798599
train/entropy_loss,7602176,1786500636.400613,-17.31641197
train/entropy_loss,7634944,1786500641.378798,-17.30998039
train/entropy_loss,7667712,1786500646.367699,-17.28947258
train/entropy_loss,7700480,1786500651.366229,-17.27745056
train/entropy_loss,7733248,1786500656.348859,-17.26753044
train/entropy_loss,7766016,1786500661.340334,-17.25170326
train/entropy_loss,7798784,1786500666.350429,-17.23249054
train/entropy_loss,7831552,1786500671.343929,-17.22834396
train/entropy_loss,7864320,1786500676.323827,-17.21002388
train/entropy_loss,7897088,1786500681.304521,-17.20347977
train/entropy_loss,7929856,1786500686.304060,-17.15876579
train/entropy_loss,7962624,1786500691.305827,-17.13389969
train/entropy_loss,7995392,1786500696.302272,-17.13695526
train/entropy_loss,8028160,1786500701.313402,-17.13202095
train/explained_variance,65536,1786499485.758787,0.8795235753
train/explained_variance,98304,1786499490.698026,0.8686001301
train/explained_variance,131072,1786499495.669162,0.8955048323
train/explained_variance,163840,1786499500.593708,0.846514225
train/explained_variance,196608,1786499505.586185,0.8842027783
train/explained_variance,229376,1786499510.524617,0.8899816871
train/explained_variance,262144,1786499515.534904,0.8900183439
train/explained_variance,294912,1786499520.528774,0.89167732
train/explained_variance,327680,1786499525.477608,0.8817161918
train/explained_variance,360448,1786499530.425990,0.8879184127
train/explained_variance,393216,1786499535.383746,0.8951256871
train/explained_variance,425984,1786499540.359358,0.8853200078
train/explained_variance,458752,1786499545.324392,0.8847308159
train/explained_variance,491520,1786499550.319788,0.8920585513
train/explained_variance,524288,1786499555.325435,0.8699766994
train/explained_variance,557056,1786499560.286041,0.8686386347
train/explained_variance,589824,1786499565.264048,0.876653254
train/explained_variance,622592,1786499570.213369,0.8798986673
train/explained_variance,655360,1786499575.185651,0.873886466
train/explained_variance,688128,1786499580.118076,0.8958963156
train/explained_variance,720896,1786499585.092517,0.9008818269
train/explained_variance,753664,1786499590.008906,0.8934396505
train/explained_variance,786432,1786499594.963554,0.8915282488
train/explained_variance,819200,1786499599.910422,0.8888201714
train/explained_variance,851968,1786499604.878969,0.8731737733
train/explained_variance,884736,1786499609.792921,0.8961521387
train/explained_variance,917504,1786499614.747697,0.8908592463
train/explained_variance,950272,1786499619.687400,0.8873627186
train/explained_variance,983040,1786499624.657665,0.9085037112
train/explained_variance,1015808,1786499629.627360,0.8849297762
train/explained_variance,1048576,1786499634.577738,0.9077270031
train/explained_variance,1081344,1786499639.486837,0.8971175551
train/explained_variance,1114112,1786499644.425530,0.8687609434
train/explained_variance,1146880,1786499649.370033,0.8893172741
train/explained_variance,1179648,1786499654.355096,0.8980691433
train/explained_variance,1212416,1786499659.288345,0.8967719078
train/explained_variance,1245184,1786499664.444625,0.8931940794
train/explained_variance,1277952,1786499669.544735,0.8924343586
train/explained_variance,1310720,1786499674.707839,0.8958659172
train/explained_variance,1343488,1786499679.841868,0.8922439218
train/explained_variance,1376256,1786499684.963943,0.8898980618
train/explained_variance,1409024,1786499689.915323,0.873255372
train/explained_variance,1441792,1786499694.893115,0.9101870656
train/explained_variance,1474560,1786499699.840793,0.8908239603
train/explained_variance,1507328,1786499704.815896,0.9012590051
train/explained_variance,1540096,1786499709.771017,0.8844416142
train/explained_variance,1572864,1786499714.744878,0.8944019079
train/explained_variance,1605632,1786499719.705119,0.8959213495
train/explained_variance,1638400,1786499724.682488,0.8890714049
train/explained_variance,1671168,1786499729.611630,0.8918565512
train/explained_variance,1703936,1786499734.585138,0.8968455195
train/explained_variance,1736704,1786499739.527361,0.9022771716
train/explained_variance,1769472,1786499744.523512,0.8915272355
train/explained_variance,1802240,1786499749.486606,0.8932356238
train/explained_variance,1835008,1786499754.451688,0.9057069421
train/explained_variance,1867776,1786499759.401853,0.8924126625
train/explained_variance,1900544,1786499764.414614,0.8984199762
train/explained_variance,1933312,1786499769.359179,0.8667038679
train/explained_variance,1966080,1786499774.329368,0.9055219889
train/explained_variance,1998848,1786499779.260612,0.8746786714
train/explained_variance,2031616,1786499784.255078,0.8876945376
train/explained_variance,2064384,1786499789.205411,0.8794454932
train/explained_variance,2097152,1786499794.220345,0.8910905123
train/explained_variance,2129920,1786499799.163666,0.892999053
train/explained_variance,2162688,1786499804.142278,0.8876491189
train/explained_variance,2195456,1786499809.091616,0.8828827143
train/explained_variance,2228224,1786499814.084935,0.8868311644
train/explained_variance,2260992,1786499819.032292,0.886890173
train/explained_variance,2293760,1786499824.015800,0.9009634256
train/explained_variance,2326528,1786499828.953338,0.9088995457
train/explained_variance,2359296,1786499833.927291,0.8776568174
train/explained_variance,2392064,1786499838.874390,0.8910609484
train/explained_variance,2424832,1786499843.853152,0.8891118765
train/explained_variance,2457600,1786499848.820297,0.8831419945
train/explained_variance,2490368,1786499853.829119,0.9004742503
train/explained_variance,2523136,1786499858.799475,0.876508832
train/explained_variance,2555904,1786499863.786129,0.8733644485
train/explained_variance,2588672,1786499868.735524,0.8859629631
train/explained_variance,2621440,1786499873.704383,0.8915960193
train/explained_variance,2654208,1786499878.651709,0.8828002214
train/explained_variance,2686976,1786499883.646805,0.9087294936
train/explained_variance,2719744,1786499888.587274,0.8915445805
train/explained_variance,2752512,1786499893.567812,0.9092447162
train/explained_variance,2785280,1786499898.502325,0.8617126942
train/explained_variance,2818048,1786499903.505829,0.9128517509
train/explained_variance,2850816,1786499908.445980,0.8959282637
train/explained_variance,2883584,1786499913.466540,0.9013252258
train/explained_variance,2916352,1786499918.403827,0.8959487081
train/explained_variance,2949120,1786499923.378957,0.8718470335
train/explained_variance,2981888,1786499928.337683,0.8972675204
train/explained_variance,3014656,1786499933.321840,0.8747067451
train/explained_variance,3047424,1786499938.300434,0.9128932357
train/explained_variance,3080192,1786499943.284369,0.9056586623
train/explained_variance,3112960,1786499948.291196,0.8948599696
train/explained_variance,3145728,1786499953.311906,0.8733503819
train/explained_variance,3178496,1786499958.281588,0.8856927156
train/explained_variance,3211264,1786499963.284013,0.8839873672
train/explained_variance,3244032,1786499968.266700,0.8815072775
train/explained_variance,3276800,1786499973.308672,0.8986501098
train/explained_variance,3309568,1786499978.253968,0.9059249163
train/explained_variance,3342336,1786499983.391594,0.8827662468
train/explained_variance,3375104,1786499988.426732,0.9055908918
train/explained_variance,3407872,1786499993.588859,0.8749068379
train/explained_variance,3440640,1786499998.779967,0.8948444128
train/explained_variance,3473408,1786500003.976821,0.877323091
train/explained_variance,3506176,1786500009.040981,0.8941715956
train/explained_variance,3538944,1786500014.110658,0.8605756164
train/explained_variance,3571712,1786500019.098962,0.9045318961
train/explained_variance,3604480,1786500024.113765,0.8985962272
train/explained_variance,3637248,1786500029.105872,0.8635485172
train/explained_variance,3670016,1786500034.147644,0.9026780128
train/explained_variance,3702784,1786500039.159631,0.9011057615
train/explained_variance,3735552,1786500044.172171,0.8592118621
train/explained_variance,3768320,1786500049.164633,0.8937076926
train/explained_variance,3801088,1786500054.194378,0.8860681057
train/explained_variance,3833856,1786500059.188065,0.8898063302
train/explained_variance,3866624,1786500064.218812,0.8933388591
train/explained_variance,3899392,1786500069.217729,0.8951782584
train/explained_variance,3932160,1786500074.227452,0.8711209893
train/explained_variance,3964928,1786500079.206593,0.8879014254
train/explained_variance,3997696,1786500084.211141,0.9020811915
train/explained_variance,4030464,1786500089.182815,0.9085823298
train/explained_variance,4063232,1786500094.185515,0.8844521642
train/explained_variance,4096000,1786500099.144605,0.8634870052
train/explained_variance,4128768,1786500104.157975,0.891777575
train/explained_variance,4161536,1786500109.127743,0.9105193615
train/explained_variance,4194304,1786500114.201059,0.8988863826
train/explained_variance,4227072,1786500119.243309,0.8769193292
train/explained_variance,4259840,1786500124.388060,0.8866626024
train/explained_variance,4292608,1786500129.463042,0.8850605488
train/explained_variance,4325376,1786500134.548458,0.8680146933
train/explained_variance,4358144,1786500139.610501,0.8969373703
train/explained_variance,4390912,1786500144.650007,0.8901170492
train/explained_variance,4423680,1786500149.644119,0.8958678246
train/explained_variance,4456448,1786500154.700299,0.8860723972
train/explained_variance,4489216,1786500159.789562,0.9025811553
train/explained_variance,4521984,1786500164.843613,0.8588833809
train/explained_variance,4554752,1786500169.808137,0.8909111023
train/explained_variance,4587520,1786500174.829185,0.8742170334
train/explained_variance,4620288,1786500179.883046,0.8891755342
train/explained_variance,4653056,1786500184.917487,0.8980733752
train/explained_variance,4685824,1786500189.897669,0.8999272585
train/explained_variance,4718592,1786500194.956346,0.8853428364
train/explained_variance,4751360,1786500199.944343,0.8899636269
train/explained_variance,4784128,1786500204.962592,0.8827019334
train/explained_variance,4816896,1786500209.943406,0.8907790184
train/explained_variance,4849664,1786500214.956579,0.8815560341
train/explained_variance,4882432,1786500219.946694,0.8817729354
train/explained_variance,4915200,1786500224.970981,0.8996019959
train/explained_variance,4947968,1786500229.991471,0.8538572192
train/explained_variance,4980736,1786500235.024729,0.8527883887
train/explained_variance,5013504,1786500240.002308,0.8739330769
train/explained_variance,5046272,1786500245.026888,0.8780096769
train/explained_variance,5079040,1786500250.019796,0.8964463472
train/explained_variance,5111808,1786500255.188535,0.8639000654
train/explained_variance,5144576,1786500260.241127,0.8771893382
train/explained_variance,5177344,1786500265.328201,0.8888049722
train/explained_variance,5210112,1786500270.383266,0.896184504
train/explained_variance,5242880,1786500275.481710,0.8720548153
train/explained_variance,5275648,1786500280.453834,0.8685685396
train/explained_variance,5308416,1786500285.497021,0.8749469519
train/explained_variance,5341184,1786500290.498251,0.898715198
train/explained_variance,5373952,1786500295.524016,0.8740263581
train/explained_variance,5406720,1786500300.514953,0.898442328
train/explained_variance,5439488,1786500305.545733,0.8507561088
train/explained_variance,5472256,1786500310.645692,0.8922573328
train/explained_variance,5505024,1786500315.764857,0.8802263737
train/explained_variance,5537792,1786500320.804848,0.8009912372
train/explained_variance,5570560,1786500325.891753,0.854976356
train/explained_variance,5603328,1786500330.932353,0.8807939887
train/explained_variance,5636096,1786500335.982003,0.8418083191
train/explained_variance,5668864,1786500341.003265,0.8098810315
train/explained_variance,5701632,1786500346.166176,0.8826553822
train/explained_variance,5734400,1786500351.190582,0.8694100976
train/explained_variance,5767168,1786500356.239351,0.9184561968
train/explained_variance,5799936,1786500361.267612,0.8852812052
train/explained_variance,5832704,1786500366.271422,0.8501319885
train/explained_variance,5865472,1786500371.261334,0.8705421686
train/explained_variance,5898240,1786500376.255857,0.8902572989
train/explained_variance,5931008,1786500381.246778,0.8851556778
train/explained_variance,5963776,1786500386.258816,0.887999475
train/explained_variance,5996544,1786500391.270758,0.8953598738
train/explained_variance,6029312,1786500396.267620,0.8791648149
train/explained_variance,6062080,1786500401.254821,0.8990680575
train/explained_variance,6094848,1786500406.250748,0.8787573576
train/explained_variance,6127616,1786500411.253902,0.8852297664
train/explained_variance,6160384,1786500416.276428,0.8575949073
train/explained_variance,6193152,1786500421.285977,0.8815942407
train/explained_variance,6225920,1786500426.276594,0.8749957085
train/explained_variance,6258688,1786500431.267383,0.8683159351
train/explained_variance,6291456,1786500436.263310,0.8778207898
train/explained_variance,6324224,1786500441.264804,0.8503668308
train/explained_variance,6356992,1786500446.338450,0.8898337483
train/explained_variance,6389760,1786500451.363855,0.8949574828
train/explained_variance,6422528,1786500456.338311,0.8601529598
train/explained_variance,6455296,1786500461.323614,0.8919997811
train/explained_variance,6488064,1786500466.316085,0.8613996506
train/explained_variance,6520832,1786500471.305833,0.8974004388
train/explained_variance,6553600,1786500476.310651,0.8790528774
train/explained_variance,6586368,1786500481.293853,0.8851121068
train/explained_variance,6619136,1786500486.289290,0.8699837923
train/explained_variance,6651904,1786500491.290647,0.8607872128
train/explained_variance,6684672,1786500496.294612,0.839659512
train/explained_variance,6717440,1786500501.280904,0.8552279472
train/explained_variance,6750208,1786500506.289537,0.8934772015
train/explained_variance,6782976,1786500511.298120,0.8748438358
train/explained_variance,6815744,1786500516.332868,0.8889725208
train/explained_variance,6848512,1786500521.305208,0.8615403771
train/explained_variance,6881280,1786500526.308291,0.8528257608
train/explained_variance,6914048,1786500531.373306,0.8844448328
train/explained_variance,6946816,1786500536.388431,0.8372799754
train/explained_variance,6979584,1786500541.437707,0.826952517
train/explained_variance,7012352,1786500546.472122,0.8851692677
train/explained_variance,7045120,1786500551.465686,0.8872783184
train/explained_variance,7077888,1786500556.456377,0.8633499742
train/explained_variance,7110656,1786500561.449799,0.8189667463
train/explained_variance,7143424,1786500566.454301,0.8692891598
train/explained_variance,7176192,1786500571.469964,0.8459667563
train/explained_variance,7208960,1786500576.449273,0.8671059012
train/explained_variance,7241728,1786500581.451000,0.8629307151
train/explained_variance,7274496,1786500586.444777,0.8533291221
train/explained_variance,7307264,1786500591.432624,0.7982658744
train/explained_variance,7340032,1786500596.447445,0.8816244602
train/explained_variance,7372800,1786500601.438279,0.8452829123
train/explained_variance,7405568,1786500606.417834,0.8260063529
train/explained_variance,7438336,1786500611.431912,0.8719905615
train/explained_variance,7471104,1786500616.419276,0.8497751355
train/explained_variance,7503872,1786500621.409496,0.8542494774
train/explained_variance,7536640,1786500626.395117,0.858156085
train/explained_variance,7569408,1786500631.403247,0.8697089553
train/explained_variance,7602176,1786500636.400616,0.8843334317
train/explained_variance,7634944,1786500641.378802,0.8814008236
train/explained_variance,7667712,1786500646.367706,0.8737920523
train/explained_variance,7700480,1786500651.366233,0.8402270079
train/explained_variance,7733248,1786500656.348862,0.851824224
train/explained_variance,7766016,1786500661.340337,0.8341377974
train/explained_variance,7798784,1786500666.350432,0.8771063089
train/explained_variance,7831552,1786500671.343932,0.8366718292
train/explained_variance,7864320,1786500676.323831,0.8519191742
train/explained_variance,7897088,1786500681.304525,0.8902127147
train/explained_variance,7929856,1786500686.304064,0.8742023706
train/explained_variance,7962624,1786500691.305831,0.8835464716
train/explained_variance,7995392,1786500696.302276,0.8723958731
train/explained_variance,8028160,1786500701.313406,0.8432087898
train/learning_rate,65536,1786499485.758790,0.0003000000142
train/learning_rate,98304,1786499490.698030,0.0003000000142
train/learning_rate,131072,1786499495.669165,0.0003000000142
train/learning_rate,163840,1786499500.593711,0.0003000000142
train/learning_rate,196608,1786499505.586188,0.0003000000142
train/learning_rate,229376,1786499510.524620,0.0003000000142
train/learning_rate,262144,1786499515.534907,0.0003000000142
train/learning_rate,294912,1786499520.528778,0.0003000000142
train/learning_rate,327680,1786499525.477612,0.0003000000142
train/learning_rate,360448,1786499530.425993,0.0003000000142
train/learning_rate,393216,1786499535.383749,0.0003000000142
train/learning_rate,425984,1786499540.359361,0.0003000000142
train/learning_rate,458752,1786499545.324395,0.0003000000142
train/learning_rate,491520,1786499550.319791,0.0003000000142
train/learning_rate,524288,1786499555.325438,0.0003000000142
train/learning_rate,557056,1786499560.286044,0.0003000000142
train/learning_rate,589824,1786499565.264051,0.0003000000142
train/learning_rate,622592,1786499570.213372,0.0003000000142
train/learning_rate,655360,1786499575.185654,0.0003000000142
train/learning_rate,688128,1786499580.118079,0.0003000000142
train/learning_rate,720896,1786499585.092520,0.0003000000142
train/learning_rate,753664,1786499590.008909,0.0003000000142
train/learning_rate,786432,1786499594.963557,0.0003000000142
train/learning_rate,819200,1786499599.910425,0.0003000000142
train/learning_rate,851968,1786499604.878973,0.0003000000142
train/learning_rate,884736,1786499609.792925,0.0003000000142
train/learning_rate,917504,1786499614.747701,0.0003000000142
train/learning_rate,950272,1786499619.687403,0.0003000000142
train/learning_rate,983040,1786499624.657668,0.0003000000142
train/learning_rate,1015808,1786499629.627363,0.0003000000142
train/learning_rate,1048576,1786499634.577741,0.0003000000142
train/learning_rate,1081344,1786499639.486840,0.0003000000142
train/learning_rate,1114112,1786499644.425533,0.0003000000142
train/learning_rate,1146880,1786499649.370036,0.0003000000142
train/learning_rate,1179648,1786499654.355099,0.0003000000142
train/learning_rate,1212416,1786499659.288348,0.0003000000142
train/learning_rate,1245184,1786499664.444628,0.0003000000142
train/learning_rate,1277952,1786499669.544738,0.0003000000142
train/learning_rate,1310720,1786499674.707842,0.0003000000142
train/learning_rate,1343488,1786499679.841872,0.0003000000142
train/learning_rate,1376256,1786499684.963946,0.0003000000142
train/learning_rate,1409024,1786499689.915326,0.0003000000142
train/learning_rate,1441792,1786499694.893118,0.0003000000142
train/learning_rate,1474560,1786499699.840796,0.0003000000142
train/learning_rate,1507328,1786499704.815899,0.0003000000142
train/learning_rate,1540096,1786499709.771020,0.0003000000142
train/learning_rate,1572864,1786499714.744881,0.0003000000142
train/learning_rate,1605632,1786499719.705122,0.0003000000142
train/learning_rate,1638400,1786499724.682491,0.0003000000142
train/learning_rate,1671168,1786499729.611634,0.0003000000142
train/learning_rate,1703936,1786499734.585141,0.0003000000142
train/learning_rate,1736704,1786499739.527364,0.0003000000142
train/learning_rate,1769472,1786499744.523515,0.0003000000142
train/learning_rate,1802240,1786499749.486609,0.0003000000142
train/learning_rate,1835008,1786499754.451691,0.0003000000142
train/learning_rate,1867776,1786499759.401856,0.0003000000142
train/learning_rate,1900544,1786499764.414617,0.0003000000142
train/learning_rate,1933312,1786499769.359182,0.0003000000142
train/learning_rate,1966080,1786499774.329371,0.0003000000142
train/learning_rate,1998848,1786499779.260615,0.0003000000142
train/learning_rate,2031616,1786499784.255081,0.0003000000142
train/learning_rate,2064384,1786499789.205414,0.0003000000142
train/learning_rate,2097152,1786499794.220349,0.0003000000142
train/learning_rate,2129920,1786499799.163669,0.0003000000142
train/learning_rate,2162688,1786499804.142282,0.0003000000142
train/learning_rate,2195456,1786499809.091619,0.0003000000142
train/learning_rate,2228224,1786499814.084938,0.0003000000142
train/learning_rate,2260992,1786499819.032296,0.0003000000142
train/learning_rate,2293760,1786499824.015803,0.0003000000142
train/learning_rate,2326528,1786499828.953341,0.0003000000142
train/learning_rate,2359296,1786499833.927294,0.0003000000142
train/learning_rate,2392064,1786499838.874393,0.0003000000142
train/learning_rate,2424832,1786499843.853155,0.0003000000142
train/learning_rate,2457600,1786499848.820300,0.0003000000142
train/learning_rate,2490368,1786499853.829122,0.0003000000142
train/learning_rate,2523136,1786499858.799478,0.0003000000142
train/learning_rate,2555904,1786499863.786132,0.0003000000142
train/learning_rate,2588672,1786499868.735528,0.0003000000142
train/learning_rate,2621440,1786499873.704386,0.0003000000142
train/learning_rate,2654208,1786499878.651712,0.0003000000142
train/learning_rate,2686976,1786499883.646808,0.0003000000142
train/learning_rate,2719744,1786499888.587277,0.0003000000142
train/learning_rate,2752512,1786499893.567815,0.0003000000142
train/learning_rate,2785280,1786499898.502328,0.0003000000142
train/learning_rate,2818048,1786499903.505832,0.0003000000142
train/learning_rate,2850816,1786499908.445984,0.0003000000142
train/learning_rate,2883584,1786499913.466544,0.0003000000142
train/learning_rate,2916352,1786499918.403830,0.0003000000142
train/learning_rate,2949120,1786499923.378961,0.0003000000142
train/learning_rate,2981888,1786499928.337686,0.0003000000142
train/learning_rate,3014656,1786499933.321844,0.0003000000142
train/learning_rate,3047424,1786499938.300437,0.0003000000142
train/learning_rate,3080192,1786499943.284372,0.0003000000142
train/learning_rate,3112960,1786499948.291199,0.0003000000142
train/learning_rate,3145728,1786499953.311909,0.0003000000142
train/learning_rate,3178496,1786499958.281591,0.0003000000142
train/learning_rate,3211264,1786499963.284016,0.0003000000142
train/learning_rate,3244032,1786499968.266703,0.0003000000142
train/learning_rate,3276800,1786499973.308676,0.0003000000142
train/learning_rate,3309568,1786499978.253971,0.0003000000142
train/learning_rate,3342336,1786499983.391597,0.0003000000142
train/learning_rate,3375104,1786499988.426735,0.0003000000142
train/learning_rate,3407872,1786499993.588862,0.0003000000142
train/learning_rate,3440640,1786499998.779971,0.0003000000142
train/learning_rate,3473408,1786500003.976824,0.0003000000142
train/learning_rate,3506176,1786500009.040984,0.0003000000142
train/learning_rate,3538944,1786500014.110661,0.0003000000142
train/learning_rate,3571712,1786500019.098965,0.0003000000142
train/learning_rate,3604480,1786500024.113768,0.0003000000142
train/learning_rate,3637248,1786500029.105876,0.0003000000142
train/learning_rate,3670016,1786500034.147647,0.0003000000142
train/learning_rate,3702784,1786500039.159634,0.0003000000142
train/learning_rate,3735552,1786500044.172175,0.0003000000142
train/learning_rate,3768320,1786500049.164636,0.0003000000142
train/learning_rate,3801088,1786500054.194381,0.0003000000142
train/learning_rate,3833856,1786500059.188068,0.0003000000142
train/learning_rate,3866624,1786500064.218815,0.0003000000142
train/learning_rate,3899392,1786500069.217732,0.0003000000142
train/learning_rate,3932160,1786500074.227457,0.0003000000142
train/learning_rate,3964928,1786500079.206596,0.0003000000142
train/learning_rate,3997696,1786500084.211145,0.0003000000142
train/learning_rate,4030464,1786500089.182818,0.0003000000142
train/learning_rate,4063232,1786500094.185518,0.0003000000142
train/learning_rate,4096000,1786500099.144608,0.0003000000142
train/learning_rate,4128768,1786500104.157979,0.0003000000142
train/learning_rate,4161536,1786500109.127746,0.0003000000142
train/learning_rate,4194304,1786500114.201062,0.0003000000142
train/learning_rate,4227072,1786500119.243313,0.0003000000142
train/learning_rate,4259840,1786500124.388063,0.0003000000142
train/learning_rate,4292608,1786500129.463045,0.0003000000142
train/learning_rate,4325376,1786500134.548461,0.0003000000142
train/learning_rate,4358144,1786500139.610504,0.0003000000142
train/learning_rate,4390912,1786500144.650010,0.0003000000142
train/learning_rate,4423680,1786500149.644122,0.0003000000142
train/learning_rate,4456448,1786500154.700302,0.0003000000142
train/learning_rate,4489216,1786500159.789565,0.0003000000142
train/learning_rate,4521984,1786500164.843616,0.0003000000142
train/learning_rate,4554752,1786500169.808140,0.0003000000142
train/learning_rate,4587520,1786500174.829188,0.0003000000142
train/learning_rate,4620288,1786500179.883049,0.0003000000142
train/learning_rate,4653056,1786500184.917490,0.0003000000142
train/learning_rate,4685824,1786500189.897672,0.0003000000142
train/learning_rate,4718592,1786500194.956349,0.0003000000142
train/learning_rate,4751360,1786500199.944346,0.0003000000142
train/learning_rate,4784128,1786500204.962595,0.0003000000142
train/learning_rate,4816896,1786500209.943409,0.0003000000142
train/learning_rate,4849664,1786500214.956582,0.0003000000142
train/learning_rate,4882432,1786500219.946698,0.0003000000142
train/learning_rate,4915200,1786500224.970984,0.0003000000142
train/learning_rate,4947968,1786500229.991474,0.0003000000142
train/learning_rate,4980736,1786500235.024732,0.0003000000142
train/learning_rate,5013504,1786500240.002311,0.0003000000142
train/learning_rate,5046272,1786500245.026891,0.0003000000142
train/learning_rate,5079040,1786500250.019799,0.0003000000142
train/learning_rate,5111808,1786500255.188538,0.0003000000142
train/learning_rate,5144576,1786500260.241130,0.0003000000142
train/learning_rate,5177344,1786500265.328204,0.0003000000142
train/learning_rate,5210112,1786500270.383269,0.0003000000142
train/learning_rate,5242880,1786500275.481713,0.0003000000142
train/learning_rate,5275648,1786500280.453837,0.0003000000142
train/learning_rate,5308416,1786500285.497024,0.0003000000142
train/learning_rate,5341184,1786500290.498254,0.0003000000142
train/learning_rate,5373952,1786500295.524019,0.0003000000142
train/learning_rate,5406720,1786500300.514956,0.0003000000142
train/learning_rate,5439488,1786500305.545736,0.0003000000142
train/learning_rate,5472256,1786500310.645695,0.0003000000142
train/learning_rate,5505024,1786500315.764860,0.0003000000142
train/learning_rate,5537792,1786500320.804852,0.0003000000142
train/learning_rate,5570560,1786500325.891756,0.0003000000142
train/learning_rate,5603328,1786500330.932356,0.0003000000142
train/learning_rate,5636096,1786500335.982006,0.0003000000142
train/learning_rate,5668864,1786500341.003268,0.0003000000142
train/learning_rate,5701632,1786500346.166179,0.0003000000142
train/learning_rate,5734400,1786500351.190585,0.0003000000142
train/learning_rate,5767168,1786500356.239354,0.0003000000142
train/learning_rate,5799936,1786500361.267616,0.0003000000142
train/learning_rate,5832704,1786500366.271426,0.0003000000142
train/learning_rate,5865472,1786500371.261337,0.0003000000142
train/learning_rate,5898240,1786500376.255860,0.0003000000142
train/learning_rate,5931008,1786500381.246782,0.0003000000142
train/learning_rate,5963776,1786500386.258819,0.0003000000142
train/learning_rate,5996544,1786500391.270761,0.0003000000142
train/learning_rate,6029312,1786500396.267623,0.0003000000142
train/learning_rate,6062080,1786500401.254824,0.0003000000142
train/learning_rate,6094848,1786500406.250751,0.0003000000142
train/learning_rate,6127616,1786500411.253905,0.0003000000142
train/learning_rate,6160384,1786500416.276432,0.0003000000142
train/learning_rate,6193152,1786500421.285980,0.0003000000142
train/learning_rate,6225920,1786500426.276597,0.0003000000142
train/learning_rate,6258688,1786500431.267386,0.0003000000142
train/learning_rate,6291456,1786500436.263313,0.0003000000142
train/learning_rate,6324224,1786500441.264807,0.0003000000142
train/learning_rate,6356992,1786500446.338454,0.0003000000142
train/learning_rate,6389760,1786500451.363858,0.0003000000142
train/learning_rate,6422528,1786500456.338314,0.0003000000142
train/learning_rate,6455296,1786500461.323617,0.0003000000142
train/learning_rate,6488064,1786500466.316088,0.0003000000142
train/learning_rate,6520832,1786500471.305836,0.0003000000142
train/learning_rate,6553600,1786500476.310654,0.0003000000142
train/learning_rate,6586368,1786500481.293856,0.0003000000142
train/learning_rate,6619136,1786500486.289293,0.0003000000142
train/learning_rate,6651904,1786500491.290650,0.0003000000142
train/learning_rate,6684672,1786500496.294616,0.0003000000142
train/learning_rate,6717440,1786500501.280908,0.0003000000142
train/learning_rate,6750208,1786500506.289540,0.0003000000142
train/learning_rate,6782976,1786500511.298123,0.0003000000142
train/learning_rate,6815744,1786500516.332871,0.0003000000142
train/learning_rate,6848512,1786500521.305211,0.0003000000142
train/learning_rate,6881280,1786500526.308294,0.0003000000142
train/learning_rate,6914048,1786500531.373309,0.0003000000142
train/learning_rate,6946816,1786500536.388434,0.0003000000142
train/learning_rate,6979584,1786500541.437710,0.0003000000142
train/learning_rate,7012352,1786500546.472125,0.0003000000142
train/learning_rate,7045120,1786500551.465689,0.0003000000142
train/learning_rate,7077888,1786500556.456380,0.0003000000142
train/learning_rate,7110656,1786500561.449802,0.0003000000142
train/learning_rate,7143424,1786500566.454305,0.0003000000142
train/learning_rate,7176192,1786500571.469967,0.0003000000142
train/learning_rate,7208960,1786500576.449276,0.0003000000142
train/learning_rate,7241728,1786500581.451003,0.0003000000142
train/learning_rate,7274496,1786500586.444780,0.0003000000142
train/learning_rate,7307264,1786500591.432627,0.0003000000142
train/learning_rate,7340032,1786500596.447449,0.0003000000142
train/learning_rate,7372800,1786500601.438282,0.0003000000142
train/learning_rate,7405568,1786500606.417837,0.0003000000142
train/learning_rate,7438336,1786500611.431916,0.0003000000142
train/learning_rate,7471104,1786500616.419279,0.0003000000142
train/learning_rate,7503872,1786500621.409500,0.0003000000142
train/learning_rate,7536640,1786500626.395120,0.0003000000142
train/learning_rate,7569408,1786500631.403250,0.0003000000142
train/learning_rate,7602176,1786500636.400635,0.0003000000142
train/learning_rate,7634944,1786500641.378805,0.0003000000142
train/learning_rate,7667712,1786500646.367709,0.0003000000142
train/learning_rate,7700480,1786500651.366236,0.0003000000142
train/learning_rate,7733248,1786500656.348865,0.0003000000142
train/learning_rate,7766016,1786500661.340341,0.0003000000142
train/learning_rate,7798784,1786500666.350435,0.0003000000142
train/learning_rate,7831552,1786500671.343935,0.0003000000142
train/learning_rate,7864320,1786500676.323834,0.0003000000142
train/learning_rate,7897088,1786500681.304528,0.0003000000142
train/learning_rate,7929856,1786500686.304067,0.0003000000142
train/learning_rate,7962624,1786500691.305836,0.0003000000142
train/learning_rate,7995392,1786500696.302279,0.0003000000142
train/learning_rate,8028160,1786500701.313409,0.0003000000142
train/loss,65536,1786499485.758793,-0.04165449366
train/loss,98304,1786499490.698033,-0.0766544342
train/loss,131072,1786499495.669168,-0.07937472314
train/loss,163840,1786499500.593714,-0.07338263839
train/loss,196608,1786499505.586192,-0.07692325115
train/loss,229376,1786499510.524623,-0.08333281428
train/loss,262144,1786499515.534910,-0.05896934867
train/loss,294912,1786499520.528781,-0.0607127659
train/loss,327680,1786499525.477615,-0.07587581128
train/loss,360448,1786499530.425997,-0.07030695677
train/loss,393216,1786499535.383752,-0.07832065225
train/loss,425984,1786499540.359364,-0.08057067543
train/loss,458752,1786499545.324398,-0.06883656979
train/loss,491520,1786499550.319794,-0.08215856552
train/loss,524288,1786499555.325441,-0.05781307444
train/loss,557056,1786499560.286047,-0.08129926771
train/loss,589824,1786499565.264055,-0.07205402851
train/loss,622592,1786499570.213375,-0.07004699856
train/loss,655360,1786499575.185657,-0.06702726334
train/loss,688128,1786499580.118082,-0.06253824383
train/loss,720896,1786499585.092523,-0.09007896483
train/loss,753664,1786499590.008912,-0.09250070155
train/loss,786432,1786499594.963560,-0.08316723257
train/loss,819200,1786499599.910428,-0.0684748739
train/loss,851968,1786499604.878976,-0.09126186371
train/loss,884736,1786499609.792928,-0.06938300282
train/loss,917504,1786499614.747704,-0.08754150569
train/loss,950272,1786499619.687406,-0.06615883112
train/loss,983040,1786499624.657672,-0.06933088601
train/loss,1015808,1786499629.627366,-0.06198393553
train/loss,1048576,1786499634.577745,-0.06886404753
train/loss,1081344,1786499639.486843,-0.07727583498
train/loss,1114112,1786499644.425537,-0.0844706744
train/loss,1146880,1786499649.370040,-0.07337833941
train/loss,1179648,1786499654.355102,-0.07984866202
train/loss,1212416,1786499659.288351,-0.06451030076
train/loss,1245184,1786499664.444631,-0.07197232544
train/loss,1277952,1786499669.544741,-0.07873933762
train/loss,1310720,1786499674.707845,-0.0737285316
train/loss,1343488,1786499679.841875,-0.08575150371
train/loss,1376256,1786499684.963949,-0.07263270766
train/loss,1409024,1786499689.915330,-0.06452871859
train/loss,1441792,1786499694.893121,-0.07259843498
train/loss,1474560,1786499699.840799,-0.068863675
train/loss,1507328,1786499704.815902,-0.07304971665
train/loss,1540096,1786499709.771023,-0.05309193209
train/loss,1572864,1786499714.744884,-0.06351019442
train/loss,1605632,1786499719.705126,-0.06438920647
train/loss,1638400,1786499724.682495,-0.0694482252
train/loss,1671168,1786499729.611637,-0.06750580668
train/loss,1703936,1786499734.585144,-0.07584859431
train/loss,1736704,1786499739.527368,-0.07353205979
train/loss,1769472,1786499744.523518,-0.07256263494
train/loss,1802240,1786499749.486613,-0.06318666786
train/loss,1835008,1786499754.451695,-0.0650704205
train/loss,1867776,1786499759.401859,-0.05899101868
train/loss,1900544,1786499764.414620,-0.0755277127
train/loss,1933312,1786499769.359185,-0.07810235023
train/loss,1966080,1786499774.329374,-0.06437083334
train/loss,1998848,1786499779.260618,-0.07933112979
train/loss,2031616,1786499784.255085,-0.05959286541
train/loss,2064384,1786499789.205417,-0.06405571848
train/loss,2097152,1786499794.220352,-0.06526785344
train/loss,2129920,1786499799.163673,-0.06601019204
train/loss,2162688,1786499804.142285,-0.05116532743
train/loss,2195456,1786499809.091622,-0.07155947387
train/loss,2228224,1786499814.084941,-0.07186684757
train/loss,2260992,1786499819.032299,-0.08047381788
train/loss,2293760,1786499824.015807,-0.0639058724
train/loss,2326528,1786499828.953344,-0.06758718193
train/loss,2359296,1786499833.927297,-0.05707743391
train/loss,2392064,1786499838.874397,-0.05596475676
train/loss,2424832,1786499843.853158,-0.07734864205
train/loss,2457600,1786499848.820303,-0.05639722198
train/loss,2490368,1786499853.829129,-0.0740577057
train/loss,2523136,1786499858.799481,-0.05262337625
train/loss,2555904,1786499863.786135,-0.04794730991
train/loss,2588672,1786499868.735531,-0.07305008918
train/loss,2621440,1786499873.704389,-0.06849867105
train/loss,2654208,1786499878.651715,-0.06605000049
train/loss,2686976,1786499883.646811,-0.06984131038
train/loss,2719744,1786499888.587280,-0.05451809615
train/loss,2752512,1786499893.567819,-0.06111416966
train/loss,2785280,1786499898.502331,-0.04662543535
train/loss,2818048,1786499903.505835,-0.07377865165
train/loss,2850816,1786499908.445987,-0.06355664134
train/loss,2883584,1786499913.466548,-0.07116544247
train/loss,2916352,1786499918.403833,-0.05218881369
train/loss,2949120,1786499923.378964,-0.06909038872
train/loss,2981888,1786499928.337689,-0.04952748865
train/loss,3014656,1786499933.321847,-0.05233802274
train/loss,3047424,1786499938.300440,-0.05489373207
train/loss,3080192,1786499943.284375,-0.05062584952
train/loss,3112960,1786499948.291202,-0.05261090398
train/loss,3145728,1786499953.311913,-0.05189024657
train/loss,3178496,1786499958.281594,-0.05426338315
train/loss,3211264,1786499963.284019,-0.05105385557
train/loss,3244032,1786499968.266706,-0.03430524841
train/loss,3276800,1786499973.308679,-0.0527696237
train/loss,3309568,1786499978.253974,-0.0588007383
train/loss,3342336,1786499983.391601,-0.06020395458
train/loss,3375104,1786499988.426738,-0.05995962024
train/loss,3407872,1786499993.588865,-0.03100181185
train/loss,3440640,1786499998.779974,-0.06166284531
train/loss,3473408,1786500003.976827,-0.04885998741
train/loss,3506176,1786500009.040987,-0.05869932473
train/loss,3538944,1786500014.110664,-0.04729395732
train/loss,3571712,1786500019.098969,-0.07214488834
train/loss,3604480,1786500024.113771,-0.0568505004
train/loss,3637248,1786500029.105879,-0.06353774667
train/loss,3670016,1786500034.147650,-0.07428248227
train/loss,3702784,1786500039.159637,-0.04726663604
train/loss,3735552,1786500044.172179,-0.06097209081
train/loss,3768320,1786500049.164640,-0.05670150369
train/loss,3801088,1786500054.194384,-0.05027216673
train/loss,3833856,1786500059.188071,-0.06495884061
train/loss,3866624,1786500064.218818,-0.06450421363
train/loss,3899392,1786500069.217735,-0.04452103749
train/loss,3932160,1786500074.227460,-0.05277095363
train/loss,3964928,1786500079.206599,-0.06225689501
train/loss,3997696,1786500084.211148,-0.08191714436
train/loss,4030464,1786500089.182822,-0.06933759898
train/loss,4063232,1786500094.185521,-0.05096228793
train/loss,4096000,1786500099.144611,-0.05944643542
train/loss,4128768,1786500104.157982,-0.05148103461
train/loss,4161536,1786500109.127750,-0.04354251921
train/loss,4194304,1786500114.201065,-0.03932567686
train/loss,4227072,1786500119.243316,-0.05628098175
train/loss,4259840,1786500124.388066,-0.03026083671
train/loss,4292608,1786500129.463048,-0.06873204559
train/loss,4325376,1786500134.548464,-0.0584738031
train/loss,4358144,1786500139.610507,-0.03989522159
train/loss,4390912,1786500144.650014,-0.0460424684
train/loss,4423680,1786500149.644125,-0.05391864851
train/loss,4456448,1786500154.700305,-0.03993635252
train/loss,4489216,1786500159.789568,-0.04549662769
train/loss,4521984,1786500164.843619,-0.05127384514
train/loss,4554752,1786500169.808143,-0.05400451273
train/loss,4587520,1786500174.829191,-0.05165941268
train/loss,4620288,1786500179.883053,-0.04842376709
train/loss,4653056,1786500184.917493,-0.05734765157
train/loss,4685824,1786500189.897675,-0.05564628541
train/loss,4718592,1786500194.956352,-0.0614685975
train/loss,4751360,1786500199.944350,-0.04743944481
train/loss,4784128,1786500204.962598,-0.05817581713
train/loss,4816896,1786500209.943412,-0.05203887075
train/loss,4849664,1786500214.956585,-0.0528219007
train/loss,4882432,1786500219.946701,-0.05281829461
train/loss,4915200,1786500224.970987,-0.04372768104
train/loss,4947968,1786500229.991477,-0.05032805353
train/loss,4980736,1786500235.024735,-0.0485227108
train/loss,5013504,1786500240.002314,-0.0408607088
train/loss,5046272,1786500245.026894,-0.04864477739
train/loss,5079040,1786500250.019802,-0.05428019166
train/loss,5111808,1786500255.188541,-0.0578860864
train/loss,5144576,1786500260.241133,-0.05242945254
train/loss,5177344,1786500265.328207,-0.03429884836
train/loss,5210112,1786500270.383272,-0.06433467567
train/loss,5242880,1786500275.481716,-0.03393112123
train/loss,5275648,1786500280.453840,-0.05698207393
train/loss,5308416,1786500285.497027,-0.04300669953
train/loss,5341184,1786500290.498257,-0.05057705566
train/loss,5373952,1786500295.524022,-0.04514370114
train/loss,5406720,1786500300.514959,-0.06945696473
train/loss,5439488,1786500305.545739,-0.04824404791
train/loss,5472256,1786500310.645698,-0.02975395694
train/loss,5505024,1786500315.764863,-0.03052167222
train/loss,5537792,1786500320.804855,-0.05624559894
train/loss,5570560,1786500325.891760,-0.03475051746
train/loss,5603328,1786500330.932360,-0.06200905889
train/loss,5636096,1786500335.982010,-0.02462550811
train/loss,5668864,1786500341.003271,-0.0318463482
train/loss,5701632,1786500346.166182,-0.05367417261
train/loss,5734400,1786500351.190588,-0.03586296737
train/loss,5767168,1786500356.239357,-0.03823252395
train/loss,5799936,1786500361.267619,-0.02868954279
train/loss,5832704,1786500366.271429,-0.04993833974
train/loss,5865472,1786500371.261340,-0.02655824274
train/loss,5898240,1786500376.255864,-0.05923076719
train/loss,5931008,1786500381.246786,-0.05059380457
train/loss,5963776,1786500386.258822,-0.03077080473
train/loss,5996544,1786500391.270764,-0.04320297763
train/loss,6029312,1786500396.267626,-0.0397640951
train/loss,6062080,1786500401.254827,-0.046284426
train/loss,6094848,1786500406.250754,-0.01823524758
train/loss,6127616,1786500411.253908,-0.04758349061
train/loss,6160384,1786500416.276435,-0.055592902
train/loss,6193152,1786500421.285983,-0.06453797221
train/loss,6225920,1786500426.276600,-0.03878298402
train/loss,6258688,1786500431.267389,-0.04611414671
train/loss,6291456,1786500436.263317,-0.05041937903
train/loss,6324224,1786500441.264810,-0.04819326475
train/loss,6356992,1786500446.338457,-0.0318034552
train/loss,6389760,1786500451.363861,-0.03261589259
train/loss,6422528,1786500456.338316,-0.06291635334
train/loss,6455296,1786500461.323620,-0.05051033944
train/loss,6488064,1786500466.316091,-0.04068835825
train/loss,6520832,1786500471.305840,-0.03766382486
train/loss,6553600,1786500476.310657,-0.03500390798
train/loss,6586368,1786500481.293859,-0.05531744659
train/loss,6619136,1786500486.289297,-0.01402454171
train/loss,6651904,1786500491.290653,-0.04129348323
train/loss,6684672,1786500496.294619,-0.03984742239
train/loss,6717440,1786500501.280912,-0.0272054337
train/loss,6750208,1786500506.289543,-0.02098406479
train/loss,6782976,1786500511.298126,-0.04616307095
train/loss,6815744,1786500516.332874,-0.02518854663
train/loss,6848512,1786500521.305215,-0.04622672126
train/loss,6881280,1786500526.308298,-0.03991900384
train/loss,6914048,1786500531.373312,-0.06548958272
train/loss,6946816,1786500536.388437,-0.0507719405
train/loss,6979584,1786500541.437713,-0.03738552704
train/loss,7012352,1786500546.472129,-0.03130150586
train/loss,7045120,1786500551.465692,-0.04465934262
train/loss,7077888,1786500556.456383,-0.01723649353
train/loss,7110656,1786500561.449806,-0.02743641846
train/loss,7143424,1786500566.454308,-0.02675404027
train/loss,7176192,1786500571.469970,-0.05130055547
train/loss,7208960,1786500576.449279,-0.0536374487
train/loss,7241728,1786500581.451006,-0.03508324176
train/loss,7274496,1786500586.444783,-0.04333231971
train/loss,7307264,1786500591.432630,-0.03860031441
train/loss,7340032,1786500596.447452,-0.0241330415
train/loss,7372800,1786500601.438286,-0.03276764974
train/loss,7405568,1786500606.417840,-0.05399208516
train/loss,7438336,1786500611.431919,-0.04603052884
train/loss,7471104,1786500616.419282,-0.02229700238
train/loss,7503872,1786500621.409503,-0.02006102167
train/loss,7536640,1786500626.395124,-0.01121278107
train/loss,7569408,1786500631.403253,-0.03362075612
train/loss,7602176,1786500636.400647,-0.02596960217
train/loss,7634944,1786500641.378808,-0.03926222026
train/loss,7667712,1786500646.367712,-0.01851052418
train/loss,7700480,1786500651.366239,-0.0557525754
train/loss,7733248,1786500656.348868,-0.04357946664
train/loss,7766016,1786500661.340344,-0.004165038001
train/loss,7798784,1786500666.350438,-0.02705381252
train/loss,7831552,1786500671.343939,-0.04022537544
train/loss,7864320,1786500676.323837,-0.04319122806
train/loss,7897088,1786500681.304531,-0.03423568979
train/loss,7929856,1786500686.304070,-0.02767302096
train/loss,7962624,1786500691.305839,-0.01222415641
train/loss,7995392,1786500696.302282,-0.03908444196
train/loss,8028160,1786500701.313412,-0.004398864694
train/policy_gradient_loss,65536,1786499485.758882,-0.02045364864
train/policy_gradient_loss,98304,1786499490.698117,-0.02061877772
train/policy_gradient_loss,131072,1786499495.669268,-0.01809374243
train/policy_gradient_loss,163840,1786499500.593811,-0.01966081932
train/policy_gradient_loss,196608,1786499505.586278,-0.02064472251
train/policy_gradient_loss,229376,1786499510.524704,-0.02019210905
train/policy_gradient_loss,262144,1786499515.535004,-0.01903543063
train/policy_gradient_loss,294912,1786499520.528887,-0.01892206445
train/policy_gradient_loss,327680,1786499525.477705,-0.02062389813
train/policy_gradient_loss,360448,1786499530.426082,-0.02003735304
train/policy_gradient_loss,393216,1786499535.383838,-0.02087710239
train/policy_gradient_loss,425984,1786499540.359460,-0.01950871199
train/policy_gradient_loss,458752,1786499545.324496,-0.02102991194
train/policy_gradient_loss,491520,1786499550.319881,-0.02041930705
train/policy_gradient_loss,524288,1786499555.325530,-0.01903680339
train/policy_gradient_loss,557056,1786499560.286139,-0.02001654916
train/policy_gradient_loss,589824,1786499565.264157,-0.01985421963
train/policy_gradient_loss,622592,1786499570.213473,-0.01883576624
train/policy_gradient_loss,655360,1786499575.185748,-0.01894154958
train/policy_gradient_loss,688128,1786499580.118164,-0.02086224593
train/policy_gradient_loss,720896,1786499585.092611,-0.02081453614
train/policy_gradient_loss,753664,1786499590.008993,-0.01792831905
train/policy_gradient_loss,786432,1786499594.963675,-0.01992163807
train/policy_gradient_loss,819200,1786499599.910515,-0.02040070668
train/policy_gradient_loss,851968,1786499604.879063,-0.01912430488
train/policy_gradient_loss,884736,1786499609.793009,-0.01880449615
train/policy_gradient_loss,917504,1786499614.747785,-0.01863238402
train/policy_gradient_loss,950272,1786499619.687491,-0.01895385608
train/policy_gradient_loss,983040,1786499624.657773,-0.01927095465
train/policy_gradient_loss,1015808,1786499629.627458,-0.01858750731
train/policy_gradient_loss,1048576,1786499634.577846,-0.01772058383
train/policy_gradient_loss,1081344,1786499639.486939,-0.01965421811
train/policy_gradient_loss,1114112,1786499644.425617,-0.02038452402
train/policy_gradient_loss,1146880,1786499649.370136,-0.01918816566
train/policy_gradient_loss,1179648,1786499654.355161,-0.01994474605
train/policy_gradient_loss,1212416,1786499659.288457,-0.01876938529
train/policy_gradient_loss,1245184,1786499664.444680,-0.01801442541
train/policy_gradient_loss,1277952,1786499669.544829,-0.01795353182
train/policy_gradient_loss,1310720,1786499674.707909,-0.0183394514
train/policy_gradient_loss,1343488,1786499679.841986,-0.01873249561
train/policy_gradient_loss,1376256,1786499684.964018,-0.01820849627
train/policy_gradient_loss,1409024,1786499689.915434,-0.01821766421
train/policy_gradient_loss,1441792,1786499694.893212,-0.01854448393
train/policy_gradient_loss,1474560,1786499699.840881,-0.01871772669
train/policy_gradient_loss,1507328,1786499704.815985,-0.01807016879
train/policy_gradient_loss,1540096,1786499709.771114,-0.01923954301
train/policy_gradient_loss,1572864,1786499714.744977,-0.01770240255
train/policy_gradient_loss,1605632,1786499719.705230,-0.01774470322
train/policy_gradient_loss,1638400,1786499724.682583,-0.01747856103
train/policy_gradient_loss,1671168,1786499729.611694,-0.01811725646
train/policy_gradient_loss,1703936,1786499734.585209,-0.0171250198
train/policy_gradient_loss,1736704,1786499739.527457,-0.0175705459
train/policy_gradient_loss,1769472,1786499744.523623,-0.0182279516
train/policy_gradient_loss,1802240,1786499749.486704,-0.01768083312
train/policy_gradient_loss,1835008,1786499754.451788,-0.01832333207
train/policy_gradient_loss,1867776,1786499759.401943,-0.0160560701
train/policy_gradient_loss,1900544,1786499764.414717,-0.01751016639
train/policy_gradient_loss,1933312,1786499769.359276,-0.01814357936
train/policy_gradient_loss,1966080,1786499774.329462,-0.01764885522
train/policy_gradient_loss,1998848,1786499779.260706,-0.01687259972
train/policy_gradient_loss,2031616,1786499784.255167,-0.01651170291
train/policy_gradient_loss,2064384,1786499789.205506,-0.01585937478
train/policy_gradient_loss,2097152,1786499794.220439,-0.01798202842
train/policy_gradient_loss,2129920,1786499799.163735,-0.0169183854
train/policy_gradient_loss,2162688,1786499804.142368,-0.01656563766
train/policy_gradient_loss,2195456,1786499809.091712,-0.01775031164
train/policy_gradient_loss,2228224,1786499814.085039,-0.01669448614
train/policy_gradient_loss,2260992,1786499819.032468,-0.01747920364
train/policy_gradient_loss,2293760,1786499824.015894,-0.01815499552
train/policy_gradient_loss,2326528,1786499828.953407,-0.01558529027
train/policy_gradient_loss,2359296,1786499833.927385,-0.01659657247
train/policy_gradient_loss,2392064,1786499838.874490,-0.0175049156
train/policy_gradient_loss,2424832,1786499843.853238,-0.01659320481
train/policy_gradient_loss,2457600,1786499848.820394,-0.0151641313
train/policy_gradient_loss,2490368,1786499853.829226,-0.01760122366
train/policy_gradient_loss,2523136,1786499858.799573,-0.0172434561
train/policy_gradient_loss,2555904,1786499863.786224,-0.01553283725
train/policy_gradient_loss,2588672,1786499868.735621,-0.01579038426
train/policy_gradient_loss,2621440,1786499873.704445,-0.01466119383
train/policy_gradient_loss,2654208,1786499878.651809,-0.01520652883
train/policy_gradient_loss,2686976,1786499883.646898,-0.01444210764
train/policy_gradient_loss,2719744,1786499888.587369,-0.01490667369
train/policy_gradient_loss,2752512,1786499893.567906,-0.0157419946
train/policy_gradient_loss,2785280,1786499898.502424,-0.01614641957
train/policy_gradient_loss,2818048,1786499903.505929,-0.01544301212
train/policy_gradient_loss,2850816,1786499908.446085,-0.01610377245
train/policy_gradient_loss,2883584,1786499913.466625,-0.01573460922
train/policy_gradient_loss,2916352,1786499918.403920,-0.01514044404
train/policy_gradient_loss,2949120,1786499923.379055,-0.01527682133
train/policy_gradient_loss,2981888,1786499928.337772,-0.01456959359
train/policy_gradient_loss,3014656,1786499933.321935,-0.01448348071
train/policy_gradient_loss,3047424,1786499938.300551,-0.01420600526
train/policy_gradient_loss,3080192,1786499943.284462,-0.01494869404
train/policy_gradient_loss,3112960,1786499948.291290,-0.01582271419
train/policy_gradient_loss,3145728,1786499953.312009,-0.01512198988
train/policy_gradient_loss,3178496,1786499958.281684,-0.01540356036
train/policy_gradient_loss,3211264,1786499963.284108,-0.01519981679
train/policy_gradient_loss,3244032,1786499968.266798,-0.01452185027
train/policy_gradient_loss,3276800,1786499973.308764,-0.01433469821
train/policy_gradient_loss,3309568,1786499978.254061,-0.01546654664
train/policy_gradient_loss,3342336,1786499983.391689,-0.01511275023
train/policy_gradient_loss,3375104,1786499988.426828,-0.01637845114
train/policy_gradient_loss,3407872,1786499993.588929,-0.01322051603
train/policy_gradient_loss,3440640,1786499998.780080,-0.01476457808
train/policy_gradient_loss,3473408,1786500003.976933,-0.01363579184
train/policy_gradient_loss,3506176,1786500009.041050,-0.01387443207
train/policy_gradient_loss,3538944,1786500014.110784,-0.01590980589
train/policy_gradient_loss,3571712,1786500019.099060,-0.01472285856
train/policy_gradient_loss,3604480,1786500024.113858,-0.01293896046
train/policy_gradient_loss,3637248,1786500029.105978,-0.01376560144
train/policy_gradient_loss,3670016,1786500034.147735,-0.01490898617
train/policy_gradient_loss,3702784,1786500039.159729,-0.01482050959
train/policy_gradient_loss,3735552,1786500044.172277,-0.01359280664
train/policy_gradient_loss,3768320,1786500049.164749,-0.01522950828
train/policy_gradient_loss,3801088,1786500054.194475,-0.01411791425
train/policy_gradient_loss,3833856,1786500059.188162,-0.01490355283
train/policy_gradient_loss,3866624,1786500064.218928,-0.01456402801
train/policy_gradient_loss,3899392,1786500069.217826,-0.01473991945
train/policy_gradient_loss,3932160,1786500074.227525,-0.01373858843
train/policy_gradient_loss,3964928,1786500079.206686,-0.01606206037
train/policy_gradient_loss,3997696,1786500084.211239,-0.01381713711
train/policy_gradient_loss,4030464,1786500089.182920,-0.01338667236
train/policy_gradient_loss,4063232,1786500094.185614,-0.01356565859
train/policy_gradient_loss,4096000,1786500099.144712,-0.01216235012
train/policy_gradient_loss,4128768,1786500104.158050,-0.01365307439
train/policy_gradient_loss,4161536,1786500109.127847,-0.0133131016
train/policy_gradient_loss,4194304,1786500114.201158,-0.01283323113
train/policy_gradient_loss,4227072,1786500119.243412,-0.01306473557
train/policy_gradient_loss,4259840,1786500124.388147,-0.01341896411
train/policy_gradient_loss,4292608,1786500129.463134,-0.01354514621
train/policy_gradient_loss,4325376,1786500134.548603,-0.0143220555
train/policy_gradient_loss,4358144,1786500139.610596,-0.01245640311
train/policy_gradient_loss,4390912,1786500144.650109,-0.0118796723
train/policy_gradient_loss,4423680,1786500149.644221,-0.0113224145
train/policy_gradient_loss,4456448,1786500154.700405,-0.01222000178
train/policy_gradient_loss,4489216,1786500159.789697,-0.01213848591
train/policy_gradient_loss,4521984,1786500164.843705,-0.01123286411
train/policy_gradient_loss,4554752,1786500169.808229,-0.01357985009
train/policy_gradient_loss,4587520,1786500174.829278,-0.01141232811
train/policy_gradient_loss,4620288,1786500179.883157,-0.01325499825
train/policy_gradient_loss,4653056,1786500184.917601,-0.01036498975
train/policy_gradient_loss,4685824,1786500189.897759,-0.01122643519
train/policy_gradient_loss,4718592,1786500194.956442,-0.01141734049
train/policy_gradient_loss,4751360,1786500199.944444,-0.01237006113
train/policy_gradient_loss,4784128,1786500204.962688,-0.01320920233
train/policy_gradient_loss,4816896,1786500209.943502,-0.01271777228
train/policy_gradient_loss,4849664,1786500214.956670,-0.01094202232
train/policy_gradient_loss,4882432,1786500219.946791,-0.0127541367
train/policy_gradient_loss,4915200,1786500224.971085,-0.01219955087
train/policy_gradient_loss,4947968,1786500229.991568,-0.012357926
train/policy_gradient_loss,4980736,1786500235.024823,-0.01051585935
train/policy_gradient_loss,5013504,1786500240.002401,-0.01128539722
train/policy_gradient_loss,5046272,1786500245.026991,-0.01202148944
train/policy_gradient_loss,5079040,1786500250.019887,-0.0117852008
train/policy_gradient_loss,5111808,1786500255.188627,-0.0122092776
train/policy_gradient_loss,5144576,1786500260.241233,-0.01201250777
train/policy_gradient_loss,5177344,1786500265.328272,-0.01167220064
train/policy_gradient_loss,5210112,1786500270.383364,-0.01119885687
train/policy_gradient_loss,5242880,1786500275.481833,-0.01093079895
train/policy_gradient_loss,5275648,1786500280.453929,-0.01217769273
train/policy_gradient_loss,5308416,1786500285.497127,-0.01093888842
train/policy_gradient_loss,5341184,1786500290.498377,-0.01068748813
train/policy_gradient_loss,5373952,1786500295.524108,-0.01245550159
train/policy_gradient_loss,5406720,1786500300.515057,-0.01268708613
train/policy_gradient_loss,5439488,1786500305.545831,-0.01282380056
train/policy_gradient_loss,5472256,1786500310.645797,-0.01079545543
train/policy_gradient_loss,5505024,1786500315.764950,-0.01194645744
train/policy_gradient_loss,5537792,1786500320.804939,-0.01275473367
train/policy_gradient_loss,5570560,1786500325.891846,-0.0109291086
train/policy_gradient_loss,5603328,1786500330.932444,-0.01250773016
train/policy_gradient_loss,5636096,1786500335.982107,-0.009738629684
train/policy_gradient_loss,5668864,1786500341.003363,-0.01083229482
train/policy_gradient_loss,5701632,1786500346.166248,-0.01147374231
train/policy_gradient_loss,5734400,1786500351.190648,-0.01127521135
train/policy_gradient_loss,5767168,1786500356.239457,-0.01123012323
train/policy_gradient_loss,5799936,1786500361.267713,-0.009041759185
train/policy_gradient_loss,5832704,1786500366.271520,-0.01132178959
train/policy_gradient_loss,5865472,1786500371.261437,-0.0122928163
train/policy_gradient_loss,5898240,1786500376.255961,-0.01023427676
train/policy_gradient_loss,5931008,1786500381.246854,-0.009708180092
train/policy_gradient_loss,5963776,1786500386.258912,-0.009839755483
train/policy_gradient_loss,5996544,1786500391.270852,-0.009727809578
train/policy_gradient_loss,6029312,1786500396.267708,-0.01003669761
train/policy_gradient_loss,6062080,1786500401.254915,-0.01202675607
train/policy_gradient_loss,6094848,1786500406.250845,-0.01113504171
train/policy_gradient_loss,6127616,1786500411.254014,-0.01086101774
train/policy_gradient_loss,6160384,1786500416.276500,-0.009796345606
train/policy_gradient_loss,6193152,1786500421.286069,-0.009505225345
train/policy_gradient_loss,6225920,1786500426.276691,-0.01081045996
train/policy_gradient_loss,6258688,1786500431.267503,-0.01037545782
train/policy_gradient_loss,6291456,1786500436.263409,-0.009888303466
train/policy_gradient_loss,6324224,1786500441.264908,-0.009226266295
train/policy_gradient_loss,6356992,1786500446.338517,-0.008036579937
train/policy_gradient_loss,6389760,1786500451.363927,-0.01130633987
train/policy_gradient_loss,6422528,1786500456.338427,-0.009416694753
train/policy_gradient_loss,6455296,1786500461.323710,-0.009768574499
train/policy_gradient_loss,6488064,1786500466.316187,-0.01005663071
train/policy_gradient_loss,6520832,1786500471.305905,-0.0106596211
train/policy_gradient_loss,6553600,1786500476.310750,-0.008812571876
train/policy_gradient_loss,6586368,1786500481.293950,-0.01169515029
train/policy_gradient_loss,6619136,1786500486.289385,-0.009336462244
train/policy_gradient_loss,6651904,1786500491.290745,-0.0101440791
train/policy_gradient_loss,6684672,1786500496.294711,-0.009425092489
train/policy_gradient_loss,6717440,1786500501.281001,-0.01025663503
train/policy_gradient_loss,6750208,1786500506.289625,-0.01081915386
train/policy_gradient_loss,6782976,1786500511.298222,-0.01099080686
train/policy_gradient_loss,6815744,1786500516.332936,-0.009576492012
train/policy_gradient_loss,6848512,1786500521.305305,-0.01018223353
train/policy_gradient_loss,6881280,1786500526.308386,-0.01037872769
train/policy_gradient_loss,6914048,1786500531.373419,-0.01065432467
train/policy_gradient_loss,6946816,1786500536.388526,-0.01010128111
train/policy_gradient_loss,6979584,1786500541.437813,-0.009979008697
train/policy_gradient_loss,7012352,1786500546.472194,-0.009729999118
train/policy_gradient_loss,7045120,1786500551.465776,-0.006581182592
train/policy_gradient_loss,7077888,1786500556.456488,-0.009456815198
train/policy_gradient_loss,7110656,1786500561.449893,-0.009183049202
train/policy_gradient_loss,7143424,1786500566.454397,-0.008917362429
train/policy_gradient_loss,7176192,1786500571.470071,-0.009194205515
train/policy_gradient_loss,7208960,1786500576.449375,-0.008883708157
train/policy_gradient_loss,7241728,1786500581.451101,-0.008242000826
train/policy_gradient_loss,7274496,1786500586.444883,-0.01053925417
train/policy_gradient_loss,7307264,1786500591.432742,-0.007922657765
train/policy_gradient_loss,7340032,1786500596.447519,-0.006936892867
train/policy_gradient_loss,7372800,1786500601.438397,-0.008659159765
train/policy_gradient_loss,7405568,1786500606.417920,-0.009891038761
train/policy_gradient_loss,7438336,1786500611.432039,-0.007308611181
train/policy_gradient_loss,7471104,1786500616.419381,-0.007899058051
train/policy_gradient_loss,7503872,1786500621.409588,-0.008461402729
train/policy_gradient_loss,7536640,1786500626.395185,-0.008388626389
train/policy_gradient_loss,7569408,1786500631.403338,-0.009424800985
train/policy_gradient_loss,7602176,1786500636.400731,-0.006948009599
train/policy_gradient_loss,7634944,1786500641.378902,-0.00864020735
train/policy_gradient_loss,7667712,1786500646.367800,-0.008105467074
train/policy_gradient_loss,7700480,1786500651.366330,-0.007325906307
train/policy_gradient_loss,7733248,1786500656.348953,-0.009338157251
train/policy_gradient_loss,7766016,1786500661.340407,-0.008039320819
train/policy_gradient_loss,7798784,1786500666.350519,-0.009424519725
train/policy_gradient_loss,7831552,1786500671.344032,-0.009500393644
train/policy_gradient_loss,7864320,1786500676.323927,-0.008593258448
train/policy_gradient_loss,7897088,1786500681.304610,-0.008845404722
train/policy_gradient_loss,7929856,1786500686.304158,-0.007129057311
train/policy_gradient_loss,7962624,1786500691.305912,-0.006893501617
train/policy_gradient_loss,7995392,1786500696.302373,-0.008617936634
train/policy_gradient_loss,8028160,1786500701.313504,-0.008260834031
train/std,65536,1786499485.759049,1.519774437
train/std,98304,1786499490.698285,1.515905499
train/std,131072,1786499495.669429,1.513343453
train/std,163840,1786499500.594029,1.513398528
train/std,196608,1786499505.586458,1.51016748
train/std,229376,1786499510.524855,1.508876324
train/std,262144,1786499515.535164,1.505939603
train/std,294912,1786499520.529082,1.504917741
train/std,327680,1786499525.477870,1.500106454
train/std,360448,1786499530.426265,1.495611668
train/std,393216,1786499535.384023,1.491382003
train/std,425984,1786499540.359621,1.486958027
train/std,458752,1786499545.324658,1.486151695
train/std,491520,1786499550.320070,1.483700752
train/std,524288,1786499555.325706,1.484386802
train/std,557056,1786499560.286305,1.479907513
train/std,589824,1786499565.264378,1.478845119
train/std,622592,1786499570.213632,1.474229336
train/std,655360,1786499575.185912,1.469004273
train/std,688128,1786499580.118348,1.466799378
train/std,720896,1786499585.092783,1.460886359
train/std,753664,1786499590.009161,1.459689736
train/std,786432,1786499594.963872,1.455911636
train/std,819200,1786499599.910694,1.452974916
train/std,851968,1786499604.879237,1.449951768
train/std,884736,1786499609.793181,1.445937991
train/std,917504,1786499614.747958,1.442298889
train/std,950272,1786499619.687691,1.437763214
train/std,983040,1786499624.657940,1.43361187
train/std,1015808,1786499629.627697,1.431376576
train/std,1048576,1786499634.578034,1.428637624
train/std,1081344,1786499639.487117,1.429074407
train/std,1114112,1786499644.425801,1.42810142
train/std,1146880,1786499649.370286,1.42567718
train/std,1179648,1786499654.355391,1.421865463
train/std,1212416,1786499659.288679,1.418976784
train/std,1245184,1786499664.445358,1.417335391
train/std,1277952,1786499669.545012,1.414852142
train/std,1310720,1786499674.708441,1.411765218
train/std,1343488,1786499679.842198,1.407844067
train/std,1376256,1786499684.964212,1.405976295
train/std,1409024,1786499689.915626,1.404339194
train/std,1441792,1786499694.893382,1.40069592
train/std,1474560,1786499699.841049,1.396879554
train/std,1507328,1786499704.816157,1.391722798
train/std,1540096,1786499709.771267,1.386368752
train/std,1572864,1786499714.745129,1.382758975
train/std,1605632,1786499719.705380,1.378566384
train/std,1638400,1786499724.682736,1.3759588
train/std,1671168,1786499729.611886,1.372891784
train/std,1703936,1786499734.585399,1.369940281
train/std,1736704,1786499739.527627,1.363791108
train/std,1769472,1786499744.523776,1.361332536
train/std,1802240,1786499749.486862,1.357648492
train/std,1835008,1786499754.451948,1.356391907
train/std,1867776,1786499759.402139,1.352809548
train/std,1900544,1786499764.414866,1.352143407
train/std,1933312,1786499769.359446,1.348658681
train/std,1966080,1786499774.329636,1.344943643
train/std,1998848,1786499779.260871,1.342813492
train/std,2031616,1786499784.255344,1.338496566
train/std,2064384,1786499789.205692,1.337680221
train/std,2097152,1786499794.220614,1.3371979
train/std,2129920,1786499799.163941,1.335388184
train/std,2162688,1786499804.142548,1.333477378
train/std,2195456,1786499809.091879,1.32941246
train/std,2228224,1786499814.085190,1.327473044
train/std,2260992,1786499819.032670,1.325661778
train/std,2293760,1786499824.016059,1.322659492
train/std,2326528,1786499828.953599,1.31991303
train/std,2359296,1786499833.927591,1.316270947
train/std,2392064,1786499838.874670,1.316619873
train/std,2424832,1786499843.853418,1.31315887
train/std,2457600,1786499848.820564,1.308766723
train/std,2490368,1786499853.829402,1.301824331
train/std,2523136,1786499858.799752,1.298826337
train/std,2555904,1786499863.786397,1.293971419
train/std,2588672,1786499868.735788,1.291676998
train/std,2621440,1786499873.704622,1.287128091
train/std,2654208,1786499878.651965,1.283391476
train/std,2686976,1786499883.647082,1.281489491
train/std,2719744,1786499888.587542,1.283380628
train/std,2752512,1786499893.568097,1.281425357
train/std,2785280,1786499898.502585,1.277499795
train/std,2818048,1786499903.506075,1.276354909
train/std,2850816,1786499908.446243,1.273657203
train/std,2883584,1786499913.466811,1.271768451
train/std,2916352,1786499918.404068,1.268317819
train/std,2949120,1786499923.379247,1.265047431
train/std,2981888,1786499928.337938,1.263110042
train/std,3014656,1786499933.322105,1.260436654
train/std,3047424,1786499938.300760,1.258453965
train/std,3080192,1786499943.284631,1.256699562
train/std,3112960,1786499948.291459,1.256328464
train/std,3145728,1786499953.312166,1.253376603
train/std,3178496,1786499958.281852,1.253176808
train/std,3211264,1786499963.284274,1.250503182
train/std,3244032,1786499968.266948,1.247688413
train/std,3276800,1786499973.308941,1.243858576
train/std,3309568,1786499978.254233,1.241847396
train/std,3342336,1786499983.391895,1.239122272
train/std,3375104,1786499988.426985,1.237075806
train/std,3407872,1786499993.589468,1.235819101
train/std,3440640,1786499998.780249,1.235766292
train/std,3473408,1786500003.977166,1.233285308
train/std,3506176,1786500009.041245,1.230053067
train/std,3538944,1786500014.110982,1.228816867
train/std,3571712,1786500019.099229,1.228242993
train/std,3604480,1786500024.114017,1.225362539
train/std,3637248,1786500029.106137,1.222119331
train/std,3670016,1786500034.147904,1.218200564
train/std,3702784,1786500039.159896,1.21558857
train/std,3735552,1786500044.172457,1.213041425
train/std,3768320,1786500049.164891,1.211531281
train/std,3801088,1786500054.194656,1.209921002
train/std,3833856,1786500059.188314,1.20596087
train/std,3866624,1786500064.219107,1.202821374
train/std,3899392,1786500069.218005,1.200253487
train/std,3932160,1786500074.227813,1.195870042
train/std,3964928,1786500079.206851,1.192191958
train/std,3997696,1786500084.211391,1.189680696
train/std,4030464,1786500089.183082,1.187217593
train/std,4063232,1786500094.185772,1.18549931
train/std,4096000,1786500099.144896,1.183196068
train/std,4128768,1786500104.158247,1.179473281
train/std,4161536,1786500109.128020,1.178085923
train/std,4194304,1786500114.201296,1.175682425
train/std,4227072,1786500119.243551,1.174224019
train/std,4259840,1786500124.388300,1.172609806
train/std,4292608,1786500129.463309,1.17257452
train/std,4325376,1786500134.548841,1.172124028
train/std,4358144,1786500139.610734,1.170138478
train/std,4390912,1786500144.650274,1.168373108
train/std,4423680,1786500149.644363,1.167262197
train/std,4456448,1786500154.700579,1.166788578
train/std,4489216,1786500159.789933,1.162685394
train/std,4521984,1786500164.843870,1.161017776
train/std,4554752,1786500169.808395,1.159649491
train/std,4587520,1786500174.829453,1.156041026
train/std,4620288,1786500179.883399,1.154446006
train/std,4653056,1786500184.917803,1.153205752
train/std,4685824,1786500189.897912,1.152205348
train/std,4718592,1786500194.956618,1.150434971
train/std,4751360,1786500199.944608,1.150990367
train/std,4784128,1786500204.962850,1.149555922
train/std,4816896,1786500209.943659,1.147546053
train/std,4849664,1786500214.956830,1.148140669
train/std,4882432,1786500219.946944,1.14686954
train/std,4915200,1786500224.971246,1.144476414
train/std,4947968,1786500229.991715,1.141880035
train/std,4980736,1786500235.024985,1.140603304
train/std,5013504,1786500240.002580,1.138604522
train/std,5046272,1786500245.027202,1.136601448
train/std,5079040,1786500250.020051,1.135174632
train/std,5111808,1786500255.188804,1.134463668
train/std,5144576,1786500260.241398,1.133348942
train/std,5177344,1786500265.328492,1.131158352
train/std,5210112,1786500270.383531,1.128430963
train/std,5242880,1786500275.481986,1.126822829
train/std,5275648,1786500280.454108,1.123784423
train/std,5308416,1786500285.497288,1.123089433
train/std,5341184,1786500290.498584,1.121225953
train/std,5373952,1786500295.524243,1.12055409
train/std,5406720,1786500300.515238,1.119220376
train/std,5439488,1786500305.545987,1.118921876
train/std,5472256,1786500310.645967,1.11604917
train/std,5505024,1786500315.765105,1.114756584
train/std,5537792,1786500320.805093,1.114577651
train/std,5570560,1786500325.891995,1.113711476
train/std,5603328,1786500330.932624,1.113066554
train/std,5636096,1786500335.982267,1.111443162
train/std,5668864,1786500341.003517,1.112038136
train/std,5701632,1786500346.166438,1.109693408
train/std,5734400,1786500351.190879,1.11027658
train/std,5767168,1786500356.239612,1.106589437
train/std,5799936,1786500361.267861,1.105902076
train/std,5832704,1786500366.271679,1.104726315
train/std,5865472,1786500371.261579,1.105226636
train/std,5898240,1786500376.256149,1.106013894
train/std,5931008,1786500381.247107,1.105988026
train/std,5963776,1786500386.259073,1.10452795
train/std,5996544,1786500391.270998,1.104086757
train/std,6029312,1786500396.267875,1.101970792
train/std,6062080,1786500401.255060,1.099678516
train/std,6094848,1786500406.251015,1.098501086
train/std,6127616,1786500411.254183,1.096119285
train/std,6160384,1786500416.276798,1.093553901
train/std,6193152,1786500421.286205,1.09322834
train/std,6225920,1786500426.276863,1.093445063
train/std,6258688,1786500431.267666,1.091496706
train/std,6291456,1786500436.263567,1.088908553
train/std,6324224,1786500441.265057,1.085276961
train/std,6356992,1786500446.338757,1.083804488
train/std,6389760,1786500451.364109,1.081711411
train/std,6422528,1786500456.338645,1.079345345
train/std,6455296,1786500461.323873,1.077411175
train/std,6488064,1786500466.316350,1.07735014
train/std,6520832,1786500471.306084,1.076054215
train/std,6553600,1786500476.310919,1.075988054
train/std,6586368,1786500481.294126,1.073799133
train/std,6619136,1786500486.289554,1.073200226
train/std,6651904,1786500491.290889,1.072187901
train/std,6684672,1786500496.294875,1.070311904
train/std,6717440,1786500501.281148,1.068005681
train/std,6750208,1786500506.289783,1.065721154
train/std,6782976,1786500511.298345,1.064512968
train/std,6815744,1786500516.333144,1.063513637
train/std,6848512,1786500521.305498,1.062282443
train/std,6881280,1786500526.308550,1.061339855
train/std,6914048,1786500531.373607,1.059500694
train/std,6946816,1786500536.388705,1.056877375
train/std,6979584,1786500541.438012,1.055375576
train/std,7012352,1786500546.472415,1.053424835
train/std,7045120,1786500551.465936,1.050515771
train/std,7077888,1786500556.456662,1.048908353
train/std,7110656,1786500561.450053,1.050094485
train/std,7143424,1786500566.454560,1.047801018
train/std,7176192,1786500571.470245,1.045959592
train/std,7208960,1786500576.449528,1.04509306
train/std,7241728,1786500581.451271,1.043184638
train/std,7274496,1786500586.445035,1.040557742
train/std,7307264,1786500591.432886,1.039484859
train/std,7340032,1786500596.447705,1.038293362
train/std,7372800,1786500601.438549,1.039044142
train/std,7405568,1786500606.418075,1.03628552
train/std,7438336,1786500611.432258,1.035425544
train/std,7471104,1786500616.419550,1.033058405
train/std,7503872,1786500621.409747,1.031459332
train/std,7536640,1786500626.395380,1.030242443
train/std,7569408,1786500631.403483,1.026865005
train/std,7602176,1786500636.400988,1.027058244
train/std,7634944,1786500641.379053,1.0267874
train/std,7667712,1786500646.367977,1.023905158
train/std,7700480,1786500651.366479,1.023591042
train/std,7733248,1786500656.349115,1.02202332
train/std,7766016,1786500661.340611,1.020899653
train/std,7798784,1786500666.350679,1.019837379
train/std,7831552,1786500671.344217,1.017915606
train/std,7864320,1786500676.324119,1.01845026
train/std,7897088,1786500681.304764,1.015826821
train/std,7929856,1786500686.304321,1.01248908
train/std,7962624,1786500691.306095,1.010962605
train/std,7995392,1786500696.302536,1.011968732
train/std,8028160,1786500701.313656,1.010751843
train/value_loss,65536,1786499485.759206,0.004788450897
train/value_loss,98304,1786499490.698681,0.004660349805
train/value_loss,131072,1786499495.669851,0.005190904718
train/value_loss,163840,1786499500.594357,0.004515302833
train/value_loss,196608,1786499505.586621,0.004070851021
train/value_loss,229376,1786499510.524904,0.004800986964
train/value_loss,262144,1786499515.535556,0.00456163846
train/value_loss,294912,1786499520.529130,0.004388709087
train/value_loss,327680,1786499525.478286,0.004305624403
train/value_loss,360448,1786499530.426629,0.004345439374
train/value_loss,393216,1786499535.384422,0.004237553105
train/value_loss,425984,1786499540.360021,0.004357369151
train/value_loss,458752,1786499545.325129,0.004373880103
train/value_loss,491520,1786499550.320220,0.00366767263
train/value_loss,524288,1786499555.326121,0.004761953838
train/value_loss,557056,1786499560.286737,0.004766980186
train/value_loss,589824,1786499565.264680,0.004364237655
train/value_loss,622592,1786499570.214049,0.004423949867
train/value_loss,655360,1786499575.186363,0.004455668852
train/value_loss,688128,1786499580.118748,0.00431732554
train/value_loss,720896,1786499585.093199,0.003924180754
train/value_loss,753664,1786499590.009559,0.004538494628
train/value_loss,786432,1786499594.964210,0.003926080186
train/value_loss,819200,1786499599.911083,0.004379462451
train/value_loss,851968,1786499604.879609,0.004358518869
train/value_loss,884736,1786499609.793577,0.00430040434
train/value_loss,917504,1786499614.748347,0.004149579909
train/value_loss,950272,1786499619.688067,0.004245061893
train/value_loss,983040,1786499624.658335,0.004044400528
train/value_loss,1015808,1786499629.628010,0.004556899425
train/value_loss,1048576,1786499634.578437,0.003988291137
train/value_loss,1081344,1786499639.487509,0.004343790002
train/value_loss,1114112,1786499644.425856,0.004674643278
train/value_loss,1146880,1786499649.370340,0.004080313724
train/value_loss,1179648,1786499654.355746,0.004109917209
train/value_loss,1212416,1786499659.288992,0.003882725025
train/value_loss,1245184,1786499664.445437,0.004534332547
train/value_loss,1277952,1786499669.545079,0.004783647601
train/value_loss,1310720,1786499674.708518,0.004590188619
train/value_loss,1343488,1786499679.842301,0.004997649696
train/value_loss,1376256,1786499684.964270,0.004176731687
train/value_loss,1409024,1786499689.915980,0.004805286415
train/value_loss,1441792,1786499694.893738,0.003662374336
train/value_loss,1474560,1786499699.841437,0.00440148823
train/value_loss,1507328,1786499704.816506,0.004279356916
train/value_loss,1540096,1786499709.771426,0.004310756456
train/value_loss,1572864,1786499714.745306,0.004377110861
train/value_loss,1605632,1786499719.705538,0.004003501497
train/value_loss,1638400,1786499724.682796,0.004342025146
train/value_loss,1671168,1786499729.612262,0.003873385489
train/value_loss,1703936,1786499734.585735,0.003743637819
train/value_loss,1736704,1786499739.527792,0.004121785052
train/value_loss,1769472,1786499744.523947,0.004130117595
train/value_loss,1802240,1786499749.487272,0.004635169171
train/value_loss,1835008,1786499754.452318,0.004125159234
train/value_loss,1867776,1786499759.402560,0.004499353003
train/value_loss,1900544,1786499764.414920,0.004789476283
train/value_loss,1933312,1786499769.359842,0.004563773051
train/value_loss,1966080,1786499774.330073,0.004548100289
train/value_loss,1998848,1786499779.261284,0.004049610812
train/value_loss,2031616,1786499784.255756,0.004303454887
train/value_loss,2064384,1786499789.206099,0.005034291651
train/value_loss,2097152,1786499794.220982,0.004214290064
train/value_loss,2129920,1786499799.164314,0.003892038483
train/value_loss,2162688,1786499804.142933,0.00497091189
train/value_loss,2195456,1786499809.092244,0.00411188649
train/value_loss,2228224,1786499814.085620,0.004238616675
train/value_loss,2260992,1786499819.033069,0.004390818067
train/value_loss,2293760,1786499824.016457,0.00358237233
train/value_loss,2326528,1786499828.953973,0.004032812547
train/value_loss,2359296,1786499833.927997,0.004791832995
train/value_loss,2392064,1786499838.875057,0.004004115704
train/value_loss,2424832,1786499843.853813,0.004829175305
train/value_loss,2457600,1786499848.820971,0.004175684415
train/value_loss,2490368,1786499853.829816,0.004171552602
train/value_loss,2523136,1786499858.800159,0.003897782415
train/value_loss,2555904,1786499863.786786,0.004199239425
train/value_loss,2588672,1786499868.735939,0.005523299333
train/value_loss,2621440,1786499873.704700,0.004481701646
train/value_loss,2654208,1786499878.652358,0.004162635654
train/value_loss,2686976,1786499883.647461,0.004108345602
train/value_loss,2719744,1786499888.587946,0.005006984342
train/value_loss,2752512,1786499893.568243,0.004039510153
train/value_loss,2785280,1786499898.502983,0.004543661606
train/value_loss,2818048,1786499903.506140,0.004098910373
train/value_loss,2850816,1786499908.446313,0.004083555657
train/value_loss,2883584,1786499913.467203,0.003961706534
train/value_loss,2916352,1786499918.404162,0.003743489506
train/value_loss,2949120,1786499923.379701,0.003886264982
train/value_loss,2981888,1786499928.338327,0.004040647298
train/value_loss,3014656,1786499933.322509,0.004663357046
train/value_loss,3047424,1786499938.301099,0.004021314438
train/value_loss,3080192,1786499943.285001,0.004498597234
train/value_loss,3112960,1786499948.291873,0.00444259122
train/value_loss,3145728,1786499953.312328,0.004398885649
train/value_loss,3178496,1786499958.282257,0.003984692041
train/value_loss,3211264,1786499963.284661,0.004626602866
train/value_loss,3244032,1786499968.267021,0.004944665823
train/value_loss,3276800,1786499973.309313,0.004421553109
train/value_loss,3309568,1786499978.254610,0.003628779668
train/value_loss,3342336,1786499983.391963,0.004981668666
train/value_loss,3375104,1786499988.427142,0.004046137445
train/value_loss,3407872,1786499993.589566,0.004555142485
train/value_loss,3440640,1786499998.780408,0.004562489223
train/value_loss,3473408,1786500003.977309,0.005467972718
train/value_loss,3506176,1786500009.041591,0.004840767942
train/value_loss,3538944,1786500014.111302,0.004609018099
train/value_loss,3571712,1786500019.099622,0.00441455422
train/value_loss,3604480,1786500024.114407,0.004205652513
train/value_loss,3637248,1786500029.106543,0.003510760143
train/value_loss,3670016,1786500034.148292,0.00436061481
train/value_loss,3702784,1786500039.160307,0.004448572174
train/value_loss,3735552,1786500044.172800,0.005136623047
train/value_loss,3768320,1786500049.165264,0.004023052752
train/value_loss,3801088,1786500054.195018,0.005059414078
train/value_loss,3833856,1786500059.188739,0.004453324247
train/value_loss,3866624,1786500064.219176,0.004647871014
train/value_loss,3899392,1786500069.218386,0.004316909704
train/value_loss,3932160,1786500074.228131,0.004453253467
train/value_loss,3964928,1786500079.207228,0.003637879621
train/value_loss,3997696,1786500084.211776,0.004461527802
train/value_loss,4030464,1786500089.183464,0.004319871776
train/value_loss,4063232,1786500094.185922,0.004766221158
train/value_loss,4096000,1786500099.145240,0.004786615726
train/value_loss,4128768,1786500104.158619,0.004067285452
train/value_loss,4161536,1786500109.128076,0.004464609083
train/value_loss,4194304,1786500114.201351,0.003928445745
train/value_loss,4227072,1786500119.243595,0.004220386967
train/value_loss,4259840,1786500124.388345,0.004759048577
train/value_loss,4292608,1786500129.463462,0.003727694042
train/value_loss,4325376,1786500134.548921,0.004388237838
train/value_loss,4358144,1786500139.610780,0.004219484515
train/value_loss,4390912,1786500144.650657,0.004415765405
train/value_loss,4423680,1786500149.644424,0.004531571642
train/value_loss,4456448,1786500154.700674,0.004634948447
train/value_loss,4489216,1786500159.790118,0.004197697155
train/value_loss,4521984,1786500164.844263,0.004676282872
train/value_loss,4554752,1786500169.808777,0.004648655653
train/value_loss,4587520,1786500174.829602,0.00441786414
train/value_loss,4620288,1786500179.883763,0.004609008785
train/value_loss,4653056,1786500184.918119,0.003926669713
train/value_loss,4685824,1786500189.897959,0.004174216185
train/value_loss,4718592,1786500194.957015,0.00503985025
train/value_loss,4751360,1786500199.944984,0.005295826122
train/value_loss,4784128,1786500204.963225,0.004036205821
train/value_loss,4816896,1786500209.944056,0.004349758849
train/value_loss,4849664,1786500214.957198,0.004934127908
train/value_loss,4882432,1786500219.947334,0.003645567456
train/value_loss,4915200,1786500224.971629,0.005011698231
train/value_loss,4947968,1786500229.992091,0.004809869919
train/value_loss,4980736,1786500235.025387,0.004587637261
train/value_loss,5013504,1786500240.002963,0.005047013052
train/value_loss,5046272,1786500245.027565,0.004658355843
train/value_loss,5079040,1786500250.020221,0.00440823473
train/value_loss,5111808,1786500255.189197,0.004291714635
train/value_loss,5144576,1786500260.241553,0.003628252307
train/value_loss,5177344,1786500265.328590,0.003775241785
train/value_loss,5210112,1786500270.383925,0.004135205876
train/value_loss,5242880,1786500275.482394,0.003810077207
train/value_loss,5275648,1786500280.454477,0.00425161887
train/value_loss,5308416,1786500285.497679,0.004377596546
train/value_loss,5341184,1786500290.498896,0.003645917168
train/value_loss,5373952,1786500295.524301,0.004185614642
train/value_loss,5406720,1786500300.515610,0.003923352808
train/value_loss,5439488,1786500305.546148,0.003655495588
train/value_loss,5472256,1786500310.646389,0.004670575261
train/value_loss,5505024,1786500315.765261,0.004938671831
train/value_loss,5537792,1786500320.805138,0.00410214439
train/value_loss,5570560,1786500325.892045,0.004826256074
train/value_loss,5603328,1786500330.932976,0.004025162663
train/value_loss,5636096,1786500335.982669,0.004792541265
train/value_loss,5668864,1786500341.003574,0.004545413423
train/value_loss,5701632,1786500346.166541,0.004295235965
train/value_loss,5734400,1786500351.191090,0.003912211396
train/value_loss,5767168,1786500356.239762,0.004323178902
train/value_loss,5799936,1786500361.268238,0.003816424171
train/value_loss,5832704,1786500366.272085,0.00435562199
train/value_loss,5865472,1786500371.261972,0.004219476134
train/value_loss,5898240,1786500376.256481,0.004948724527
train/value_loss,5931008,1786500381.247440,0.004296996631
train/value_loss,5963776,1786500386.259502,0.004497120623
train/value_loss,5996544,1786500391.271141,0.004530556034
train/value_loss,6029312,1786500396.268274,0.004613016732
train/value_loss,6062080,1786500401.255430,0.003504747292
train/value_loss,6094848,1786500406.251442,0.004332621582
train/value_loss,6127616,1786500411.254551,0.003790255636
train/value_loss,6160384,1786500416.277121,0.003904865356
train/value_loss,6193152,1786500421.286586,0.00414720783
train/value_loss,6225920,1786500426.277274,0.004229857586
train/value_loss,6258688,1786500431.268014,0.003874038346
train/value_loss,6291456,1786500436.263939,0.00439034123
train/value_loss,6324224,1786500441.265434,0.004609061405
train/value_loss,6356992,1786500446.338894,0.004139457829
train/value_loss,6389760,1786500451.364486,0.004598874133
train/value_loss,6422528,1786500456.338969,0.00570520293
train/value_loss,6455296,1786500461.324250,0.004394863266
train/value_loss,6488064,1786500466.316760,0.003216339974
train/value_loss,6520832,1786500471.306401,0.003706934862
train/value_loss,6553600,1786500476.311315,0.004455215763
train/value_loss,6586368,1786500481.294498,0.003151289653
train/value_loss,6619136,1786500486.289939,0.003740348388
train/value_loss,6651904,1786500491.291280,0.004958746023
train/value_loss,6684672,1786500496.295244,0.004153471906
train/value_loss,6717440,1786500501.281570,0.002860944485
train/value_loss,6750208,1786500506.290164,0.004267356824
train/value_loss,6782976,1786500511.298511,0.004040955566
train/value_loss,6815744,1786500516.333497,0.003883990459
train/value_loss,6848512,1786500521.305847,0.003625696991
train/value_loss,6881280,1786500526.308952,0.003997697495
train/value_loss,6914048,1786500531.373944,0.005073077511
train/value_loss,6946816,1786500536.389107,0.003805188229
train/value_loss,6979584,1786500541.438367,0.00438688742
train/value_loss,7012352,1786500546.472757,0.004310850985
train/value_loss,7045120,1786500551.466329,0.004764899611
train/value_loss,7077888,1786500556.457038,0.003936840221
train/value_loss,7110656,1786500561.450483,0.004559225403
train/value_loss,7143424,1786500566.454931,0.003989846446
train/value_loss,7176192,1786500571.470605,0.004433092196
train/value_loss,7208960,1786500576.449932,0.004805995617
train/value_loss,7241728,1786500581.451695,0.004882374778
train/value_loss,7274496,1786500586.445425,0.005430074874
train/value_loss,7307264,1786500591.433136,0.003714194056
train/value_loss,7340032,1786500596.448095,0.004345194902
train/value_loss,7372800,1786500601.438914,0.004881067201
train/value_loss,7405568,1786500606.418143,0.004617739934
train/value_loss,7438336,1786500611.432602,0.004156644922
train/value_loss,7471104,1786500616.419932,0.003645517398
train/value_loss,7503872,1786500621.410141,0.004334008787
train/value_loss,7536640,1786500626.395761,0.003393118037
train/value_loss,7569408,1786500631.403527,0.003492349293
train/value_loss,7602176,1786500636.401341,0.004220887553
train/value_loss,7634944,1786500641.379441,0.003840358229
train/value_loss,7667712,1786500646.368352,0.003241127823
train/value_loss,7700480,1786500651.366862,0.003536859993
train/value_loss,7733248,1786500656.349528,0.004462767392
train/value_loss,7766016,1786500661.340997,0.00390310958
train/value_loss,7798784,1786500666.351083,0.004609963391
train/value_loss,7831552,1786500671.344573,0.004183742218
train/value_loss,7864320,1786500676.324495,0.004011624493
train/value_loss,7897088,1786500681.305153,0.00387244462
train/value_loss,7929856,1786500686.304739,0.00323589379
train/value_loss,7962624,1786500691.306465,0.003854026087
train/value_loss,7995392,1786500696.302940,0.004585722461
train/value_loss,8028160,1786500701.314037,0.004500401206
