tag,step,wall_time,value
rollout/ep_len_mean,32768,1783861778.685910,681.5714111
rollout/ep_len_mean,65536,1783861783.756097,761.9493408
rollout/ep_len_mean,98304,1783861788.783883,781
rollout/ep_len_mean,131072,1783861793.795028,801.1599731
rollout/ep_len_mean,163840,1783861798.854650,795.5499878
rollout/ep_len_mean,196608,1783861803.858574,803.1400146
rollout/ep_len_mean,229376,1783861808.881715,802.6500244
rollout/ep_len_mean,262144,1783861813.865321,819.2000122
rollout/ep_len_mean,294912,1783861818.869124,832.5300293
rollout/ep_len_mean,327680,1783861823.870694,806.039978
rollout/ep_len_mean,360448,1783861828.878821,747.539978
rollout/ep_len_mean,393216,1783861833.887702,764.789978
rollout/ep_len_mean,425984,1783861838.984965,794.789978
rollout/ep_len_mean,458752,1783861844.011021,802.3699951
rollout/ep_len_mean,491520,1783861848.922629,806.9799805
rollout/ep_len_mean,524288,1783861854.129613,793.960022
rollout/ep_len_mean,557056,1783861859.292834,793.1099854
rollout/ep_len_mean,589824,1783861864.385579,825.6599731
rollout/ep_len_mean,622592,1783861869.445784,885.8699951
rollout/ep_len_mean,655360,1783861874.433731,882.7199707
rollout/ep_len_mean,688128,1783861879.404772,868.5
rollout/ep_len_mean,720896,1783861884.341929,846.8099976
rollout/ep_len_mean,753664,1783861889.109382,810.0300293
rollout/ep_len_mean,786432,1783861893.870394,824.710022
rollout/ep_len_mean,819200,1783861898.535473,823.5499878
rollout/ep_len_mean,851968,1783861903.146912,832.1300049
rollout/ep_len_mean,884736,1783861908.041287,836.2999878
rollout/ep_len_mean,917504,1783861912.957110,843
rollout/ep_len_mean,950272,1783861917.876190,854.6500244
rollout/ep_len_mean,983040,1783861922.503706,867.8900146
rollout/ep_len_mean,1015808,1783861927.170502,912.4899902
rollout/ep_len_mean,1048576,1783861931.833035,890.4099731
rollout/ep_len_mean,1081344,1783861936.426838,867.3499756
rollout/ep_len_mean,1114112,1783861941.023003,853.7199707
rollout/ep_len_mean,1146880,1783861945.625479,870.3699951
rollout/ep_len_mean,1179648,1783861950.481058,909.210022
rollout/ep_len_mean,1212416,1783861955.257746,918.5900269
rollout/ep_len_mean,1245184,1783861959.950645,927.7700195
rollout/ep_len_mean,1277952,1783861964.862440,915.210022
rollout/ep_len_mean,1310720,1783861969.676444,911.5900269
rollout/ep_len_mean,1343488,1783861974.329475,858.5900269
rollout/ep_len_mean,1376256,1783861978.892410,863.1699829
rollout/ep_len_mean,1409024,1783861983.355430,869.2399902
rollout/ep_len_mean,1441792,1783861987.822213,890.4199829
rollout/ep_len_mean,1474560,1783861992.424663,867.039978
rollout/ep_len_mean,1507328,1783861997.051337,886.5700073
rollout/ep_len_mean,1540096,1783862001.700860,842.6599731
rollout/ep_len_mean,1572864,1783862006.386370,860.4199829
rollout/ep_len_mean,1605632,1783862010.982386,843.1799927
rollout/ep_len_mean,1638400,1783862015.631625,862.0999756
rollout/ep_len_mean,1671168,1783862020.246300,846.1500244
rollout/ep_len_mean,1703936,1783862024.849241,876.2800293
rollout/ep_len_mean,1736704,1783862029.417165,869.0900269
rollout/ep_len_mean,1769472,1783862033.931827,860.9500122
rollout/ep_len_mean,1802240,1783862038.574041,833.5
rollout/ep_len_mean,1835008,1783862043.117523,839.0999756
rollout/ep_len_mean,1867776,1783862047.754990,847.5
rollout/ep_len_mean,1900544,1783862052.638383,848.1300049
rollout/ep_len_mean,1933312,1783862057.231103,827.5100098
rollout/ep_len_mean,1966080,1783862061.799634,860.9199829
rollout/ep_len_mean,1998848,1783862066.346798,872.4000244
rollout/ep_len_mean,2031616,1783862070.933257,847.2800293
rollout/ep_len_mean,2064384,1783862075.463364,853.6799927
rollout/ep_len_mean,2097152,1783862080.084748,828.7000122
rollout/ep_len_mean,2129920,1783862084.632567,858.0599976
rollout/ep_len_mean,2162688,1783862089.531564,837.1599731
rollout/ep_len_mean,2195456,1783862094.485941,853.0800171
rollout/ep_len_mean,2228224,1783862099.445810,838.2299805
rollout/ep_len_mean,2260992,1783862104.486694,837.9099731
rollout/ep_len_mean,2293760,1783862109.592286,842.7999878
rollout/ep_len_mean,2326528,1783862114.766964,890.1799927
rollout/ep_len_mean,2359296,1783862119.854117,929.0800171
rollout/ep_len_mean,2392064,1783862124.879208,903.3699951
rollout/ep_len_mean,2424832,1783862130.013039,909.460022
rollout/ep_len_mean,2457600,1783862135.149929,868.8099976
rollout/ep_len_mean,2490368,1783862140.102455,877.6500244
rollout/ep_len_mean,2523136,1783862145.240738,888.1599731
rollout/ep_len_mean,2555904,1783862150.180627,891.3499756
rollout/ep_len_mean,2588672,1783862154.981323,909.9199829
rollout/ep_len_mean,2621440,1783862159.869761,908.9400024
rollout/ep_len_mean,2654208,1783862164.665988,883.210022
rollout/ep_len_mean,2686976,1783862169.261397,859.9299927
rollout/ep_len_mean,2719744,1783862174.045167,877.460022
rollout/ep_len_mean,2752512,1783862179.031166,878.5300293
rollout/ep_len_mean,2785280,1783862183.772488,874.3800049
rollout/ep_len_mean,2818048,1783862188.504932,864.9400024
rollout/ep_len_mean,2850816,1783862193.166696,877.6799927
rollout/ep_len_mean,2883584,1783862197.973337,909.1699829
rollout/ep_len_mean,2916352,1783862202.703195,880.4099731
rollout/ep_len_mean,2949120,1783862207.570371,901.3800049
rollout/ep_len_mean,2981888,1783862212.312288,923.0100098
rollout/ep_len_mean,3014656,1783862217.310157,899.1599731
rollout/ep_len_mean,3047424,1783862222.236911,897.5999756
rollout/ep_len_mean,3080192,1783862227.118539,876.1900024
rollout/ep_len_mean,3112960,1783862231.868382,895.3599854
rollout/ep_len_mean,3145728,1783862236.667601,912.7700195
rollout/ep_len_mean,3178496,1783862241.517574,940.6199951
rollout/ep_len_mean,3211264,1783862246.398190,942.25
rollout/ep_len_mean,3244032,1783862251.180670,897.6799927
rollout/ep_len_mean,3276800,1783862255.861124,902.8900146
rollout/ep_len_mean,3309568,1783862260.623253,859.8800049
rollout/ep_len_mean,3342336,1783862265.341692,895.9899902
rollout/ep_len_mean,3375104,1783862270.000109,889.5900269
rollout/ep_len_mean,3407872,1783862274.724272,902.5800171
rollout/ep_len_mean,3440640,1783862279.580718,905.1500244
rollout/ep_len_mean,3473408,1783862284.510628,892.8400269
rollout/ep_len_mean,3506176,1783862289.727623,918.0599976
rollout/ep_len_mean,3538944,1783862295.006328,930.4699707
rollout/ep_len_mean,3571712,1783862300.155964,931.8599854
rollout/ep_len_mean,3604480,1783862305.124097,919.1799927
rollout/ep_len_mean,3637248,1783862310.186484,899.8900146
rollout/ep_len_mean,3670016,1783862315.231831,902.3300171
rollout/ep_len_mean,3702784,1783862320.383410,911.1900024
rollout/ep_len_mean,3735552,1783862325.270760,922.460022
rollout/ep_len_mean,3768320,1783862329.997038,920.539978
rollout/ep_len_mean,3801088,1783862334.500925,922.8900146
rollout/ep_len_mean,3833856,1783862339.143326,898.4699707
rollout/ep_len_mean,3866624,1783862344.167436,900.4400024
rollout/ep_len_mean,3899392,1783862349.392463,860.2199707
rollout/ep_len_mean,3932160,1783862354.570674,870.7399902
rollout/ep_len_mean,3964928,1783862359.728359,896.0999756
rollout/ep_len_mean,3997696,1783862364.920668,913.2700195
rollout/ep_len_mean,4030464,1783862369.943300,927.75
rollout/ep_len_mean,4063232,1783862374.991824,918.3900146
rollout/ep_len_mean,4096000,1783862380.146131,920.7700195
rollout/ep_len_mean,4128768,1783862385.220186,928.8200073
rollout/ep_len_mean,4161536,1783862390.473257,918.0800171
rollout/ep_len_mean,4194304,1783862395.707580,907.6799927
rollout/ep_len_mean,4227072,1783862400.876834,935.3900146
rollout/ep_len_mean,4259840,1783862405.700437,924.6900024
rollout/ep_len_mean,4292608,1783862410.416084,907.460022
rollout/ep_len_mean,4325376,1783862415.150864,898.6099854
rollout/ep_len_mean,4358144,1783862419.843988,915.6199951
rollout/ep_len_mean,4390912,1783862424.635735,946.2600098
rollout/ep_len_mean,4423680,1783862429.366640,940.9799805
rollout/ep_len_mean,4456448,1783862434.090809,960.0999756
rollout/ep_len_mean,4489216,1783862438.846342,944.75
rollout/ep_len_mean,4521984,1783862443.670095,941.5100098
rollout/ep_len_mean,4554752,1783862448.487891,940.0100098
rollout/ep_len_mean,4587520,1783862453.188784,940.039978
rollout/ep_len_mean,4620288,1783862458.060576,886.5
rollout/ep_len_mean,4653056,1783862462.628038,896.6199951
rollout/ep_len_mean,4685824,1783862467.133353,903.1400146
rollout/ep_len_mean,4718592,1783862471.650138,928.8900146
rollout/ep_len_mean,4751360,1783862476.320251,917.1300049
rollout/ep_len_mean,4784128,1783862481.124751,915.8400269
rollout/ep_len_mean,4816896,1783862485.943348,921.5
rollout/ep_len_mean,4849664,1783862490.665156,910.4899902
rollout/ep_len_mean,4882432,1783862495.371085,909.1400146
rollout/ep_len_mean,4915200,1783862500.179382,901.0499878
rollout/ep_len_mean,4947968,1783862504.756507,907.4000244
rollout/ep_len_mean,4980736,1783862509.596911,912.0100098
rollout/ep_len_mean,5013504,1783862514.195709,947.0499878
rollout/ep_rew_mean,32768,1783861778.685937,22.81806755
rollout/ep_rew_mean,65536,1783861783.756114,25.67774582
rollout/ep_rew_mean,98304,1783861788.783901,26.70323753
rollout/ep_rew_mean,131072,1783861793.795052,27.59290504
rollout/ep_rew_mean,163840,1783861798.854666,27.55619621
rollout/ep_rew_mean,196608,1783861803.858591,27.8476162
rollout/ep_rew_mean,229376,1783861808.881730,27.82458115
rollout/ep_rew_mean,262144,1783861813.865337,28.37277222
rollout/ep_rew_mean,294912,1783861818.869141,28.92137909
rollout/ep_rew_mean,327680,1783861823.870711,28.10444069
rollout/ep_rew_mean,360448,1783861828.878839,25.97225761
rollout/ep_rew_mean,393216,1783861833.887718,26.55751801
rollout/ep_rew_mean,425984,1783861838.984981,27.59380341
rollout/ep_rew_mean,458752,1783861844.011043,27.9686203
rollout/ep_rew_mean,491520,1783861848.922646,28.04221725
rollout/ep_rew_mean,524288,1783861854.129659,27.51234436
rollout/ep_rew_mean,557056,1783861859.292861,27.42410088
rollout/ep_rew_mean,589824,1783861864.385597,28.82868576
rollout/ep_rew_mean,622592,1783861869.445802,30.93247414
rollout/ep_rew_mean,655360,1783861874.433749,30.84911728
rollout/ep_rew_mean,688128,1783861879.404790,30.34604073
rollout/ep_rew_mean,720896,1783861884.341952,29.94321442
rollout/ep_rew_mean,753664,1783861889.109400,28.36151314
rollout/ep_rew_mean,786432,1783861893.870413,28.65387726
rollout/ep_rew_mean,819200,1783861898.535491,28.56748772
rollout/ep_rew_mean,851968,1783861903.146929,29.09521675
rollout/ep_rew_mean,884736,1783861908.041304,29.30931473
rollout/ep_rew_mean,917504,1783861912.957129,29.4946537
rollout/ep_rew_mean,950272,1783861917.876206,29.95386505
rollout/ep_rew_mean,983040,1783861922.503724,30.78718567
rollout/ep_rew_mean,1015808,1783861927.170525,32.26033401
rollout/ep_rew_mean,1048576,1783861931.833056,31.32675171
rollout/ep_rew_mean,1081344,1783861936.426857,30.48325539
rollout/ep_rew_mean,1114112,1783861941.023021,30.17938232
rollout/ep_rew_mean,1146880,1783861945.625495,30.85260773
rollout/ep_rew_mean,1179648,1783861950.481076,32.40090942
rollout/ep_rew_mean,1212416,1783861955.257769,32.6884079
rollout/ep_rew_mean,1245184,1783861959.950661,33.05282211
rollout/ep_rew_mean,1277952,1783861964.862460,32.56728363
rollout/ep_rew_mean,1310720,1783861969.676460,32.30892181
rollout/ep_rew_mean,1343488,1783861974.329497,30.36457253
rollout/ep_rew_mean,1376256,1783861978.892429,30.62680626
rollout/ep_rew_mean,1409024,1783861983.355446,30.84141731
rollout/ep_rew_mean,1441792,1783861987.822232,31.39029121
rollout/ep_rew_mean,1474560,1783861992.424679,30.90556145
rollout/ep_rew_mean,1507328,1783861997.051356,31.62890244
rollout/ep_rew_mean,1540096,1783862001.700878,29.94829941
rollout/ep_rew_mean,1572864,1783862006.386387,30.58464622
rollout/ep_rew_mean,1605632,1783862010.982409,30.21050262
rollout/ep_rew_mean,1638400,1783862015.631651,31.08177948
rollout/ep_rew_mean,1671168,1783862020.246316,30.14628983
rollout/ep_rew_mean,1703936,1783862024.849258,31.05582428
rollout/ep_rew_mean,1736704,1783862029.417183,31.1197052
rollout/ep_rew_mean,1769472,1783862033.931848,30.86359024
rollout/ep_rew_mean,1802240,1783862038.574058,29.70331955
rollout/ep_rew_mean,1835008,1783862043.117540,30.0345211
rollout/ep_rew_mean,1867776,1783862047.755008,30.38471222
rollout/ep_rew_mean,1900544,1783862052.638403,30.70991135
rollout/ep_rew_mean,1933312,1783862057.231121,29.71017265
rollout/ep_rew_mean,1966080,1783862061.799651,30.87815094
rollout/ep_rew_mean,1998848,1783862066.346816,31.29779625
rollout/ep_rew_mean,2031616,1783862070.933275,30.48995209
rollout/ep_rew_mean,2064384,1783862075.463381,30.59213638
rollout/ep_rew_mean,2097152,1783862080.084765,29.91626358
rollout/ep_rew_mean,2129920,1783862084.632587,30.81594658
rollout/ep_rew_mean,2162688,1783862089.531583,29.89652634
rollout/ep_rew_mean,2195456,1783862094.485961,30.17516518
rollout/ep_rew_mean,2228224,1783862099.445830,29.70054626
rollout/ep_rew_mean,2260992,1783862104.486712,29.88484955
rollout/ep_rew_mean,2293760,1783862109.592303,30.26438522
rollout/ep_rew_mean,2326528,1783862114.766984,32.14375305
rollout/ep_rew_mean,2359296,1783862119.854134,33.7191124
rollout/ep_rew_mean,2392064,1783862124.879227,32.82627106
rollout/ep_rew_mean,2424832,1783862130.013059,33.20472717
rollout/ep_rew_mean,2457600,1783862135.149948,31.55305099
rollout/ep_rew_mean,2490368,1783862140.102477,32.11197662
rollout/ep_rew_mean,2523136,1783862145.240762,32.34243393
rollout/ep_rew_mean,2555904,1783862150.180650,32.33914948
rollout/ep_rew_mean,2588672,1783862154.981340,33.06908035
rollout/ep_rew_mean,2621440,1783862159.869778,33.00816727
rollout/ep_rew_mean,2654208,1783862164.666005,32.1615181
rollout/ep_rew_mean,2686976,1783862169.261413,31.36018372
rollout/ep_rew_mean,2719744,1783862174.045185,32.11115265
rollout/ep_rew_mean,2752512,1783862179.031183,32.18323898
rollout/ep_rew_mean,2785280,1783862183.772512,32.02538681
rollout/ep_rew_mean,2818048,1783862188.504949,31.55321884
rollout/ep_rew_mean,2850816,1783862193.166715,31.99356842
rollout/ep_rew_mean,2883584,1783862197.973355,32.90503693
rollout/ep_rew_mean,2916352,1783862202.703212,31.9210701
rollout/ep_rew_mean,2949120,1783862207.570389,32.77371216
rollout/ep_rew_mean,2981888,1783862212.312306,33.68082428
rollout/ep_rew_mean,3014656,1783862217.310173,32.92196655
rollout/ep_rew_mean,3047424,1783862222.236928,32.91575241
rollout/ep_rew_mean,3080192,1783862227.118557,31.9599247
rollout/ep_rew_mean,3112960,1783862231.868399,32.56348419
rollout/ep_rew_mean,3145728,1783862236.667622,32.75828934
rollout/ep_rew_mean,3178496,1783862241.517590,33.82623672
rollout/ep_rew_mean,3211264,1783862246.398213,34.05508423
rollout/ep_rew_mean,3244032,1783862251.180691,32.66283798
rollout/ep_rew_mean,3276800,1783862255.861145,32.89735031
rollout/ep_rew_mean,3309568,1783862260.623270,31.0922966
rollout/ep_rew_mean,3342336,1783862265.341711,32.61775589
rollout/ep_rew_mean,3375104,1783862270.000128,32.39201736
rollout/ep_rew_mean,3407872,1783862274.724290,32.97867203
rollout/ep_rew_mean,3440640,1783862279.580736,32.97805405
rollout/ep_rew_mean,3473408,1783862284.510646,32.42120361
rollout/ep_rew_mean,3506176,1783862289.727643,33.34157562
rollout/ep_rew_mean,3538944,1783862295.006348,33.96497726
rollout/ep_rew_mean,3571712,1783862300.155983,33.9793396
rollout/ep_rew_mean,3604480,1783862305.124115,33.29122925
rollout/ep_rew_mean,3637248,1783862310.186501,32.69116974
rollout/ep_rew_mean,3670016,1783862315.231854,32.90663528
rollout/ep_rew_mean,3702784,1783862320.383430,33.50485992
rollout/ep_rew_mean,3735552,1783862325.270788,33.89460373
rollout/ep_rew_mean,3768320,1783862329.997057,33.73993301
rollout/ep_rew_mean,3801088,1783862334.500944,33.76560974
rollout/ep_rew_mean,3833856,1783862339.143346,33.09640884
rollout/ep_rew_mean,3866624,1783862344.167455,33.16618729
rollout/ep_rew_mean,3899392,1783862349.392480,31.74589729
rollout/ep_rew_mean,3932160,1783862354.570692,32.23242569
rollout/ep_rew_mean,3964928,1783862359.728379,33.28836441
rollout/ep_rew_mean,3997696,1783862364.920691,33.86715698
rollout/ep_rew_mean,4030464,1783862369.943318,34.20822525
rollout/ep_rew_mean,4063232,1783862374.991844,33.95906067
rollout/ep_rew_mean,4096000,1783862380.146153,33.93756485
rollout/ep_rew_mean,4128768,1783862385.220206,34.47372055
rollout/ep_rew_mean,4161536,1783862390.473276,33.96305084
rollout/ep_rew_mean,4194304,1783862395.707601,33.42354965
rollout/ep_rew_mean,4227072,1783862400.876852,34.4425354
rollout/ep_rew_mean,4259840,1783862405.700456,34.12340927
rollout/ep_rew_mean,4292608,1783862410.416103,33.52296829
rollout/ep_rew_mean,4325376,1783862415.150883,33.31675339
rollout/ep_rew_mean,4358144,1783862419.844005,34.0917778
rollout/ep_rew_mean,4390912,1783862424.635755,35.05888748
rollout/ep_rew_mean,4423680,1783862429.366663,34.68267059
rollout/ep_rew_mean,4456448,1783862434.090826,35.46944427
rollout/ep_rew_mean,4489216,1783862438.846359,34.84097672
rollout/ep_rew_mean,4521984,1783862443.670114,34.57785416
rollout/ep_rew_mean,4554752,1783862448.487910,34.84590149
rollout/ep_rew_mean,4587520,1783862453.188801,34.72585678
rollout/ep_rew_mean,4620288,1783862458.060595,32.77565765
rollout/ep_rew_mean,4653056,1783862462.628057,32.76854706
rollout/ep_rew_mean,4685824,1783862467.133372,33.23841095
rollout/ep_rew_mean,4718592,1783862471.650157,34.51950073
rollout/ep_rew_mean,4751360,1783862476.320269,34.08174896
rollout/ep_rew_mean,4784128,1783862481.124769,33.8629303
rollout/ep_rew_mean,4816896,1783862485.943367,33.95986557
rollout/ep_rew_mean,4849664,1783862490.665178,33.53905869
rollout/ep_rew_mean,4882432,1783862495.371102,33.85855865
rollout/ep_rew_mean,4915200,1783862500.179401,33.3239975
rollout/ep_rew_mean,4947968,1783862504.756528,33.56911469
rollout/ep_rew_mean,4980736,1783862509.596930,33.48060989
rollout/ep_rew_mean,5013504,1783862514.195726,34.85698318
time/fps,32768,1783861778.685947,12615
time/fps,65536,1783861783.756119,8547
time/fps,98304,1783861788.783906,7743
time/fps,131072,1783861793.795058,7402
time/fps,163840,1783861798.854670,7196
time/fps,196608,1783861803.858596,7079
time/fps,229376,1783861808.881735,6994
time/fps,262144,1783861813.865342,6939
time/fps,294912,1783861818.869146,6893
time/fps,327680,1783861823.870716,6857
time/fps,360448,1783861828.878845,6827
time/fps,393216,1783861833.887722,6803
time/fps,425984,1783861838.984986,6772
time/fps,458752,1783861844.011049,6754
time/fps,491520,1783861848.922651,6748
time/fps,524288,1783861854.129664,6718
time/fps,557056,1783861859.292871,6695
time/fps,589824,1783861864.385603,6679
time/fps,622592,1783861869.445807,6668
time/fps,655360,1783861874.433755,6663
time/fps,688128,1783861879.404795,6660
time/fps,720896,1783861884.341958,6659
time/fps,753664,1783861889.109405,6668
time/fps,786432,1783861893.870419,6677
time/fps,819200,1783861898.535498,6690
time/fps,851968,1783861903.146935,6705
time/fps,884736,1783861908.041309,6704
time/fps,917504,1783861912.957135,6703
time/fps,950272,1783861917.876211,6702
time/fps,983040,1783861922.503729,6714
time/fps,1015808,1783861927.170532,6723
time/fps,1048576,1783861931.833062,6732
time/fps,1081344,1783861936.426862,6744
time/fps,1114112,1783861941.023026,6754
time/fps,1146880,1783861945.625500,6764
time/fps,1179648,1783861950.481081,6764
time/fps,1212416,1783861955.257776,6766
time/fps,1245184,1783861959.950666,6772
time/fps,1277952,1783861964.862465,6769
time/fps,1310720,1783861969.676465,6770
time/fps,1343488,1783861974.329508,6777
time/fps,1376256,1783861978.892435,6786
time/fps,1409024,1783861983.355451,6798
time/fps,1441792,1783861987.822237,6809
time/fps,1474560,1783861992.424684,6816
time/fps,1507328,1783861997.051362,6821
time/fps,1540096,1783862001.700883,6826
time/fps,1572864,1783862006.386392,6829
time/fps,1605632,1783862010.982416,6835
time/fps,1638400,1783862015.631656,6839
time/fps,1671168,1783862020.246321,6844
time/fps,1703936,1783862024.849263,6849
time/fps,1736704,1783862029.417188,6855
time/fps,1769472,1783862033.931854,6862
time/fps,1802240,1783862038.574063,6866
time/fps,1835008,1783862043.117545,6871
time/fps,1867776,1783862047.755012,6875
time/fps,1900544,1783862052.638408,6872
time/fps,1933312,1783862057.231127,6876
time/fps,1966080,1783862061.799656,6881
time/fps,1998848,1783862066.346822,6886
time/fps,2031616,1783862070.933280,6890
time/fps,2064384,1783862075.463388,6895
time/fps,2097152,1783862080.084770,6898
time/fps,2129920,1783862084.632592,6903
time/fps,2162688,1783862089.531588,6899
time/fps,2195456,1783862094.485967,6895
time/fps,2228224,1783862099.445835,6890
time/fps,2260992,1783862104.486716,6884
time/fps,2293760,1783862109.592308,6877
time/fps,2326528,1783862114.766988,6869
time/fps,2359296,1783862119.854139,6863
time/fps,2392064,1783862124.879232,6858
time/fps,2424832,1783862130.013064,6851
time/fps,2457600,1783862135.149953,6844
time/fps,2490368,1783862140.102483,6841
time/fps,2523136,1783862145.240768,6834
time/fps,2555904,1783862150.180655,6832
time/fps,2588672,1783862154.981344,6832
time/fps,2621440,1783862159.869783,6830
time/fps,2654208,1783862164.666010,6830
time/fps,2686976,1783862169.261418,6834
time/fps,2719744,1783862174.045192,6834
time/fps,2752512,1783862179.031189,6831
time/fps,2785280,1783862183.772518,6831
time/fps,2818048,1783862188.504954,6833
time/fps,2850816,1783862193.166722,6835
time/fps,2883584,1783862197.973360,6835
time/fps,2916352,1783862202.703217,6836
time/fps,2949120,1783862207.570394,6834
time/fps,2981888,1783862212.312311,6835
time/fps,3014656,1783862217.310178,6832
time/fps,3047424,1783862222.236933,6830
time/fps,3080192,1783862227.118562,6829
time/fps,3112960,1783862231.868404,6829
time/fps,3145728,1783862236.667628,6829
time/fps,3178496,1783862241.517596,6829
time/fps,3211264,1783862246.398218,6827
time/fps,3244032,1783862251.180696,6828
time/fps,3276800,1783862255.861151,6829
time/fps,3309568,1783862260.623275,6830
time/fps,3342336,1783862265.341717,6831
time/fps,3375104,1783862270.000134,6833
time/fps,3407872,1783862274.724295,6834
time/fps,3440640,1783862279.580741,6833
time/fps,3473408,1783862284.510652,6831
time/fps,3506176,1783862289.727649,6826
time/fps,3538944,1783862295.006354,6819
time/fps,3571712,1783862300.155988,6815
time/fps,3604480,1783862305.124120,6813
time/fps,3637248,1783862310.186506,6810
time/fps,3670016,1783862315.231861,6807
time/fps,3702784,1783862320.383435,6802
time/fps,3735552,1783862325.270794,6802
time/fps,3768320,1783862329.997062,6803
time/fps,3801088,1783862334.500950,6806
time/fps,3833856,1783862339.143352,6809
time/fps,3866624,1783862344.167462,6806
time/fps,3899392,1783862349.392485,6801
time/fps,3932160,1783862354.570699,6797
time/fps,3964928,1783862359.728384,6793
time/fps,3997696,1783862364.920696,6789
time/fps,4030464,1783862369.943323,6786
time/fps,4063232,1783862374.991849,6784
time/fps,4096000,1783862380.146158,6780
time/fps,4128768,1783862385.220212,6778
time/fps,4161536,1783862390.473283,6773
time/fps,4194304,1783862395.707608,6769
time/fps,4227072,1783862400.876857,6765
time/fps,4259840,1783862405.700461,6765
time/fps,4292608,1783862410.416109,6767
time/fps,4325376,1783862415.150888,6768
time/fps,4358144,1783862419.844011,6769
time/fps,4390912,1783862424.635761,6770
time/fps,4423680,1783862429.366669,6771
time/fps,4456448,1783862434.090831,6772
time/fps,4489216,1783862438.846364,6773
time/fps,4521984,1783862443.670120,6773
time/fps,4554752,1783862448.487916,6773
time/fps,4587520,1783862453.188806,6775
time/fps,4620288,1783862458.060601,6774
time/fps,4653056,1783862462.628062,6777
time/fps,4685824,1783862467.133377,6780
time/fps,4718592,1783862471.650163,6783
time/fps,4751360,1783862476.320274,6785
time/fps,4784128,1783862481.124776,6785
time/fps,4816896,1783862485.943372,6785
time/fps,4849664,1783862490.665183,6786
time/fps,4882432,1783862495.371107,6787
time/fps,4915200,1783862500.179407,6788
time/fps,4947968,1783862504.756534,6790
time/fps,4980736,1783862509.596936,6790
time/fps,5013504,1783862514.195732,6792
train/approx_kl,65536,1783861783.756123,0.009567435831
train/approx_kl,98304,1783861788.783910,0.009463094175
train/approx_kl,131072,1783861793.795065,0.009567666799
train/approx_kl,163840,1783861798.854675,0.009527875111
train/approx_kl,196608,1783861803.858601,0.009531907737
train/approx_kl,229376,1783861808.881739,0.01002004836
train/approx_kl,262144,1783861813.865346,0.009925562888
train/approx_kl,294912,1783861818.869151,0.009665441699
train/approx_kl,327680,1783861823.870720,0.009666013531
train/approx_kl,360448,1783861828.878851,0.0105975084
train/approx_kl,393216,1783861833.887726,0.009967076592
train/approx_kl,425984,1783861838.984991,0.01022613328
train/approx_kl,458752,1783861844.011054,0.01059789956
train/approx_kl,491520,1783861848.922655,0.01002477109
train/approx_kl,524288,1783861854.129669,0.009842551313
train/approx_kl,557056,1783861859.292877,0.01023730915
train/approx_kl,589824,1783861864.385607,0.01014934108
train/approx_kl,622592,1783861869.445812,0.01027491875
train/approx_kl,655360,1783861874.433760,0.01025865041
train/approx_kl,688128,1783861879.404799,0.01012303308
train/approx_kl,720896,1783861884.341964,0.01027937792
train/approx_kl,753664,1783861889.109410,0.01011092775
train/approx_kl,786432,1783861893.870425,0.01043847483
train/approx_kl,819200,1783861898.535509,0.01015582774
train/approx_kl,851968,1783861903.146939,0.01010375749
train/approx_kl,884736,1783861908.041314,0.01043491252
train/approx_kl,917504,1783861912.957140,0.01012360677
train/approx_kl,950272,1783861917.876215,0.01102089696
train/approx_kl,983040,1783861922.503734,0.01028296724
train/approx_kl,1015808,1783861927.170537,0.01015261374
train/approx_kl,1048576,1783861931.833067,0.01071359403
train/approx_kl,1081344,1783861936.426867,0.01049336698
train/approx_kl,1114112,1783861941.023032,0.01087122504
train/approx_kl,1146880,1783861945.625504,0.01063076593
train/approx_kl,1179648,1783861950.481086,0.01007681247
train/approx_kl,1212416,1783861955.257782,0.01056298334
train/approx_kl,1245184,1783861959.950671,0.01086768135
train/approx_kl,1277952,1783861964.862470,0.01063729636
train/approx_kl,1310720,1783861969.676470,0.01090379804
train/approx_kl,1343488,1783861974.329513,0.01118000783
train/approx_kl,1376256,1783861978.892440,0.01101217046
train/approx_kl,1409024,1783861983.355456,0.0112750195
train/approx_kl,1441792,1783861987.822242,0.01069400832
train/approx_kl,1474560,1783861992.424689,0.01042453945
train/approx_kl,1507328,1783861997.051367,0.01072324347
train/approx_kl,1540096,1783862001.700888,0.01088176854
train/approx_kl,1572864,1783862006.386397,0.01087830216
train/approx_kl,1605632,1783862010.982422,0.01078541111
train/approx_kl,1638400,1783862015.631661,0.01102893986
train/approx_kl,1671168,1783862020.246326,0.01066690963
train/approx_kl,1703936,1783862024.849267,0.01136855967
train/approx_kl,1736704,1783862029.417193,0.01121043228
train/approx_kl,1769472,1783862033.931859,0.01107108686
train/approx_kl,1802240,1783862038.574068,0.01150292438
train/approx_kl,1835008,1783862043.117550,0.01168298349
train/approx_kl,1867776,1783862047.755017,0.01118193194
train/approx_kl,1900544,1783862052.638413,0.01124763489
train/approx_kl,1933312,1783862057.231132,0.01116205007
train/approx_kl,1966080,1783862061.799660,0.01123050135
train/approx_kl,1998848,1783862066.346827,0.01135740057
train/approx_kl,2031616,1783862070.933285,0.01120513119
train/approx_kl,2064384,1783862075.463394,0.01132132672
train/approx_kl,2097152,1783862080.084775,0.01117511094
train/approx_kl,2129920,1783862084.632598,0.01120199077
train/approx_kl,2162688,1783862089.531592,0.01158065349
train/approx_kl,2195456,1783862094.485973,0.01174292713
train/approx_kl,2228224,1783862099.445877,0.01119326334
train/approx_kl,2260992,1783862104.486721,0.01148353703
train/approx_kl,2293760,1783862109.592312,0.01140926499
train/approx_kl,2326528,1783862114.766993,0.01182701811
train/approx_kl,2359296,1783862119.854144,0.01126533747
train/approx_kl,2392064,1783862124.879237,0.01141683012
train/approx_kl,2424832,1783862130.013073,0.01164389402
train/approx_kl,2457600,1783862135.149959,0.01165245101
train/approx_kl,2490368,1783862140.102488,0.01187394094
train/approx_kl,2523136,1783862145.240773,0.0116291251
train/approx_kl,2555904,1783862150.180659,0.01199822128
train/approx_kl,2588672,1783862154.981349,0.01169514284
train/approx_kl,2621440,1783862159.869788,0.01173672359
train/approx_kl,2654208,1783862164.666014,0.01124394126
train/approx_kl,2686976,1783862169.261423,0.01178557239
train/approx_kl,2719744,1783862174.045197,0.01217770204
train/approx_kl,2752512,1783862179.031193,0.01197289955
train/approx_kl,2785280,1783862183.772523,0.01204839535
train/approx_kl,2818048,1783862188.504959,0.01168136485
train/approx_kl,2850816,1783862193.166727,0.01205275394
train/approx_kl,2883584,1783862197.973365,0.0116579039
train/approx_kl,2916352,1783862202.703222,0.01192511804
train/approx_kl,2949120,1783862207.570399,0.01250844635
train/approx_kl,2981888,1783862212.312316,0.01193199586
train/approx_kl,3014656,1783862217.310182,0.01144625433
train/approx_kl,3047424,1783862222.236937,0.01238970645
train/approx_kl,3080192,1783862227.118567,0.01213661302
train/approx_kl,3112960,1783862231.868409,0.01217207965
train/approx_kl,3145728,1783862236.667633,0.01243569329
train/approx_kl,3178496,1783862241.517600,0.01227148809
train/approx_kl,3211264,1783862246.398223,0.01215913333
train/approx_kl,3244032,1783862251.180702,0.01223231852
train/approx_kl,3276800,1783862255.861156,0.01265434455
train/approx_kl,3309568,1783862260.623280,0.01255732775
train/approx_kl,3342336,1783862265.341722,0.01224721037
train/approx_kl,3375104,1783862270.000139,0.01261280663
train/approx_kl,3407872,1783862274.724300,0.01235804055
train/approx_kl,3440640,1783862279.580746,0.01262315735
train/approx_kl,3473408,1783862284.510656,0.01285635494
train/approx_kl,3506176,1783862289.727656,0.01209767442
train/approx_kl,3538944,1783862295.006360,0.01278710179
train/approx_kl,3571712,1783862300.155992,0.01244739629
train/approx_kl,3604480,1783862305.124125,0.01226210594
train/approx_kl,3637248,1783862310.186511,0.01313474402
train/approx_kl,3670016,1783862315.231867,0.0124047203
train/approx_kl,3702784,1783862320.383440,0.01227122918
train/approx_kl,3735552,1783862325.270800,0.01237572171
train/approx_kl,3768320,1783862329.997067,0.01273715682
train/approx_kl,3801088,1783862334.500955,0.0128034614
train/approx_kl,3833856,1783862339.143357,0.0125508057
train/approx_kl,3866624,1783862344.167469,0.01235931087
train/approx_kl,3899392,1783862349.392490,0.01261400245
train/approx_kl,3932160,1783862354.570705,0.013079267
train/approx_kl,3964928,1783862359.728389,0.01238503773
train/approx_kl,3997696,1783862364.920702,0.01307926513
train/approx_kl,4030464,1783862369.943328,0.01280706003
train/approx_kl,4063232,1783862374.991854,0.01285016071
train/approx_kl,4096000,1783862380.146163,0.01277289353
train/approx_kl,4128768,1783862385.220218,0.01268178504
train/approx_kl,4161536,1783862390.473289,0.01292976271
train/approx_kl,4194304,1783862395.707614,0.01392729208
train/approx_kl,4227072,1783862400.876862,0.01329897437
train/approx_kl,4259840,1783862405.700467,0.01310174353
train/approx_kl,4292608,1783862410.416114,0.01291702315
train/approx_kl,4325376,1783862415.150893,0.01313073561
train/approx_kl,4358144,1783862419.844016,0.01327780448
train/approx_kl,4390912,1783862424.635767,0.01333870925
train/approx_kl,4423680,1783862429.366674,0.01287219953
train/approx_kl,4456448,1783862434.090836,0.01351634879
train/approx_kl,4489216,1783862438.846369,0.01285939664
train/approx_kl,4521984,1783862443.670126,0.01311654691
train/approx_kl,4554752,1783862448.487921,0.0128650004
train/approx_kl,4587520,1783862453.188811,0.01293804124
train/approx_kl,4620288,1783862458.060606,0.01335451566
train/approx_kl,4653056,1783862462.628067,0.01373161189
train/approx_kl,4685824,1783862467.133383,0.01303424127
train/approx_kl,4718592,1783862471.650168,0.01299085468
train/approx_kl,4751360,1783862476.320279,0.01388401352
train/approx_kl,4784128,1783862481.124781,0.01325646415
train/approx_kl,4816896,1783862485.943377,0.01283016428
train/approx_kl,4849664,1783862490.665188,0.01374093071
train/approx_kl,4882432,1783862495.371112,0.01376371644
train/approx_kl,4915200,1783862500.179413,0.01324856654
train/approx_kl,4947968,1783862504.756539,0.01365295239
train/approx_kl,4980736,1783862509.596941,0.01344399806
train/approx_kl,5013504,1783862514.195737,0.01398860477
train/clip_fraction,65536,1783861783.756127,0.1951370239
train/clip_fraction,98304,1783861788.783914,0.1811294556
train/clip_fraction,131072,1783861793.795069,0.1906280518
train/clip_fraction,163840,1783861798.854678,0.1908340454
train/clip_fraction,196608,1783861803.858605,0.1888504028
train/clip_fraction,229376,1783861808.881743,0.1939239502
train/clip_fraction,262144,1783861813.865350,0.1908111572
train/clip_fraction,294912,1783861818.869154,0.1939239502
train/clip_fraction,327680,1783861823.870724,0.1943969727
train/clip_fraction,360448,1783861828.878855,0.2019577026
train/clip_fraction,393216,1783861833.887730,0.1974258423
train/clip_fraction,425984,1783861838.984994,0.1981811523
train/clip_fraction,458752,1783861844.011058,0.2053909302
train/clip_fraction,491520,1783861848.922658,0.2051849365
train/clip_fraction,524288,1783861854.129673,0.1938323975
train/clip_fraction,557056,1783861859.292881,0.1998901367
train/clip_fraction,589824,1783861864.385611,0.205368042
train/clip_fraction,622592,1783861869.445816,0.2054138184
train/clip_fraction,655360,1783861874.433764,0.1987762451
train/clip_fraction,688128,1783861879.404803,0.20362854
train/clip_fraction,720896,1783861884.341969,0.20652771
train/clip_fraction,753664,1783861889.109414,0.2009429932
train/clip_fraction,786432,1783861893.870430,0.2103805542
train/clip_fraction,819200,1783861898.535514,0.203704834
train/clip_fraction,851968,1783861903.146943,0.2005462646
train/clip_fraction,884736,1783861908.041317,0.2065429688
train/clip_fraction,917504,1783861912.957144,0.2013626099
train/clip_fraction,950272,1783861917.876219,0.2176971436
train/clip_fraction,983040,1783861922.503737,0.1994400024
train/clip_fraction,1015808,1783861927.170541,0.1994628906
train/clip_fraction,1048576,1783861931.833071,0.2172470093
train/clip_fraction,1081344,1783861936.426872,0.2122497559
train/clip_fraction,1114112,1783861941.023037,0.213394165
train/clip_fraction,1146880,1783861945.625508,0.2136154175
train/clip_fraction,1179648,1783861950.481089,0.2039871216
train/clip_fraction,1212416,1783861955.257787,0.2095718384
train/clip_fraction,1245184,1783861959.950675,0.2158279419
train/clip_fraction,1277952,1783861964.862474,0.2138824463
train/clip_fraction,1310720,1783861969.676474,0.216178894
train/clip_fraction,1343488,1783861974.329517,0.2256469727
train/clip_fraction,1376256,1783861978.892444,0.2169799805
train/clip_fraction,1409024,1783861983.355460,0.2256469727
train/clip_fraction,1441792,1783861987.822246,0.2131118774
train/clip_fraction,1474560,1783861992.424693,0.210395813
train/clip_fraction,1507328,1783861997.051371,0.2225875854
train/clip_fraction,1540096,1783862001.700892,0.2221984863
train/clip_fraction,1572864,1783862006.386401,0.2184906006
train/clip_fraction,1605632,1783862010.982427,0.2140197754
train/clip_fraction,1638400,1783862015.631665,0.2202072144
train/clip_fraction,1671168,1783862020.246330,0.2172088623
train/clip_fraction,1703936,1783862024.849271,0.2273178101
train/clip_fraction,1736704,1783862029.417196,0.2198257446
train/clip_fraction,1769472,1783862033.931863,0.2259750366
train/clip_fraction,1802240,1783862038.574072,0.2275848389
train/clip_fraction,1835008,1783862043.117554,0.2333297729
train/clip_fraction,1867776,1783862047.755020,0.2234573364
train/clip_fraction,1900544,1783862052.638417,0.2335205078
train/clip_fraction,1933312,1783862057.231136,0.2265625
train/clip_fraction,1966080,1783862061.799664,0.2283859253
train/clip_fraction,1998848,1783862066.346831,0.2309646606
train/clip_fraction,2031616,1783862070.933288,0.2234802246
train/clip_fraction,2064384,1783862075.463399,0.2272872925
train/clip_fraction,2097152,1783862080.084778,0.2237548828
train/clip_fraction,2129920,1783862084.632602,0.2216339111
train/clip_fraction,2162688,1783862089.531596,0.2294540405
train/clip_fraction,2195456,1783862094.485978,0.236038208
train/clip_fraction,2228224,1783862099.445889,0.2255706787
train/clip_fraction,2260992,1783862104.486725,0.2302093506
train/clip_fraction,2293760,1783862109.592316,0.224281311
train/clip_fraction,2326528,1783862114.766997,0.2376251221
train/clip_fraction,2359296,1783862119.854147,0.225944519
train/clip_fraction,2392064,1783862124.879241,0.2265777588
train/clip_fraction,2424832,1783862130.013077,0.2289657593
train/clip_fraction,2457600,1783862135.149963,0.2328338623
train/clip_fraction,2490368,1783862140.102496,0.236946106
train/clip_fraction,2523136,1783862145.240777,0.2310714722
train/clip_fraction,2555904,1783862150.180663,0.2368011475
train/clip_fraction,2588672,1783862154.981353,0.2314987183
train/clip_fraction,2621440,1783862159.869792,0.2390365601
train/clip_fraction,2654208,1783862164.666018,0.2296447754
train/clip_fraction,2686976,1783862169.261426,0.2358856201
train/clip_fraction,2719744,1783862174.045201,0.2412109375
train/clip_fraction,2752512,1783862179.031197,0.2418670654
train/clip_fraction,2785280,1783862183.772527,0.246963501
train/clip_fraction,2818048,1783862188.504963,0.2356338501
train/clip_fraction,2850816,1783862193.166731,0.2380599976
train/clip_fraction,2883584,1783862197.973368,0.2369842529
train/clip_fraction,2916352,1783862202.703226,0.237701416
train/clip_fraction,2949120,1783862207.570402,0.2480773926
train/clip_fraction,2981888,1783862212.312320,0.2421569824
train/clip_fraction,3014656,1783862217.310186,0.228515625
train/clip_fraction,3047424,1783862222.236941,0.2482070923
train/clip_fraction,3080192,1783862227.118571,0.2443695068
train/clip_fraction,3112960,1783862231.868413,0.2498245239
train/clip_fraction,3145728,1783862236.667637,0.2456741333
train/clip_fraction,3178496,1783862241.517604,0.2449951172
train/clip_fraction,3211264,1783862246.398227,0.2383499146
train/clip_fraction,3244032,1783862251.180706,0.2402496338
train/clip_fraction,3276800,1783862255.861160,0.2576446533
train/clip_fraction,3309568,1783862260.623283,0.2453918457
train/clip_fraction,3342336,1783862265.341726,0.2481842041
train/clip_fraction,3375104,1783862270.000142,0.2521438599
train/clip_fraction,3407872,1783862274.724304,0.2489624023
train/clip_fraction,3440640,1783862279.580749,0.2545318604
train/clip_fraction,3473408,1783862284.510660,0.2539138794
train/clip_fraction,3506176,1783862289.727661,0.2419662476
train/clip_fraction,3538944,1783862295.006365,0.2457580566
train/clip_fraction,3571712,1783862300.155996,0.2477111816
train/clip_fraction,3604480,1783862305.124129,0.2480621338
train/clip_fraction,3637248,1783862310.186514,0.2543258667
train/clip_fraction,3670016,1783862315.231872,0.2531585693
train/clip_fraction,3702784,1783862320.383444,0.2504653931
train/clip_fraction,3735552,1783862325.270804,0.2487335205
train/clip_fraction,3768320,1783862329.997072,0.2481842041
train/clip_fraction,3801088,1783862334.500959,0.2558746338
train/clip_fraction,3833856,1783862339.143361,0.2493057251
train/clip_fraction,3866624,1783862344.167473,0.2485809326
train/clip_fraction,3899392,1783862349.392494,0.2466583252
train/clip_fraction,3932160,1783862354.570710,0.259552002
train/clip_fraction,3964928,1783862359.728393,0.2491455078
train/clip_fraction,3997696,1783862364.920706,0.2624206543
train/clip_fraction,4030464,1783862369.943332,0.2569885254
train/clip_fraction,4063232,1783862374.991858,0.2554702759
train/clip_fraction,4096000,1783862380.146167,0.2556991577
train/clip_fraction,4128768,1783862385.220222,0.2526473999
train/clip_fraction,4161536,1783862390.473294,0.2510299683
train/clip_fraction,4194304,1783862395.707619,0.26537323
train/clip_fraction,4227072,1783862400.876865,0.2553482056
train/clip_fraction,4259840,1783862405.700471,0.2570648193
train/clip_fraction,4292608,1783862410.416118,0.2561569214
train/clip_fraction,4325376,1783862415.150897,0.2680511475
train/clip_fraction,4358144,1783862419.844020,0.2648468018
train/clip_fraction,4390912,1783862424.635771,0.2582244873
train/clip_fraction,4423680,1783862429.366677,0.2573852539
train/clip_fraction,4456448,1783862434.090839,0.258972168
train/clip_fraction,4489216,1783862438.846373,0.2587661743
train/clip_fraction,4521984,1783862443.670131,0.2631072998
train/clip_fraction,4554752,1783862448.487925,0.2624511719
train/clip_fraction,4587520,1783862453.188814,0.2579421997
train/clip_fraction,4620288,1783862458.060610,0.2618865967
train/clip_fraction,4653056,1783862462.628071,0.2689666748
train/clip_fraction,4685824,1783862467.133387,0.2596740723
train/clip_fraction,4718592,1783862471.650172,0.2613296509
train/clip_fraction,4751360,1783862476.320282,0.2722930908
train/clip_fraction,4784128,1783862481.124786,0.267036438
train/clip_fraction,4816896,1783862485.943385,0.2582321167
train/clip_fraction,4849664,1783862490.665192,0.2647628784
train/clip_fraction,4882432,1783862495.371115,0.2712554932
train/clip_fraction,4915200,1783862500.179418,0.2615737915
train/clip_fraction,4947968,1783862504.756543,0.2663574219
train/clip_fraction,4980736,1783862509.596945,0.2726364136
train/clip_fraction,5013504,1783862514.195740,0.2705307007
train/clip_range,65536,1783861783.756130,0.150000006
train/clip_range,98304,1783861788.783917,0.150000006
train/clip_range,131072,1783861793.795074,0.150000006
train/clip_range,163840,1783861798.854681,0.150000006
train/clip_range,196608,1783861803.858608,0.150000006
train/clip_range,229376,1783861808.881746,0.150000006
train/clip_range,262144,1783861813.865353,0.150000006
train/clip_range,294912,1783861818.869157,0.150000006
train/clip_range,327680,1783861823.870727,0.150000006
train/clip_range,360448,1783861828.878860,0.150000006
train/clip_range,393216,1783861833.887733,0.150000006
train/clip_range,425984,1783861838.984997,0.150000006
train/clip_range,458752,1783861844.011062,0.150000006
train/clip_range,491520,1783861848.922662,0.150000006
train/clip_range,524288,1783861854.129677,0.150000006
train/clip_range,557056,1783861859.292885,0.150000006
train/clip_range,589824,1783861864.385614,0.150000006
train/clip_range,622592,1783861869.445819,0.150000006
train/clip_range,655360,1783861874.433767,0.150000006
train/clip_range,688128,1783861879.404807,0.150000006
train/clip_range,720896,1783861884.341973,0.150000006
train/clip_range,753664,1783861889.109418,0.150000006
train/clip_range,786432,1783861893.870434,0.150000006
train/clip_range,819200,1783861898.535518,0.150000006
train/clip_range,851968,1783861903.146947,0.150000006
train/clip_range,884736,1783861908.041321,0.150000006
train/clip_range,917504,1783861912.957147,0.150000006
train/clip_range,950272,1783861917.876222,0.150000006
train/clip_range,983040,1783861922.503741,0.150000006
train/clip_range,1015808,1783861927.170545,0.150000006
train/clip_range,1048576,1783861931.833075,0.150000006
train/clip_range,1081344,1783861936.426876,0.150000006
train/clip_range,1114112,1783861941.023042,0.150000006
train/clip_range,1146880,1783861945.625511,0.150000006
train/clip_range,1179648,1783861950.481093,0.150000006
train/clip_range,1212416,1783861955.257791,0.150000006
train/clip_range,1245184,1783861959.950678,0.150000006
train/clip_range,1277952,1783861964.862478,0.150000006
train/clip_range,1310720,1783861969.676479,0.150000006
train/clip_range,1343488,1783861974.329522,0.150000006
train/clip_range,1376256,1783861978.892448,0.150000006
train/clip_range,1409024,1783861983.355463,0.150000006
train/clip_range,1441792,1783861987.822250,0.150000006
train/clip_range,1474560,1783861992.424697,0.150000006
train/clip_range,1507328,1783861997.051374,0.150000006
train/clip_range,1540096,1783862001.700896,0.150000006
train/clip_range,1572864,1783862006.386405,0.150000006
train/clip_range,1605632,1783862010.982431,0.150000006
train/clip_range,1638400,1783862015.631668,0.150000006
train/clip_range,1671168,1783862020.246333,0.150000006
train/clip_range,1703936,1783862024.849274,0.150000006
train/clip_range,1736704,1783862029.417200,0.150000006
train/clip_range,1769472,1783862033.931867,0.150000006
train/clip_range,1802240,1783862038.574075,0.150000006
train/clip_range,1835008,1783862043.117558,0.150000006
train/clip_range,1867776,1783862047.755023,0.150000006
train/clip_range,1900544,1783862052.638420,0.150000006
train/clip_range,1933312,1783862057.231140,0.150000006
train/clip_range,1966080,1783862061.799667,0.150000006
train/clip_range,1998848,1783862066.346835,0.150000006
train/clip_range,2031616,1783862070.933292,0.150000006
train/clip_range,2064384,1783862075.463403,0.150000006
train/clip_range,2097152,1783862080.084782,0.150000006
train/clip_range,2129920,1783862084.632605,0.150000006
train/clip_range,2162688,1783862089.531600,0.150000006
train/clip_range,2195456,1783862094.485983,0.150000006
train/clip_range,2228224,1783862099.445894,0.150000006
train/clip_range,2260992,1783862104.486729,0.150000006
train/clip_range,2293760,1783862109.592320,0.150000006
train/clip_range,2326528,1783862114.767000,0.150000006
train/clip_range,2359296,1783862119.854151,0.150000006
train/clip_range,2392064,1783862124.879245,0.150000006
train/clip_range,2424832,1783862130.013082,0.150000006
train/clip_range,2457600,1783862135.149968,0.150000006
train/clip_range,2490368,1783862140.102500,0.150000006
train/clip_range,2523136,1783862145.240781,0.150000006
train/clip_range,2555904,1783862150.180667,0.150000006
train/clip_range,2588672,1783862154.981356,0.150000006
train/clip_range,2621440,1783862159.869795,0.150000006
train/clip_range,2654208,1783862164.666021,0.150000006
train/clip_range,2686976,1783862169.261430,0.150000006
train/clip_range,2719744,1783862174.045204,0.150000006
train/clip_range,2752512,1783862179.031201,0.150000006
train/clip_range,2785280,1783862183.772530,0.150000006
train/clip_range,2818048,1783862188.504966,0.150000006
train/clip_range,2850816,1783862193.166735,0.150000006
train/clip_range,2883584,1783862197.973372,0.150000006
train/clip_range,2916352,1783862202.703229,0.150000006
train/clip_range,2949120,1783862207.570406,0.150000006
train/clip_range,2981888,1783862212.312324,0.150000006
train/clip_range,3014656,1783862217.310189,0.150000006
train/clip_range,3047424,1783862222.236944,0.150000006
train/clip_range,3080192,1783862227.118575,0.150000006
train/clip_range,3112960,1783862231.868417,0.150000006
train/clip_range,3145728,1783862236.667641,0.150000006
train/clip_range,3178496,1783862241.517608,0.150000006
train/clip_range,3211264,1783862246.398231,0.150000006
train/clip_range,3244032,1783862251.180709,0.150000006
train/clip_range,3276800,1783862255.861164,0.150000006
train/clip_range,3309568,1783862260.623287,0.150000006
train/clip_range,3342336,1783862265.341730,0.150000006
train/clip_range,3375104,1783862270.000146,0.150000006
train/clip_range,3407872,1783862274.724308,0.150000006
train/clip_range,3440640,1783862279.580753,0.150000006
train/clip_range,3473408,1783862284.510664,0.150000006
train/clip_range,3506176,1783862289.727665,0.150000006
train/clip_range,3538944,1783862295.006370,0.150000006
train/clip_range,3571712,1783862300.156000,0.150000006
train/clip_range,3604480,1783862305.124132,0.150000006
train/clip_range,3637248,1783862310.186518,0.150000006
train/clip_range,3670016,1783862315.231876,0.150000006
train/clip_range,3702784,1783862320.383448,0.150000006
train/clip_range,3735552,1783862325.270807,0.150000006
train/clip_range,3768320,1783862329.997075,0.150000006
train/clip_range,3801088,1783862334.500962,0.150000006
train/clip_range,3833856,1783862339.143365,0.150000006
train/clip_range,3866624,1783862344.167476,0.150000006
train/clip_range,3899392,1783862349.392497,0.150000006
train/clip_range,3932160,1783862354.570715,0.150000006
train/clip_range,3964928,1783862359.728396,0.150000006
train/clip_range,3997696,1783862364.920710,0.150000006
train/clip_range,4030464,1783862369.943335,0.150000006
train/clip_range,4063232,1783862374.991862,0.150000006
train/clip_range,4096000,1783862380.146170,0.150000006
train/clip_range,4128768,1783862385.220227,0.150000006
train/clip_range,4161536,1783862390.473298,0.150000006
train/clip_range,4194304,1783862395.707624,0.150000006
train/clip_range,4227072,1783862400.876869,0.150000006
train/clip_range,4259840,1783862405.700474,0.150000006
train/clip_range,4292608,1783862410.416122,0.150000006
train/clip_range,4325376,1783862415.150901,0.150000006
train/clip_range,4358144,1783862419.844023,0.150000006
train/clip_range,4390912,1783862424.635774,0.150000006
train/clip_range,4423680,1783862429.366681,0.150000006
train/clip_range,4456448,1783862434.090843,0.150000006
train/clip_range,4489216,1783862438.846376,0.150000006
train/clip_range,4521984,1783862443.670135,0.150000006
train/clip_range,4554752,1783862448.487928,0.150000006
train/clip_range,4587520,1783862453.188818,0.150000006
train/clip_range,4620288,1783862458.060615,0.150000006
train/clip_range,4653056,1783862462.628075,0.150000006
train/clip_range,4685824,1783862467.133390,0.150000006
train/clip_range,4718592,1783862471.650177,0.150000006
train/clip_range,4751360,1783862476.320286,0.150000006
train/clip_range,4784128,1783862481.124790,0.150000006
train/clip_range,4816896,1783862485.943388,0.150000006
train/clip_range,4849664,1783862490.665196,0.150000006
train/clip_range,4882432,1783862495.371119,0.150000006
train/clip_range,4915200,1783862500.179422,0.150000006
train/clip_range,4947968,1783862504.756547,0.150000006
train/clip_range,4980736,1783862509.596949,0.150000006
train/clip_range,5013504,1783862514.195744,0.150000006
train/entropy_loss,65536,1783861783.756133,-31.69437981
train/entropy_loss,98304,1783861788.783920,-31.65110397
train/entropy_loss,131072,1783861793.795078,-31.62163544
train/entropy_loss,163840,1783861798.854684,-31.59241295
train/entropy_loss,196608,1783861803.858611,-31.55343246
train/entropy_loss,229376,1783861808.881750,-31.51758385
train/entropy_loss,262144,1783861813.865356,-31.48618698
train/entropy_loss,294912,1783861818.869161,-31.45471001
train/entropy_loss,327680,1783861823.870731,-31.42404747
train/entropy_loss,360448,1783861828.878864,-31.39340591
train/entropy_loss,393216,1783861833.887736,-31.35751343
train/entropy_loss,425984,1783861838.985000,-31.31739616
train/entropy_loss,458752,1783861844.011066,-31.28499794
train/entropy_loss,491520,1783861848.922665,-31.25390053
train/entropy_loss,524288,1783861854.129680,-31.21871376
train/entropy_loss,557056,1783861859.292888,-31.18329239
train/entropy_loss,589824,1783861864.385618,-31.14668655
train/entropy_loss,622592,1783861869.445823,-31.11296844
train/entropy_loss,655360,1783861874.433771,-31.07752609
train/entropy_loss,688128,1783861879.404810,-31.0499382
train/entropy_loss,720896,1783861884.341978,-31.01519394
train/entropy_loss,753664,1783861889.109422,-30.98233032
train/entropy_loss,786432,1783861893.870438,-30.94436836
train/entropy_loss,819200,1783861898.535523,-30.90332985
train/entropy_loss,851968,1783861903.146951,-30.86707878
train/entropy_loss,884736,1783861908.041324,-30.84020615
train/entropy_loss,917504,1783861912.957151,-30.80724335
train/entropy_loss,950272,1783861917.876225,-30.77663231
train/entropy_loss,983040,1783861922.503744,-30.74225044
train/entropy_loss,1015808,1783861927.170548,-30.70741272
train/entropy_loss,1048576,1783861931.833079,-30.67130089
train/entropy_loss,1081344,1783861936.426879,-30.65062523
train/entropy_loss,1114112,1783861941.023046,-30.61663055
train/entropy_loss,1146880,1783861945.625515,-30.58817673
train/entropy_loss,1179648,1783861950.481096,-30.5551548
train/entropy_loss,1212416,1783861955.257794,-30.51552582
train/entropy_loss,1245184,1783861959.950681,-30.47604179
train/entropy_loss,1277952,1783861964.862482,-30.4391346
train/entropy_loss,1310720,1783861969.676483,-30.40568733
train/entropy_loss,1343488,1783861974.329526,-30.38040924
train/entropy_loss,1376256,1783861978.892452,-30.35711288
train/entropy_loss,1409024,1783861983.355467,-30.32887077
train/entropy_loss,1441792,1783861987.822253,-30.31166649
train/entropy_loss,1474560,1783861992.424701,-30.28137589
train/entropy_loss,1507328,1783861997.051378,-30.25525093
train/entropy_loss,1540096,1783862001.700899,-30.22612762
train/entropy_loss,1572864,1783862006.386409,-30.20356369
train/entropy_loss,1605632,1783862010.982436,-30.17489052
train/entropy_loss,1638400,1783862015.631672,-30.15420914
train/entropy_loss,1671168,1783862020.246336,-30.12817001
train/entropy_loss,1703936,1783862024.849278,-30.09377861
train/entropy_loss,1736704,1783862029.417204,-30.06329155
train/entropy_loss,1769472,1783862033.931872,-30.04382515
train/entropy_loss,1802240,1783862038.574079,-30.01910591
train/entropy_loss,1835008,1783862043.117561,-30.00037956
train/entropy_loss,1867776,1783862047.755027,-29.97835541
train/entropy_loss,1900544,1783862052.638424,-29.95307922
train/entropy_loss,1933312,1783862057.231143,-29.92289543
train/entropy_loss,1966080,1783862061.799670,-29.90041924
train/entropy_loss,1998848,1783862066.346838,-29.87655258
train/entropy_loss,2031616,1783862070.933295,-29.84956741
train/entropy_loss,2064384,1783862075.463407,-29.81914902
train/entropy_loss,2097152,1783862080.084785,-29.79470444
train/entropy_loss,2129920,1783862084.632609,-29.75583649
train/entropy_loss,2162688,1783862089.531603,-29.7285347
train/entropy_loss,2195456,1783862094.485988,-29.69362259
train/entropy_loss,2228224,1783862099.445898,-29.6758976
train/entropy_loss,2260992,1783862104.486732,-29.65574074
train/entropy_loss,2293760,1783862109.592323,-29.63334465
train/entropy_loss,2326528,1783862114.767004,-29.60575867
train/entropy_loss,2359296,1783862119.854154,-29.584589
train/entropy_loss,2392064,1783862124.879248,-29.54871941
train/entropy_loss,2424832,1783862130.013086,-29.51529884
train/entropy_loss,2457600,1783862135.149972,-29.49103737
train/entropy_loss,2490368,1783862140.102504,-29.47176552
train/entropy_loss,2523136,1783862145.240784,-29.45368767
train/entropy_loss,2555904,1783862150.180675,-29.4233036
train/entropy_loss,2588672,1783862154.981359,-29.38767433
train/entropy_loss,2621440,1783862159.869799,-29.35620499
train/entropy_loss,2654208,1783862164.666025,-29.3303299
train/entropy_loss,2686976,1783862169.261433,-29.30532837
train/entropy_loss,2719744,1783862174.045207,-29.28411865
train/entropy_loss,2752512,1783862179.031204,-29.26520729
train/entropy_loss,2785280,1783862183.772534,-29.24500847
train/entropy_loss,2818048,1783862188.504969,-29.21726036
train/entropy_loss,2850816,1783862193.166740,-29.1898613
train/entropy_loss,2883584,1783862197.973375,-29.16671371
train/entropy_loss,2916352,1783862202.703232,-29.14505577
train/entropy_loss,2949120,1783862207.570409,-29.12208939
train/entropy_loss,2981888,1783862212.312327,-29.09993553
train/entropy_loss,3014656,1783862217.310192,-29.08366585
train/entropy_loss,3047424,1783862222.236947,-29.06246185
train/entropy_loss,3080192,1783862227.118578,-29.02893829
train/entropy_loss,3112960,1783862231.868420,-29.00092697
train/entropy_loss,3145728,1783862236.667645,-28.97101212
train/entropy_loss,3178496,1783862241.517611,-28.94573784
train/entropy_loss,3211264,1783862246.398234,-28.92132568
train/entropy_loss,3244032,1783862251.180713,-28.89610291
train/entropy_loss,3276800,1783862255.861168,-28.8685379
train/entropy_loss,3309568,1783862260.623290,-28.84444046
train/entropy_loss,3342336,1783862265.341733,-28.82973289
train/entropy_loss,3375104,1783862270.000149,-28.801651
train/entropy_loss,3407872,1783862274.724312,-28.78024292
train/entropy_loss,3440640,1783862279.580756,-28.75914574
train/entropy_loss,3473408,1783862284.510667,-28.73578072
train/entropy_loss,3506176,1783862289.727670,-28.72102547
train/entropy_loss,3538944,1783862295.006374,-28.70390129
train/entropy_loss,3571712,1783862300.156003,-28.67909241
train/entropy_loss,3604480,1783862305.124135,-28.66032028
train/entropy_loss,3637248,1783862310.186521,-28.63894653
train/entropy_loss,3670016,1783862315.231880,-28.61291122
train/entropy_loss,3702784,1783862320.383452,-28.59089661
train/entropy_loss,3735552,1783862325.270811,-28.57360649
train/entropy_loss,3768320,1783862329.997079,-28.55347061
train/entropy_loss,3801088,1783862334.500966,-28.52431488
train/entropy_loss,3833856,1783862339.143368,-28.49656487
train/entropy_loss,3866624,1783862344.167480,-28.48410416
train/entropy_loss,3899392,1783862349.392501,-28.46535873
train/entropy_loss,3932160,1783862354.570719,-28.43955421
train/entropy_loss,3964928,1783862359.728400,-28.41508675
train/entropy_loss,3997696,1783862364.920714,-28.39472008
train/entropy_loss,4030464,1783862369.943339,-28.36800385
train/entropy_loss,4063232,1783862374.991865,-28.34217834
train/entropy_loss,4096000,1783862380.146174,-28.32780838
train/entropy_loss,4128768,1783862385.220231,-28.30353546
train/entropy_loss,4161536,1783862390.473301,-28.29029465
train/entropy_loss,4194304,1783862395.707628,-28.26914978
train/entropy_loss,4227072,1783862400.876872,-28.24773979
train/entropy_loss,4259840,1783862405.700478,-28.22963715
train/entropy_loss,4292608,1783862410.416125,-28.20750237
train/entropy_loss,4325376,1783862415.150905,-28.20087433
train/entropy_loss,4358144,1783862419.844027,-28.18678665
train/entropy_loss,4390912,1783862424.635778,-28.17373657
train/entropy_loss,4423680,1783862429.366684,-28.14759636
train/entropy_loss,4456448,1783862434.090846,-28.1196003
train/entropy_loss,4489216,1783862438.846380,-28.0939312
train/entropy_loss,4521984,1783862443.670140,-28.07588768
train/entropy_loss,4554752,1783862448.487932,-28.05866432
train/entropy_loss,4587520,1783862453.188821,-28.03717613
train/entropy_loss,4620288,1783862458.060619,-28.02251434
train/entropy_loss,4653056,1783862462.628078,-28.00357246
train/entropy_loss,4685824,1783862467.133394,-27.97990227
train/entropy_loss,4718592,1783862471.650181,-27.96410942
train/entropy_loss,4751360,1783862476.320289,-27.94340897
train/entropy_loss,4784128,1783862481.124793,-27.92572975
train/entropy_loss,4816896,1783862485.943392,-27.90188599
train/entropy_loss,4849664,1783862490.665199,-27.88033295
train/entropy_loss,4882432,1783862495.371122,-27.85856056
train/entropy_loss,4915200,1783862500.179427,-27.83966827
train/entropy_loss,4947968,1783862504.756550,-27.80932999
train/entropy_loss,4980736,1783862509.596952,-27.79164696
train/entropy_loss,5013504,1783862514.195748,-27.77627945
train/explained_variance,65536,1783861783.756136,0.8550441861
train/explained_variance,98304,1783861788.783923,0.7904125452
train/explained_variance,131072,1783861793.795083,0.8073143363
train/explained_variance,163840,1783861798.854687,0.8235676289
train/explained_variance,196608,1783861803.858614,0.7752418518
train/explained_variance,229376,1783861808.881753,0.8110231757
train/explained_variance,262144,1783861813.865359,0.7597931027
train/explained_variance,294912,1783861818.869164,0.7331758738
train/explained_variance,327680,1783861823.870734,0.6888613105
train/explained_variance,360448,1783861828.878869,0.7728232145
train/explained_variance,393216,1783861833.887739,0.7835942507
train/explained_variance,425984,1783861838.985003,0.7643327713
train/explained_variance,458752,1783861844.011069,0.7873455882
train/explained_variance,491520,1783861848.922668,0.8180295825
train/explained_variance,524288,1783861854.129683,0.8171359301
train/explained_variance,557056,1783861859.292892,0.8210251331
train/explained_variance,589824,1783861864.385621,0.8431168795
train/explained_variance,622592,1783861869.445826,0.8259025812
train/explained_variance,655360,1783861874.433774,0.8042933345
train/explained_variance,688128,1783861879.404813,0.7534567118
train/explained_variance,720896,1783861884.341982,0.7890979648
train/explained_variance,753664,1783861889.109425,0.8416141272
train/explained_variance,786432,1783861893.870442,0.7781103849
train/explained_variance,819200,1783861898.535527,0.8381169438
train/explained_variance,851968,1783861903.146954,0.8358958364
train/explained_variance,884736,1783861908.041327,0.772937119
train/explained_variance,917504,1783861912.957154,0.8185221553
train/explained_variance,950272,1783861917.876228,0.8539299965
train/explained_variance,983040,1783861922.503747,0.8662589788
train/explained_variance,1015808,1783861927.170551,0.8270536661
train/explained_variance,1048576,1783861931.833082,0.8359904885
train/explained_variance,1081344,1783861936.426882,0.7540609837
train/explained_variance,1114112,1783861941.023049,0.7850512266
train/explained_variance,1146880,1783861945.625518,0.8408161402
train/explained_variance,1179648,1783861950.481099,0.8454421163
train/explained_variance,1212416,1783861955.257798,0.8424364924
train/explained_variance,1245184,1783861959.950685,0.8571652174
train/explained_variance,1277952,1783861964.862485,0.7412161827
train/explained_variance,1310720,1783861969.676486,0.8684521317
train/explained_variance,1343488,1783861974.329531,0.8543815017
train/explained_variance,1376256,1783861978.892456,0.8328299522
train/explained_variance,1409024,1783861983.355470,0.7993575335
train/explained_variance,1441792,1783861987.822257,0.8505190611
train/explained_variance,1474560,1783861992.424704,0.8523521423
train/explained_variance,1507328,1783861997.051382,0.8395727873
train/explained_variance,1540096,1783862001.700903,0.8301828504
train/explained_variance,1572864,1783862006.386413,0.8700356483
train/explained_variance,1605632,1783862010.982440,0.8665416241
train/explained_variance,1638400,1783862015.631675,0.8171055317
train/explained_variance,1671168,1783862020.246340,0.8517650962
train/explained_variance,1703936,1783862024.849281,0.8522742987
train/explained_variance,1736704,1783862029.417207,0.8047587276
train/explained_variance,1769472,1783862033.931876,0.8270996809
train/explained_variance,1802240,1783862038.574082,0.8366007805
train/explained_variance,1835008,1783862043.117565,0.8184248209
train/explained_variance,1867776,1783862047.755030,0.7872670293
train/explained_variance,1900544,1783862052.638427,0.8150173426
train/explained_variance,1933312,1783862057.231147,0.8152238131
train/explained_variance,1966080,1783862061.799673,0.8030055761
train/explained_variance,1998848,1783862066.346842,0.8775959015
train/explained_variance,2031616,1783862070.933298,0.8602870703
train/explained_variance,2064384,1783862075.463410,0.8280433416
train/explained_variance,2097152,1783862080.084789,0.8736770153
train/explained_variance,2129920,1783862084.632612,0.8451941609
train/explained_variance,2162688,1783862089.531607,0.8236188889
train/explained_variance,2195456,1783862094.485992,0.8627633452
train/explained_variance,2228224,1783862099.445902,0.8684070706
train/explained_variance,2260992,1783862104.486735,0.8590841293
train/explained_variance,2293760,1783862109.592326,0.8465662599
train/explained_variance,2326528,1783862114.767007,0.8716799617
train/explained_variance,2359296,1783862119.854158,0.8000178337
train/explained_variance,2392064,1783862124.879252,0.8023402691
train/explained_variance,2424832,1783862130.013091,0.8348608017
train/explained_variance,2457600,1783862135.149977,0.7596743107
train/explained_variance,2490368,1783862140.102507,0.8530882597
train/explained_variance,2523136,1783862145.240788,0.8001746535
train/explained_variance,2555904,1783862150.180678,0.7923095226
train/explained_variance,2588672,1783862154.981362,0.7518736124
train/explained_variance,2621440,1783862159.869802,0.8373558521
train/explained_variance,2654208,1783862164.666028,0.8129117489
train/explained_variance,2686976,1783862169.261436,0.8687967658
train/explained_variance,2719744,1783862174.045211,0.8238695264
train/explained_variance,2752512,1783862179.031208,0.7772400975
train/explained_variance,2785280,1783862183.772538,0.8167265058
train/explained_variance,2818048,1783862188.504973,0.8471586704
train/explained_variance,2850816,1783862193.166744,0.8414084315
train/explained_variance,2883584,1783862197.973389,0.8489054441
train/explained_variance,2916352,1783862202.703236,0.8669314384
train/explained_variance,2949120,1783862207.570413,0.829996109
train/explained_variance,2981888,1783862212.312331,0.8047013879
train/explained_variance,3014656,1783862217.310195,0.8243448138
train/explained_variance,3047424,1783862222.236951,0.7877260447
train/explained_variance,3080192,1783862227.118582,0.8128649592
train/explained_variance,3112960,1783862231.868423,0.7890897989
train/explained_variance,3145728,1783862236.667648,0.8677667379
train/explained_variance,3178496,1783862241.517615,0.8819054365
train/explained_variance,3211264,1783862246.398238,0.7832154632
train/explained_variance,3244032,1783862251.180716,0.8644865751
train/explained_variance,3276800,1783862255.861183,0.827444613
train/explained_variance,3309568,1783862260.623293,0.8566870093
train/explained_variance,3342336,1783862265.341736,0.8368610144
train/explained_variance,3375104,1783862270.000153,0.8865201473
train/explained_variance,3407872,1783862274.724315,0.8182333112
train/explained_variance,3440640,1783862279.580760,0.8358397484
train/explained_variance,3473408,1783862284.510671,0.8807685375
train/explained_variance,3506176,1783862289.727673,0.8663312197
train/explained_variance,3538944,1783862295.006378,0.8695079088
train/explained_variance,3571712,1783862300.156006,0.828843832
train/explained_variance,3604480,1783862305.124139,0.8373135328
train/explained_variance,3637248,1783862310.186524,0.8344640732
train/explained_variance,3670016,1783862315.231885,0.7884248495
train/explained_variance,3702784,1783862320.383455,0.8083984256
train/explained_variance,3735552,1783862325.270814,0.8348748088
train/explained_variance,3768320,1783862329.997082,0.8852559924
train/explained_variance,3801088,1783862334.500969,0.8723529577
train/explained_variance,3833856,1783862339.143372,0.8588781357
train/explained_variance,3866624,1783862344.167483,0.810662508
train/explained_variance,3899392,1783862349.392504,0.8516970277
train/explained_variance,3932160,1783862354.570723,0.8324316144
train/explained_variance,3964928,1783862359.728403,0.7742950916
train/explained_variance,3997696,1783862364.920718,0.8245617151
train/explained_variance,4030464,1783862369.943342,0.799428463
train/explained_variance,4063232,1783862374.991869,0.8492988944
train/explained_variance,4096000,1783862380.146177,0.8023445606
train/explained_variance,4128768,1783862385.220235,0.7822104096
train/explained_variance,4161536,1783862390.473305,0.8295317292
train/explained_variance,4194304,1783862395.707633,0.8737297654
train/explained_variance,4227072,1783862400.876876,0.8144811392
train/explained_variance,4259840,1783862405.700481,0.8100097179
train/explained_variance,4292608,1783862410.416129,0.8293121457
train/explained_variance,4325376,1783862415.150908,0.8180669546
train/explained_variance,4358144,1783862419.844031,0.7455943823
train/explained_variance,4390912,1783862424.635781,0.8476825356
train/explained_variance,4423680,1783862429.366688,0.8507242203
train/explained_variance,4456448,1783862434.090850,0.8250639439
train/explained_variance,4489216,1783862438.846383,0.8972583413
train/explained_variance,4521984,1783862443.670144,0.8618094921
train/explained_variance,4554752,1783862448.487935,0.8685616255
train/explained_variance,4587520,1783862453.188825,0.8576384187
train/explained_variance,4620288,1783862458.060624,0.8337283731
train/explained_variance,4653056,1783862462.628082,0.8025095463
train/explained_variance,4685824,1783862467.133397,0.8398635387
train/explained_variance,4718592,1783862471.650190,0.8563245535
train/explained_variance,4751360,1783862476.320293,0.8668961525
train/explained_variance,4784128,1783862481.124797,0.875489831
train/explained_variance,4816896,1783862485.943395,0.851706028
train/explained_variance,4849664,1783862490.665203,0.8206050396
train/explained_variance,4882432,1783862495.371125,0.8524868488
train/explained_variance,4915200,1783862500.179431,0.8510479331
train/explained_variance,4947968,1783862504.756554,0.8287847638
train/explained_variance,4980736,1783862509.596955,0.801913619
train/explained_variance,5013504,1783862514.195751,0.9068776965
train/learning_rate,65536,1783861783.756139,9.999999747e-05
train/learning_rate,98304,1783861788.783926,9.999999747e-05
train/learning_rate,131072,1783861793.795087,9.999999747e-05
train/learning_rate,163840,1783861798.854690,9.999999747e-05
train/learning_rate,196608,1783861803.858617,9.999999747e-05
train/learning_rate,229376,1783861808.881756,9.999999747e-05
train/learning_rate,262144,1783861813.865363,9.999999747e-05
train/learning_rate,294912,1783861818.869167,9.999999747e-05
train/learning_rate,327680,1783861823.870737,9.999999747e-05
train/learning_rate,360448,1783861828.878873,9.999999747e-05
train/learning_rate,393216,1783861833.887742,9.999999747e-05
train/learning_rate,425984,1783861838.985006,9.999999747e-05
train/learning_rate,458752,1783861844.011072,9.999999747e-05
train/learning_rate,491520,1783861848.922671,9.999999747e-05
train/learning_rate,524288,1783861854.129687,9.999999747e-05
train/learning_rate,557056,1783861859.292896,9.999999747e-05
train/learning_rate,589824,1783861864.385624,9.999999747e-05
train/learning_rate,622592,1783861869.445829,9.999999747e-05
train/learning_rate,655360,1783861874.433777,9.999999747e-05
train/learning_rate,688128,1783861879.404817,9.999999747e-05
train/learning_rate,720896,1783861884.341986,9.999999747e-05
train/learning_rate,753664,1783861889.109429,9.999999747e-05
train/learning_rate,786432,1783861893.870445,9.999999747e-05
train/learning_rate,819200,1783861898.535532,9.999999747e-05
train/learning_rate,851968,1783861903.146958,9.999999747e-05
train/learning_rate,884736,1783861908.041331,9.999999747e-05
train/learning_rate,917504,1783861912.957158,9.999999747e-05
train/learning_rate,950272,1783861917.876231,9.999999747e-05
train/learning_rate,983040,1783861922.503750,9.999999747e-05
train/learning_rate,1015808,1783861927.170555,9.999999747e-05
train/learning_rate,1048576,1783861931.833086,9.999999747e-05
train/learning_rate,1081344,1783861936.426886,9.999999747e-05
train/learning_rate,1114112,1783861941.023053,9.999999747e-05
train/learning_rate,1146880,1783861945.625521,9.999999747e-05
train/learning_rate,1179648,1783861950.481103,9.999999747e-05
train/learning_rate,1212416,1783861955.257801,9.999999747e-05
train/learning_rate,1245184,1783861959.950688,9.999999747e-05
train/learning_rate,1277952,1783861964.862489,9.999999747e-05
train/learning_rate,1310720,1783861969.676489,9.999999747e-05
train/learning_rate,1343488,1783861974.329535,9.999999747e-05
train/learning_rate,1376256,1783861978.892459,9.999999747e-05
train/learning_rate,1409024,1783861983.355473,9.999999747e-05
train/learning_rate,1441792,1783861987.822260,9.999999747e-05
train/learning_rate,1474560,1783861992.424708,9.999999747e-05
train/learning_rate,1507328,1783861997.051385,9.999999747e-05
train/learning_rate,1540096,1783862001.700906,9.999999747e-05
train/learning_rate,1572864,1783862006.386416,9.999999747e-05
train/learning_rate,1605632,1783862010.982445,9.999999747e-05
train/learning_rate,1638400,1783862015.631678,9.999999747e-05
train/learning_rate,1671168,1783862020.246343,9.999999747e-05
train/learning_rate,1703936,1783862024.849288,9.999999747e-05
train/learning_rate,1736704,1783862029.417210,9.999999747e-05
train/learning_rate,1769472,1783862033.931880,9.999999747e-05
train/learning_rate,1802240,1783862038.574086,9.999999747e-05
train/learning_rate,1835008,1783862043.117568,9.999999747e-05
train/learning_rate,1867776,1783862047.755033,9.999999747e-05
train/learning_rate,1900544,1783862052.638431,9.999999747e-05
train/learning_rate,1933312,1783862057.231150,9.999999747e-05
train/learning_rate,1966080,1783862061.799676,9.999999747e-05
train/learning_rate,1998848,1783862066.346845,9.999999747e-05
train/learning_rate,2031616,1783862070.933301,9.999999747e-05
train/learning_rate,2064384,1783862075.463414,9.999999747e-05
train/learning_rate,2097152,1783862080.084792,9.999999747e-05
train/learning_rate,2129920,1783862084.632616,9.999999747e-05
train/learning_rate,2162688,1783862089.531610,9.999999747e-05
train/learning_rate,2195456,1783862094.485996,9.999999747e-05
train/learning_rate,2228224,1783862099.445905,9.999999747e-05
train/learning_rate,2260992,1783862104.486738,9.999999747e-05
train/learning_rate,2293760,1783862109.592330,9.999999747e-05
train/learning_rate,2326528,1783862114.767010,9.999999747e-05
train/learning_rate,2359296,1783862119.854161,9.999999747e-05
train/learning_rate,2392064,1783862124.879255,9.999999747e-05
train/learning_rate,2424832,1783862130.013095,9.999999747e-05
train/learning_rate,2457600,1783862135.149981,9.999999747e-05
train/learning_rate,2490368,1783862140.102510,9.999999747e-05
train/learning_rate,2523136,1783862145.240791,9.999999747e-05
train/learning_rate,2555904,1783862150.180682,9.999999747e-05
train/learning_rate,2588672,1783862154.981369,9.999999747e-05
train/learning_rate,2621440,1783862159.869805,9.999999747e-05
train/learning_rate,2654208,1783862164.666031,9.999999747e-05
train/learning_rate,2686976,1783862169.261439,9.999999747e-05
train/learning_rate,2719744,1783862174.045214,9.999999747e-05
train/learning_rate,2752512,1783862179.031211,9.999999747e-05
train/learning_rate,2785280,1783862183.772543,9.999999747e-05
train/learning_rate,2818048,1783862188.504976,9.999999747e-05
train/learning_rate,2850816,1783862193.166748,9.999999747e-05
train/learning_rate,2883584,1783862197.973392,9.999999747e-05
train/learning_rate,2916352,1783862202.703239,9.999999747e-05
train/learning_rate,2949120,1783862207.570416,9.999999747e-05
train/learning_rate,2981888,1783862212.312334,9.999999747e-05
train/learning_rate,3014656,1783862217.310198,9.999999747e-05
train/learning_rate,3047424,1783862222.236954,9.999999747e-05
train/learning_rate,3080192,1783862227.118585,9.999999747e-05
train/learning_rate,3112960,1783862231.868427,9.999999747e-05
train/learning_rate,3145728,1783862236.667652,9.999999747e-05
train/learning_rate,3178496,1783862241.517618,9.999999747e-05
train/learning_rate,3211264,1783862246.398242,9.999999747e-05
train/learning_rate,3244032,1783862251.180720,9.999999747e-05
train/learning_rate,3276800,1783862255.861186,9.999999747e-05
train/learning_rate,3309568,1783862260.623297,9.999999747e-05
train/learning_rate,3342336,1783862265.341740,9.999999747e-05
train/learning_rate,3375104,1783862270.000156,9.999999747e-05
train/learning_rate,3407872,1783862274.724318,9.999999747e-05
train/learning_rate,3440640,1783862279.580763,9.999999747e-05
train/learning_rate,3473408,1783862284.510674,9.999999747e-05
train/learning_rate,3506176,1783862289.727676,9.999999747e-05
train/learning_rate,3538944,1783862295.006383,9.999999747e-05
train/learning_rate,3571712,1783862300.156009,9.999999747e-05
train/learning_rate,3604480,1783862305.124142,9.999999747e-05
train/learning_rate,3637248,1783862310.186527,9.999999747e-05
train/learning_rate,3670016,1783862315.231889,9.999999747e-05
train/learning_rate,3702784,1783862320.383459,9.999999747e-05
train/learning_rate,3735552,1783862325.270818,9.999999747e-05
train/learning_rate,3768320,1783862329.997086,9.999999747e-05
train/learning_rate,3801088,1783862334.500973,9.999999747e-05
train/learning_rate,3833856,1783862339.143375,9.999999747e-05
train/learning_rate,3866624,1783862344.167487,9.999999747e-05
train/learning_rate,3899392,1783862349.392507,9.999999747e-05
train/learning_rate,3932160,1783862354.570728,9.999999747e-05
train/learning_rate,3964928,1783862359.728406,9.999999747e-05
train/learning_rate,3997696,1783862364.920721,9.999999747e-05
train/learning_rate,4030464,1783862369.943345,9.999999747e-05
train/learning_rate,4063232,1783862374.991872,9.999999747e-05
train/learning_rate,4096000,1783862380.146180,9.999999747e-05
train/learning_rate,4128768,1783862385.220240,9.999999747e-05
train/learning_rate,4161536,1783862390.473308,9.999999747e-05
train/learning_rate,4194304,1783862395.707637,9.999999747e-05
train/learning_rate,4227072,1783862400.876879,9.999999747e-05
train/learning_rate,4259840,1783862405.700485,9.999999747e-05
train/learning_rate,4292608,1783862410.416132,9.999999747e-05
train/learning_rate,4325376,1783862415.150912,9.999999747e-05
train/learning_rate,4358144,1783862419.844034,9.999999747e-05
train/learning_rate,4390912,1783862424.635784,9.999999747e-05
train/learning_rate,4423680,1783862429.366691,9.999999747e-05
train/learning_rate,4456448,1783862434.090853,9.999999747e-05
train/learning_rate,4489216,1783862438.846386,9.999999747e-05
train/learning_rate,4521984,1783862443.670149,9.999999747e-05
train/learning_rate,4554752,1783862448.487939,9.999999747e-05
train/learning_rate,4587520,1783862453.188828,9.999999747e-05
train/learning_rate,4620288,1783862458.060628,9.999999747e-05
train/learning_rate,4653056,1783862462.628085,9.999999747e-05
train/learning_rate,4685824,1783862467.133401,9.999999747e-05
train/learning_rate,4718592,1783862471.650194,9.999999747e-05
train/learning_rate,4751360,1783862476.320296,9.999999747e-05
train/learning_rate,4784128,1783862481.124800,9.999999747e-05
train/learning_rate,4816896,1783862485.943398,9.999999747e-05
train/learning_rate,4849664,1783862490.665206,9.999999747e-05
train/learning_rate,4882432,1783862495.371129,9.999999747e-05
train/learning_rate,4915200,1783862500.179436,9.999999747e-05
train/learning_rate,4947968,1783862504.756557,9.999999747e-05
train/learning_rate,4980736,1783862509.596959,9.999999747e-05
train/learning_rate,5013504,1783862514.195754,9.999999747e-05
train/loss,65536,1783861783.756142,-0.05636736378
train/loss,98304,1783861788.783929,-0.05185054243
train/loss,131072,1783861793.795091,-0.05911983922
train/loss,163840,1783861798.854693,-0.05932638049
train/loss,196608,1783861803.858620,-0.05414019898
train/loss,229376,1783861808.881759,-0.0503410548
train/loss,262144,1783861813.865366,-0.06107154116
train/loss,294912,1783861818.869170,-0.05430484563
train/loss,327680,1783861823.870741,-0.05735450611
train/loss,360448,1783861828.878877,-0.06155692786
train/loss,393216,1783861833.887745,-0.06084754318
train/loss,425984,1783861838.985010,-0.05529456958
train/loss,458752,1783861844.011076,-0.05808698013
train/loss,491520,1783861848.922674,-0.05613719299
train/loss,524288,1783861854.129690,-0.06224184483
train/loss,557056,1783861859.292899,-0.05323409289
train/loss,589824,1783861864.385628,-0.06472619623
train/loss,622592,1783861869.445833,-0.06760141253
train/loss,655360,1783861874.433781,-0.06229357049
train/loss,688128,1783861879.404820,-0.05645462498
train/loss,720896,1783861884.341990,-0.05638252571
train/loss,753664,1783861889.109433,-0.0700006038
train/loss,786432,1783861893.870448,-0.06227356568
train/loss,819200,1783861898.535536,-0.05586574599
train/loss,851968,1783861903.146961,-0.05580107123
train/loss,884736,1783861908.041334,-0.05667175725
train/loss,917504,1783861912.957162,-0.05640446022
train/loss,950272,1783861917.876234,-0.05023121834
train/loss,983040,1783861922.503754,-0.05402904004
train/loss,1015808,1783861927.170558,-0.05635685101
train/loss,1048576,1783861931.833089,-0.06298860162
train/loss,1081344,1783861936.426889,-0.05669547245
train/loss,1114112,1783861941.023056,-0.05224645883
train/loss,1146880,1783861945.625524,-0.05315798149
train/loss,1179648,1783861950.481106,-0.05512098223
train/loss,1212416,1783861955.257806,-0.06039700285
train/loss,1245184,1783861959.950692,-0.0636421442
train/loss,1277952,1783861964.862492,-0.06461758167
train/loss,1310720,1783861969.676493,-0.05208550394
train/loss,1343488,1783861974.329539,-0.05896804482
train/loss,1376256,1783861978.892463,-0.05037647858
train/loss,1409024,1783861983.355477,-0.06110915542
train/loss,1441792,1783861987.822263,-0.05931560695
train/loss,1474560,1783861992.424711,-0.05751451477
train/loss,1507328,1783861997.051388,-0.04276303574
train/loss,1540096,1783862001.700910,-0.05302743986
train/loss,1572864,1783862006.386419,-0.05600676313
train/loss,1605632,1783862010.982449,-0.05159443244
train/loss,1638400,1783862015.631681,-0.0537885949
train/loss,1671168,1783862020.246346,-0.04614359885
train/loss,1703936,1783862024.849292,-0.06438343227
train/loss,1736704,1783862029.417214,-0.05320496112
train/loss,1769472,1783862033.931885,-0.05353518203
train/loss,1802240,1783862038.574089,-0.06001706421
train/loss,1835008,1783862043.117571,-0.05258825794
train/loss,1867776,1783862047.755036,-0.05242972821
train/loss,1900544,1783862052.638434,-0.05491106585
train/loss,1933312,1783862057.231153,-0.04683375359
train/loss,1966080,1783862061.799679,-0.06124575064
train/loss,1998848,1783862066.346849,-0.05221424997
train/loss,2031616,1783862070.933304,-0.0570163317
train/loss,2064384,1783862075.463417,-0.06171957031
train/loss,2097152,1783862080.084795,-0.05067607388
train/loss,2129920,1783862084.632619,-0.04555431008
train/loss,2162688,1783862089.531613,-0.0544748269
train/loss,2195456,1783862094.486001,-0.06056686863
train/loss,2228224,1783862099.445908,-0.05154918879
train/loss,2260992,1783862104.486742,-0.05054139346
train/loss,2293760,1783862109.592333,-0.04716295376
train/loss,2326528,1783862114.767013,-0.06047715247
train/loss,2359296,1783862119.854164,-0.05059684813
train/loss,2392064,1783862124.879258,-0.05734339356
train/loss,2424832,1783862130.013099,-0.05588115379
train/loss,2457600,1783862135.149985,-0.06447558105
train/loss,2490368,1783862140.102514,-0.06000800431
train/loss,2523136,1783862145.240794,-0.05434091017
train/loss,2555904,1783862150.180685,-0.06215247512
train/loss,2588672,1783862154.981374,-0.04940160736
train/loss,2621440,1783862159.869809,-0.06118746474
train/loss,2654208,1783862164.666035,-0.04873039946
train/loss,2686976,1783862169.261442,-0.06098264828
train/loss,2719744,1783862174.045217,-0.05875816196
train/loss,2752512,1783862179.031214,-0.05701778829
train/loss,2785280,1783862183.772546,-0.04417195544
train/loss,2818048,1783862188.504979,-0.05947689712
train/loss,2850816,1783862193.166752,-0.05685471371
train/loss,2883584,1783862197.973395,-0.05801631138
train/loss,2916352,1783862202.703242,-0.0612700209
train/loss,2949120,1783862207.570419,-0.06004890054
train/loss,2981888,1783862212.312337,-0.04503194615
train/loss,3014656,1783862217.310201,-0.05140733719
train/loss,3047424,1783862222.236957,-0.04959500581
train/loss,3080192,1783862227.118589,-0.06056871638
train/loss,3112960,1783862231.868430,-0.05778542534
train/loss,3145728,1783862236.667655,-0.05416817963
train/loss,3178496,1783862241.517621,-0.05585267767
train/loss,3211264,1783862246.398246,-0.04258185625
train/loss,3244032,1783862251.180723,-0.04067353159
train/loss,3276800,1783862255.861190,-0.05409189314
train/loss,3309568,1783862260.623300,-0.05307265744
train/loss,3342336,1783862265.341743,-0.05524648353
train/loss,3375104,1783862270.000160,-0.04405370727
train/loss,3407872,1783862274.724321,-0.05052683875
train/loss,3440640,1783862279.580766,-0.05572936311
train/loss,3473408,1783862284.510677,-0.05135799572
train/loss,3506176,1783862289.727680,-0.05114597455
train/loss,3538944,1783862295.006387,-0.05765150487
train/loss,3571712,1783862300.156013,-0.05759529024
train/loss,3604480,1783862305.124145,-0.06051254272
train/loss,3637248,1783862310.186531,-0.07093404233
train/loss,3670016,1783862315.231893,-0.05991021171
train/loss,3702784,1783862320.383462,-0.05619769171
train/loss,3735552,1783862325.270821,-0.05984164774
train/loss,3768320,1783862329.997089,-0.0546723865
train/loss,3801088,1783862334.500976,-0.04177868366
train/loss,3833856,1783862339.143378,-0.05599464849
train/loss,3866624,1783862344.167490,-0.05774243549
train/loss,3899392,1783862349.392511,-0.04884090647
train/loss,3932160,1783862354.570731,-0.05252604932
train/loss,3964928,1783862359.728409,-0.05647975206
train/loss,3997696,1783862364.920725,-0.06877738982
train/loss,4030464,1783862369.943349,-0.05192760378
train/loss,4063232,1783862374.991875,-0.05362387747
train/loss,4096000,1783862380.146184,-0.05889083073
train/loss,4128768,1783862385.220244,-0.03944944218
train/loss,4161536,1783862390.473312,-0.05052308366
train/loss,4194304,1783862395.707641,-0.05895541236
train/loss,4227072,1783862400.876882,-0.06159838289
train/loss,4259840,1783862405.700488,-0.05579872802
train/loss,4292608,1783862410.416135,-0.06492389739
train/loss,4325376,1783862415.150915,-0.04753764346
train/loss,4358144,1783862419.844037,-0.04639484361
train/loss,4390912,1783862424.635788,-0.06128879637
train/loss,4423680,1783862429.366695,-0.05252502114
train/loss,4456448,1783862434.090856,-0.05626498535
train/loss,4489216,1783862438.846389,-0.05810819194
train/loss,4521984,1783862443.670153,-0.05778273568
train/loss,4554752,1783862448.487942,-0.0610912852
train/loss,4587520,1783862453.188831,-0.05542338639
train/loss,4620288,1783862458.060632,-0.05576877668
train/loss,4653056,1783862462.628089,-0.04791244864
train/loss,4685824,1783862467.133404,-0.05573938787
train/loss,4718592,1783862471.650199,-0.06359407306
train/loss,4751360,1783862476.320299,-0.05323766172
train/loss,4784128,1783862481.124804,-0.04364213347
train/loss,4816896,1783862485.943402,-0.05484529585
train/loss,4849664,1783862490.665210,-0.05979730934
train/loss,4882432,1783862495.371132,-0.04830507189
train/loss,4915200,1783862500.179439,-0.04554211721
train/loss,4947968,1783862504.756560,-0.06181339175
train/loss,4980736,1783862509.596962,-0.05313905329
train/loss,5013504,1783862514.195758,-0.05633312091
train/policy_gradient_loss,65536,1783861783.756146,-0.01881767809
train/policy_gradient_loss,98304,1783861788.783933,-0.01764118113
train/policy_gradient_loss,131072,1783861793.795095,-0.01792993583
train/policy_gradient_loss,163840,1783861798.854696,-0.01714219525
train/policy_gradient_loss,196608,1783861803.858623,-0.01676784456
train/policy_gradient_loss,229376,1783861808.881762,-0.01742500253
train/policy_gradient_loss,262144,1783861813.865369,-0.01753416657
train/policy_gradient_loss,294912,1783861818.869173,-0.01750779338
train/policy_gradient_loss,327680,1783861823.870744,-0.01698498242
train/policy_gradient_loss,360448,1783861828.878882,-0.01716320775
train/policy_gradient_loss,393216,1783861833.887748,-0.01682463288
train/policy_gradient_loss,425984,1783861838.985013,-0.01792878285
train/policy_gradient_loss,458752,1783861844.011081,-0.01733979769
train/policy_gradient_loss,491520,1783861848.922677,-0.0181436073
train/policy_gradient_loss,524288,1783861854.129694,-0.01742152683
train/policy_gradient_loss,557056,1783861859.292903,-0.01758909225
train/policy_gradient_loss,589824,1783861864.385631,-0.01757926866
train/policy_gradient_loss,622592,1783861869.445836,-0.01754117943
train/policy_gradient_loss,655360,1783861874.433786,-0.01811471395
train/policy_gradient_loss,688128,1783861879.404823,-0.01687808894
train/policy_gradient_loss,720896,1783861884.341995,-0.01760800555
train/policy_gradient_loss,753664,1783861889.109436,-0.01770808734
train/policy_gradient_loss,786432,1783861893.870452,-0.01756722666
train/policy_gradient_loss,819200,1783861898.535540,-0.01762226038
train/policy_gradient_loss,851968,1783861903.146964,-0.01708164066
train/policy_gradient_loss,884736,1783861908.041337,-0.01708869636
train/policy_gradient_loss,917504,1783861912.957165,-0.01687630452
train/policy_gradient_loss,950272,1783861917.876237,-0.01732507534
train/policy_gradient_loss,983040,1783861922.503757,-0.01789567247
train/policy_gradient_loss,1015808,1783861927.170561,-0.01708954014
train/policy_gradient_loss,1048576,1783861931.833093,-0.01915220171
train/policy_gradient_loss,1081344,1783861936.426892,-0.01609322242
train/policy_gradient_loss,1114112,1783861941.023059,-0.01774352603
train/policy_gradient_loss,1146880,1783861945.625528,-0.01643863693
train/policy_gradient_loss,1179648,1783861950.481109,-0.01698718034
train/policy_gradient_loss,1212416,1783861955.257811,-0.01766967028
train/policy_gradient_loss,1245184,1783861959.950695,-0.01835518517
train/policy_gradient_loss,1277952,1783861964.862496,-0.01673506759
train/policy_gradient_loss,1310720,1783861969.676496,-0.01837404445
train/policy_gradient_loss,1343488,1783861974.329542,-0.01810858585
train/policy_gradient_loss,1376256,1783861978.892467,-0.01676798984
train/policy_gradient_loss,1409024,1783861983.355480,-0.01735850424
train/policy_gradient_loss,1441792,1783861987.822267,-0.0165698994
train/policy_gradient_loss,1474560,1783861992.424715,-0.01671925746
train/policy_gradient_loss,1507328,1783861997.051392,-0.01717580482
train/policy_gradient_loss,1540096,1783862001.700913,-0.01695143618
train/policy_gradient_loss,1572864,1783862006.386423,-0.0164054893
train/policy_gradient_loss,1605632,1783862010.982453,-0.01695799455
train/policy_gradient_loss,1638400,1783862015.631685,-0.01662937552
train/policy_gradient_loss,1671168,1783862020.246350,-0.01758196205
train/policy_gradient_loss,1703936,1783862024.849295,-0.01702291146
train/policy_gradient_loss,1736704,1783862029.417217,-0.01663909294
train/policy_gradient_loss,1769472,1783862033.931888,-0.01636410505
train/policy_gradient_loss,1802240,1783862038.574092,-0.01731049083
train/policy_gradient_loss,1835008,1783862043.117575,-0.01693547703
train/policy_gradient_loss,1867776,1783862047.755039,-0.01549309585
train/policy_gradient_loss,1900544,1783862052.638438,-0.0159783531
train/policy_gradient_loss,1933312,1783862057.231157,-0.01648505591
train/policy_gradient_loss,1966080,1783862061.799683,-0.01685944758
train/policy_gradient_loss,1998848,1783862066.346852,-0.01594470814
train/policy_gradient_loss,2031616,1783862070.933308,-0.01703088358
train/policy_gradient_loss,2064384,1783862075.463421,-0.01590354368
train/policy_gradient_loss,2097152,1783862080.084799,-0.01694351807
train/policy_gradient_loss,2129920,1783862084.632624,-0.01610257663
train/policy_gradient_loss,2162688,1783862089.531617,-0.01765784621
train/policy_gradient_loss,2195456,1783862094.486005,-0.01653705165
train/policy_gradient_loss,2228224,1783862099.445912,-0.01738105528
train/policy_gradient_loss,2260992,1783862104.486745,-0.01705370843
train/policy_gradient_loss,2293760,1783862109.592336,-0.01619092189
train/policy_gradient_loss,2326528,1783862114.767017,-0.01751976646
train/policy_gradient_loss,2359296,1783862119.854168,-0.01623865031
train/policy_gradient_loss,2392064,1783862124.879261,-0.01664892398
train/policy_gradient_loss,2424832,1783862130.013102,-0.01633628458
train/policy_gradient_loss,2457600,1783862135.149989,-0.01629796065
train/policy_gradient_loss,2490368,1783862140.102517,-0.01599024981
train/policy_gradient_loss,2523136,1783862145.240798,-0.01717093587
train/policy_gradient_loss,2555904,1783862150.180688,-0.01648639329
train/policy_gradient_loss,2588672,1783862154.981377,-0.01636046916
train/policy_gradient_loss,2621440,1783862159.869812,-0.01697870903
train/policy_gradient_loss,2654208,1783862164.666038,-0.01610743441
train/policy_gradient_loss,2686976,1783862169.261446,-0.01716807671
train/policy_gradient_loss,2719744,1783862174.045220,-0.01575546525
train/policy_gradient_loss,2752512,1783862179.031217,-0.0167343244
train/policy_gradient_loss,2785280,1783862183.772550,-0.01664598286
train/policy_gradient_loss,2818048,1783862188.504982,-0.0166875422
train/policy_gradient_loss,2850816,1783862193.166756,-0.01715049893
train/policy_gradient_loss,2883584,1783862197.973398,-0.01694578491
train/policy_gradient_loss,2916352,1783862202.703245,-0.01679732464
train/policy_gradient_loss,2949120,1783862207.570423,-0.01634708419
train/policy_gradient_loss,2981888,1783862212.312341,-0.01578216627
train/policy_gradient_loss,3014656,1783862217.310204,-0.01711249538
train/policy_gradient_loss,3047424,1783862222.236960,-0.01536495052
train/policy_gradient_loss,3080192,1783862227.118592,-0.01706858724
train/policy_gradient_loss,3112960,1783862231.868433,-0.0147660803
train/policy_gradient_loss,3145728,1783862236.667659,-0.01703344844
train/policy_gradient_loss,3178496,1783862241.517624,-0.01735369302
train/policy_gradient_loss,3211264,1783862246.398250,-0.01686544903
train/policy_gradient_loss,3244032,1783862251.180730,-0.01622433774
train/policy_gradient_loss,3276800,1783862255.861193,-0.0162192136
train/policy_gradient_loss,3309568,1783862260.623303,-0.01827200875
train/policy_gradient_loss,3342336,1783862265.341747,-0.01602287404
train/policy_gradient_loss,3375104,1783862270.000163,-0.01646086387
train/policy_gradient_loss,3407872,1783862274.724324,-0.01602881216
train/policy_gradient_loss,3440640,1783862279.580770,-0.01551833749
train/policy_gradient_loss,3473408,1783862284.510680,-0.01697407477
train/policy_gradient_loss,3506176,1783862289.727683,-0.01586168446
train/policy_gradient_loss,3538944,1783862295.006390,-0.01778195798
train/policy_gradient_loss,3571712,1783862300.156016,-0.01699965075
train/policy_gradient_loss,3604480,1783862305.124148,-0.01588928141
train/policy_gradient_loss,3637248,1783862310.186534,-0.01784628257
train/policy_gradient_loss,3670016,1783862315.231896,-0.01550547592
train/policy_gradient_loss,3702784,1783862320.383465,-0.01558552217
train/policy_gradient_loss,3735552,1783862325.270825,-0.01630880497
train/policy_gradient_loss,3768320,1783862329.997093,-0.0170178432
train/policy_gradient_loss,3801088,1783862334.500979,-0.01687859185
train/policy_gradient_loss,3833856,1783862339.143382,-0.01637966372
train/policy_gradient_loss,3866624,1783862344.167494,-0.01599385589
train/policy_gradient_loss,3899392,1783862349.392514,-0.01587007567
train/policy_gradient_loss,3932160,1783862354.570735,-0.01605854183
train/policy_gradient_loss,3964928,1783862359.728413,-0.0143689923
train/policy_gradient_loss,3997696,1783862364.920729,-0.01678515412
train/policy_gradient_loss,4030464,1783862369.943352,-0.0155657297
train/policy_gradient_loss,4063232,1783862374.991879,-0.01631000079
train/policy_gradient_loss,4096000,1783862380.146187,-0.01589007862
train/policy_gradient_loss,4128768,1783862385.220248,-0.01561191771
train/policy_gradient_loss,4161536,1783862390.473315,-0.01579698361
train/policy_gradient_loss,4194304,1783862395.707646,-0.01593543217
train/policy_gradient_loss,4227072,1783862400.876886,-0.01585859805
train/policy_gradient_loss,4259840,1783862405.700491,-0.01632573456
train/policy_gradient_loss,4292608,1783862410.416138,-0.01587676816
train/policy_gradient_loss,4325376,1783862415.150918,-0.01554148551
train/policy_gradient_loss,4358144,1783862419.844041,-0.01465062704
train/policy_gradient_loss,4390912,1783862424.635791,-0.01647291519
train/policy_gradient_loss,4423680,1783862429.366698,-0.01711195335
train/policy_gradient_loss,4456448,1783862434.090859,-0.01587040722
train/policy_gradient_loss,4489216,1783862438.846392,-0.01781562157
train/policy_gradient_loss,4521984,1783862443.670161,-0.015241527
train/policy_gradient_loss,4554752,1783862448.487945,-0.01660041325
train/policy_gradient_loss,4587520,1783862453.188834,-0.01551044174
train/policy_gradient_loss,4620288,1783862458.060637,-0.01534248143
train/policy_gradient_loss,4653056,1783862462.628092,-0.01550391503
train/policy_gradient_loss,4685824,1783862467.133407,-0.01660247706
train/policy_gradient_loss,4718592,1783862471.650203,-0.01565078832
train/policy_gradient_loss,4751360,1783862476.320302,-0.01648451574
train/policy_gradient_loss,4784128,1783862481.124808,-0.0149851907
train/policy_gradient_loss,4816896,1783862485.943405,-0.01632155664
train/policy_gradient_loss,4849664,1783862490.665213,-0.01553279534
train/policy_gradient_loss,4882432,1783862495.371135,-0.01575179026
train/policy_gradient_loss,4915200,1783862500.179443,-0.01528036967
train/policy_gradient_loss,4947968,1783862504.756568,-0.01621006615
train/policy_gradient_loss,4980736,1783862509.596965,-0.01597096398
train/policy_gradient_loss,5013504,1783862514.195761,-0.01695283875
train/std,65536,1783861783.756234,3.493246794
train/std,98304,1783861788.784055,3.480332136
train/std,131072,1783861793.795160,3.474046707
train/std,163840,1783861798.854783,3.465084791
train/std,196608,1783861803.858716,3.452836275
train/std,229376,1783861808.881857,3.444164515
train/std,262144,1783861813.865482,3.437008858
train/std,294912,1783861818.869266,3.427740812
train/std,327680,1783861823.870832,3.419288874
train/std,360448,1783861828.878977,3.410157919
train/std,393216,1783861833.887835,3.398750544
train/std,425984,1783861838.985107,3.389672041
train/std,458752,1783861844.011150,3.37925148
train/std,491520,1783861848.922776,3.372181654
train/std,524288,1783861854.129851,3.360699892
train/std,557056,1783861859.293061,3.35228157
train/std,589824,1783861864.385733,3.341137648
train/std,622592,1783861869.445925,3.333031416
train/std,655360,1783861874.433919,3.323513985
train/std,688128,1783861879.404924,3.316359758
train/std,720896,1783861884.342060,3.305814981
train/std,753664,1783861889.109483,3.297034979
train/std,786432,1783861893.870520,3.285868883
train/std,819200,1783861898.535602,3.275700331
train/std,851968,1783861903.147026,3.267784119
train/std,884736,1783861908.041420,3.261214018
train/std,917504,1783861912.957219,3.251379728
train/std,950272,1783861917.876342,3.244004011
train/std,983040,1783861922.503843,3.23383832
train/std,1015808,1783861927.170620,3.225717545
train/std,1048576,1783861931.833148,3.217409134
train/std,1081344,1783861936.426952,3.211205721
train/std,1114112,1783861941.023122,3.201530218
train/std,1146880,1783861945.625609,3.195397615
train/std,1179648,1783861950.481204,3.184727669
train/std,1212416,1783861955.257870,3.174119711
train/std,1245184,1783861959.950782,3.163878202
train/std,1277952,1783861964.862559,3.155079603
train/std,1310720,1783861969.676583,3.145858049
train/std,1343488,1783861974.329605,3.140936613
train/std,1376256,1783861978.892534,3.134181738
train/std,1409024,1783861983.355570,3.128767729
train/std,1441792,1783861987.822328,3.123248339
train/std,1474560,1783861992.424773,3.115946531
train/std,1507328,1783861997.051451,3.109589815
train/std,1540096,1783862001.700963,3.102058649
train/std,1572864,1783862006.386486,3.09696579
train/std,1605632,1783862010.982524,3.089291334
train/std,1638400,1783862015.631749,3.085139513
train/std,1671168,1783862020.246430,3.078421831
train/std,1703936,1783862024.849418,3.06921649
train/std,1736704,1783862029.417319,3.061915159
train/std,1769472,1783862033.931951,3.05666852
train/std,1802240,1783862038.574177,3.051263094
train/std,1835008,1783862043.117662,3.046918869
train/std,1867776,1783862047.755123,3.042023659
train/std,1900544,1783862052.638483,3.034288168
train/std,1933312,1783862057.231219,3.026470423
train/std,1966080,1783862061.799772,3.022971869
train/std,1998848,1783862066.346912,3.015179873
train/std,2031616,1783862070.933400,3.00948143
train/std,2064384,1783862075.463490,3.001269579
train/std,2097152,1783862080.084882,2.994903803
train/std,2129920,1783862084.632684,2.985528708
train/std,2162688,1783862089.531709,2.97870326
train/std,2195456,1783862094.486072,2.969583511
train/std,2228224,1783862099.446032,2.967516899
train/std,2260992,1783862104.486839,2.960746765
train/std,2293760,1783862109.592419,2.95558238
train/std,2326528,1783862114.767118,2.949329138
train/std,2359296,1783862119.854293,2.943485975
train/std,2392064,1783862124.879355,2.933017731
train/std,2424832,1783862130.013170,2.926440477
train/std,2457600,1783862135.150103,2.920373201
train/std,2490368,1783862140.102590,2.917433977
train/std,2523136,1783862145.240899,2.912348509
train/std,2555904,1783862150.180769,2.903937101
train/std,2588672,1783862154.981479,2.89570117
train/std,2621440,1783862159.869923,2.88772583
train/std,2654208,1783862164.666126,2.882317781
train/std,2686976,1783862169.261542,2.877984285
train/std,2719744,1783862174.045280,2.87226963
train/std,2752512,1783862179.031321,2.867010117
train/std,2785280,1783862183.772613,2.863874435
train/std,2818048,1783862188.505072,2.857189894
train/std,2850816,1783862193.166827,2.851453781
train/std,2883584,1783862197.973494,2.845887899
train/std,2916352,1783862202.703342,2.840198517
train/std,2949120,1783862207.570514,2.835830688
train/std,2981888,1783862212.312410,2.830563307
train/std,3014656,1783862217.310304,2.827204704
train/std,3047424,1783862222.237055,2.820544243
train/std,3080192,1783862227.118656,2.813563108
train/std,3112960,1783862231.868543,2.806805849
train/std,3145728,1783862236.667742,2.800513506
train/std,3178496,1783862241.517719,2.793823957
train/std,3211264,1783862246.398315,2.789838791
train/std,3244032,1783862251.180796,2.783867598
train/std,3276800,1783862255.861256,2.777494192
train/std,3309568,1783862260.623378,2.773320436
train/std,3342336,1783862265.341836,2.768859863
train/std,3375104,1783862270.000223,2.763339996
train/std,3407872,1783862274.724405,2.759454727
train/std,3440640,1783862279.580921,2.753494978
train/std,3473408,1783862284.510779,2.750751734
train/std,3506176,1783862289.727760,2.746084213
train/std,3538944,1783862295.006552,2.742590666
train/std,3571712,1783862300.156116,2.736455917
train/std,3604480,1783862305.124235,2.733967781
train/std,3637248,1783862310.186630,2.72677803
train/std,3670016,1783862315.231961,2.721844673
train/std,3702784,1783862320.383610,2.716380119
train/std,3735552,1783862325.270897,2.713256836
train/std,3768320,1783862329.997154,2.707389116
train/std,3801088,1783862334.501040,2.7007761
train/std,3833856,1783862339.143449,2.696089983
train/std,3866624,1783862344.167560,2.694822073
train/std,3899392,1783862349.392597,2.690285921
train/std,3932160,1783862354.570796,2.683923721
train/std,3964928,1783862359.728523,2.679499865
train/std,3997696,1783862364.920802,2.674966097
train/std,4030464,1783862369.943443,2.668432951
train/std,4063232,1783862374.991988,2.663956881
train/std,4096000,1783862380.146284,2.660493374
train/std,4128768,1783862385.220351,2.655336618
train/std,4161536,1783862390.473414,2.653163671
train/std,4194304,1783862395.707769,2.648300409
train/std,4227072,1783862400.876992,2.643315315
train/std,4259840,1783862405.700551,2.640486002
train/std,4292608,1783862410.416201,2.635580778
train/std,4325376,1783862415.151012,2.634937525
train/std,4358144,1783862419.844109,2.631752014
train/std,4390912,1783862424.635880,2.629146338
train/std,4423680,1783862429.366760,2.622020006
train/std,4456448,1783862434.090959,2.616309881
train/std,4489216,1783862438.846475,2.612279177
train/std,4521984,1783862443.670223,2.608516932
train/std,4554752,1783862448.488005,2.606093645
train/std,4587520,1783862453.188905,2.600807667
train/std,4620288,1783862458.060712,2.597548008
train/std,4653056,1783862462.628153,2.593662977
train/std,4685824,1783862467.133465,2.588923216
train/std,4718592,1783862471.650264,2.584856033
train/std,4751360,1783862476.320387,2.58123374
train/std,4784128,1783862481.124937,2.577948332
train/std,4816896,1783862485.943501,2.57221961
train/std,4849664,1783862490.665271,2.568194628
train/std,4882432,1783862495.371214,2.561651468
train/std,4915200,1783862500.179528,2.558737755
train/std,4947968,1783862504.756647,2.550215483
train/std,4980736,1783862509.597026,2.54795599
train/std,5013504,1783862514.195848,2.544692278
train/value_loss,65536,1783861783.756420,0.00288597052
train/value_loss,98304,1783861788.784302,0.002082195133
train/value_loss,131072,1783861793.795431,0.002326704562
train/value_loss,163840,1783861798.854999,0.002295511076
train/value_loss,196608,1783861803.858928,0.002229698934
train/value_loss,229376,1783861808.882073,0.002973980037
train/value_loss,262144,1783861813.865772,0.002798126778
train/value_loss,294912,1783861818.869446,0.002585544949
train/value_loss,327680,1783861823.871033,0.002445464721
train/value_loss,360448,1783861828.879195,0.003162193811
train/value_loss,393216,1783861833.888033,0.003376313951
train/value_loss,425984,1783861838.985307,0.003093453823
train/value_loss,458752,1783861844.011464,0.00356913521
train/value_loss,491520,1783861848.922952,0.002528233221
train/value_loss,524288,1783861854.130029,0.002846237505
train/value_loss,557056,1783861859.293373,0.002857571701
train/value_loss,589824,1783861864.386859,0.002387988381
train/value_loss,622592,1783861869.446145,0.0019586368
train/value_loss,655360,1783861874.434109,0.002243305556
train/value_loss,688128,1783861879.405106,0.002398433397
train/value_loss,720896,1783861884.342308,0.002042015782
train/value_loss,753664,1783861889.109649,0.002056006808
train/value_loss,786432,1783861893.870845,0.003685082076
train/value_loss,819200,1783861898.535841,0.00235041813
train/value_loss,851968,1783861903.147276,0.002503277035
train/value_loss,884736,1783861908.041618,0.00252806372
train/value_loss,917504,1783861912.957462,0.002127494896
train/value_loss,950272,1783861917.876514,0.003099199617
train/value_loss,983040,1783861922.504054,0.001584306825
train/value_loss,1015808,1783861927.170859,0.001661354443
train/value_loss,1048576,1783861931.833383,0.001421358553
train/value_loss,1081344,1783861936.427182,0.002690439578
train/value_loss,1114112,1783861941.023358,0.002188954968
train/value_loss,1146880,1783861945.625853,0.002262934344
train/value_loss,1179648,1783861950.481408,0.001581827994
train/value_loss,1212416,1783861955.258122,0.001525317086
train/value_loss,1245184,1783861959.951006,0.001616082736
train/value_loss,1277952,1783861964.862819,0.001576347277
train/value_loss,1310720,1783861969.676793,0.001728637144
train/value_loss,1343488,1783861974.329832,0.002316280734
train/value_loss,1376256,1783861978.892786,0.001686094794
train/value_loss,1409024,1783861983.355828,0.002142893383
train/value_loss,1441792,1783861987.822578,0.00211408711
train/value_loss,1474560,1783861992.425033,0.001370394137
train/value_loss,1507328,1783861997.051712,0.002065019449
train/value_loss,1540096,1783862001.701152,0.002068039961
train/value_loss,1572864,1783862006.386722,0.002256122883
train/value_loss,1605632,1783862010.982793,0.001927800709
train/value_loss,1638400,1783862015.632005,0.002328810515
train/value_loss,1671168,1783862020.246644,0.001615748508
train/value_loss,1703936,1783862024.849678,0.002606987022
train/value_loss,1736704,1783862029.417574,0.001922412077
train/value_loss,1769472,1783862033.932202,0.001961045666
train/value_loss,1802240,1783862038.574390,0.002118315315
train/value_loss,1835008,1783862043.117810,0.002472147113
train/value_loss,1867776,1783862047.755314,0.002238278044
train/value_loss,1900544,1783862052.638624,0.002916623838
train/value_loss,1933312,1783862057.231482,0.002573691774
train/value_loss,1966080,1783862061.799969,0.002589609474
train/value_loss,1998848,1783862066.347133,0.002136142459
train/value_loss,2031616,1783862070.933651,0.00202106894
train/value_loss,2064384,1783862075.463757,0.002326619579
train/value_loss,2097152,1783862080.085101,0.002277802443
train/value_loss,2129920,1783862084.632923,0.002046836773
train/value_loss,2162688,1783862089.532255,0.001873077941
train/value_loss,2195456,1783862094.486325,0.002726372099
train/value_loss,2228224,1783862099.446269,0.002470230218
train/value_loss,2260992,1783862104.487062,0.002104615793
train/value_loss,2293760,1783862109.592675,0.002208154183
train/value_loss,2326528,1783862114.767378,0.001879702322
train/value_loss,2359296,1783862119.854469,0.001884161145
train/value_loss,2392064,1783862124.879675,0.001370005193
train/value_loss,2424832,1783862130.013402,0.002097339369
train/value_loss,2457600,1783862135.150279,0.001451999065
train/value_loss,2490368,1783862140.102848,0.001864323975
train/value_loss,2523136,1783862145.241138,0.001785142813
train/value_loss,2555904,1783862150.180966,0.002086191438
train/value_loss,2588672,1783862154.981613,0.001711757388
train/value_loss,2621440,1783862159.870095,0.001607571845
train/value_loss,2654208,1783862164.666243,0.002167341765
train/value_loss,2686976,1783862169.261743,0.001613167813
train/value_loss,2719744,1783862174.045531,0.002335841767
train/value_loss,2752512,1783862179.031516,0.001406145166
train/value_loss,2785280,1783862183.772884,0.002393185161
train/value_loss,2818048,1783862188.505270,0.00148081989
train/value_loss,2850816,1783862193.167059,0.001482220134
train/value_loss,2883584,1783862197.973669,0.001655932516
train/value_loss,2916352,1783862202.703525,0.001568991807
train/value_loss,2949120,1783862207.570788,0.001873815432
train/value_loss,2981888,1783862212.312629,0.001743318629
train/value_loss,3014656,1783862217.310489,0.001071191393
train/value_loss,3047424,1783862222.237242,0.002662446117
train/value_loss,3080192,1783862227.118900,0.001561146812
train/value_loss,3112960,1783862231.868732,0.002809529658
train/value_loss,3145728,1783862236.667997,0.0020001214
train/value_loss,3178496,1783862241.517908,0.001538145007
train/value_loss,3211264,1783862246.398541,0.001260543591
train/value_loss,3244032,1783862251.181015,0.001465970767
train/value_loss,3276800,1783862255.861490,0.002372024348
train/value_loss,3309568,1783862260.623586,0.001096185879
train/value_loss,3342336,1783862265.342116,0.002330328338
train/value_loss,3375104,1783862270.000463,0.001793400734
train/value_loss,3407872,1783862274.724594,0.001978515647
train/value_loss,3440640,1783862279.581123,0.00189771154
train/value_loss,3473408,1783862284.510952,0.00178360811
train/value_loss,3506176,1783862289.727989,0.001799186692
train/value_loss,3538944,1783862295.006721,0.001540496829
train/value_loss,3571712,1783862300.156220,0.001487260219
train/value_loss,3604480,1783862305.124429,0.001844605547
train/value_loss,3637248,1783862310.186849,0.001620144583
train/value_loss,3670016,1783862315.232187,0.002025823575
train/value_loss,3702784,1783862320.383880,0.001823988976
train/value_loss,3735552,1783862325.271174,0.001672615064
train/value_loss,3768320,1783862329.997393,0.001488996204
train/value_loss,3801088,1783862334.501250,0.001416270738
train/value_loss,3833856,1783862339.143691,0.001561642159
train/value_loss,3866624,1783862344.167797,0.001282672049
train/value_loss,3899392,1783862349.392803,0.001754812314
train/value_loss,3932160,1783862354.571017,0.001870084321
train/value_loss,3964928,1783862359.728697,0.001899115858
train/value_loss,3997696,1783862364.921057,0.001824235893
train/value_loss,4030464,1783862369.943655,0.001522187144
train/value_loss,4063232,1783862374.992164,0.001713285455
train/value_loss,4096000,1783862380.146456,0.001157794381
train/value_loss,4128768,1783862385.220544,0.001318350784
train/value_loss,4161536,1783862390.473624,0.001423581154
train/value_loss,4194304,1783862395.708014,0.001962029375
train/value_loss,4227072,1783862400.877149,0.001556803356
train/value_loss,4259840,1783862405.700768,0.001480036764
train/value_loss,4292608,1783862410.416424,0.001469555078
train/value_loss,4325376,1783862415.151202,0.002057363279
train/value_loss,4358144,1783862419.844334,0.001681292546
train/value_loss,4390912,1783862424.636093,0.001358958543
train/value_loss,4423680,1783862429.366996,0.001264966442
train/value_loss,4456448,1783862434.091154,0.001148512587
train/value_loss,4489216,1783862438.846704,0.0009067924693
train/value_loss,4521984,1783862443.670483,0.001575333416
train/value_loss,4554752,1783862448.488242,0.001338305301
train/value_loss,4587520,1783862453.189090,0.001135619823
train/value_loss,4620288,1783862458.060936,0.00196518749
train/value_loss,4653056,1783862462.628379,0.00224862597
train/value_loss,4685824,1783862467.133692,0.001780449646
train/value_loss,4718592,1783862471.650476,0.001287468243
train/value_loss,4751360,1783862476.320579,0.001414959319
train/value_loss,4784128,1783862481.125176,0.001622852287
train/value_loss,4816896,1783862485.943744,0.001550133456
train/value_loss,4849664,1783862490.665497,0.001562421792
train/value_loss,4882432,1783862495.371387,0.001759517239
train/value_loss,4915200,1783862500.179695,0.00136584416
train/value_loss,4947968,1783862504.756881,0.001918377471
train/value_loss,4980736,1783862509.597248,0.001451635733
train/value_loss,5013504,1783862514.196051,0.00150349969
