tag,step,wall_time,value
rollout/ep_len_mean,32768,1786474685.163878,362.3648682
rollout/ep_len_mean,65536,1786474689.697476,477.9700012
rollout/ep_len_mean,98304,1786474694.208356,425.769989
rollout/ep_len_mean,131072,1786474698.725294,417.6300049
rollout/ep_len_mean,163840,1786474703.254409,406.1300049
rollout/ep_len_mean,196608,1786474707.782409,414.1300049
rollout/ep_len_mean,229376,1786474712.293565,417.6900024
rollout/ep_len_mean,262144,1786474716.807814,443.5599976
rollout/ep_len_mean,294912,1786474721.319578,406.6600037
rollout/ep_len_mean,327680,1786474725.822881,405.0299988
rollout/ep_len_mean,360448,1786474730.318503,392.7600098
rollout/ep_len_mean,393216,1786474734.829605,446.1499939
rollout/ep_len_mean,425984,1786474739.360741,372.9200134
rollout/ep_len_mean,458752,1786474743.874167,426.9500122
rollout/ep_len_mean,491520,1786474748.392878,432.3699951
rollout/ep_len_mean,524288,1786474752.892560,355.8200073
rollout/ep_len_mean,557056,1786474757.398058,371.1000061
rollout/ep_len_mean,589824,1786474761.900566,420.7200012
rollout/ep_len_mean,622592,1786474766.404964,363.5700073
rollout/ep_len_mean,655360,1786474770.914122,347.9400024
rollout/ep_len_mean,688128,1786474775.423602,374.6300049
rollout/ep_len_mean,720896,1786474779.921472,417.8900146
rollout/ep_len_mean,753664,1786474784.418770,363.5899963
rollout/ep_len_mean,786432,1786474788.910842,395.1300049
rollout/ep_len_mean,819200,1786474793.405155,393.5799866
rollout/ep_len_mean,851968,1786474797.896487,402.769989
rollout/ep_len_mean,884736,1786474802.391860,409.1099854
rollout/ep_len_mean,917504,1786474806.890511,339.3999939
rollout/ep_len_mean,950272,1786474811.386619,398.4500122
rollout/ep_len_mean,983040,1786474815.883763,347.1400146
rollout/ep_len_mean,1015808,1786474820.399866,381.4599915
rollout/ep_len_mean,1048576,1786474824.898015,351.4100037
rollout/ep_len_mean,1081344,1786474829.399042,375.9700012
rollout/ep_len_mean,1114112,1786474833.910453,375.6799927
rollout/ep_len_mean,1146880,1786474838.407491,329.4100037
rollout/ep_len_mean,1179648,1786474842.896291,389.3399963
rollout/ep_len_mean,1212416,1786474847.385652,404.8200073
rollout/ep_len_mean,1245184,1786474851.868191,433.3299866
rollout/ep_len_mean,1277952,1786474856.369011,357.5799866
rollout/ep_len_mean,1310720,1786474860.878621,388.5700073
rollout/ep_len_mean,1343488,1786474865.365940,407.3200073
rollout/ep_len_mean,1376256,1786474869.858998,375.8900146
rollout/ep_len_mean,1409024,1786474874.339673,425.9400024
rollout/ep_len_mean,1441792,1786474878.838008,395.9899902
rollout/ep_len_mean,1474560,1786474883.312764,367.3599854
rollout/ep_len_mean,1507328,1786474887.795838,479.75
rollout/ep_len_mean,1540096,1786474892.276844,430.2900085
rollout/ep_len_mean,1572864,1786474896.766288,374.1400146
rollout/ep_len_mean,1605632,1786474901.257277,337.2399902
rollout/ep_len_mean,1638400,1786474905.735480,391.4500122
rollout/ep_len_mean,1671168,1786474910.220944,442.1900024
rollout/ep_len_mean,1703936,1786474914.705753,397.5400085
rollout/ep_len_mean,1736704,1786474919.197354,427.3900146
rollout/ep_len_mean,1769472,1786474923.697646,485.8599854
rollout/ep_len_mean,1802240,1786474928.191454,367.3800049
rollout/ep_len_mean,1835008,1786474932.676169,422.2900085
rollout/ep_len_mean,1867776,1786474937.159741,460.7799988
rollout/ep_len_mean,1900544,1786474941.644889,409.0799866
rollout/ep_len_mean,1933312,1786474946.125655,390.730011
rollout/ep_len_mean,1966080,1786474950.613509,495.019989
rollout/ep_len_mean,1998848,1786474955.101189,450.5
rollout/ep_len_mean,2031616,1786474959.602510,359.480011
rollout/ep_len_mean,2064384,1786474964.097025,434.1400146
rollout/ep_len_mean,2097152,1786474968.576681,473.1900024
rollout/ep_len_mean,2129920,1786474973.050717,387.2399902
rollout/ep_len_mean,2162688,1786474977.534481,448.6900024
rollout/ep_len_mean,2195456,1786474982.007564,400.1400146
rollout/ep_len_mean,2228224,1786474986.495349,455.8399963
rollout/ep_len_mean,2260992,1786474990.974583,406.4200134
rollout/ep_len_mean,2293760,1786474995.445071,360.019989
rollout/ep_len_mean,2326528,1786474999.912260,424.5700073
rollout/ep_len_mean,2359296,1786475004.383114,396.4100037
rollout/ep_len_mean,2392064,1786475008.858632,428.7099915
rollout/ep_len_mean,2424832,1786475013.334805,354.230011
rollout/ep_len_mean,2457600,1786475017.822044,367.8599854
rollout/ep_len_mean,2490368,1786475022.308585,415.0499878
rollout/ep_len_mean,2523136,1786475026.789701,508.5299988
rollout/ep_len_mean,2555904,1786475031.268438,495.3800049
rollout/ep_len_mean,2588672,1786475035.754356,426.2799988
rollout/ep_len_mean,2621440,1786475040.231490,383.3299866
rollout/ep_len_mean,2654208,1786475044.720017,356.5700073
rollout/ep_len_mean,2686976,1786475049.202663,425.8299866
rollout/ep_len_mean,2719744,1786475053.673579,479.4400024
rollout/ep_len_mean,2752512,1786475058.184052,371.9599915
rollout/ep_len_mean,2785280,1786475062.657624,358.9200134
rollout/ep_len_mean,2818048,1786475067.129618,430.3399963
rollout/ep_len_mean,2850816,1786475071.596793,470.6600037
rollout/ep_len_mean,2883584,1786475076.081773,440.519989
rollout/ep_len_mean,2916352,1786475080.547581,427.3099976
rollout/ep_len_mean,2949120,1786475085.009411,402.0700073
rollout/ep_len_mean,2981888,1786475089.479883,441.9500122
rollout/ep_len_mean,3014656,1786475093.952378,442.269989
rollout/ep_len_mean,3047424,1786475098.425443,437.4700012
rollout/ep_len_mean,3080192,1786475102.898328,437.3200073
rollout/ep_len_mean,3112960,1786475107.382344,383.4599915
rollout/ep_len_mean,3145728,1786475111.858319,458.6700134
rollout/ep_len_mean,3178496,1786475116.360685,433.0299988
rollout/ep_len_mean,3211264,1786475120.895584,465.1300049
rollout/ep_len_mean,3244032,1786475125.373529,448.3299866
rollout/ep_len_mean,3276800,1786475129.851517,479.5799866
rollout/ep_len_mean,3309568,1786475134.339083,511.980011
rollout/ep_len_mean,3342336,1786475138.815248,449.1300049
rollout/ep_len_mean,3375104,1786475143.307226,466.6600037
rollout/ep_len_mean,3407872,1786475147.758273,444.5899963
rollout/ep_len_mean,3440640,1786475152.223705,432.1199951
rollout/ep_len_mean,3473408,1786475156.699265,453.4899902
rollout/ep_len_mean,3506176,1786475161.169995,471.7900085
rollout/ep_len_mean,3538944,1786475165.638482,484.0499878
rollout/ep_len_mean,3571712,1786475170.111081,502.6300049
rollout/ep_len_mean,3604480,1786475174.588698,453.7600098
rollout/ep_len_mean,3637248,1786475179.079049,476.7900085
rollout/ep_len_mean,3670016,1786475183.581422,489.4599915
rollout/ep_len_mean,3702784,1786475188.056562,481.1099854
rollout/ep_len_mean,3735552,1786475192.520262,462.25
rollout/ep_len_mean,3768320,1786475196.986563,437.9100037
rollout/ep_len_mean,3801088,1786475201.453443,496.8699951
rollout/ep_len_mean,3833856,1786475205.921136,489.8999939
rollout/ep_len_mean,3866624,1786475210.394684,463.7900085
rollout/ep_len_mean,3899392,1786475214.871707,413.8999939
rollout/ep_len_mean,3932160,1786475219.355073,492
rollout/ep_len_mean,3964928,1786475223.818607,512.4500122
rollout/ep_len_mean,3997696,1786475228.303172,522.0300293
rollout/ep_len_mean,4030464,1786475232.769019,412.8500061
rollout/ep_len_mean,4063232,1786475237.227741,429.9100037
rollout/ep_len_mean,4096000,1786475241.693924,497.2600098
rollout/ep_len_mean,4128768,1786475246.172737,530.2800293
rollout/ep_len_mean,4161536,1786475250.630080,531.2700195
rollout/ep_len_mean,4194304,1786475255.106457,483.0499878
rollout/ep_len_mean,4227072,1786475259.577422,435.019989
rollout/ep_len_mean,4259840,1786475264.049418,460.1099854
rollout/ep_len_mean,4292608,1786475268.512603,424.4700012
rollout/ep_len_mean,4325376,1786475272.967783,538.5
rollout/ep_len_mean,4358144,1786475277.435992,505.6400146
rollout/ep_len_mean,4390912,1786475281.902403,520.710022
rollout/ep_len_mean,4423680,1786475286.380553,465.8200073
rollout/ep_len_mean,4456448,1786475290.848857,429.7999878
rollout/ep_len_mean,4489216,1786475295.313371,447.269989
rollout/ep_len_mean,4521984,1786475299.776450,442.25
rollout/ep_len_mean,4554752,1786475304.238311,395.6600037
rollout/ep_len_mean,4587520,1786475308.749819,442.6400146
rollout/ep_len_mean,4620288,1786475313.227137,471.1499939
rollout/ep_len_mean,4653056,1786475317.706627,494.2099915
rollout/ep_len_mean,4685824,1786475322.170429,555.4199829
rollout/ep_len_mean,4718592,1786475326.630723,491.4899902
rollout/ep_len_mean,4751360,1786475331.093241,483.8399963
rollout/ep_len_mean,4784128,1786475335.551551,463
rollout/ep_len_mean,4816896,1786475340.020925,412.1600037
rollout/ep_len_mean,4849664,1786475344.484947,462.1300049
rollout/ep_len_mean,4882432,1786475348.948872,472.2000122
rollout/ep_len_mean,4915200,1786475353.401847,497.0799866
rollout/ep_len_mean,4947968,1786475357.876260,526.7999878
rollout/ep_len_mean,4980736,1786475362.331732,510
rollout/ep_len_mean,5013504,1786475366.802009,503.4100037
rollout/ep_len_mean,5046272,1786475371.276280,387.8599854
rollout/ep_len_mean,5079040,1786475375.734279,437.8099976
rollout/ep_len_mean,5111808,1786475380.198781,437.9200134
rollout/ep_len_mean,5144576,1786475384.662988,414.3699951
rollout/ep_len_mean,5177344,1786475389.124884,408.8399963
rollout/ep_len_mean,5210112,1786475393.585455,428.4700012
rollout/ep_len_mean,5242880,1786475398.039575,462.3399963
rollout/ep_len_mean,5275648,1786475402.519824,458.0499878
rollout/ep_len_mean,5308416,1786475406.995779,495.3299866
rollout/ep_len_mean,5341184,1786475411.474780,454.8800049
rollout/ep_len_mean,5373952,1786475415.953443,491.0700073
rollout/ep_len_mean,5406720,1786475420.429169,529.4099731
rollout/ep_len_mean,5439488,1786475424.896839,624.1400146
rollout/ep_len_mean,5472256,1786475429.361002,548.9699707
rollout/ep_len_mean,5505024,1786475433.824326,506.8299866
rollout/ep_len_mean,5537792,1786475438.297307,516.9000244
rollout/ep_len_mean,5570560,1786475442.755997,526.1699829
rollout/ep_len_mean,5603328,1786475447.219813,475.5599976
rollout/ep_len_mean,5636096,1786475451.683980,495.3999939
rollout/ep_len_mean,5668864,1786475456.146429,465.2799988
rollout/ep_len_mean,5701632,1786475460.630785,509.8999939
rollout/ep_len_mean,5734400,1786475465.084117,562.3800049
rollout/ep_len_mean,5767168,1786475469.552133,542.710022
rollout/ep_len_mean,5799936,1786475474.014797,492.269989
rollout/ep_len_mean,5832704,1786475478.489927,531.8499756
rollout/ep_len_mean,5865472,1786475482.944983,549.1199951
rollout/ep_len_mean,5898240,1786475487.414464,498.1099854
rollout/ep_len_mean,5931008,1786475491.890493,511.7799988
rollout/ep_len_mean,5963776,1786475496.369001,523.6699829
rollout/ep_len_mean,5996544,1786475500.824313,530.0200195
rollout/ep_len_mean,6029312,1786475505.294147,545.7399902
rollout/ep_len_mean,6062080,1786475509.762105,567.6799927
rollout/ep_len_mean,6094848,1786475514.230410,520.0499878
rollout/ep_len_mean,6127616,1786475518.709687,465.8999939
rollout/ep_len_mean,6160384,1786475523.217463,538
rollout/ep_len_mean,6193152,1786475527.689382,553.6500244
rollout/ep_len_mean,6225920,1786475532.162873,555.6500244
rollout/ep_len_mean,6258688,1786475536.619218,572.0700073
rollout/ep_len_mean,6291456,1786475541.093692,542.2800293
rollout/ep_len_mean,6324224,1786475545.566764,483.0400085
rollout/ep_len_mean,6356992,1786475550.060649,539.8300171
rollout/ep_len_mean,6389760,1786475554.533673,605.2700195
rollout/ep_len_mean,6422528,1786475559.040362,551.5300293
rollout/ep_len_mean,6455296,1786475563.511826,449.7799988
rollout/ep_len_mean,6488064,1786475567.981021,502.4599915
rollout/ep_len_mean,6520832,1786475572.451793,510.8299866
rollout/ep_len_mean,6553600,1786475576.924188,557.6300049
rollout/ep_len_mean,6586368,1786475581.399578,472.4299927
rollout/ep_len_mean,6619136,1786475585.890071,419.5499878
rollout/ep_len_mean,6651904,1786475590.373659,498.0400085
rollout/ep_len_mean,6684672,1786475594.851677,500.9400024
rollout/ep_len_mean,6717440,1786475599.330780,473.1000061
rollout/ep_len_mean,6750208,1786475603.802270,514.7600098
rollout/ep_len_mean,6782976,1786475608.275993,510.3299866
rollout/ep_len_mean,6815744,1786475612.739971,513.2000122
rollout/ep_len_mean,6848512,1786475617.211155,557.5599976
rollout/ep_len_mean,6881280,1786475621.683938,550.3699951
rollout/ep_len_mean,6914048,1786475626.168037,576.789978
rollout/ep_len_mean,6946816,1786475630.624563,566.3599854
rollout/ep_len_mean,6979584,1786475635.088935,514.2700195
rollout/ep_len_mean,7012352,1786475639.567119,518.3800049
rollout/ep_len_mean,7045120,1786475644.044017,543.4000244
rollout/ep_len_mean,7077888,1786475648.505006,540.8300171
rollout/ep_len_mean,7110656,1786475652.966530,534.25
rollout/ep_len_mean,7143424,1786475657.428400,560.0300293
rollout/ep_len_mean,7176192,1786475661.895090,553.9899902
rollout/ep_len_mean,7208960,1786475666.353079,557.0999756
rollout/ep_len_mean,7241728,1786475670.817988,580.1199951
rollout/ep_len_mean,7274496,1786475675.308942,635.1400146
rollout/ep_len_mean,7307264,1786475679.776754,643.2999878
rollout/ep_len_mean,7340032,1786475684.256828,577.5599976
rollout/ep_len_mean,7372800,1786475688.732771,533.7399902
rollout/ep_len_mean,7405568,1786475693.204817,539.6699829
rollout/ep_len_mean,7438336,1786475697.673718,586.5499878
rollout/ep_len_mean,7471104,1786475702.140462,599.8400269
rollout/ep_len_mean,7503872,1786475706.613718,604.2700195
rollout/ep_len_mean,7536640,1786475711.085715,553.539978
rollout/ep_len_mean,7569408,1786475715.564916,562.0800171
rollout/ep_len_mean,7602176,1786475720.017628,567.1500244
rollout/ep_len_mean,7634944,1786475724.480143,563.0100098
rollout/ep_len_mean,7667712,1786475728.950696,562.6400146
rollout/ep_len_mean,7700480,1786475733.416441,569.4699707
rollout/ep_len_mean,7733248,1786475737.893801,583.3699951
rollout/ep_len_mean,7766016,1786475742.359008,625.1799927
rollout/ep_len_mean,7798784,1786475746.819681,618.2199707
rollout/ep_len_mean,7831552,1786475751.284262,520.0900269
rollout/ep_len_mean,7864320,1786475755.758035,565.5499878
rollout/ep_len_mean,7897088,1786475760.234219,616.3300171
rollout/ep_len_mean,7929856,1786475764.695940,551.4000244
rollout/ep_len_mean,7962624,1786475769.160078,578.0700073
rollout/ep_len_mean,7995392,1786475773.623178,583.4899902
rollout/ep_len_mean,8028160,1786475778.110318,523.4000244
rollout/ep_rew_mean,32768,1786474685.163906,1.697619438
rollout/ep_rew_mean,65536,1786474689.697494,2.300813675
rollout/ep_rew_mean,98304,1786474694.208374,1.971778154
rollout/ep_rew_mean,131072,1786474698.725312,1.992948651
rollout/ep_rew_mean,163840,1786474703.254426,1.913767457
rollout/ep_rew_mean,196608,1786474707.782427,1.97527349
rollout/ep_rew_mean,229376,1786474712.293582,2.013823748
rollout/ep_rew_mean,262144,1786474716.807832,2.249017
rollout/ep_rew_mean,294912,1786474721.319597,2.040011406
rollout/ep_rew_mean,327680,1786474725.822898,2.085734367
rollout/ep_rew_mean,360448,1786474730.318521,2.036411047
rollout/ep_rew_mean,393216,1786474734.829622,2.225307703
rollout/ep_rew_mean,425984,1786474739.360760,2.043987513
rollout/ep_rew_mean,458752,1786474743.874185,2.279807091
rollout/ep_rew_mean,491520,1786474748.392894,2.332592726
rollout/ep_rew_mean,524288,1786474752.892578,2.049878836
rollout/ep_rew_mean,557056,1786474757.398076,1.942677498
rollout/ep_rew_mean,589824,1786474761.900583,2.303526878
rollout/ep_rew_mean,622592,1786474766.404982,2.044826508
rollout/ep_rew_mean,655360,1786474770.914140,1.812724948
rollout/ep_rew_mean,688128,1786474775.423618,2.187683344
rollout/ep_rew_mean,720896,1786474779.921489,2.411073208
rollout/ep_rew_mean,753664,1786474784.418787,2.308942795
rollout/ep_rew_mean,786432,1786474788.910859,2.6053195
rollout/ep_rew_mean,819200,1786474793.405171,2.579898119
rollout/ep_rew_mean,851968,1786474797.896504,2.731095791
rollout/ep_rew_mean,884736,1786474802.391882,2.594174385
rollout/ep_rew_mean,917504,1786474806.890529,2.233005285
rollout/ep_rew_mean,950272,1786474811.386637,2.69192028
rollout/ep_rew_mean,983040,1786474815.883780,2.248686552
rollout/ep_rew_mean,1015808,1786474820.399905,2.654938221
rollout/ep_rew_mean,1048576,1786474824.898031,2.212039948
rollout/ep_rew_mean,1081344,1786474829.399058,2.534411669
rollout/ep_rew_mean,1114112,1786474833.910470,2.559613228
rollout/ep_rew_mean,1146880,1786474838.407509,2.346812487
rollout/ep_rew_mean,1179648,1786474842.896308,2.711428165
rollout/ep_rew_mean,1212416,1786474847.385671,2.989383221
rollout/ep_rew_mean,1245184,1786474851.868207,3.134730339
rollout/ep_rew_mean,1277952,1786474856.369028,2.474279165
rollout/ep_rew_mean,1310720,1786474860.878639,2.796404839
rollout/ep_rew_mean,1343488,1786474865.365956,3.043389559
rollout/ep_rew_mean,1376256,1786474869.859016,2.609203339
rollout/ep_rew_mean,1409024,1786474874.339690,3.155241013
rollout/ep_rew_mean,1441792,1786474878.838026,2.845463991
rollout/ep_rew_mean,1474560,1786474883.312781,2.685405493
rollout/ep_rew_mean,1507328,1786474887.795854,3.917328358
rollout/ep_rew_mean,1540096,1786474892.276862,3.389416456
rollout/ep_rew_mean,1572864,1786474896.766309,2.781745672
rollout/ep_rew_mean,1605632,1786474901.257294,2.664977312
rollout/ep_rew_mean,1638400,1786474905.735498,3.098086119
rollout/ep_rew_mean,1671168,1786474910.220962,3.509464502
rollout/ep_rew_mean,1703936,1786474914.705770,3.06788516
rollout/ep_rew_mean,1736704,1786474919.197372,3.434452057
rollout/ep_rew_mean,1769472,1786474923.697664,3.97112608
rollout/ep_rew_mean,1802240,1786474928.191472,2.875105381
rollout/ep_rew_mean,1835008,1786474932.676187,3.392011166
rollout/ep_rew_mean,1867776,1786474937.159759,3.832195759
rollout/ep_rew_mean,1900544,1786474941.644906,3.396048069
rollout/ep_rew_mean,1933312,1786474946.125677,3.145499468
rollout/ep_rew_mean,1966080,1786474950.613527,4.193995476
rollout/ep_rew_mean,1998848,1786474955.101207,3.902010202
rollout/ep_rew_mean,2031616,1786474959.602528,3.087977648
rollout/ep_rew_mean,2064384,1786474964.097042,3.606472969
rollout/ep_rew_mean,2097152,1786474968.576698,3.9342103
rollout/ep_rew_mean,2129920,1786474973.050735,3.25916934
rollout/ep_rew_mean,2162688,1786474977.534499,3.909063101
rollout/ep_rew_mean,2195456,1786474982.007582,3.592029333
rollout/ep_rew_mean,2228224,1786474986.495366,4.079373837
rollout/ep_rew_mean,2260992,1786474990.974601,3.79215765
rollout/ep_rew_mean,2293760,1786474995.445092,3.191188812
rollout/ep_rew_mean,2326528,1786474999.912278,3.718285799
rollout/ep_rew_mean,2359296,1786475004.383131,3.632590532
rollout/ep_rew_mean,2392064,1786475008.858655,3.856095791
rollout/ep_rew_mean,2424832,1786475013.334823,3.280650377
rollout/ep_rew_mean,2457600,1786475017.822062,3.309639454
rollout/ep_rew_mean,2490368,1786475022.308603,3.91285038
rollout/ep_rew_mean,2523136,1786475026.789719,5.184978485
rollout/ep_rew_mean,2555904,1786475031.268455,4.995873928
rollout/ep_rew_mean,2588672,1786475035.754374,3.983674049
rollout/ep_rew_mean,2621440,1786475040.231508,3.381288052
rollout/ep_rew_mean,2654208,1786475044.720038,3.394897223
rollout/ep_rew_mean,2686976,1786475049.202679,3.964854002
rollout/ep_rew_mean,2719744,1786475053.673596,4.618984222
rollout/ep_rew_mean,2752512,1786475058.184071,3.635644436
rollout/ep_rew_mean,2785280,1786475062.657646,3.638311625
rollout/ep_rew_mean,2818048,1786475067.129636,4.343411446
rollout/ep_rew_mean,2850816,1786475071.596811,4.465228081
rollout/ep_rew_mean,2883584,1786475076.081791,4.259468555
rollout/ep_rew_mean,2916352,1786475080.547598,4.2482481
rollout/ep_rew_mean,2949120,1786475085.009428,3.876312017
rollout/ep_rew_mean,2981888,1786475089.479904,4.344083786
rollout/ep_rew_mean,3014656,1786475093.952397,4.43610239
rollout/ep_rew_mean,3047424,1786475098.425459,4.3541255
rollout/ep_rew_mean,3080192,1786475102.898346,4.328469276
rollout/ep_rew_mean,3112960,1786475107.382362,3.770962238
rollout/ep_rew_mean,3145728,1786475111.858341,4.874947548
rollout/ep_rew_mean,3178496,1786475116.360703,4.376789093
rollout/ep_rew_mean,3211264,1786475120.895603,4.729305744
rollout/ep_rew_mean,3244032,1786475125.373546,4.479043961
rollout/ep_rew_mean,3276800,1786475129.851536,5.135169506
rollout/ep_rew_mean,3309568,1786475134.339102,5.458237171
rollout/ep_rew_mean,3342336,1786475138.815265,4.579153061
rollout/ep_rew_mean,3375104,1786475143.307243,4.673745155
rollout/ep_rew_mean,3407872,1786475147.758292,4.746146679
rollout/ep_rew_mean,3440640,1786475152.223724,4.563392162
rollout/ep_rew_mean,3473408,1786475156.699284,4.842795849
rollout/ep_rew_mean,3506176,1786475161.170013,5.001487255
rollout/ep_rew_mean,3538944,1786475165.638500,5.106146336
rollout/ep_rew_mean,3571712,1786475170.111100,5.600328445
rollout/ep_rew_mean,3604480,1786475174.588716,4.85059166
rollout/ep_rew_mean,3637248,1786475179.079067,5.048418522
rollout/ep_rew_mean,3670016,1786475183.581439,5.269640446
rollout/ep_rew_mean,3702784,1786475188.056581,5.238150597
rollout/ep_rew_mean,3735552,1786475192.520278,5.228694916
rollout/ep_rew_mean,3768320,1786475196.986581,4.826873779
rollout/ep_rew_mean,3801088,1786475201.453460,5.480734348
rollout/ep_rew_mean,3833856,1786475205.921154,5.527742863
rollout/ep_rew_mean,3866624,1786475210.394701,5.291583061
rollout/ep_rew_mean,3899392,1786475214.871724,4.528073788
rollout/ep_rew_mean,3932160,1786475219.355090,5.341981411
rollout/ep_rew_mean,3964928,1786475223.818624,5.926657677
rollout/ep_rew_mean,3997696,1786475228.303189,5.942225933
rollout/ep_rew_mean,4030464,1786475232.769037,4.681645393
rollout/ep_rew_mean,4063232,1786475237.227760,4.959348679
rollout/ep_rew_mean,4096000,1786475241.693946,5.602274418
rollout/ep_rew_mean,4128768,1786475246.172755,6.010501385
rollout/ep_rew_mean,4161536,1786475250.630098,5.930873871
rollout/ep_rew_mean,4194304,1786475255.106476,5.433998108
rollout/ep_rew_mean,4227072,1786475259.577440,4.924677372
rollout/ep_rew_mean,4259840,1786475264.049435,5.336074352
rollout/ep_rew_mean,4292608,1786475268.512621,4.785380363
rollout/ep_rew_mean,4325376,1786475272.967800,6.191420078
rollout/ep_rew_mean,4358144,1786475277.436010,5.988828659
rollout/ep_rew_mean,4390912,1786475281.902421,6.237832546
rollout/ep_rew_mean,4423680,1786475286.380571,5.476658821
rollout/ep_rew_mean,4456448,1786475290.848873,5.240206718
rollout/ep_rew_mean,4489216,1786475295.313388,5.441637516
rollout/ep_rew_mean,4521984,1786475299.776466,5.29882288
rollout/ep_rew_mean,4554752,1786475304.238331,4.822796345
rollout/ep_rew_mean,4587520,1786475308.749835,5.223487854
rollout/ep_rew_mean,4620288,1786475313.227154,5.64387846
rollout/ep_rew_mean,4653056,1786475317.706645,6.159540176
rollout/ep_rew_mean,4685824,1786475322.170447,6.782896519
rollout/ep_rew_mean,4718592,1786475326.630739,5.987561703
rollout/ep_rew_mean,4751360,1786475331.093258,5.909238338
rollout/ep_rew_mean,4784128,1786475335.551569,5.603848457
rollout/ep_rew_mean,4816896,1786475340.020942,5.088321686
rollout/ep_rew_mean,4849664,1786475344.484965,5.707978725
rollout/ep_rew_mean,4882432,1786475348.948891,5.750280857
rollout/ep_rew_mean,4915200,1786475353.401864,5.949722767
rollout/ep_rew_mean,4947968,1786475357.876277,6.458351135
rollout/ep_rew_mean,4980736,1786475362.331754,6.215125561
rollout/ep_rew_mean,5013504,1786475366.802026,6.494771481
rollout/ep_rew_mean,5046272,1786475371.276297,5.003120422
rollout/ep_rew_mean,5079040,1786475375.734295,5.662708282
rollout/ep_rew_mean,5111808,1786475380.198800,5.666885853
rollout/ep_rew_mean,5144576,1786475384.663015,5.221647263
rollout/ep_rew_mean,5177344,1786475389.124901,4.975193024
rollout/ep_rew_mean,5210112,1786475393.585472,5.455633163
rollout/ep_rew_mean,5242880,1786475398.039594,5.709690571
rollout/ep_rew_mean,5275648,1786475402.519840,5.79147625
rollout/ep_rew_mean,5308416,1786475406.995797,6.242063522
rollout/ep_rew_mean,5341184,1786475411.474796,5.468134403
rollout/ep_rew_mean,5373952,1786475415.953462,6.252467155
rollout/ep_rew_mean,5406720,1786475420.429187,6.779889584
rollout/ep_rew_mean,5439488,1786475424.896862,8.001315117
rollout/ep_rew_mean,5472256,1786475429.361018,7.087497711
rollout/ep_rew_mean,5505024,1786475433.824343,6.539624214
rollout/ep_rew_mean,5537792,1786475438.297324,6.623090744
rollout/ep_rew_mean,5570560,1786475442.756015,6.946042061
rollout/ep_rew_mean,5603328,1786475447.219831,6.14454937
rollout/ep_rew_mean,5636096,1786475451.683997,6.357624054
rollout/ep_rew_mean,5668864,1786475456.146447,6.049761295
rollout/ep_rew_mean,5701632,1786475460.630809,6.798436642
rollout/ep_rew_mean,5734400,1786475465.084134,7.634834766
rollout/ep_rew_mean,5767168,1786475469.552150,7.430604935
rollout/ep_rew_mean,5799936,1786475474.014813,6.51957655
rollout/ep_rew_mean,5832704,1786475478.489944,7.175531387
rollout/ep_rew_mean,5865472,1786475482.945001,7.615068913
rollout/ep_rew_mean,5898240,1786475487.414483,6.674934387
rollout/ep_rew_mean,5931008,1786475491.890510,6.579604149
rollout/ep_rew_mean,5963776,1786475496.369021,6.870567322
rollout/ep_rew_mean,5996544,1786475500.824331,6.986938477
rollout/ep_rew_mean,6029312,1786475505.294164,7.229518414
rollout/ep_rew_mean,6062080,1786475509.762123,7.67740202
rollout/ep_rew_mean,6094848,1786475514.230427,6.894060135
rollout/ep_rew_mean,6127616,1786475518.709704,6.103941917
rollout/ep_rew_mean,6160384,1786475523.217481,7.164485931
rollout/ep_rew_mean,6193152,1786475527.689399,7.343663692
rollout/ep_rew_mean,6225920,1786475532.162890,7.77548027
rollout/ep_rew_mean,6258688,1786475536.619236,7.922601223
rollout/ep_rew_mean,6291456,1786475541.093709,7.627640724
rollout/ep_rew_mean,6324224,1786475545.566782,6.99733448
rollout/ep_rew_mean,6356992,1786475550.060667,7.598750114
rollout/ep_rew_mean,6389760,1786475554.533689,8.412290573
rollout/ep_rew_mean,6422528,1786475559.040382,7.455670834
rollout/ep_rew_mean,6455296,1786475563.511854,6.02541399
rollout/ep_rew_mean,6488064,1786475567.981038,6.856934547
rollout/ep_rew_mean,6520832,1786475572.451808,6.675067902
rollout/ep_rew_mean,6553600,1786475576.924208,7.41561842
rollout/ep_rew_mean,6586368,1786475581.399595,6.45237875
rollout/ep_rew_mean,6619136,1786475585.890088,5.585294724
rollout/ep_rew_mean,6651904,1786475590.373677,6.677137852
rollout/ep_rew_mean,6684672,1786475594.851695,6.906144142
rollout/ep_rew_mean,6717440,1786475599.330798,6.609319687
rollout/ep_rew_mean,6750208,1786475603.802287,7.405453682
rollout/ep_rew_mean,6782976,1786475608.276012,7.302038193
rollout/ep_rew_mean,6815744,1786475612.739992,7.227577209
rollout/ep_rew_mean,6848512,1786475617.211172,7.783381462
rollout/ep_rew_mean,6881280,1786475621.683956,7.689733982
rollout/ep_rew_mean,6914048,1786475626.168055,8.258645058
rollout/ep_rew_mean,6946816,1786475630.624578,8.143362999
rollout/ep_rew_mean,6979584,1786475635.088952,7.426436424
rollout/ep_rew_mean,7012352,1786475639.567138,7.451462269
rollout/ep_rew_mean,7045120,1786475644.044033,7.743892193
rollout/ep_rew_mean,7077888,1786475648.505028,7.738180161
rollout/ep_rew_mean,7110656,1786475652.966548,7.672111511
rollout/ep_rew_mean,7143424,1786475657.428418,8.212669373
rollout/ep_rew_mean,7176192,1786475661.895108,7.982941151
rollout/ep_rew_mean,7208960,1786475666.353096,7.887053013
rollout/ep_rew_mean,7241728,1786475670.818005,8.367251396
rollout/ep_rew_mean,7274496,1786475675.308960,9.213106155
rollout/ep_rew_mean,7307264,1786475679.776770,9.615731239
rollout/ep_rew_mean,7340032,1786475684.256846,8.592891693
rollout/ep_rew_mean,7372800,1786475688.732787,7.865921021
rollout/ep_rew_mean,7405568,1786475693.204834,8.06614399
rollout/ep_rew_mean,7438336,1786475697.673737,8.863669395
rollout/ep_rew_mean,7471104,1786475702.140480,8.792345047
rollout/ep_rew_mean,7503872,1786475706.613735,8.587586403
rollout/ep_rew_mean,7536640,1786475711.085733,7.884218693
rollout/ep_rew_mean,7569408,1786475715.564934,8.224172592
rollout/ep_rew_mean,7602176,1786475720.017646,8.16595459
rollout/ep_rew_mean,7634944,1786475724.480168,8.197130203
rollout/ep_rew_mean,7667712,1786475728.950714,8.203576088
rollout/ep_rew_mean,7700480,1786475733.416458,8.467166901
rollout/ep_rew_mean,7733248,1786475737.893817,8.908220291
rollout/ep_rew_mean,7766016,1786475742.359026,9.493392944
rollout/ep_rew_mean,7798784,1786475746.819698,9.016684532
rollout/ep_rew_mean,7831552,1786475751.284280,7.635433674
rollout/ep_rew_mean,7864320,1786475755.758058,7.951868534
rollout/ep_rew_mean,7897088,1786475760.234236,8.70141983
rollout/ep_rew_mean,7929856,1786475764.695958,8.367975235
rollout/ep_rew_mean,7962624,1786475769.160097,9.080682755
rollout/ep_rew_mean,7995392,1786475773.623195,9.162374496
rollout/ep_rew_mean,8028160,1786475778.110336,8.050738335
time/fps,32768,1786474685.163918,14535
time/fps,65536,1786474689.697500,9654
time/fps,98304,1786474694.208380,8700
time/fps,131072,1786474698.725317,8287
time/fps,163840,1786474703.254431,8053
time/fps,196608,1786474707.782432,7904
time/fps,229376,1786474712.293588,7806
time/fps,262144,1786474716.807837,7733
time/fps,294912,1786474721.319602,7678
time/fps,327680,1786474725.822904,7635
time/fps,360448,1786474730.318526,7602
time/fps,393216,1786474734.829628,7573
time/fps,425984,1786474739.360765,7546
time/fps,458752,1786474743.874191,7524
time/fps,491520,1786474748.392900,7506
time/fps,524288,1786474752.892583,7491
time/fps,557056,1786474757.398082,7478
time/fps,589824,1786474761.900588,7466
time/fps,622592,1786474766.404987,7456
time/fps,655360,1786474770.914146,7446
time/fps,688128,1786474775.423623,7438
time/fps,720896,1786474779.921495,7431
time/fps,753664,1786474784.418792,7424
time/fps,786432,1786474788.910865,7419
time/fps,819200,1786474793.405177,7413
time/fps,851968,1786474797.896510,7409
time/fps,884736,1786474802.391887,7404
time/fps,917504,1786474806.890534,7400
time/fps,950272,1786474811.386642,7396
time/fps,983040,1786474815.883786,7392
time/fps,1015808,1786474820.399911,7388
time/fps,1048576,1786474824.898037,7384
time/fps,1081344,1786474829.399063,7381
time/fps,1114112,1786474833.910476,7378
time/fps,1146880,1786474838.407515,7375
time/fps,1179648,1786474842.896313,7373
time/fps,1212416,1786474847.385676,7371
time/fps,1245184,1786474851.868213,7369
time/fps,1277952,1786474856.369034,7367
time/fps,1310720,1786474860.878645,7364
time/fps,1343488,1786474865.365962,7363
time/fps,1376256,1786474869.859021,7361
time/fps,1409024,1786474874.339695,7360
time/fps,1441792,1786474878.838032,7358
time/fps,1474560,1786474883.312786,7357
time/fps,1507328,1786474887.795860,7356
time/fps,1540096,1786474892.276867,7355
time/fps,1572864,1786474896.766315,7354
time/fps,1605632,1786474901.257299,7353
time/fps,1638400,1786474905.735503,7352
time/fps,1671168,1786474910.220967,7351
time/fps,1703936,1786474914.705776,7351
time/fps,1736704,1786474919.197378,7349
time/fps,1769472,1786474923.697669,7348
time/fps,1802240,1786474928.191477,7347
time/fps,1835008,1786474932.676192,7346
time/fps,1867776,1786474937.159765,7346
time/fps,1900544,1786474941.644912,7345
time/fps,1933312,1786474946.125685,7344
time/fps,1966080,1786474950.613533,7344
time/fps,1998848,1786474955.101213,7343
time/fps,2031616,1786474959.602534,7342
time/fps,2064384,1786474964.097048,7341
time/fps,2097152,1786474968.576703,7341
time/fps,2129920,1786474973.050740,7340
time/fps,2162688,1786474977.534505,7340
time/fps,2195456,1786474982.007588,7340
time/fps,2228224,1786474986.495372,7339
time/fps,2260992,1786474990.974606,7339
time/fps,2293760,1786474995.445098,7339
time/fps,2326528,1786474999.912283,7339
time/fps,2359296,1786475004.383136,7339
time/fps,2392064,1786475008.858660,7338
time/fps,2424832,1786475013.334829,7338
time/fps,2457600,1786475017.822068,7338
time/fps,2490368,1786475022.308609,7337
time/fps,2523136,1786475026.789725,7337
time/fps,2555904,1786475031.268460,7336
time/fps,2588672,1786475035.754379,7336
time/fps,2621440,1786475040.231513,7336
time/fps,2654208,1786475044.720043,7335
time/fps,2686976,1786475049.202685,7335
time/fps,2719744,1786475053.673601,7335
time/fps,2752512,1786475058.184076,7334
time/fps,2785280,1786475062.657653,7334
time/fps,2818048,1786475067.129641,7334
time/fps,2850816,1786475071.596817,7334
time/fps,2883584,1786475076.081797,7334
time/fps,2916352,1786475080.547603,7334
time/fps,2949120,1786475085.009434,7334
time/fps,2981888,1786475089.479909,7334
time/fps,3014656,1786475093.952402,7334
time/fps,3047424,1786475098.425464,7334
time/fps,3080192,1786475102.898352,7333
time/fps,3112960,1786475107.382367,7333
time/fps,3145728,1786475111.858347,7333
time/fps,3178496,1786475116.360710,7332
time/fps,3211264,1786475120.895608,7331
time/fps,3244032,1786475125.373552,7331
time/fps,3276800,1786475129.851541,7331
time/fps,3309568,1786475134.339107,7331
time/fps,3342336,1786475138.815270,7331
time/fps,3375104,1786475143.307248,7330
time/fps,3407872,1786475147.758297,7331
time/fps,3440640,1786475152.223730,7331
time/fps,3473408,1786475156.699289,7331
time/fps,3506176,1786475161.170018,7331
time/fps,3538944,1786475165.638505,7331
time/fps,3571712,1786475170.111105,7331
time/fps,3604480,1786475174.588722,7330
time/fps,3637248,1786475179.079074,7330
time/fps,3670016,1786475183.581445,7330
time/fps,3702784,1786475188.056586,7330
time/fps,3735552,1786475192.520284,7330
time/fps,3768320,1786475196.986586,7330
time/fps,3801088,1786475201.453465,7330
time/fps,3833856,1786475205.921159,7330
time/fps,3866624,1786475210.394707,7330
time/fps,3899392,1786475214.871729,7330
time/fps,3932160,1786475219.355095,7330
time/fps,3964928,1786475223.818630,7330
time/fps,3997696,1786475228.303195,7329
time/fps,4030464,1786475232.769042,7329
time/fps,4063232,1786475237.227765,7330
time/fps,4096000,1786475241.693951,7330
time/fps,4128768,1786475246.172761,7330
time/fps,4161536,1786475250.630103,7330
time/fps,4194304,1786475255.106481,7330
time/fps,4227072,1786475259.577446,7330
time/fps,4259840,1786475264.049441,7330
time/fps,4292608,1786475268.512626,7330
time/fps,4325376,1786475272.967805,7330
time/fps,4358144,1786475277.436016,7330
time/fps,4390912,1786475281.902431,7330
time/fps,4423680,1786475286.380577,7330
time/fps,4456448,1786475290.848878,7330
time/fps,4489216,1786475295.313394,7330
time/fps,4521984,1786475299.776472,7330
time/fps,4554752,1786475304.238336,7330
time/fps,4587520,1786475308.749840,7330
time/fps,4620288,1786475313.227160,7330
time/fps,4653056,1786475317.706650,7329
time/fps,4685824,1786475322.170453,7330
time/fps,4718592,1786475326.630744,7330
time/fps,4751360,1786475331.093264,7330
time/fps,4784128,1786475335.551574,7330
time/fps,4816896,1786475340.020948,7330
time/fps,4849664,1786475344.484971,7330
time/fps,4882432,1786475348.948896,7330
time/fps,4915200,1786475353.401869,7330
time/fps,4947968,1786475357.876282,7330
time/fps,4980736,1786475362.331759,7330
time/fps,5013504,1786475366.802031,7330
time/fps,5046272,1786475371.276303,7330
time/fps,5079040,1786475375.734300,7330
time/fps,5111808,1786475380.198806,7330
time/fps,5144576,1786475384.663020,7331
time/fps,5177344,1786475389.124907,7331
time/fps,5210112,1786475393.585477,7331
time/fps,5242880,1786475398.039599,7331
time/fps,5275648,1786475402.519845,7331
time/fps,5308416,1786475406.995803,7331
time/fps,5341184,1786475411.474802,7331
time/fps,5373952,1786475415.953468,7331
time/fps,5406720,1786475420.429192,7330
time/fps,5439488,1786475424.896867,7330
time/fps,5472256,1786475429.361024,7331
time/fps,5505024,1786475433.824349,7331
time/fps,5537792,1786475438.297330,7331
time/fps,5570560,1786475442.756020,7331
time/fps,5603328,1786475447.219836,7331
time/fps,5636096,1786475451.684002,7331
time/fps,5668864,1786475456.146452,7331
time/fps,5701632,1786475460.630815,7331
time/fps,5734400,1786475465.084142,7331
time/fps,5767168,1786475469.552155,7331
time/fps,5799936,1786475474.014819,7331
time/fps,5832704,1786475478.489950,7331
time/fps,5865472,1786475482.945006,7331
time/fps,5898240,1786475487.414488,7331
time/fps,5931008,1786475491.890515,7331
time/fps,5963776,1786475496.369027,7331
time/fps,5996544,1786475500.824337,7331
time/fps,6029312,1786475505.294169,7331
time/fps,6062080,1786475509.762129,7331
time/fps,6094848,1786475514.230433,7331
time/fps,6127616,1786475518.709709,7331
time/fps,6160384,1786475523.217486,7331
time/fps,6193152,1786475527.689405,7331
time/fps,6225920,1786475532.162896,7331
time/fps,6258688,1786475536.619241,7331
time/fps,6291456,1786475541.093715,7331
time/fps,6324224,1786475545.566787,7331
time/fps,6356992,1786475550.060672,7330
time/fps,6389760,1786475554.533695,7330
time/fps,6422528,1786475559.040388,7330
time/fps,6455296,1786475563.511860,7330
time/fps,6488064,1786475567.981044,7330
time/fps,6520832,1786475572.451814,7330
time/fps,6553600,1786475576.924214,7330
time/fps,6586368,1786475581.399601,7330
time/fps,6619136,1786475585.890094,7330
time/fps,6651904,1786475590.373682,7330
time/fps,6684672,1786475594.851700,7330
time/fps,6717440,1786475599.330804,7330
time/fps,6750208,1786475603.802293,7330
time/fps,6782976,1786475608.276017,7330
time/fps,6815744,1786475612.739997,7330
time/fps,6848512,1786475617.211178,7330
time/fps,6881280,1786475621.683962,7330
time/fps,6914048,1786475626.168061,7329
time/fps,6946816,1786475630.624584,7330
time/fps,6979584,1786475635.088967,7330
time/fps,7012352,1786475639.567143,7330
time/fps,7045120,1786475644.044039,7330
time/fps,7077888,1786475648.505034,7330
time/fps,7110656,1786475652.966553,7330
time/fps,7143424,1786475657.428424,7330
time/fps,7176192,1786475661.895114,7330
time/fps,7208960,1786475666.353102,7330
time/fps,7241728,1786475670.818011,7330
time/fps,7274496,1786475675.308966,7330
time/fps,7307264,1786475679.776776,7330
time/fps,7340032,1786475684.256851,7330
time/fps,7372800,1786475688.732792,7330
time/fps,7405568,1786475693.204840,7330
time/fps,7438336,1786475697.673742,7330
time/fps,7471104,1786475702.140485,7330
time/fps,7503872,1786475706.613740,7330
time/fps,7536640,1786475711.085738,7330
time/fps,7569408,1786475715.564940,7330
time/fps,7602176,1786475720.017652,7330
time/fps,7634944,1786475724.480173,7330
time/fps,7667712,1786475728.950720,7330
time/fps,7700480,1786475733.416463,7330
time/fps,7733248,1786475737.893823,7330
time/fps,7766016,1786475742.359031,7330
time/fps,7798784,1786475746.819703,7330
time/fps,7831552,1786475751.284286,7330
time/fps,7864320,1786475755.758064,7330
time/fps,7897088,1786475760.234241,7330
time/fps,7929856,1786475764.695964,7330
time/fps,7962624,1786475769.160104,7330
time/fps,7995392,1786475773.623201,7330
time/fps,8028160,1786475778.110341,7330
train/approx_kl,65536,1786474689.697505,0.04892868549
train/approx_kl,98304,1786474694.208385,0.04995627329
train/approx_kl,131072,1786474698.725322,0.04991628975
train/approx_kl,163840,1786474703.254436,0.05059046671
train/approx_kl,196608,1786474707.782437,0.04977935925
train/approx_kl,229376,1786474712.293593,0.05054950714
train/approx_kl,262144,1786474716.807842,0.05137903243
train/approx_kl,294912,1786474721.319607,0.05063636601
train/approx_kl,327680,1786474725.822908,0.04970493168
train/approx_kl,360448,1786474730.318531,0.05238042399
train/approx_kl,393216,1786474734.829633,0.05136184394
train/approx_kl,425984,1786474739.360770,0.05219379812
train/approx_kl,458752,1786474743.874196,0.05316378176
train/approx_kl,491520,1786474748.392905,0.05061682314
train/approx_kl,524288,1786474752.892588,0.05339380726
train/approx_kl,557056,1786474757.398087,0.05266158655
train/approx_kl,589824,1786474761.900594,0.05194854736
train/approx_kl,622592,1786474766.404992,0.05245626718
train/approx_kl,655360,1786474770.914151,0.05444030464
train/approx_kl,688128,1786474775.423628,0.05638509244
train/approx_kl,720896,1786474779.921500,0.05344836786
train/approx_kl,753664,1786474784.418797,0.05636626109
train/approx_kl,786432,1786474788.910870,0.05341987312
train/approx_kl,819200,1786474793.405181,0.05558394641
train/approx_kl,851968,1786474797.896515,0.05474919826
train/approx_kl,884736,1786474802.391892,0.05352996662
train/approx_kl,917504,1786474806.890539,0.05485528335
train/approx_kl,950272,1786474811.386647,0.05499560758
train/approx_kl,983040,1786474815.883791,0.05497067422
train/approx_kl,1015808,1786474820.399916,0.05674014613
train/approx_kl,1048576,1786474824.898042,0.057694152
train/approx_kl,1081344,1786474829.399068,0.05551921949
train/approx_kl,1114112,1786474833.910481,0.05644705892
train/approx_kl,1146880,1786474838.407520,0.05730711669
train/approx_kl,1179648,1786474842.896318,0.05714385957
train/approx_kl,1212416,1786474847.385681,0.05584519356
train/approx_kl,1245184,1786474851.868218,0.05745874345
train/approx_kl,1277952,1786474856.369039,0.05800141394
train/approx_kl,1310720,1786474860.878650,0.05814969167
train/approx_kl,1343488,1786474865.365967,0.05937301368
train/approx_kl,1376256,1786474869.859026,0.05852475017
train/approx_kl,1409024,1786474874.339700,0.05941422656
train/approx_kl,1441792,1786474878.838037,0.057715334
train/approx_kl,1474560,1786474883.312791,0.05813980103
train/approx_kl,1507328,1786474887.795867,0.05880172178
train/approx_kl,1540096,1786474892.276873,0.05808229744
train/approx_kl,1572864,1786474896.766319,0.0569781065
train/approx_kl,1605632,1786474901.257304,0.05953212082
train/approx_kl,1638400,1786474905.735508,0.0579822734
train/approx_kl,1671168,1786474910.220973,0.05911310762
train/approx_kl,1703936,1786474914.705781,0.06122753024
train/approx_kl,1736704,1786474919.197383,0.05882330239
train/approx_kl,1769472,1786474923.697674,0.06105797738
train/approx_kl,1802240,1786474928.191482,0.06099116057
train/approx_kl,1835008,1786474932.676197,0.06113468111
train/approx_kl,1867776,1786474937.159770,0.05993194878
train/approx_kl,1900544,1786474941.644917,0.0627732873
train/approx_kl,1933312,1786474946.125690,0.06291138381
train/approx_kl,1966080,1786474950.613538,0.06275290251
train/approx_kl,1998848,1786474955.101218,0.06258291751
train/approx_kl,2031616,1786474959.602539,0.0647021383
train/approx_kl,2064384,1786474964.097052,0.06121525168
train/approx_kl,2097152,1786474968.576708,0.0614117384
train/approx_kl,2129920,1786474973.050745,0.0616832599
train/approx_kl,2162688,1786474977.534510,0.06257416308
train/approx_kl,2195456,1786474982.007593,0.06336242706
train/approx_kl,2228224,1786474986.495377,0.06365795434
train/approx_kl,2260992,1786474990.974611,0.06307704747
train/approx_kl,2293760,1786474995.445102,0.06419020891
train/approx_kl,2326528,1786474999.912289,0.06588760763
train/approx_kl,2359296,1786475004.383141,0.06480064988
train/approx_kl,2392064,1786475008.858665,0.06444554031
train/approx_kl,2424832,1786475013.334835,0.06511798501
train/approx_kl,2457600,1786475017.822073,0.06333038211
train/approx_kl,2490368,1786475022.308614,0.06363612413
train/approx_kl,2523136,1786475026.789730,0.06513492763
train/approx_kl,2555904,1786475031.268465,0.06459596753
train/approx_kl,2588672,1786475035.754384,0.06670416147
train/approx_kl,2621440,1786475040.231518,0.06529739499
train/approx_kl,2654208,1786475044.720048,0.06533490866
train/approx_kl,2686976,1786475049.202690,0.0649907589
train/approx_kl,2719744,1786475053.673606,0.06634910405
train/approx_kl,2752512,1786475058.184081,0.06423152983
train/approx_kl,2785280,1786475062.657659,0.06569500268
train/approx_kl,2818048,1786475067.129646,0.06727364659
train/approx_kl,2850816,1786475071.596822,0.0642702654
train/approx_kl,2883584,1786475076.081802,0.06958542764
train/approx_kl,2916352,1786475080.547608,0.06667324156
train/approx_kl,2949120,1786475085.009438,0.0685435161
train/approx_kl,2981888,1786475089.479915,0.06904101372
train/approx_kl,3014656,1786475093.952407,0.06778140366
train/approx_kl,3047424,1786475098.425469,0.06941108406
train/approx_kl,3080192,1786475102.898357,0.0684178248
train/approx_kl,3112960,1786475107.382372,0.0675329268
train/approx_kl,3145728,1786475111.858352,0.07061010599
train/approx_kl,3178496,1786475116.360716,0.07083728909
train/approx_kl,3211264,1786475120.895613,0.06910514832
train/approx_kl,3244032,1786475125.373557,0.07059784234
train/approx_kl,3276800,1786475129.851547,0.06952436268
train/approx_kl,3309568,1786475134.339112,0.06878174841
train/approx_kl,3342336,1786475138.815275,0.07324701548
train/approx_kl,3375104,1786475143.307253,0.07094676793
train/approx_kl,3407872,1786475147.758303,0.07087190449
train/approx_kl,3440640,1786475152.223735,0.06906615943
train/approx_kl,3473408,1786475156.699295,0.07069962472
train/approx_kl,3506176,1786475161.170023,0.07030716538
train/approx_kl,3538944,1786475165.638510,0.07026655972
train/approx_kl,3571712,1786475170.111110,0.07148423791
train/approx_kl,3604480,1786475174.588727,0.0723516345
train/approx_kl,3637248,1786475179.079081,0.07136452198
train/approx_kl,3670016,1786475183.581450,0.07297808677
train/approx_kl,3702784,1786475188.056591,0.0769636929
train/approx_kl,3735552,1786475192.520289,0.07386694849
train/approx_kl,3768320,1786475196.986591,0.06935171783
train/approx_kl,3801088,1786475201.453470,0.07472708821
train/approx_kl,3833856,1786475205.921164,0.0730496496
train/approx_kl,3866624,1786475210.394711,0.07277108729
train/approx_kl,3899392,1786475214.871734,0.0731273815
train/approx_kl,3932160,1786475219.355100,0.07205435634
train/approx_kl,3964928,1786475223.818634,0.07453681529
train/approx_kl,3997696,1786475228.303200,0.07500852644
train/approx_kl,4030464,1786475232.769047,0.07372982055
train/approx_kl,4063232,1786475237.227770,0.0729059428
train/approx_kl,4096000,1786475241.693960,0.07633970678
train/approx_kl,4128768,1786475246.172766,0.07213575393
train/approx_kl,4161536,1786475250.630109,0.07758830488
train/approx_kl,4194304,1786475255.106486,0.0738312155
train/approx_kl,4227072,1786475259.577451,0.07577713579
train/approx_kl,4259840,1786475264.049446,0.07652370632
train/approx_kl,4292608,1786475268.512631,0.08000377566
train/approx_kl,4325376,1786475272.967810,0.07807289809
train/approx_kl,4358144,1786475277.436021,0.07529113442
train/approx_kl,4390912,1786475281.902436,0.07833129168
train/approx_kl,4423680,1786475286.380582,0.07844852656
train/approx_kl,4456448,1786475290.848883,0.08009453118
train/approx_kl,4489216,1786475295.313398,0.07815143466
train/approx_kl,4521984,1786475299.776476,0.07969745249
train/approx_kl,4554752,1786475304.238341,0.0747268647
train/approx_kl,4587520,1786475308.749845,0.07696475089
train/approx_kl,4620288,1786475313.227164,0.07907076925
train/approx_kl,4653056,1786475317.706655,0.08121869713
train/approx_kl,4685824,1786475322.170458,0.08143743873
train/approx_kl,4718592,1786475326.630749,0.07863544673
train/approx_kl,4751360,1786475331.093269,0.08205373585
train/approx_kl,4784128,1786475335.551579,0.08195117861
train/approx_kl,4816896,1786475340.020953,0.07780705392
train/approx_kl,4849664,1786475344.484977,0.08202193677
train/approx_kl,4882432,1786475348.948901,0.08165332675
train/approx_kl,4915200,1786475353.401874,0.08036223054
train/approx_kl,4947968,1786475357.876287,0.07838395238
train/approx_kl,4980736,1786475362.331765,0.08054526895
train/approx_kl,5013504,1786475366.802036,0.07978260517
train/approx_kl,5046272,1786475371.276308,0.07952461392
train/approx_kl,5079040,1786475375.734305,0.08221327513
train/approx_kl,5111808,1786475380.198811,0.08375940472
train/approx_kl,5144576,1786475384.663025,0.07886358351
train/approx_kl,5177344,1786475389.124912,0.08120208234
train/approx_kl,5210112,1786475393.585482,0.08232723922
train/approx_kl,5242880,1786475398.039604,0.08190387487
train/approx_kl,5275648,1786475402.519850,0.08112612367
train/approx_kl,5308416,1786475406.995808,0.0799099952
train/approx_kl,5341184,1786475411.474807,0.08184267581
train/approx_kl,5373952,1786475415.953473,0.08546727896
train/approx_kl,5406720,1786475420.429197,0.08261112124
train/approx_kl,5439488,1786475424.896873,0.08446805179
train/approx_kl,5472256,1786475429.361028,0.08360560238
train/approx_kl,5505024,1786475433.824354,0.0791875273
train/approx_kl,5537792,1786475438.297335,0.08230707049
train/approx_kl,5570560,1786475442.756025,0.08150695264
train/approx_kl,5603328,1786475447.219841,0.08287731558
train/approx_kl,5636096,1786475451.684007,0.08343844116
train/approx_kl,5668864,1786475456.146457,0.08524888009
train/approx_kl,5701632,1786475460.630820,0.08400057256
train/approx_kl,5734400,1786475465.084147,0.08410487324
train/approx_kl,5767168,1786475469.552160,0.08526127785
train/approx_kl,5799936,1786475474.014823,0.08709075302
train/approx_kl,5832704,1786475478.489954,0.08217447996
train/approx_kl,5865472,1786475482.945010,0.08653667569
train/approx_kl,5898240,1786475487.414493,0.08571522683
train/approx_kl,5931008,1786475491.890520,0.08884471655
train/approx_kl,5963776,1786475496.369032,0.08609794825
train/approx_kl,5996544,1786475500.824342,0.08310239762
train/approx_kl,6029312,1786475505.294174,0.0868742913
train/approx_kl,6062080,1786475509.762133,0.0869140923
train/approx_kl,6094848,1786475514.230438,0.0883911103
train/approx_kl,6127616,1786475518.709714,0.08560805768
train/approx_kl,6160384,1786475523.217491,0.08832265437
train/approx_kl,6193152,1786475527.689410,0.08438518643
train/approx_kl,6225920,1786475532.162901,0.08547225595
train/approx_kl,6258688,1786475536.619247,0.08777803183
train/approx_kl,6291456,1786475541.093720,0.08836104721
train/approx_kl,6324224,1786475545.566792,0.09254525602
train/approx_kl,6356992,1786475550.060678,0.087624304
train/approx_kl,6389760,1786475554.533700,0.09098471701
train/approx_kl,6422528,1786475559.040393,0.08897349238
train/approx_kl,6455296,1786475563.511864,0.08570660651
train/approx_kl,6488064,1786475567.981049,0.09080770612
train/approx_kl,6520832,1786475572.451818,0.08786292374
train/approx_kl,6553600,1786475576.924219,0.08808583021
train/approx_kl,6586368,1786475581.399605,0.08696191013
train/approx_kl,6619136,1786475585.890099,0.09055382758
train/approx_kl,6651904,1786475590.373688,0.08822030574
train/approx_kl,6684672,1786475594.851705,0.09444055706
train/approx_kl,6717440,1786475599.330809,0.09152063727
train/approx_kl,6750208,1786475603.802298,0.09318822622
train/approx_kl,6782976,1786475608.276022,0.09052576125
train/approx_kl,6815744,1786475612.740003,0.09579247981
train/approx_kl,6848512,1786475617.211183,0.08911687881
train/approx_kl,6881280,1786475621.683967,0.09294512868
train/approx_kl,6914048,1786475626.168066,0.09036454558
train/approx_kl,6946816,1786475630.624589,0.09088133276
train/approx_kl,6979584,1786475635.088971,0.08800289035
train/approx_kl,7012352,1786475639.567148,0.09183098376
train/approx_kl,7045120,1786475644.044044,0.09165838361
train/approx_kl,7077888,1786475648.505039,0.09264437854
train/approx_kl,7110656,1786475652.966558,0.09222595394
train/approx_kl,7143424,1786475657.428429,0.09482340515
train/approx_kl,7176192,1786475661.895119,0.09398132563
train/approx_kl,7208960,1786475666.353106,0.0932392925
train/approx_kl,7241728,1786475670.818016,0.08996787667
train/approx_kl,7274496,1786475675.308971,0.09100534767
train/approx_kl,7307264,1786475679.776781,0.09774817526
train/approx_kl,7340032,1786475684.256856,0.09756487608
train/approx_kl,7372800,1786475688.732811,0.09026453644
train/approx_kl,7405568,1786475693.204845,0.0939476788
train/approx_kl,7438336,1786475697.673747,0.09588512778
train/approx_kl,7471104,1786475702.140490,0.09909178317
train/approx_kl,7503872,1786475706.613745,0.0897751525
train/approx_kl,7536640,1786475711.085743,0.09215269983
train/approx_kl,7569408,1786475715.564945,0.09545602649
train/approx_kl,7602176,1786475720.017657,0.09699559212
train/approx_kl,7634944,1786475724.480179,0.09708666056
train/approx_kl,7667712,1786475728.950725,0.0995118469
train/approx_kl,7700480,1786475733.416468,0.0967734009
train/approx_kl,7733248,1786475737.893828,0.09894949198
train/approx_kl,7766016,1786475742.359036,0.09632751346
train/approx_kl,7798784,1786475746.819708,0.09685685486
train/approx_kl,7831552,1786475751.284291,0.09500397742
train/approx_kl,7864320,1786475755.758069,0.09994032979
train/approx_kl,7897088,1786475760.234245,0.09384582937
train/approx_kl,7929856,1786475764.695969,0.09918129444
train/approx_kl,7962624,1786475769.160110,0.09544816613
train/approx_kl,7995392,1786475773.623206,0.09691353142
train/approx_kl,8028160,1786475778.110346,0.0965294838
train/clip_fraction,65536,1786474689.697509,0.4175033569
train/clip_fraction,98304,1786474694.208389,0.4252853394
train/clip_fraction,131072,1786474698.725326,0.4266433716
train/clip_fraction,163840,1786474703.254440,0.4200897217
train/clip_fraction,196608,1786474707.782441,0.4229507446
train/clip_fraction,229376,1786474712.293596,0.4253692627
train/clip_fraction,262144,1786474716.807846,0.4286804199
train/clip_fraction,294912,1786474721.319611,0.4280700684
train/clip_fraction,327680,1786474725.822913,0.4248428345
train/clip_fraction,360448,1786474730.318535,0.4328155518
train/clip_fraction,393216,1786474734.829637,0.4304122925
train/clip_fraction,425984,1786474739.360774,0.4315567017
train/clip_fraction,458752,1786474743.874200,0.4351577759
train/clip_fraction,491520,1786474748.392909,0.4269256592
train/clip_fraction,524288,1786474752.892592,0.4340286255
train/clip_fraction,557056,1786474757.398091,0.437538147
train/clip_fraction,589824,1786474761.900598,0.4320831299
train/clip_fraction,622592,1786474766.404996,0.438911438
train/clip_fraction,655360,1786474770.914155,0.4376525879
train/clip_fraction,688128,1786474775.423632,0.4419631958
train/clip_fraction,720896,1786474779.921504,0.441116333
train/clip_fraction,753664,1786474784.418801,0.4446487427
train/clip_fraction,786432,1786474788.910874,0.4376831055
train/clip_fraction,819200,1786474793.405185,0.4471130371
train/clip_fraction,851968,1786474797.896519,0.4389953613
train/clip_fraction,884736,1786474802.391896,0.4451751709
train/clip_fraction,917504,1786474806.890543,0.4480514526
train/clip_fraction,950272,1786474811.386651,0.4441680908
train/clip_fraction,983040,1786474815.883795,0.4472579956
train/clip_fraction,1015808,1786474820.399920,0.4467468262
train/clip_fraction,1048576,1786474824.898045,0.4543304443
train/clip_fraction,1081344,1786474829.399072,0.4516067505
train/clip_fraction,1114112,1786474833.910485,0.4515075684
train/clip_fraction,1146880,1786474838.407524,0.448677063
train/clip_fraction,1179648,1786474842.896322,0.4505004883
train/clip_fraction,1212416,1786474847.385685,0.447593689
train/clip_fraction,1245184,1786474851.868222,0.4559249878
train/clip_fraction,1277952,1786474856.369043,0.4583969116
train/clip_fraction,1310720,1786474860.878654,0.4555358887
train/clip_fraction,1343488,1786474865.365971,0.4592895508
train/clip_fraction,1376256,1786474869.859031,0.4585342407
train/clip_fraction,1409024,1786474874.339703,0.4542007446
train/clip_fraction,1441792,1786474878.838040,0.4570770264
train/clip_fraction,1474560,1786474883.312795,0.458152771
train/clip_fraction,1507328,1786474887.795871,0.460609436
train/clip_fraction,1540096,1786474892.276877,0.4611282349
train/clip_fraction,1572864,1786474896.766323,0.4579391479
train/clip_fraction,1605632,1786474901.257308,0.4644622803
train/clip_fraction,1638400,1786474905.735512,0.459236145
train/clip_fraction,1671168,1786474910.220977,0.4706115723
train/clip_fraction,1703936,1786474914.705785,0.4655532837
train/clip_fraction,1736704,1786474919.197387,0.4646759033
train/clip_fraction,1769472,1786474923.697678,0.4659118652
train/clip_fraction,1802240,1786474928.191486,0.4659805298
train/clip_fraction,1835008,1786474932.676202,0.4681167603
train/clip_fraction,1867776,1786474937.159774,0.4738845825
train/clip_fraction,1900544,1786474941.644921,0.477394104
train/clip_fraction,1933312,1786474946.125694,0.4750366211
train/clip_fraction,1966080,1786474950.613542,0.4753570557
train/clip_fraction,1998848,1786474955.101222,0.4711303711
train/clip_fraction,2031616,1786474959.602543,0.476890564
train/clip_fraction,2064384,1786474964.097056,0.475692749
train/clip_fraction,2097152,1786474968.576712,0.474281311
train/clip_fraction,2129920,1786474973.050749,0.4711456299
train/clip_fraction,2162688,1786474977.534514,0.4748916626
train/clip_fraction,2195456,1786474982.007597,0.4750061035
train/clip_fraction,2228224,1786474986.495381,0.4745330811
train/clip_fraction,2260992,1786474990.974615,0.4750671387
train/clip_fraction,2293760,1786474995.445106,0.4799957275
train/clip_fraction,2326528,1786474999.912293,0.4846801758
train/clip_fraction,2359296,1786475004.383145,0.4784011841
train/clip_fraction,2392064,1786475008.858669,0.4811477661
train/clip_fraction,2424832,1786475013.334839,0.4855804443
train/clip_fraction,2457600,1786475017.822077,0.4825973511
train/clip_fraction,2490368,1786475022.308618,0.4822463989
train/clip_fraction,2523136,1786475026.789734,0.4806671143
train/clip_fraction,2555904,1786475031.268469,0.4832000732
train/clip_fraction,2588672,1786475035.754389,0.4839324951
train/clip_fraction,2621440,1786475040.231522,0.4833679199
train/clip_fraction,2654208,1786475044.720052,0.4859542847
train/clip_fraction,2686976,1786475049.202694,0.4803695679
train/clip_fraction,2719744,1786475053.673610,0.4851913452
train/clip_fraction,2752512,1786475058.184085,0.4864120483
train/clip_fraction,2785280,1786475062.657663,0.4864044189
train/clip_fraction,2818048,1786475067.129650,0.490776062
train/clip_fraction,2850816,1786475071.596826,0.4866485596
train/clip_fraction,2883584,1786475076.081806,0.4928207397
train/clip_fraction,2916352,1786475080.547612,0.4908981323
train/clip_fraction,2949120,1786475085.009442,0.4931411743
train/clip_fraction,2981888,1786475089.479919,0.4968490601
train/clip_fraction,3014656,1786475093.952411,0.4937973022
train/clip_fraction,3047424,1786475098.425473,0.4954528809
train/clip_fraction,3080192,1786475102.898360,0.4961471558
train/clip_fraction,3112960,1786475107.382376,0.4891433716
train/clip_fraction,3145728,1786475111.858356,0.4945983887
train/clip_fraction,3178496,1786475116.360721,0.4991073608
train/clip_fraction,3211264,1786475120.895617,0.5001907349
train/clip_fraction,3244032,1786475125.373561,0.5064697266
train/clip_fraction,3276800,1786475129.851551,0.4950561523
train/clip_fraction,3309568,1786475134.339116,0.500038147
train/clip_fraction,3342336,1786475138.815279,0.5044937134
train/clip_fraction,3375104,1786475143.307257,0.5009689331
train/clip_fraction,3407872,1786475147.758307,0.5008087158
train/clip_fraction,3440640,1786475152.223739,0.4991531372
train/clip_fraction,3473408,1786475156.699298,0.5052871704
train/clip_fraction,3506176,1786475161.170027,0.4989242554
train/clip_fraction,3538944,1786475165.638514,0.5056381226
train/clip_fraction,3571712,1786475170.111114,0.501625061
train/clip_fraction,3604480,1786475174.588731,0.5097503662
train/clip_fraction,3637248,1786475179.079086,0.5048675537
train/clip_fraction,3670016,1786475183.581454,0.5037307739
train/clip_fraction,3702784,1786475188.056599,0.5169219971
train/clip_fraction,3735552,1786475192.520293,0.5070571899
train/clip_fraction,3768320,1786475196.986595,0.4996490479
train/clip_fraction,3801088,1786475201.453474,0.5136489868
train/clip_fraction,3833856,1786475205.921168,0.5093841553
train/clip_fraction,3866624,1786475210.394715,0.5116882324
train/clip_fraction,3899392,1786475214.871738,0.5092315674
train/clip_fraction,3932160,1786475219.355104,0.5098190308
train/clip_fraction,3964928,1786475223.818638,0.5111694336
train/clip_fraction,3997696,1786475228.303204,0.5150680542
train/clip_fraction,4030464,1786475232.769051,0.5154953003
train/clip_fraction,4063232,1786475237.227775,0.5171203613
train/clip_fraction,4096000,1786475241.693964,0.5199432373
train/clip_fraction,4128768,1786475246.172770,0.5080566406
train/clip_fraction,4161536,1786475250.630113,0.5144348145
train/clip_fraction,4194304,1786475255.106491,0.5166244507
train/clip_fraction,4227072,1786475259.577455,0.5151138306
train/clip_fraction,4259840,1786475264.049449,0.5177612305
train/clip_fraction,4292608,1786475268.512635,0.5252838135
train/clip_fraction,4325376,1786475272.967814,0.5219345093
train/clip_fraction,4358144,1786475277.436025,0.5148849487
train/clip_fraction,4390912,1786475281.902440,0.5261993408
train/clip_fraction,4423680,1786475286.380590,0.5198898315
train/clip_fraction,4456448,1786475290.848887,0.5272674561
train/clip_fraction,4489216,1786475295.313402,0.524848938
train/clip_fraction,4521984,1786475299.776480,0.519859314
train/clip_fraction,4554752,1786475304.238345,0.5217056274
train/clip_fraction,4587520,1786475308.749849,0.5159912109
train/clip_fraction,4620288,1786475313.227169,0.5282211304
train/clip_fraction,4653056,1786475317.706659,0.5288925171
train/clip_fraction,4685824,1786475322.170462,0.526802063
train/clip_fraction,4718592,1786475326.630753,0.5217208862
train/clip_fraction,4751360,1786475331.093273,0.5250244141
train/clip_fraction,4784128,1786475335.551583,0.5344161987
train/clip_fraction,4816896,1786475340.020957,0.5262756348
train/clip_fraction,4849664,1786475344.484981,0.5335464478
train/clip_fraction,4882432,1786475348.948905,0.5316925049
train/clip_fraction,4915200,1786475353.401878,0.5255203247
train/clip_fraction,4947968,1786475357.876291,0.5249938965
train/clip_fraction,4980736,1786475362.331769,0.5276641846
train/clip_fraction,5013504,1786475366.802040,0.5239105225
train/clip_fraction,5046272,1786475371.276311,0.5301055908
train/clip_fraction,5079040,1786475375.734309,0.5351104736
train/clip_fraction,5111808,1786475380.198815,0.5308456421
train/clip_fraction,5144576,1786475384.663029,0.5255126953
train/clip_fraction,5177344,1786475389.124916,0.530166626
train/clip_fraction,5210112,1786475393.585486,0.5321273804
train/clip_fraction,5242880,1786475398.039608,0.5330581665
train/clip_fraction,5275648,1786475402.519854,0.530166626
train/clip_fraction,5308416,1786475406.995812,0.5319747925
train/clip_fraction,5341184,1786475411.474811,0.5340576172
train/clip_fraction,5373952,1786475415.953477,0.5365829468
train/clip_fraction,5406720,1786475420.429201,0.5378189087
train/clip_fraction,5439488,1786475424.896877,0.533744812
train/clip_fraction,5472256,1786475429.361032,0.5322189331
train/clip_fraction,5505024,1786475433.824358,0.5343170166
train/clip_fraction,5537792,1786475438.297339,0.5339889526
train/clip_fraction,5570560,1786475442.756029,0.5373001099
train/clip_fraction,5603328,1786475447.219845,0.5313339233
train/clip_fraction,5636096,1786475451.684010,0.535774231
train/clip_fraction,5668864,1786475456.146461,0.5407180786
train/clip_fraction,5701632,1786475460.630824,0.5342636108
train/clip_fraction,5734400,1786475465.084151,0.5395812988
train/clip_fraction,5767168,1786475469.552163,0.5364837646
train/clip_fraction,5799936,1786475474.014827,0.5426025391
train/clip_fraction,5832704,1786475478.489959,0.5330429077
train/clip_fraction,5865472,1786475482.945015,0.5449295044
train/clip_fraction,5898240,1786475487.414497,0.5429992676
train/clip_fraction,5931008,1786475491.890524,0.5478210449
train/clip_fraction,5963776,1786475496.369036,0.540763855
train/clip_fraction,5996544,1786475500.824345,0.5378265381
train/clip_fraction,6029312,1786475505.294178,0.542137146
train/clip_fraction,6062080,1786475509.762137,0.5465698242
train/clip_fraction,6094848,1786475514.230442,0.5498275757
train/clip_fraction,6127616,1786475518.709718,0.5437698364
train/clip_fraction,6160384,1786475523.217495,0.5542602539
train/clip_fraction,6193152,1786475527.689414,0.5420379639
train/clip_fraction,6225920,1786475532.162905,0.5492095947
train/clip_fraction,6258688,1786475536.619254,0.5462875366
train/clip_fraction,6291456,1786475541.093724,0.549659729
train/clip_fraction,6324224,1786475545.566796,0.5515289307
train/clip_fraction,6356992,1786475550.060682,0.5363006592
train/clip_fraction,6389760,1786475554.533704,0.5484619141
train/clip_fraction,6422528,1786475559.040397,0.5473556519
train/clip_fraction,6455296,1786475563.511868,0.5429992676
train/clip_fraction,6488064,1786475567.981053,0.553024292
train/clip_fraction,6520832,1786475572.451822,0.5515594482
train/clip_fraction,6553600,1786475576.924223,0.5501327515
train/clip_fraction,6586368,1786475581.399609,0.5459976196
train/clip_fraction,6619136,1786475585.890103,0.5514373779
train/clip_fraction,6651904,1786475590.373691,0.5479888916
train/clip_fraction,6684672,1786475594.851709,0.5551071167
train/clip_fraction,6717440,1786475599.330813,0.5521697998
train/clip_fraction,6750208,1786475603.802302,0.5555877686
train/clip_fraction,6782976,1786475608.276027,0.5561294556
train/clip_fraction,6815744,1786475612.740007,0.5556640625
train/clip_fraction,6848512,1786475617.211187,0.5555419922
train/clip_fraction,6881280,1786475621.683971,0.5507736206
train/clip_fraction,6914048,1786475626.168070,0.5505752563
train/clip_fraction,6946816,1786475630.624593,0.5524597168
train/clip_fraction,6979584,1786475635.088975,0.5478515625
train/clip_fraction,7012352,1786475639.567152,0.5596008301
train/clip_fraction,7045120,1786475644.044048,0.5562896729
train/clip_fraction,7077888,1786475648.505043,0.5554275513
train/clip_fraction,7110656,1786475652.966562,0.5577468872
train/clip_fraction,7143424,1786475657.428433,0.5545654297
train/clip_fraction,7176192,1786475661.895123,0.5558242798
train/clip_fraction,7208960,1786475666.353110,0.5571136475
train/clip_fraction,7241728,1786475670.818020,0.5581207275
train/clip_fraction,7274496,1786475675.308975,0.5578460693
train/clip_fraction,7307264,1786475679.776785,0.5656509399
train/clip_fraction,7340032,1786475684.256860,0.5645294189
train/clip_fraction,7372800,1786475688.732815,0.5657348633
train/clip_fraction,7405568,1786475693.204848,0.5634536743
train/clip_fraction,7438336,1786475697.673751,0.562461853
train/clip_fraction,7471104,1786475702.140494,0.5665588379
train/clip_fraction,7503872,1786475706.613749,0.5560913086
train/clip_fraction,7536640,1786475711.085747,0.5567779541
train/clip_fraction,7569408,1786475715.564949,0.5688781738
train/clip_fraction,7602176,1786475720.017661,0.5660018921
train/clip_fraction,7634944,1786475724.480182,0.570640564
train/clip_fraction,7667712,1786475728.950729,0.5665817261
train/clip_fraction,7700480,1786475733.416472,0.5665359497
train/clip_fraction,7733248,1786475737.893832,0.5671463013
train/clip_fraction,7766016,1786475742.359040,0.5631866455
train/clip_fraction,7798784,1786475746.819711,0.561706543
train/clip_fraction,7831552,1786475751.284295,0.5609970093
train/clip_fraction,7864320,1786475755.758073,0.5699920654
train/clip_fraction,7897088,1786475760.234249,0.5575866699
train/clip_fraction,7929856,1786475764.695973,0.5722351074
train/clip_fraction,7962624,1786475769.160115,0.5662612915
train/clip_fraction,7995392,1786475773.623210,0.5696868896
train/clip_fraction,8028160,1786475778.110350,0.5670852661
train/clip_range,65536,1786474689.697513,0.200000003
train/clip_range,98304,1786474694.208393,0.200000003
train/clip_range,131072,1786474698.725330,0.200000003
train/clip_range,163840,1786474703.254444,0.200000003
train/clip_range,196608,1786474707.782444,0.200000003
train/clip_range,229376,1786474712.293600,0.200000003
train/clip_range,262144,1786474716.807849,0.200000003
train/clip_range,294912,1786474721.319614,0.200000003
train/clip_range,327680,1786474725.822917,0.200000003
train/clip_range,360448,1786474730.318539,0.200000003
train/clip_range,393216,1786474734.829640,0.200000003
train/clip_range,425984,1786474739.360778,0.200000003
train/clip_range,458752,1786474743.874203,0.200000003
train/clip_range,491520,1786474748.392912,0.200000003
train/clip_range,524288,1786474752.892596,0.200000003
train/clip_range,557056,1786474757.398094,0.200000003
train/clip_range,589824,1786474761.900602,0.200000003
train/clip_range,622592,1786474766.405001,0.200000003
train/clip_range,655360,1786474770.914159,0.200000003
train/clip_range,688128,1786474775.423635,0.200000003
train/clip_range,720896,1786474779.921508,0.200000003
train/clip_range,753664,1786474784.418804,0.200000003
train/clip_range,786432,1786474788.910878,0.200000003
train/clip_range,819200,1786474793.405189,0.200000003
train/clip_range,851968,1786474797.896522,0.200000003
train/clip_range,884736,1786474802.391900,0.200000003
train/clip_range,917504,1786474806.890547,0.200000003
train/clip_range,950272,1786474811.386655,0.200000003
train/clip_range,983040,1786474815.883799,0.200000003
train/clip_range,1015808,1786474820.399923,0.200000003
train/clip_range,1048576,1786474824.898049,0.200000003
train/clip_range,1081344,1786474829.399076,0.200000003
train/clip_range,1114112,1786474833.910489,0.200000003
train/clip_range,1146880,1786474838.407528,0.200000003
train/clip_range,1179648,1786474842.896325,0.200000003
train/clip_range,1212416,1786474847.385689,0.200000003
train/clip_range,1245184,1786474851.868226,0.200000003
train/clip_range,1277952,1786474856.369047,0.200000003
train/clip_range,1310720,1786474860.878658,0.200000003
train/clip_range,1343488,1786474865.365974,0.200000003
train/clip_range,1376256,1786474869.859034,0.200000003
train/clip_range,1409024,1786474874.339707,0.200000003
train/clip_range,1441792,1786474878.838044,0.200000003
train/clip_range,1474560,1786474883.312798,0.200000003
train/clip_range,1507328,1786474887.795874,0.200000003
train/clip_range,1540096,1786474892.276880,0.200000003
train/clip_range,1572864,1786474896.766327,0.200000003
train/clip_range,1605632,1786474901.257312,0.200000003
train/clip_range,1638400,1786474905.735516,0.200000003
train/clip_range,1671168,1786474910.220984,0.200000003
train/clip_range,1703936,1786474914.705788,0.200000003
train/clip_range,1736704,1786474919.197391,0.200000003
train/clip_range,1769472,1786474923.697682,0.200000003
train/clip_range,1802240,1786474928.191490,0.200000003
train/clip_range,1835008,1786474932.676205,0.200000003
train/clip_range,1867776,1786474937.159777,0.200000003
train/clip_range,1900544,1786474941.644925,0.200000003
train/clip_range,1933312,1786474946.125698,0.200000003
train/clip_range,1966080,1786474950.613545,0.200000003
train/clip_range,1998848,1786474955.101226,0.200000003
train/clip_range,2031616,1786474959.602546,0.200000003
train/clip_range,2064384,1786474964.097060,0.200000003
train/clip_range,2097152,1786474968.576716,0.200000003
train/clip_range,2129920,1786474973.050752,0.200000003
train/clip_range,2162688,1786474977.534517,0.200000003
train/clip_range,2195456,1786474982.007601,0.200000003
train/clip_range,2228224,1786474986.495384,0.200000003
train/clip_range,2260992,1786474990.974619,0.200000003
train/clip_range,2293760,1786474995.445110,0.200000003
train/clip_range,2326528,1786474999.912297,0.200000003
train/clip_range,2359296,1786475004.383148,0.200000003
train/clip_range,2392064,1786475008.858672,0.200000003
train/clip_range,2424832,1786475013.334843,0.200000003
train/clip_range,2457600,1786475017.822080,0.200000003
train/clip_range,2490368,1786475022.308621,0.200000003
train/clip_range,2523136,1786475026.789738,0.200000003
train/clip_range,2555904,1786475031.268473,0.200000003
train/clip_range,2588672,1786475035.754392,0.200000003
train/clip_range,2621440,1786475040.231525,0.200000003
train/clip_range,2654208,1786475044.720055,0.200000003
train/clip_range,2686976,1786475049.202697,0.200000003
train/clip_range,2719744,1786475053.673613,0.200000003
train/clip_range,2752512,1786475058.184089,0.200000003
train/clip_range,2785280,1786475062.657668,0.200000003
train/clip_range,2818048,1786475067.129654,0.200000003
train/clip_range,2850816,1786475071.596829,0.200000003
train/clip_range,2883584,1786475076.081810,0.200000003
train/clip_range,2916352,1786475080.547616,0.200000003
train/clip_range,2949120,1786475085.009446,0.200000003
train/clip_range,2981888,1786475089.479922,0.200000003
train/clip_range,3014656,1786475093.952415,0.200000003
train/clip_range,3047424,1786475098.425477,0.200000003
train/clip_range,3080192,1786475102.898364,0.200000003
train/clip_range,3112960,1786475107.382379,0.200000003
train/clip_range,3145728,1786475111.858359,0.200000003
train/clip_range,3178496,1786475116.360726,0.200000003
train/clip_range,3211264,1786475120.895621,0.200000003
train/clip_range,3244032,1786475125.373564,0.200000003
train/clip_range,3276800,1786475129.851554,0.200000003
train/clip_range,3309568,1786475134.339119,0.200000003
train/clip_range,3342336,1786475138.815283,0.200000003
train/clip_range,3375104,1786475143.307260,0.200000003
train/clip_range,3407872,1786475147.758310,0.200000003
train/clip_range,3440640,1786475152.223743,0.200000003
train/clip_range,3473408,1786475156.699302,0.200000003
train/clip_range,3506176,1786475161.170030,0.200000003
train/clip_range,3538944,1786475165.638529,0.200000003
train/clip_range,3571712,1786475170.111118,0.200000003
train/clip_range,3604480,1786475174.588734,0.200000003
train/clip_range,3637248,1786475179.079091,0.200000003
train/clip_range,3670016,1786475183.581457,0.200000003
train/clip_range,3702784,1786475188.056602,0.200000003
train/clip_range,3735552,1786475192.520296,0.200000003
train/clip_range,3768320,1786475196.986599,0.200000003
train/clip_range,3801088,1786475201.453478,0.200000003
train/clip_range,3833856,1786475205.921171,0.200000003
train/clip_range,3866624,1786475210.394719,0.200000003
train/clip_range,3899392,1786475214.871742,0.200000003
train/clip_range,3932160,1786475219.355108,0.200000003
train/clip_range,3964928,1786475223.818642,0.200000003
train/clip_range,3997696,1786475228.303207,0.200000003
train/clip_range,4030464,1786475232.769055,0.200000003
train/clip_range,4063232,1786475237.227779,0.200000003
train/clip_range,4096000,1786475241.693968,0.200000003
train/clip_range,4128768,1786475246.172774,0.200000003
train/clip_range,4161536,1786475250.630116,0.200000003
train/clip_range,4194304,1786475255.106495,0.200000003
train/clip_range,4227072,1786475259.577458,0.200000003
train/clip_range,4259840,1786475264.049453,0.200000003
train/clip_range,4292608,1786475268.512639,0.200000003
train/clip_range,4325376,1786475272.967817,0.200000003
train/clip_range,4358144,1786475277.436029,0.200000003
train/clip_range,4390912,1786475281.902444,0.200000003
train/clip_range,4423680,1786475286.380594,0.200000003
train/clip_range,4456448,1786475290.848891,0.200000003
train/clip_range,4489216,1786475295.313406,0.200000003
train/clip_range,4521984,1786475299.776484,0.200000003
train/clip_range,4554752,1786475304.238348,0.200000003
train/clip_range,4587520,1786475308.749852,0.200000003
train/clip_range,4620288,1786475313.227172,0.200000003
train/clip_range,4653056,1786475317.706663,0.200000003
train/clip_range,4685824,1786475322.170466,0.200000003
train/clip_range,4718592,1786475326.630757,0.200000003
train/clip_range,4751360,1786475331.093277,0.200000003
train/clip_range,4784128,1786475335.551587,0.200000003
train/clip_range,4816896,1786475340.020961,0.200000003
train/clip_range,4849664,1786475344.484984,0.200000003
train/clip_range,4882432,1786475348.948909,0.200000003
train/clip_range,4915200,1786475353.401882,0.200000003
train/clip_range,4947968,1786475357.876295,0.200000003
train/clip_range,4980736,1786475362.331772,0.200000003
train/clip_range,5013504,1786475366.802044,0.200000003
train/clip_range,5046272,1786475371.276315,0.200000003
train/clip_range,5079040,1786475375.734313,0.200000003
train/clip_range,5111808,1786475380.198819,0.200000003
train/clip_range,5144576,1786475384.663032,0.200000003
train/clip_range,5177344,1786475389.124920,0.200000003
train/clip_range,5210112,1786475393.585489,0.200000003
train/clip_range,5242880,1786475398.039612,0.200000003
train/clip_range,5275648,1786475402.519858,0.200000003
train/clip_range,5308416,1786475406.995817,0.200000003
train/clip_range,5341184,1786475411.474814,0.200000003
train/clip_range,5373952,1786475415.953481,0.200000003
train/clip_range,5406720,1786475420.429205,0.200000003
train/clip_range,5439488,1786475424.896881,0.200000003
train/clip_range,5472256,1786475429.361036,0.200000003
train/clip_range,5505024,1786475433.824361,0.200000003
train/clip_range,5537792,1786475438.297343,0.200000003
train/clip_range,5570560,1786475442.756033,0.200000003
train/clip_range,5603328,1786475447.219849,0.200000003
train/clip_range,5636096,1786475451.684014,0.200000003
train/clip_range,5668864,1786475456.146465,0.200000003
train/clip_range,5701632,1786475460.630827,0.200000003
train/clip_range,5734400,1786475465.084155,0.200000003
train/clip_range,5767168,1786475469.552167,0.200000003
train/clip_range,5799936,1786475474.014831,0.200000003
train/clip_range,5832704,1786475478.489962,0.200000003
train/clip_range,5865472,1786475482.945018,0.200000003
train/clip_range,5898240,1786475487.414501,0.200000003
train/clip_range,5931008,1786475491.890527,0.200000003
train/clip_range,5963776,1786475496.369040,0.200000003
train/clip_range,5996544,1786475500.824349,0.200000003
train/clip_range,6029312,1786475505.294182,0.200000003
train/clip_range,6062080,1786475509.762141,0.200000003
train/clip_range,6094848,1786475514.230445,0.200000003
train/clip_range,6127616,1786475518.709722,0.200000003
train/clip_range,6160384,1786475523.217499,0.200000003
train/clip_range,6193152,1786475527.689418,0.200000003
train/clip_range,6225920,1786475532.162909,0.200000003
train/clip_range,6258688,1786475536.619258,0.200000003
train/clip_range,6291456,1786475541.093727,0.200000003
train/clip_range,6324224,1786475545.566800,0.200000003
train/clip_range,6356992,1786475550.060685,0.200000003
train/clip_range,6389760,1786475554.533707,0.200000003
train/clip_range,6422528,1786475559.040401,0.200000003
train/clip_range,6455296,1786475563.511872,0.200000003
train/clip_range,6488064,1786475567.981056,0.200000003
train/clip_range,6520832,1786475572.451826,0.200000003
train/clip_range,6553600,1786475576.924227,0.200000003
train/clip_range,6586368,1786475581.399613,0.200000003
train/clip_range,6619136,1786475585.890107,0.200000003
train/clip_range,6651904,1786475590.373695,0.200000003
train/clip_range,6684672,1786475594.851713,0.200000003
train/clip_range,6717440,1786475599.330817,0.200000003
train/clip_range,6750208,1786475603.802305,0.200000003
train/clip_range,6782976,1786475608.276030,0.200000003
train/clip_range,6815744,1786475612.740010,0.200000003
train/clip_range,6848512,1786475617.211190,0.200000003
train/clip_range,6881280,1786475621.683974,0.200000003
train/clip_range,6914048,1786475626.168074,0.200000003
train/clip_range,6946816,1786475630.624596,0.200000003
train/clip_range,6979584,1786475635.088979,0.200000003
train/clip_range,7012352,1786475639.567156,0.200000003
train/clip_range,7045120,1786475644.044051,0.200000003
train/clip_range,7077888,1786475648.505047,0.200000003
train/clip_range,7110656,1786475652.966566,0.200000003
train/clip_range,7143424,1786475657.428436,0.200000003
train/clip_range,7176192,1786475661.895127,0.200000003
train/clip_range,7208960,1786475666.353114,0.200000003
train/clip_range,7241728,1786475670.818024,0.200000003
train/clip_range,7274496,1786475675.308979,0.200000003
train/clip_range,7307264,1786475679.776788,0.200000003
train/clip_range,7340032,1786475684.256864,0.200000003
train/clip_range,7372800,1786475688.732819,0.200000003
train/clip_range,7405568,1786475693.204852,0.200000003
train/clip_range,7438336,1786475697.673755,0.200000003
train/clip_range,7471104,1786475702.140498,0.200000003
train/clip_range,7503872,1786475706.613752,0.200000003
train/clip_range,7536640,1786475711.085751,0.200000003
train/clip_range,7569408,1786475715.564953,0.200000003
train/clip_range,7602176,1786475720.017664,0.200000003
train/clip_range,7634944,1786475724.480186,0.200000003
train/clip_range,7667712,1786475728.950733,0.200000003
train/clip_range,7700480,1786475733.416476,0.200000003
train/clip_range,7733248,1786475737.893835,0.200000003
train/clip_range,7766016,1786475742.359044,0.200000003
train/clip_range,7798784,1786475746.819715,0.200000003
train/clip_range,7831552,1786475751.284299,0.200000003
train/clip_range,7864320,1786475755.758076,0.200000003
train/clip_range,7897088,1786475760.234253,0.200000003
train/clip_range,7929856,1786475764.695976,0.200000003
train/clip_range,7962624,1786475769.160123,0.200000003
train/clip_range,7995392,1786475773.623213,0.200000003
train/clip_range,8028160,1786475778.110354,0.200000003
train/ent_coef,32768,1786474685.163923,0.0004947200068
train/ent_coef,65536,1786474689.697516,0.001993855927
train/ent_coef,98304,1786474694.208396,0.001987711992
train/ent_coef,131072,1786474698.725334,0.001981568057
train/ent_coef,163840,1786474703.254447,0.001975423889
train/ent_coef,196608,1786474707.782448,0.001969279954
train/ent_coef,229376,1786474712.293603,0.001963136019
train/ent_coef,262144,1786474716.807853,0.001956992084
train/ent_coef,294912,1786474721.319618,0.001950848033
train/ent_coef,327680,1786474725.822921,0.001944703981
train/ent_coef,360448,1786474730.318543,0.001938560046
train/ent_coef,393216,1786474734.829644,0.001932415995
train/ent_coef,425984,1786474739.360781,0.001926271943
train/ent_coef,458752,1786474743.874207,0.001920128008
train/ent_coef,491520,1786474748.392916,0.001913983957
train/ent_coef,524288,1786474752.892600,0.001907840022
train/ent_coef,557056,1786474757.398098,0.00190169597
train/ent_coef,589824,1786474761.900605,0.001895552035
train/ent_coef,622592,1786474766.405005,0.001889407984
train/ent_coef,655360,1786474770.914162,0.001883264049
train/ent_coef,688128,1786474775.423639,0.001877119998
train/ent_coef,720896,1786474779.921511,0.001870975946
train/ent_coef,753664,1786474784.418808,0.001864832011
train/ent_coef,786432,1786474788.910881,0.00185868796
train/ent_coef,819200,1786474793.405192,0.001852544025
train/ent_coef,851968,1786474797.896526,0.001846399973
train/ent_coef,884736,1786474802.391904,0.001840256038
train/ent_coef,917504,1786474806.890550,0.001834111987
train/ent_coef,950272,1786474811.386659,0.001827968052
train/ent_coef,983040,1786474815.883802,0.001821824
train/ent_coef,1015808,1786474820.399927,0.001815679949
train/ent_coef,1048576,1786474824.898052,0.001809536014
train/ent_coef,1081344,1786474829.399079,0.001803391962
train/ent_coef,1114112,1786474833.910492,0.001797248027
train/ent_coef,1146880,1786474838.407531,0.001791103976
train/ent_coef,1179648,1786474842.896329,0.001784960041
train/ent_coef,1212416,1786474847.385693,0.001778815989
train/ent_coef,1245184,1786474851.868229,0.001772672054
train/ent_coef,1277952,1786474856.369050,0.001766528003
train/ent_coef,1310720,1786474860.878661,0.001760383951
train/ent_coef,1343488,1786474865.365978,0.001754240016
train/ent_coef,1376256,1786474869.859038,0.001748095965
train/ent_coef,1409024,1786474874.339710,0.00174195203
train/ent_coef,1441792,1786474878.838048,0.001735807979
train/ent_coef,1474560,1786474883.312802,0.001729664044
train/ent_coef,1507328,1786474887.795878,0.001723519992
train/ent_coef,1540096,1786474892.276884,0.001717376057
train/ent_coef,1572864,1786474896.766331,0.001711232006
train/ent_coef,1605632,1786474901.257316,0.001705087954
train/ent_coef,1638400,1786474905.735519,0.001698944019
train/ent_coef,1671168,1786474910.220987,0.001692799968
train/ent_coef,1703936,1786474914.705792,0.001686656033
train/ent_coef,1736704,1786474919.197394,0.001680511981
train/ent_coef,1769472,1786474923.697685,0.001674368046
train/ent_coef,1802240,1786474928.191493,0.001668223995
train/ent_coef,1835008,1786474932.676209,0.001662079943
train/ent_coef,1867776,1786474937.159781,0.001655936008
train/ent_coef,1900544,1786474941.644928,0.001649791957
train/ent_coef,1933312,1786474946.125701,0.001643648022
train/ent_coef,1966080,1786474950.613549,0.00163750397
train/ent_coef,1998848,1786474955.101229,0.001631360035
train/ent_coef,2031616,1786474959.602550,0.001625215984
train/ent_coef,2064384,1786474964.097064,0.001619072049
train/ent_coef,2097152,1786474968.576720,0.001612927997
train/ent_coef,2129920,1786474973.050756,0.001606783946
train/ent_coef,2162688,1786474977.534521,0.001600640011
train/ent_coef,2195456,1786474982.007604,0.00159449596
train/ent_coef,2228224,1786474986.495388,0.001588352025
train/ent_coef,2260992,1786474990.974622,0.001582207973
train/ent_coef,2293760,1786474995.445114,0.001576064038
train/ent_coef,2326528,1786474999.912300,0.001569919987
train/ent_coef,2359296,1786475004.383151,0.001563776052
train/ent_coef,2392064,1786475008.858676,0.001557632
train/ent_coef,2424832,1786475013.334846,0.001551487949
train/ent_coef,2457600,1786475017.822084,0.001545344014
train/ent_coef,2490368,1786475022.308625,0.001539199962
train/ent_coef,2523136,1786475026.789742,0.001533056027
train/ent_coef,2555904,1786475031.268476,0.001526911976
train/ent_coef,2588672,1786475035.754396,0.001520768041
train/ent_coef,2621440,1786475040.231529,0.001514623989
train/ent_coef,2654208,1786475044.720059,0.001508480054
train/ent_coef,2686976,1786475049.202701,0.001502336003
train/ent_coef,2719744,1786475053.673617,0.001496191951
train/ent_coef,2752512,1786475058.184093,0.001490048016
train/ent_coef,2785280,1786475062.657673,0.001483903965
train/ent_coef,2818048,1786475067.129658,0.00147776003
train/ent_coef,2850816,1786475071.596833,0.001471615979
train/ent_coef,2883584,1786475076.081813,0.001465472043
train/ent_coef,2916352,1786475080.547619,0.001459327992
train/ent_coef,2949120,1786475085.009449,0.001453184057
train/ent_coef,2981888,1786475089.479926,0.001447040006
train/ent_coef,3014656,1786475093.952418,0.001440895954
train/ent_coef,3047424,1786475098.425480,0.001434752019
train/ent_coef,3080192,1786475102.898367,0.001428607968
train/ent_coef,3112960,1786475107.382383,0.001422464033
train/ent_coef,3145728,1786475111.858363,0.001416319981
train/ent_coef,3178496,1786475116.360730,0.001410176046
train/ent_coef,3211264,1786475120.895625,0.001404031995
train/ent_coef,3244032,1786475125.373568,0.001397887943
train/ent_coef,3276800,1786475129.851558,0.001391744008
train/ent_coef,3309568,1786475134.339123,0.001385599957
train/ent_coef,3342336,1786475138.815286,0.001379456022
train/ent_coef,3375104,1786475143.307264,0.00137331197
train/ent_coef,3407872,1786475147.758314,0.001367168035
train/ent_coef,3440640,1786475152.223746,0.001361023984
train/ent_coef,3473408,1786475156.699305,0.001354880049
train/ent_coef,3506176,1786475161.170034,0.001348735997
train/ent_coef,3538944,1786475165.638533,0.001342591946
train/ent_coef,3571712,1786475170.111121,0.001336448011
train/ent_coef,3604480,1786475174.588738,0.00133030396
train/ent_coef,3637248,1786475179.079095,0.001324160025
train/ent_coef,3670016,1786475183.581461,0.001318015973
train/ent_coef,3702784,1786475188.056606,0.001311872038
train/ent_coef,3735552,1786475192.520300,0.001305727987
train/ent_coef,3768320,1786475196.986602,0.001299584052
train/ent_coef,3801088,1786475201.453481,0.00129344
train/ent_coef,3833856,1786475205.921175,0.001287295949
train/ent_coef,3866624,1786475210.394722,0.001281152014
train/ent_coef,3899392,1786475214.871746,0.001275007962
train/ent_coef,3932160,1786475219.355111,0.001268864027
train/ent_coef,3964928,1786475223.818645,0.001262719976
train/ent_coef,3997696,1786475228.303211,0.001256576041
train/ent_coef,4030464,1786475232.769058,0.001250431989
train/ent_coef,4063232,1786475237.227782,0.001244288054
train/ent_coef,4096000,1786475241.693971,0.001238144003
train/ent_coef,4128768,1786475246.172777,0.001231999951
train/ent_coef,4161536,1786475250.630120,0.001225856016
train/ent_coef,4194304,1786475255.106498,0.001219711965
train/ent_coef,4227072,1786475259.577461,0.00121356803
train/ent_coef,4259840,1786475264.049456,0.001207423978
train/ent_coef,4292608,1786475268.512642,0.001201280043
train/ent_coef,4325376,1786475272.967821,0.001195135992
train/ent_coef,4358144,1786475277.436032,0.001188992057
train/ent_coef,4390912,1786475281.902447,0.001182848006
train/ent_coef,4423680,1786475286.380597,0.001176703954
train/ent_coef,4456448,1786475290.848894,0.001170560019
train/ent_coef,4489216,1786475295.313409,0.001164415968
train/ent_coef,4521984,1786475299.776488,0.001158272033
train/ent_coef,4554752,1786475304.238351,0.001152127981
train/ent_coef,4587520,1786475308.749856,0.001145984046
train/ent_coef,4620288,1786475313.227176,0.001139839995
train/ent_coef,4653056,1786475317.706666,0.001133695943
train/ent_coef,4685824,1786475322.170469,0.001127552008
train/ent_coef,4718592,1786475326.630760,0.001121407957
train/ent_coef,4751360,1786475331.093280,0.001115264022
train/ent_coef,4784128,1786475335.551590,0.00110911997
train/ent_coef,4816896,1786475340.020964,0.001102976035
train/ent_coef,4849664,1786475344.484988,0.001096831984
train/ent_coef,4882432,1786475348.948912,0.001090688049
train/ent_coef,4915200,1786475353.401885,0.001084543997
train/ent_coef,4947968,1786475357.876298,0.001078399946
train/ent_coef,4980736,1786475362.331776,0.001072256011
train/ent_coef,5013504,1786475366.802047,0.00106611196
train/ent_coef,5046272,1786475371.276318,0.001059968024
train/ent_coef,5079040,1786475375.734316,0.001053823973
train/ent_coef,5111808,1786475380.198822,0.001047680038
train/ent_coef,5144576,1786475384.663036,0.001041535987
train/ent_coef,5177344,1786475389.124923,0.001035392052
train/ent_coef,5210112,1786475393.585493,0.001029248
train/ent_coef,5242880,1786475398.039615,0.001023103949
train/ent_coef,5275648,1786475402.519861,0.001016960014
train/ent_coef,5308416,1786475406.995820,0.001010815962
train/ent_coef,5341184,1786475411.474818,0.001004672027
train/ent_coef,5373952,1786475415.953484,0.0009985279758
train/ent_coef,5406720,1786475420.429208,0.0009923840407
train/ent_coef,5439488,1786475424.896885,0.0009862399893
train/ent_coef,5472256,1786475429.361039,0.0009800960543
train/ent_coef,5505024,1786475433.824365,0.0009739520028
train/ent_coef,5537792,1786475438.297346,0.0009678080096
train/ent_coef,5570560,1786475442.756036,0.0009616640164
train/ent_coef,5603328,1786475447.219852,0.0009555200231
train/ent_coef,5636096,1786475451.684018,0.0009493759717
train/ent_coef,5668864,1786475456.146468,0.0009432319785
train/ent_coef,5701632,1786475460.630831,0.0009370879852
train/ent_coef,5734400,1786475465.084159,0.000930943992
train/ent_coef,5767168,1786475469.552170,0.0009247999988
train/ent_coef,5799936,1786475474.014834,0.0009186560055
train/ent_coef,5832704,1786475478.489966,0.0009125120123
train/ent_coef,5865472,1786475482.945022,0.0009063680191
train/ent_coef,5898240,1786475487.414504,0.0009002240258
train/ent_coef,5931008,1786475491.890531,0.0008940799744
train/ent_coef,5963776,1786475496.369044,0.0008879359812
train/ent_coef,5996544,1786475500.824352,0.0008817919879
train/ent_coef,6029312,1786475505.294185,0.0008756479947
train/ent_coef,6062080,1786475509.762145,0.0008695040015
train/ent_coef,6094848,1786475514.230449,0.0008633600082
train/ent_coef,6127616,1786475518.709725,0.000857216015
train/ent_coef,6160384,1786475523.217502,0.0008510720218
train/ent_coef,6193152,1786475527.689421,0.0008449280285
train/ent_coef,6225920,1786475532.162912,0.0008387839771
train/ent_coef,6258688,1786475536.619261,0.0008326399839
train/ent_coef,6291456,1786475541.093731,0.0008264959906
train/ent_coef,6324224,1786475545.566803,0.0008203519974
train/ent_coef,6356992,1786475550.060689,0.0008142080042
train/ent_coef,6389760,1786475554.533711,0.0008080640109
train/ent_coef,6422528,1786475559.040404,0.0008019200177
train/ent_coef,6455296,1786475563.511875,0.0007957760245
train/ent_coef,6488064,1786475567.981060,0.000789631973
train/ent_coef,6520832,1786475572.451829,0.0007834879798
train/ent_coef,6553600,1786475576.924230,0.0007773439866
train/ent_coef,6586368,1786475581.399617,0.0007711999933
train/ent_coef,6619136,1786475585.890111,0.0007650560001
train/ent_coef,6651904,1786475590.373698,0.0007589120069
train/ent_coef,6684672,1786475594.851716,0.0007527680136
train/ent_coef,6717440,1786475599.330820,0.0007466240204
train/ent_coef,6750208,1786475603.802309,0.0007404800272
train/ent_coef,6782976,1786475608.276034,0.0007343359757
train/ent_coef,6815744,1786475612.740013,0.0007281919825
train/ent_coef,6848512,1786475617.211194,0.0007220479893
train/ent_coef,6881280,1786475621.683978,0.000715903996
train/ent_coef,6914048,1786475626.168077,0.0007097600028
train/ent_coef,6946816,1786475630.624600,0.0007036160096
train/ent_coef,6979584,1786475635.088982,0.0006974720163
train/ent_coef,7012352,1786475639.567159,0.0006913280231
train/ent_coef,7045120,1786475644.044055,0.0006851839717
train/ent_coef,7077888,1786475648.505050,0.0006790399784
train/ent_coef,7110656,1786475652.966570,0.0006728959852
train/ent_coef,7143424,1786475657.428440,0.000666751992
train/ent_coef,7176192,1786475661.895130,0.0006606079987
train/ent_coef,7208960,1786475666.353118,0.0006544640055
train/ent_coef,7241728,1786475670.818027,0.0006483200123
train/ent_coef,7274496,1786475675.308982,0.000642176019
train/ent_coef,7307264,1786475679.776792,0.0006360320258
train/ent_coef,7340032,1786475684.256868,0.0006298879744
train/ent_coef,7372800,1786475688.732823,0.0006237439811
train/ent_coef,7405568,1786475693.204856,0.0006175999879
train/ent_coef,7438336,1786475697.673758,0.0006114559947
train/ent_coef,7471104,1786475702.140501,0.0006053120014
train/ent_coef,7503872,1786475706.613756,0.0005991680082
train/ent_coef,7536640,1786475711.085754,0.000593024015
train/ent_coef,7569408,1786475715.564956,0.0005868800217
train/ent_coef,7602176,1786475720.017668,0.0005807360285
train/ent_coef,7634944,1786475724.480190,0.0005745919771
train/ent_coef,7667712,1786475728.950736,0.0005684479838
train/ent_coef,7700480,1786475733.416480,0.0005623039906
train/ent_coef,7733248,1786475737.893839,0.0005561599974
train/ent_coef,7766016,1786475742.359047,0.0005500160041
train/ent_coef,7798784,1786475746.819718,0.0005438720109
train/ent_coef,7831552,1786475751.284303,0.0005377280177
train/ent_coef,7864320,1786475755.758080,0.0005315840244
train/ent_coef,7897088,1786475760.234256,0.000525439973
train/ent_coef,7929856,1786475764.695980,0.0005192959798
train/ent_coef,7962624,1786475769.160127,0.0005131519865
train/ent_coef,7995392,1786475773.623217,0.0005070079933
train/ent_coef,8028160,1786475778.110357,0.0005008640001
train/entropy_loss,65536,1786474689.697520,-22.14022636
train/entropy_loss,98304,1786474694.208400,-22.10499382
train/entropy_loss,131072,1786474698.725337,-22.06538773
train/entropy_loss,163840,1786474703.254451,-22.03434372
train/entropy_loss,196608,1786474707.782451,-21.98393822
train/entropy_loss,229376,1786474712.293607,-21.94107246
train/entropy_loss,262144,1786474716.807856,-21.88456345
train/entropy_loss,294912,1786474721.319621,-21.83853912
train/entropy_loss,327680,1786474725.822924,-21.78678131
train/entropy_loss,360448,1786474730.318546,-21.74408531
train/entropy_loss,393216,1786474734.829648,-21.70570183
train/entropy_loss,425984,1786474739.360785,-21.66866684
train/entropy_loss,458752,1786474743.874210,-21.62626457
train/entropy_loss,491520,1786474748.392919,-21.59941292
train/entropy_loss,524288,1786474752.892603,-21.55627251
train/entropy_loss,557056,1786474757.398101,-21.51515198
train/entropy_loss,589824,1786474761.900609,-21.48577881
train/entropy_loss,622592,1786474766.405009,-21.44650459
train/entropy_loss,655360,1786474770.914166,-21.40197182
train/entropy_loss,688128,1786474775.423642,-21.35701752
train/entropy_loss,720896,1786474779.921514,-21.31336403
train/entropy_loss,753664,1786474784.418811,-21.26211929
train/entropy_loss,786432,1786474788.910885,-21.22278595
train/entropy_loss,819200,1786474793.405196,-21.18147278
train/entropy_loss,851968,1786474797.896529,-21.13310242
train/entropy_loss,884736,1786474802.391907,-21.09593582
train/entropy_loss,917504,1786474806.890554,-21.04915047
train/entropy_loss,950272,1786474811.386662,-21.01074982
train/entropy_loss,983040,1786474815.883805,-20.97459602
train/entropy_loss,1015808,1786474820.399930,-20.93506432
train/entropy_loss,1048576,1786474824.898056,-20.89103889
train/entropy_loss,1081344,1786474829.399082,-20.84896278
train/entropy_loss,1114112,1786474833.910496,-20.80850792
train/entropy_loss,1146880,1786474838.407535,-20.78248405
train/entropy_loss,1179648,1786474842.896332,-20.74607277
train/entropy_loss,1212416,1786474847.385696,-20.69071388
train/entropy_loss,1245184,1786474851.868233,-20.64806747
train/entropy_loss,1277952,1786474856.369054,-20.61790276
train/entropy_loss,1310720,1786474860.878665,-20.5769558
train/entropy_loss,1343488,1786474865.365981,-20.54887772
train/entropy_loss,1376256,1786474869.859041,-20.49395752
train/entropy_loss,1409024,1786474874.339714,-20.45831871
train/entropy_loss,1441792,1786474878.838051,-20.42698479
train/entropy_loss,1474560,1786474883.312805,-20.4048214
train/entropy_loss,1507328,1786474887.795881,-20.36489868
train/entropy_loss,1540096,1786474892.276887,-20.32382965
train/entropy_loss,1572864,1786474896.766334,-20.3002243
train/entropy_loss,1605632,1786474901.257319,-20.24537849
train/entropy_loss,1638400,1786474905.735522,-20.22799492
train/entropy_loss,1671168,1786474910.220991,-20.19415855
train/entropy_loss,1703936,1786474914.705795,-20.1518898
train/entropy_loss,1736704,1786474919.197398,-20.10485268
train/entropy_loss,1769472,1786474923.697689,-20.07076263
train/entropy_loss,1802240,1786474928.191502,-20.0418663
train/entropy_loss,1835008,1786474932.676213,-20.01107597
train/entropy_loss,1867776,1786474937.159784,-19.96716118
train/entropy_loss,1900544,1786474941.644932,-19.93492508
train/entropy_loss,1933312,1786474946.125705,-19.90049553
train/entropy_loss,1966080,1786474950.613552,-19.85909271
train/entropy_loss,1998848,1786474955.101233,-19.82869148
train/entropy_loss,2031616,1786474959.602553,-19.79924011
train/entropy_loss,2064384,1786474964.097067,-19.76961899
train/entropy_loss,2097152,1786474968.576723,-19.75196457
train/entropy_loss,2129920,1786474973.050759,-19.73249054
train/entropy_loss,2162688,1786474977.534524,-19.6999855
train/entropy_loss,2195456,1786474982.007608,-19.67651558
train/entropy_loss,2228224,1786474986.495391,-19.63974762
train/entropy_loss,2260992,1786474990.974625,-19.60364342
train/entropy_loss,2293760,1786474995.445117,-19.56648827
train/entropy_loss,2326528,1786474999.912304,-19.53255463
train/entropy_loss,2359296,1786475004.383155,-19.48726654
train/entropy_loss,2392064,1786475008.858679,-19.44177818
train/entropy_loss,2424832,1786475013.334850,-19.40117264
train/entropy_loss,2457600,1786475017.822087,-19.36125755
train/entropy_loss,2490368,1786475022.308628,-19.31493568
train/entropy_loss,2523136,1786475026.789745,-19.28019524
train/entropy_loss,2555904,1786475031.268479,-19.25559425
train/entropy_loss,2588672,1786475035.754400,-19.21350479
train/entropy_loss,2621440,1786475040.231532,-19.17927742
train/entropy_loss,2654208,1786475044.720062,-19.16542816
train/entropy_loss,2686976,1786475049.202704,-19.13853073
train/entropy_loss,2719744,1786475053.673620,-19.0963459
train/entropy_loss,2752512,1786475058.184096,-19.05703354
train/entropy_loss,2785280,1786475062.657677,-19.00836945
train/entropy_loss,2818048,1786475067.129661,-18.97818756
train/entropy_loss,2850816,1786475071.596836,-18.94809914
train/entropy_loss,2883584,1786475076.081817,-18.92476654
train/entropy_loss,2916352,1786475080.547622,-18.89541626
train/entropy_loss,2949120,1786475085.009453,-18.85038567
train/entropy_loss,2981888,1786475089.479929,-18.83255386
train/entropy_loss,3014656,1786475093.952421,-18.81653404
train/entropy_loss,3047424,1786475098.425483,-18.78738594
train/entropy_loss,3080192,1786475102.898371,-18.75607109
train/entropy_loss,3112960,1786475107.382387,-18.7057972
train/entropy_loss,3145728,1786475111.858366,-18.66015625
train/entropy_loss,3178496,1786475116.360733,-18.63913345
train/entropy_loss,3211264,1786475120.895628,-18.62392426
train/entropy_loss,3244032,1786475125.373571,-18.61699867
train/entropy_loss,3276800,1786475129.851562,-18.58133316
train/entropy_loss,3309568,1786475134.339126,-18.55763054
train/entropy_loss,3342336,1786475138.815289,-18.51945686
train/entropy_loss,3375104,1786475143.307267,-18.51509857
train/entropy_loss,3407872,1786475147.758318,-18.47592545
train/entropy_loss,3440640,1786475152.223749,-18.43631744
train/entropy_loss,3473408,1786475156.699309,-18.40383148
train/entropy_loss,3506176,1786475161.170037,-18.36385155
train/entropy_loss,3538944,1786475165.638537,-18.33586693
train/entropy_loss,3571712,1786475170.111125,-18.30911446
train/entropy_loss,3604480,1786475174.588741,-18.28681374
train/entropy_loss,3637248,1786475179.079098,-18.26498032
train/entropy_loss,3670016,1786475183.581464,-18.2282486
train/entropy_loss,3702784,1786475188.056609,-18.18762207
train/entropy_loss,3735552,1786475192.520303,-18.16346741
train/entropy_loss,3768320,1786475196.986605,-18.12872124
train/entropy_loss,3801088,1786475201.453485,-18.10872841
train/entropy_loss,3833856,1786475205.921178,-18.08404732
train/entropy_loss,3866624,1786475210.394726,-18.07715607
train/entropy_loss,3899392,1786475214.871749,-18.05283737
train/entropy_loss,3932160,1786475219.355115,-18.02591896
train/entropy_loss,3964928,1786475223.818649,-17.9920578
train/entropy_loss,3997696,1786475228.303214,-17.9621067
train/entropy_loss,4030464,1786475232.769062,-17.91372681
train/entropy_loss,4063232,1786475237.227785,-17.87530708
train/entropy_loss,4096000,1786475241.693975,-17.83776474
train/entropy_loss,4128768,1786475246.172780,-17.81480789
train/entropy_loss,4161536,1786475250.630123,-17.76368523
train/entropy_loss,4194304,1786475255.106502,-17.74418831
train/entropy_loss,4227072,1786475259.577465,-17.7247982
train/entropy_loss,4259840,1786475264.049460,-17.69643974
train/entropy_loss,4292608,1786475268.512646,-17.67100143
train/entropy_loss,4325376,1786475272.967824,-17.64636803
train/entropy_loss,4358144,1786475277.436036,-17.61340141
train/entropy_loss,4390912,1786475281.902451,-17.57014465
train/entropy_loss,4423680,1786475286.380601,-17.53633118
train/entropy_loss,4456448,1786475290.848898,-17.50805283
train/entropy_loss,4489216,1786475295.313413,-17.47326279
train/entropy_loss,4521984,1786475299.776491,-17.46307373
train/entropy_loss,4554752,1786475304.238355,-17.44357109
train/entropy_loss,4587520,1786475308.749859,-17.40956879
train/entropy_loss,4620288,1786475313.227179,-17.37851143
train/entropy_loss,4653056,1786475317.706670,-17.35135841
train/entropy_loss,4685824,1786475322.170473,-17.30470657
train/entropy_loss,4718592,1786475326.630764,-17.26723099
train/entropy_loss,4751360,1786475331.093284,-17.24202538
train/entropy_loss,4784128,1786475335.551594,-17.209692
train/entropy_loss,4816896,1786475340.020968,-17.18691826
train/entropy_loss,4849664,1786475344.484992,-17.16254997
train/entropy_loss,4882432,1786475348.948916,-17.13031769
train/entropy_loss,4915200,1786475353.401889,-17.10905266
train/entropy_loss,4947968,1786475357.876302,-17.09418678
train/entropy_loss,4980736,1786475362.331779,-17.06427002
train/entropy_loss,5013504,1786475366.802051,-17.03503227
train/entropy_loss,5046272,1786475371.276322,-17.01397514
train/entropy_loss,5079040,1786475375.734319,-16.98694229
train/entropy_loss,5111808,1786475380.198826,-16.97083282
train/entropy_loss,5144576,1786475384.663039,-16.94329643
train/entropy_loss,5177344,1786475389.124927,-16.93605614
train/entropy_loss,5210112,1786475393.585497,-16.90089989
train/entropy_loss,5242880,1786475398.039619,-16.87142944
train/entropy_loss,5275648,1786475402.519864,-16.84847069
train/entropy_loss,5308416,1786475406.995824,-16.8105011
train/entropy_loss,5341184,1786475411.474821,-16.77419662
train/entropy_loss,5373952,1786475415.953488,-16.76423836
train/entropy_loss,5406720,1786475420.429211,-16.74587631
train/entropy_loss,5439488,1786475424.896888,-16.71135712
train/entropy_loss,5472256,1786475429.361042,-16.68910599
train/entropy_loss,5505024,1786475433.824368,-16.68059349
train/entropy_loss,5537792,1786475438.297349,-16.66112328
train/entropy_loss,5570560,1786475442.756039,-16.64932823
train/entropy_loss,5603328,1786475447.219855,-16.61553955
train/entropy_loss,5636096,1786475451.684021,-16.59122849
train/entropy_loss,5668864,1786475456.146472,-16.56482697
train/entropy_loss,5701632,1786475460.630834,-16.54456329
train/entropy_loss,5734400,1786475465.084162,-16.53180122
train/entropy_loss,5767168,1786475469.552174,-16.50610542
train/entropy_loss,5799936,1786475474.014838,-16.49819565
train/entropy_loss,5832704,1786475478.489969,-16.4912262
train/entropy_loss,5865472,1786475482.945025,-16.46103096
train/entropy_loss,5898240,1786475487.414508,-16.44831085
train/entropy_loss,5931008,1786475491.890534,-16.42332458
train/entropy_loss,5963776,1786475496.369047,-16.41903496
train/entropy_loss,5996544,1786475500.824356,-16.41219902
train/entropy_loss,6029312,1786475505.294189,-16.38389969
train/entropy_loss,6062080,1786475509.762148,-16.36059761
train/entropy_loss,6094848,1786475514.230452,-16.36166763
train/entropy_loss,6127616,1786475518.709728,-16.34796715
train/entropy_loss,6160384,1786475523.217506,-16.31534004
train/entropy_loss,6193152,1786475527.689425,-16.30632782
train/entropy_loss,6225920,1786475532.162916,-16.28836441
train/entropy_loss,6258688,1786475536.619265,-16.26972198
train/entropy_loss,6291456,1786475541.093735,-16.23708916
train/entropy_loss,6324224,1786475545.566807,-16.21645164
train/entropy_loss,6356992,1786475550.060692,-16.18001556
train/entropy_loss,6389760,1786475554.533714,-16.14424706
train/entropy_loss,6422528,1786475559.040408,-16.11191177
train/entropy_loss,6455296,1786475563.511879,-16.09188843
train/entropy_loss,6488064,1786475567.981063,-16.07833862
train/entropy_loss,6520832,1786475572.451832,-16.05259514
train/entropy_loss,6553600,1786475576.924234,-16.03462982
train/entropy_loss,6586368,1786475581.399620,-16.0035038
train/entropy_loss,6619136,1786475585.890114,-15.98637486
train/entropy_loss,6651904,1786475590.373702,-15.9635849
train/entropy_loss,6684672,1786475594.851719,-15.93183708
train/entropy_loss,6717440,1786475599.330823,-15.90598869
train/entropy_loss,6750208,1786475603.802312,-15.88440704
train/entropy_loss,6782976,1786475608.276037,-15.86400223
train/entropy_loss,6815744,1786475612.740017,-15.83876038
train/entropy_loss,6848512,1786475617.211197,-15.8252306
train/entropy_loss,6881280,1786475621.683981,-15.80977726
train/entropy_loss,6914048,1786475626.168081,-15.77894306
train/entropy_loss,6946816,1786475630.624603,-15.76148415
train/entropy_loss,6979584,1786475635.088986,-15.72459316
train/entropy_loss,7012352,1786475639.567163,-15.70196915
train/entropy_loss,7045120,1786475644.044058,-15.68147278
train/entropy_loss,7077888,1786475648.505054,-15.64057827
train/entropy_loss,7110656,1786475652.966573,-15.61112213
train/entropy_loss,7143424,1786475657.428443,-15.59813023
train/entropy_loss,7176192,1786475661.895134,-15.58317184
train/entropy_loss,7208960,1786475666.353121,-15.53999424
train/entropy_loss,7241728,1786475670.818031,-15.4967804
train/entropy_loss,7274496,1786475675.308985,-15.48276806
train/entropy_loss,7307264,1786475679.776795,-15.46103954
train/entropy_loss,7340032,1786475684.256871,-15.44042969
train/entropy_loss,7372800,1786475688.732826,-15.41941833
train/entropy_loss,7405568,1786475693.204859,-15.4002161
train/entropy_loss,7438336,1786475697.673762,-15.39290333
train/entropy_loss,7471104,1786475702.140505,-15.36582184
train/entropy_loss,7503872,1786475706.613759,-15.33870029
train/entropy_loss,7536640,1786475711.085757,-15.32199192
train/entropy_loss,7569408,1786475715.564960,-15.31254196
train/entropy_loss,7602176,1786475720.017671,-15.28459454
train/entropy_loss,7634944,1786475724.480193,-15.259552
train/entropy_loss,7667712,1786475728.950739,-15.23826885
train/entropy_loss,7700480,1786475733.416483,-15.23103142
train/entropy_loss,7733248,1786475737.893842,-15.20051765
train/entropy_loss,7766016,1786475742.359051,-15.17815399
train/entropy_loss,7798784,1786475746.819722,-15.18263912
train/entropy_loss,7831552,1786475751.284306,-15.18188095
train/entropy_loss,7864320,1786475755.758083,-15.15256214
train/entropy_loss,7897088,1786475760.234260,-15.15190029
train/entropy_loss,7929856,1786475764.695983,-15.1273737
train/entropy_loss,7962624,1786475769.160130,-15.1103754
train/entropy_loss,7995392,1786475773.623220,-15.08952904
train/entropy_loss,8028160,1786475778.110361,-15.08411503
train/explained_variance,65536,1786474689.697524,0.7749890685
train/explained_variance,98304,1786474694.208404,0.7918642163
train/explained_variance,131072,1786474698.725340,0.802621603
train/explained_variance,163840,1786474703.254454,0.7986744046
train/explained_variance,196608,1786474707.782455,0.8232826591
train/explained_variance,229376,1786474712.293610,0.8098865151
train/explained_variance,262144,1786474716.807859,0.8265709877
train/explained_variance,294912,1786474721.319624,0.8306639791
train/explained_variance,327680,1786474725.822927,0.7907565832
train/explained_variance,360448,1786474730.318549,0.8103650808
train/explained_variance,393216,1786474734.829651,0.7916077375
train/explained_variance,425984,1786474739.360788,0.8201601505
train/explained_variance,458752,1786474743.874214,0.8264755011
train/explained_variance,491520,1786474748.392923,0.8084400892
train/explained_variance,524288,1786474752.892606,0.7728161216
train/explained_variance,557056,1786474757.398104,0.7862097025
train/explained_variance,589824,1786474761.900612,0.8182151318
train/explained_variance,622592,1786474766.405016,0.7936171293
train/explained_variance,655360,1786474770.914169,0.7909842134
train/explained_variance,688128,1786474775.423646,0.814812839
train/explained_variance,720896,1786474779.921518,0.8311783671
train/explained_variance,753664,1786474784.418814,0.8160946369
train/explained_variance,786432,1786474788.910888,0.7743582726
train/explained_variance,819200,1786474793.405199,0.7823467255
train/explained_variance,851968,1786474797.896533,0.8107855916
train/explained_variance,884736,1786474802.391910,0.7994822264
train/explained_variance,917504,1786474806.890557,0.8291693926
train/explained_variance,950272,1786474811.386665,0.7861993909
train/explained_variance,983040,1786474815.883809,0.8228414655
train/explained_variance,1015808,1786474820.399934,0.8084120154
train/explained_variance,1048576,1786474824.898059,0.7847394943
train/explained_variance,1081344,1786474829.399086,0.823938489
train/explained_variance,1114112,1786474833.910499,0.7871630192
train/explained_variance,1146880,1786474838.407538,0.793710053
train/explained_variance,1179648,1786474842.896336,0.800147891
train/explained_variance,1212416,1786474847.385701,0.8135384917
train/explained_variance,1245184,1786474851.868236,0.8156836629
train/explained_variance,1277952,1786474856.369057,0.7989073992
train/explained_variance,1310720,1786474860.878668,0.8073965311
train/explained_variance,1343488,1786474865.365985,0.7927328944
train/explained_variance,1376256,1786474869.859045,0.775401473
train/explained_variance,1409024,1786474874.339717,0.8131120205
train/explained_variance,1441792,1786474878.838054,0.7920479178
train/explained_variance,1474560,1786474883.312808,0.8332576752
train/explained_variance,1507328,1786474887.795885,0.7892801166
train/explained_variance,1540096,1786474892.276890,0.7770107985
train/explained_variance,1572864,1786474896.766337,0.8217538595
train/explained_variance,1605632,1786474901.257323,0.804287672
train/explained_variance,1638400,1786474905.735526,0.8168340921
train/explained_variance,1671168,1786474910.220994,0.80491817
train/explained_variance,1703936,1786474914.705798,0.8438082337
train/explained_variance,1736704,1786474919.197401,0.8083829284
train/explained_variance,1769472,1786474923.697692,0.81218189
train/explained_variance,1802240,1786474928.191505,0.8297532797
train/explained_variance,1835008,1786474932.676216,0.8366835713
train/explained_variance,1867776,1786474937.159789,0.8222867846
train/explained_variance,1900544,1786474941.644935,0.7959725261
train/explained_variance,1933312,1786474946.125708,0.8064599037
train/explained_variance,1966080,1786474950.613556,0.8399057388
train/explained_variance,1998848,1786474955.101236,0.7937093973
train/explained_variance,2031616,1786474959.602557,0.8085267544
train/explained_variance,2064384,1786474964.097071,0.8132240176
train/explained_variance,2097152,1786474968.576727,0.827768445
train/explained_variance,2129920,1786474973.050763,0.7856413722
train/explained_variance,2162688,1786474977.534527,0.8171794415
train/explained_variance,2195456,1786474982.007611,0.7940759659
train/explained_variance,2228224,1786474986.495395,0.8239369392
train/explained_variance,2260992,1786474990.974629,0.8255058527
train/explained_variance,2293760,1786474995.445120,0.8021653891
train/explained_variance,2326528,1786474999.912307,0.7850994468
train/explained_variance,2359296,1786475004.383158,0.817278266
train/explained_variance,2392064,1786475008.858683,0.792237699
train/explained_variance,2424832,1786475013.334853,0.8068349361
train/explained_variance,2457600,1786475017.822090,0.8280034661
train/explained_variance,2490368,1786475022.308632,0.7994648218
train/explained_variance,2523136,1786475026.789748,0.7836921811
train/explained_variance,2555904,1786475031.268483,0.7527059317
train/explained_variance,2588672,1786475035.754403,0.7872554064
train/explained_variance,2621440,1786475040.231536,0.8100419044
train/explained_variance,2654208,1786475044.720066,0.834403038
train/explained_variance,2686976,1786475049.202708,0.7873491645
train/explained_variance,2719744,1786475053.673624,0.8107163906
train/explained_variance,2752512,1786475058.184099,0.800028801
train/explained_variance,2785280,1786475062.657681,0.8033796549
train/explained_variance,2818048,1786475067.129664,0.8109814525
train/explained_variance,2850816,1786475071.596840,0.794000268
train/explained_variance,2883584,1786475076.081820,0.8410405517
train/explained_variance,2916352,1786475080.547626,0.822093606
train/explained_variance,2949120,1786475085.009456,0.8052532673
train/explained_variance,2981888,1786475089.479933,0.8090274334
train/explained_variance,3014656,1786475093.952425,0.8391103745
train/explained_variance,3047424,1786475098.425487,0.8123526573
train/explained_variance,3080192,1786475102.898375,0.8430779576
train/explained_variance,3112960,1786475107.382390,0.8442727923
train/explained_variance,3145728,1786475111.858370,0.7839438915
train/explained_variance,3178496,1786475116.360737,0.8136380911
train/explained_variance,3211264,1786475120.895631,0.8017088175
train/explained_variance,3244032,1786475125.373575,0.8276695013
train/explained_variance,3276800,1786475129.851565,0.8292054534
train/explained_variance,3309568,1786475134.339130,0.8217839599
train/explained_variance,3342336,1786475138.815293,0.7968540788
train/explained_variance,3375104,1786475143.307270,0.8121467829
train/explained_variance,3407872,1786475147.758321,0.8361446857
train/explained_variance,3440640,1786475152.223757,0.8068304062
train/explained_variance,3473408,1786475156.699312,0.8213070631
train/explained_variance,3506176,1786475161.170040,0.8064936399
train/explained_variance,3538944,1786475165.638540,0.842397213
train/explained_variance,3571712,1786475170.111128,0.8113254309
train/explained_variance,3604480,1786475174.588744,0.7994998097
train/explained_variance,3637248,1786475179.079102,0.825199306
train/explained_variance,3670016,1786475183.581468,0.8238769174
train/explained_variance,3702784,1786475188.056613,0.8264067173
train/explained_variance,3735552,1786475192.520307,0.854870677
train/explained_variance,3768320,1786475196.986609,0.8512752652
train/explained_variance,3801088,1786475201.453488,0.8320771456
train/explained_variance,3833856,1786475205.921182,0.8267991543
train/explained_variance,3866624,1786475210.394729,0.8032808304
train/explained_variance,3899392,1786475214.871752,0.8066390753
train/explained_variance,3932160,1786475219.355118,0.8266892433
train/explained_variance,3964928,1786475223.818652,0.8040804863
train/explained_variance,3997696,1786475228.303218,0.8284969926
train/explained_variance,4030464,1786475232.769066,0.8455355763
train/explained_variance,4063232,1786475237.227789,0.8270015717
train/explained_variance,4096000,1786475241.693978,0.8324694633
train/explained_variance,4128768,1786475246.172784,0.8666314483
train/explained_variance,4161536,1786475250.630127,0.8298053741
train/explained_variance,4194304,1786475255.106505,0.8505673409
train/explained_variance,4227072,1786475259.577468,0.8424251676
train/explained_variance,4259840,1786475264.049463,0.8090097904
train/explained_variance,4292608,1786475268.512649,0.8422147036
train/explained_variance,4325376,1786475272.967827,0.8162490129
train/explained_variance,4358144,1786475277.436039,0.8424620628
train/explained_variance,4390912,1786475281.902454,0.8048982024
train/explained_variance,4423680,1786475286.380604,0.8137223721
train/explained_variance,4456448,1786475290.848901,0.8415474892
train/explained_variance,4489216,1786475295.313416,0.8383108377
train/explained_variance,4521984,1786475299.776495,0.825068891
train/explained_variance,4554752,1786475304.238358,0.8344342709
train/explained_variance,4587520,1786475308.749863,0.8531562686
train/explained_variance,4620288,1786475313.227182,0.8526349068
train/explained_variance,4653056,1786475317.706673,0.8284702301
train/explained_variance,4685824,1786475322.170476,0.8334211111
train/explained_variance,4718592,1786475326.630767,0.848089695
train/explained_variance,4751360,1786475331.093287,0.8443193436
train/explained_variance,4784128,1786475335.551597,0.820140183
train/explained_variance,4816896,1786475340.020971,0.8624741435
train/explained_variance,4849664,1786475344.484995,0.8124724627
train/explained_variance,4882432,1786475348.948920,0.8257941604
train/explained_variance,4915200,1786475353.401893,0.8230167627
train/explained_variance,4947968,1786475357.876305,0.8521145582
train/explained_variance,4980736,1786475362.331782,0.8541918993
train/explained_variance,5013504,1786475366.802054,0.7867846489
train/explained_variance,5046272,1786475371.276325,0.8376198411
train/explained_variance,5079040,1786475375.734323,0.8068875074
train/explained_variance,5111808,1786475380.198829,0.7752656341
train/explained_variance,5144576,1786475384.663042,0.8016884327
train/explained_variance,5177344,1786475389.124930,0.8198962212
train/explained_variance,5210112,1786475393.585500,0.8064662218
train/explained_variance,5242880,1786475398.039622,0.836673975
train/explained_variance,5275648,1786475402.519868,0.8610432744
train/explained_variance,5308416,1786475406.995827,0.8121811748
train/explained_variance,5341184,1786475411.474825,0.8586867452
train/explained_variance,5373952,1786475415.953491,0.8467397094
train/explained_variance,5406720,1786475420.429215,0.833940208
train/explained_variance,5439488,1786475424.896892,0.8429260254
train/explained_variance,5472256,1786475429.361046,0.844373107
train/explained_variance,5505024,1786475433.824371,0.8395133018
train/explained_variance,5537792,1786475438.297353,0.8582679033
train/explained_variance,5570560,1786475442.756043,0.8162913322
train/explained_variance,5603328,1786475447.219859,0.8166196346
train/explained_variance,5636096,1786475451.684024,0.8642849326
train/explained_variance,5668864,1786475456.146475,0.828812778
train/explained_variance,5701632,1786475460.630838,0.8402814269
train/explained_variance,5734400,1786475465.084165,0.8281286359
train/explained_variance,5767168,1786475469.552177,0.7987500429
train/explained_variance,5799936,1786475474.014841,0.7967823744
train/explained_variance,5832704,1786475478.489972,0.8450644016
train/explained_variance,5865472,1786475482.945029,0.8181973696
train/explained_variance,5898240,1786475487.414511,0.8247368336
train/explained_variance,5931008,1786475491.890538,0.8196326494
train/explained_variance,5963776,1786475496.369050,0.8520894051
train/explained_variance,5996544,1786475500.824359,0.8545408249
train/explained_variance,6029312,1786475505.294192,0.8381296396
train/explained_variance,6062080,1786475509.762157,0.8651410341
train/explained_variance,6094848,1786475514.230455,0.8497164249
train/explained_variance,6127616,1786475518.709732,0.872367084
train/explained_variance,6160384,1786475523.217509,0.8230034113
train/explained_variance,6193152,1786475527.689428,0.8578810692
train/explained_variance,6225920,1786475532.162919,0.8392107487
train/explained_variance,6258688,1786475536.619268,0.7889811993
train/explained_variance,6291456,1786475541.093738,0.8399072886
train/explained_variance,6324224,1786475545.566810,0.8355523944
train/explained_variance,6356992,1786475550.060696,0.861669898
train/explained_variance,6389760,1786475554.533717,0.8268252611
train/explained_variance,6422528,1786475559.040411,0.8476569653
train/explained_variance,6455296,1786475563.511882,0.8319028616
train/explained_variance,6488064,1786475567.981067,0.8606799841
train/explained_variance,6520832,1786475572.451836,0.8406000137
train/explained_variance,6553600,1786475576.924237,0.8369857073
train/explained_variance,6586368,1786475581.399624,0.8273283243
train/explained_variance,6619136,1786475585.890118,0.8415240645
train/explained_variance,6651904,1786475590.373705,0.8396703601
train/explained_variance,6684672,1786475594.851723,0.8493656516
train/explained_variance,6717440,1786475599.330827,0.8297467232
train/explained_variance,6750208,1786475603.802315,0.8121473789
train/explained_variance,6782976,1786475608.276040,0.8460475206
train/explained_variance,6815744,1786475612.740020,0.8417134285
train/explained_variance,6848512,1786475617.211200,0.804798305
train/explained_variance,6881280,1786475621.683984,0.8622977138
train/explained_variance,6914048,1786475626.168084,0.8378964663
train/explained_variance,6946816,1786475630.624607,0.8400072455
train/explained_variance,6979584,1786475635.088990,0.8101145029
train/explained_variance,7012352,1786475639.567166,0.843883574
train/explained_variance,7045120,1786475644.044062,0.8385875821
train/explained_variance,7077888,1786475648.505057,0.8461859226
train/explained_variance,7110656,1786475652.966577,0.8724442124
train/explained_variance,7143424,1786475657.428447,0.8431216478
train/explained_variance,7176192,1786475661.895137,0.8440545201
train/explained_variance,7208960,1786475666.353124,0.8635494113
train/explained_variance,7241728,1786475670.818034,0.847837925
train/explained_variance,7274496,1786475675.308994,0.8614764214
train/explained_variance,7307264,1786475679.776799,0.8474397063
train/explained_variance,7340032,1786475684.256878,0.8530275822
train/explained_variance,7372800,1786475688.732829,0.8655964136
train/explained_variance,7405568,1786475693.204862,0.8317602873
train/explained_variance,7438336,1786475697.673765,0.8398699164
train/explained_variance,7471104,1786475702.140508,0.8230212927
train/explained_variance,7503872,1786475706.613763,0.8617119789
train/explained_variance,7536640,1786475711.085761,0.838303268
train/explained_variance,7569408,1786475715.564963,0.8462970257
train/explained_variance,7602176,1786475720.017675,0.8593663573
train/explained_variance,7634944,1786475724.480196,0.8747984171
train/explained_variance,7667712,1786475728.950743,0.823143363
train/explained_variance,7700480,1786475733.416486,0.8543747663
train/explained_variance,7733248,1786475737.893846,0.8098597527
train/explained_variance,7766016,1786475742.359054,0.8237673044
train/explained_variance,7798784,1786475746.819725,0.8112273216
train/explained_variance,7831552,1786475751.284310,0.8189903498
train/explained_variance,7864320,1786475755.758087,0.8430068493
train/explained_variance,7897088,1786475760.234264,0.8661429882
train/explained_variance,7929856,1786475764.695987,0.8487871289
train/explained_variance,7962624,1786475769.160133,0.7924792171
train/explained_variance,7995392,1786475773.623223,0.8346413374
train/explained_variance,8028160,1786475778.110364,0.836523056
train/learning_rate,65536,1786474689.697527,0.0003000000142
train/learning_rate,98304,1786474694.208408,0.0003000000142
train/learning_rate,131072,1786474698.725343,0.0003000000142
train/learning_rate,163840,1786474703.254457,0.0003000000142
train/learning_rate,196608,1786474707.782458,0.0003000000142
train/learning_rate,229376,1786474712.293613,0.0003000000142
train/learning_rate,262144,1786474716.807863,0.0003000000142
train/learning_rate,294912,1786474721.319628,0.0003000000142
train/learning_rate,327680,1786474725.822931,0.0003000000142
train/learning_rate,360448,1786474730.318553,0.0003000000142
train/learning_rate,393216,1786474734.829654,0.0003000000142
train/learning_rate,425984,1786474739.360791,0.0003000000142
train/learning_rate,458752,1786474743.874217,0.0003000000142
train/learning_rate,491520,1786474748.392926,0.0003000000142
train/learning_rate,524288,1786474752.892609,0.0003000000142
train/learning_rate,557056,1786474757.398108,0.0003000000142
train/learning_rate,589824,1786474761.900615,0.0003000000142
train/learning_rate,622592,1786474766.405019,0.0003000000142
train/learning_rate,655360,1786474770.914173,0.0003000000142
train/learning_rate,688128,1786474775.423649,0.0003000000142
train/learning_rate,720896,1786474779.921521,0.0003000000142
train/learning_rate,753664,1786474784.418818,0.0003000000142
train/learning_rate,786432,1786474788.910891,0.0003000000142
train/learning_rate,819200,1786474793.405202,0.0003000000142
train/learning_rate,851968,1786474797.896536,0.0003000000142
train/learning_rate,884736,1786474802.391913,0.0003000000142
train/learning_rate,917504,1786474806.890560,0.0003000000142
train/learning_rate,950272,1786474811.386669,0.0003000000142
train/learning_rate,983040,1786474815.883812,0.0003000000142
train/learning_rate,1015808,1786474820.399937,0.0003000000142
train/learning_rate,1048576,1786474824.898062,0.0003000000142
train/learning_rate,1081344,1786474829.399089,0.0003000000142
train/learning_rate,1114112,1786474833.910502,0.0003000000142
train/learning_rate,1146880,1786474838.407542,0.0003000000142
train/learning_rate,1179648,1786474842.896339,0.0003000000142
train/learning_rate,1212416,1786474847.385704,0.0003000000142
train/learning_rate,1245184,1786474851.868239,0.0003000000142
train/learning_rate,1277952,1786474856.369060,0.0003000000142
train/learning_rate,1310720,1786474860.878672,0.0003000000142
train/learning_rate,1343488,1786474865.365988,0.0003000000142
train/learning_rate,1376256,1786474869.859048,0.0003000000142
train/learning_rate,1409024,1786474874.339720,0.0003000000142
train/learning_rate,1441792,1786474878.838058,0.0003000000142
train/learning_rate,1474560,1786474883.312812,0.0003000000142
train/learning_rate,1507328,1786474887.795888,0.0003000000142
train/learning_rate,1540096,1786474892.276894,0.0003000000142
train/learning_rate,1572864,1786474896.766341,0.0003000000142
train/learning_rate,1605632,1786474901.257326,0.0003000000142
train/learning_rate,1638400,1786474905.735529,0.0003000000142
train/learning_rate,1671168,1786474910.220997,0.0003000000142
train/learning_rate,1703936,1786474914.705802,0.0003000000142
train/learning_rate,1736704,1786474919.197404,0.0003000000142
train/learning_rate,1769472,1786474923.697695,0.0003000000142
train/learning_rate,1802240,1786474928.191509,0.0003000000142
train/learning_rate,1835008,1786474932.676219,0.0003000000142
train/learning_rate,1867776,1786474937.159792,0.0003000000142
train/learning_rate,1900544,1786474941.644939,0.0003000000142
train/learning_rate,1933312,1786474946.125711,0.0003000000142
train/learning_rate,1966080,1786474950.613559,0.0003000000142
train/learning_rate,1998848,1786474955.101240,0.0003000000142
train/learning_rate,2031616,1786474959.602560,0.0003000000142
train/learning_rate,2064384,1786474964.097074,0.0003000000142
train/learning_rate,2097152,1786474968.576730,0.0003000000142
train/learning_rate,2129920,1786474973.050766,0.0003000000142
train/learning_rate,2162688,1786474977.534531,0.0003000000142
train/learning_rate,2195456,1786474982.007614,0.0003000000142
train/learning_rate,2228224,1786474986.495398,0.0003000000142
train/learning_rate,2260992,1786474990.974632,0.0003000000142
train/learning_rate,2293760,1786474995.445124,0.0003000000142
train/learning_rate,2326528,1786474999.912310,0.0003000000142
train/learning_rate,2359296,1786475004.383162,0.0003000000142
train/learning_rate,2392064,1786475008.858686,0.0003000000142
train/learning_rate,2424832,1786475013.334857,0.0003000000142
train/learning_rate,2457600,1786475017.822094,0.0003000000142
train/learning_rate,2490368,1786475022.308635,0.0003000000142
train/learning_rate,2523136,1786475026.789752,0.0003000000142
train/learning_rate,2555904,1786475031.268486,0.0003000000142
train/learning_rate,2588672,1786475035.754407,0.0003000000142
train/learning_rate,2621440,1786475040.231539,0.0003000000142
train/learning_rate,2654208,1786475044.720069,0.0003000000142
train/learning_rate,2686976,1786475049.202711,0.0003000000142
train/learning_rate,2719744,1786475053.673627,0.0003000000142
train/learning_rate,2752512,1786475058.184103,0.0003000000142
train/learning_rate,2785280,1786475062.657685,0.0003000000142
train/learning_rate,2818048,1786475067.129668,0.0003000000142
train/learning_rate,2850816,1786475071.596843,0.0003000000142
train/learning_rate,2883584,1786475076.081823,0.0003000000142
train/learning_rate,2916352,1786475080.547629,0.0003000000142
train/learning_rate,2949120,1786475085.009459,0.0003000000142
train/learning_rate,2981888,1786475089.479936,0.0003000000142
train/learning_rate,3014656,1786475093.952428,0.0003000000142
train/learning_rate,3047424,1786475098.425490,0.0003000000142
train/learning_rate,3080192,1786475102.898378,0.0003000000142
train/learning_rate,3112960,1786475107.382394,0.0003000000142
train/learning_rate,3145728,1786475111.858373,0.0003000000142
train/learning_rate,3178496,1786475116.360740,0.0003000000142
train/learning_rate,3211264,1786475120.895635,0.0003000000142
train/learning_rate,3244032,1786475125.373578,0.0003000000142
train/learning_rate,3276800,1786475129.851568,0.0003000000142
train/learning_rate,3309568,1786475134.339133,0.0003000000142
train/learning_rate,3342336,1786475138.815296,0.0003000000142
train/learning_rate,3375104,1786475143.307274,0.0003000000142
train/learning_rate,3407872,1786475147.758325,0.0003000000142
train/learning_rate,3440640,1786475152.223760,0.0003000000142
train/learning_rate,3473408,1786475156.699315,0.0003000000142
train/learning_rate,3506176,1786475161.170044,0.0003000000142
train/learning_rate,3538944,1786475165.638543,0.0003000000142
train/learning_rate,3571712,1786475170.111132,0.0003000000142
train/learning_rate,3604480,1786475174.588748,0.0003000000142
train/learning_rate,3637248,1786475179.079105,0.0003000000142
train/learning_rate,3670016,1786475183.581471,0.0003000000142
train/learning_rate,3702784,1786475188.056616,0.0003000000142
train/learning_rate,3735552,1786475192.520310,0.0003000000142
train/learning_rate,3768320,1786475196.986612,0.0003000000142
train/learning_rate,3801088,1786475201.453491,0.0003000000142
train/learning_rate,3833856,1786475205.921185,0.0003000000142
train/learning_rate,3866624,1786475210.394733,0.0003000000142
train/learning_rate,3899392,1786475214.871756,0.0003000000142
train/learning_rate,3932160,1786475219.355121,0.0003000000142
train/learning_rate,3964928,1786475223.818655,0.0003000000142
train/learning_rate,3997696,1786475228.303221,0.0003000000142
train/learning_rate,4030464,1786475232.769069,0.0003000000142
train/learning_rate,4063232,1786475237.227792,0.0003000000142
train/learning_rate,4096000,1786475241.693982,0.0003000000142
train/learning_rate,4128768,1786475246.172787,0.0003000000142
train/learning_rate,4161536,1786475250.630130,0.0003000000142
train/learning_rate,4194304,1786475255.106509,0.0003000000142
train/learning_rate,4227072,1786475259.577472,0.0003000000142
train/learning_rate,4259840,1786475264.049466,0.0003000000142
train/learning_rate,4292608,1786475268.512652,0.0003000000142
train/learning_rate,4325376,1786475272.967831,0.0003000000142
train/learning_rate,4358144,1786475277.436042,0.0003000000142
train/learning_rate,4390912,1786475281.902457,0.0003000000142
train/learning_rate,4423680,1786475286.380607,0.0003000000142
train/learning_rate,4456448,1786475290.848904,0.0003000000142
train/learning_rate,4489216,1786475295.313419,0.0003000000142
train/learning_rate,4521984,1786475299.776498,0.0003000000142
train/learning_rate,4554752,1786475304.238362,0.0003000000142
train/learning_rate,4587520,1786475308.749866,0.0003000000142
train/learning_rate,4620288,1786475313.227186,0.0003000000142
train/learning_rate,4653056,1786475317.706677,0.0003000000142
train/learning_rate,4685824,1786475322.170480,0.0003000000142
train/learning_rate,4718592,1786475326.630770,0.0003000000142
train/learning_rate,4751360,1786475331.093290,0.0003000000142
train/learning_rate,4784128,1786475335.551600,0.0003000000142
train/learning_rate,4816896,1786475340.020974,0.0003000000142
train/learning_rate,4849664,1786475344.484998,0.0003000000142
train/learning_rate,4882432,1786475348.948923,0.0003000000142
train/learning_rate,4915200,1786475353.401896,0.0003000000142
train/learning_rate,4947968,1786475357.876308,0.0003000000142
train/learning_rate,4980736,1786475362.331786,0.0003000000142
train/learning_rate,5013504,1786475366.802057,0.0003000000142
train/learning_rate,5046272,1786475371.276329,0.0003000000142
train/learning_rate,5079040,1786475375.734326,0.0003000000142
train/learning_rate,5111808,1786475380.198832,0.0003000000142
train/learning_rate,5144576,1786475384.663046,0.0003000000142
train/learning_rate,5177344,1786475389.124934,0.0003000000142
train/learning_rate,5210112,1786475393.585503,0.0003000000142
train/learning_rate,5242880,1786475398.039625,0.0003000000142
train/learning_rate,5275648,1786475402.519871,0.0003000000142
train/learning_rate,5308416,1786475406.995830,0.0003000000142
train/learning_rate,5341184,1786475411.474828,0.0003000000142
train/learning_rate,5373952,1786475415.953494,0.0003000000142
train/learning_rate,5406720,1786475420.429218,0.0003000000142
train/learning_rate,5439488,1786475424.896895,0.0003000000142
train/learning_rate,5472256,1786475429.361049,0.0003000000142
train/learning_rate,5505024,1786475433.824375,0.0003000000142
train/learning_rate,5537792,1786475438.297356,0.0003000000142
train/learning_rate,5570560,1786475442.756046,0.0003000000142
train/learning_rate,5603328,1786475447.219862,0.0003000000142
train/learning_rate,5636096,1786475451.684028,0.0003000000142
train/learning_rate,5668864,1786475456.146478,0.0003000000142
train/learning_rate,5701632,1786475460.630841,0.0003000000142
train/learning_rate,5734400,1786475465.084168,0.0003000000142
train/learning_rate,5767168,1786475469.552180,0.0003000000142
train/learning_rate,5799936,1786475474.014845,0.0003000000142
train/learning_rate,5832704,1786475478.489976,0.0003000000142
train/learning_rate,5865472,1786475482.945032,0.0003000000142
train/learning_rate,5898240,1786475487.414515,0.0003000000142
train/learning_rate,5931008,1786475491.890541,0.0003000000142
train/learning_rate,5963776,1786475496.369054,0.0003000000142
train/learning_rate,5996544,1786475500.824362,0.0003000000142
train/learning_rate,6029312,1786475505.294195,0.0003000000142
train/learning_rate,6062080,1786475509.762160,0.0003000000142
train/learning_rate,6094848,1786475514.230459,0.0003000000142
train/learning_rate,6127616,1786475518.709735,0.0003000000142
train/learning_rate,6160384,1786475523.217512,0.0003000000142
train/learning_rate,6193152,1786475527.689431,0.0003000000142
train/learning_rate,6225920,1786475532.162922,0.0003000000142
train/learning_rate,6258688,1786475536.619272,0.0003000000142
train/learning_rate,6291456,1786475541.093742,0.0003000000142
train/learning_rate,6324224,1786475545.566813,0.0003000000142
train/learning_rate,6356992,1786475550.060699,0.0003000000142
train/learning_rate,6389760,1786475554.533721,0.0003000000142
train/learning_rate,6422528,1786475559.040414,0.0003000000142
train/learning_rate,6455296,1786475563.511886,0.0003000000142
train/learning_rate,6488064,1786475567.981070,0.0003000000142
train/learning_rate,6520832,1786475572.451839,0.0003000000142
train/learning_rate,6553600,1786475576.924240,0.0003000000142
train/learning_rate,6586368,1786475581.399627,0.0003000000142
train/learning_rate,6619136,1786475585.890121,0.0003000000142
train/learning_rate,6651904,1786475590.373708,0.0003000000142
train/learning_rate,6684672,1786475594.851726,0.0003000000142
train/learning_rate,6717440,1786475599.330830,0.0003000000142
train/learning_rate,6750208,1786475603.802319,0.0003000000142
train/learning_rate,6782976,1786475608.276044,0.0003000000142
train/learning_rate,6815744,1786475612.740023,0.0003000000142
train/learning_rate,6848512,1786475617.211204,0.0003000000142
train/learning_rate,6881280,1786475621.683987,0.0003000000142
train/learning_rate,6914048,1786475626.168087,0.0003000000142
train/learning_rate,6946816,1786475630.624610,0.0003000000142
train/learning_rate,6979584,1786475635.088993,0.0003000000142
train/learning_rate,7012352,1786475639.567169,0.0003000000142
train/learning_rate,7045120,1786475644.044065,0.0003000000142
train/learning_rate,7077888,1786475648.505060,0.0003000000142
train/learning_rate,7110656,1786475652.966580,0.0003000000142
train/learning_rate,7143424,1786475657.428450,0.0003000000142
train/learning_rate,7176192,1786475661.895140,0.0003000000142
train/learning_rate,7208960,1786475666.353128,0.0003000000142
train/learning_rate,7241728,1786475670.818037,0.0003000000142
train/learning_rate,7274496,1786475675.308997,0.0003000000142
train/learning_rate,7307264,1786475679.776802,0.0003000000142
train/learning_rate,7340032,1786475684.256881,0.0003000000142
train/learning_rate,7372800,1786475688.732833,0.0003000000142
train/learning_rate,7405568,1786475693.204866,0.0003000000142
train/learning_rate,7438336,1786475697.673769,0.0003000000142
train/learning_rate,7471104,1786475702.140511,0.0003000000142
train/learning_rate,7503872,1786475706.613766,0.0003000000142
train/learning_rate,7536640,1786475711.085764,0.0003000000142
train/learning_rate,7569408,1786475715.564967,0.0003000000142
train/learning_rate,7602176,1786475720.017678,0.0003000000142
train/learning_rate,7634944,1786475724.480200,0.0003000000142
train/learning_rate,7667712,1786475728.950746,0.0003000000142
train/learning_rate,7700480,1786475733.416490,0.0003000000142
train/learning_rate,7733248,1786475737.893849,0.0003000000142
train/learning_rate,7766016,1786475742.359058,0.0003000000142
train/learning_rate,7798784,1786475746.819729,0.0003000000142
train/learning_rate,7831552,1786475751.284313,0.0003000000142
train/learning_rate,7864320,1786475755.758090,0.0003000000142
train/learning_rate,7897088,1786475760.234267,0.0003000000142
train/learning_rate,7929856,1786475764.695990,0.0003000000142
train/learning_rate,7962624,1786475769.160137,0.0003000000142
train/learning_rate,7995392,1786475773.623227,0.0003000000142
train/learning_rate,8028160,1786475778.110368,0.0003000000142
train/loss,65536,1786474689.697530,-0.06003645062
train/loss,98304,1786474694.208411,-0.07858938724
train/loss,131072,1786474698.725347,-0.09204690903
train/loss,163840,1786474703.254461,-0.08574002236
train/loss,196608,1786474707.782461,-0.09552122653
train/loss,229376,1786474712.293617,-0.0795352757
train/loss,262144,1786474716.807866,-0.08610992134
train/loss,294912,1786474721.319631,-0.1024244949
train/loss,327680,1786474725.822934,-0.09310882539
train/loss,360448,1786474730.318556,-0.1008187905
train/loss,393216,1786474734.829657,-0.0941195935
train/loss,425984,1786474739.360795,-0.09021348506
train/loss,458752,1786474743.874220,-0.08196412772
train/loss,491520,1786474748.392929,-0.08526033163
train/loss,524288,1786474752.892612,-0.0726383999
train/loss,557056,1786474757.398111,-0.08492475003
train/loss,589824,1786474761.900619,-0.08769573271
train/loss,622592,1786474766.405022,-0.07887109369
train/loss,655360,1786474770.914176,-0.1098327041
train/loss,688128,1786474775.423652,-0.07781423628
train/loss,720896,1786474779.921524,-0.09102033824
train/loss,753664,1786474784.418821,-0.07175378501
train/loss,786432,1786474788.910895,-0.09925587475
train/loss,819200,1786474793.405205,-0.08910680562
train/loss,851968,1786474797.896539,-0.08506875485
train/loss,884736,1786474802.391917,-0.08147654682
train/loss,917504,1786474806.890564,-0.08328463137
train/loss,950272,1786474811.386672,-0.08274760842
train/loss,983040,1786474815.883815,-0.08315554261
train/loss,1015808,1786474820.399941,-0.08887854964
train/loss,1048576,1786474824.898066,-0.08511576802
train/loss,1081344,1786474829.399092,-0.07871060073
train/loss,1114112,1786474833.910506,-0.07310990989
train/loss,1146880,1786474838.407545,-0.06806817651
train/loss,1179648,1786474842.896342,-0.06252839416
train/loss,1212416,1786474847.385708,-0.09025402367
train/loss,1245184,1786474851.868243,-0.08302207291
train/loss,1277952,1786474856.369064,-0.07580450922
train/loss,1310720,1786474860.878675,-0.09226908535
train/loss,1343488,1786474865.365992,-0.08287815005
train/loss,1376256,1786474869.859051,-0.08604073524
train/loss,1409024,1786474874.339723,-0.07926684618
train/loss,1441792,1786474878.838061,-0.08088216931
train/loss,1474560,1786474883.312815,-0.07552406937
train/loss,1507328,1786474887.795891,-0.08249428868
train/loss,1540096,1786474892.276897,-0.07659395039
train/loss,1572864,1786474896.766344,-0.07440760732
train/loss,1605632,1786474901.257329,-0.072341986
train/loss,1638400,1786474905.735532,-0.08623437583
train/loss,1671168,1786474910.221001,-0.07509630173
train/loss,1703936,1786474914.705805,-0.05991672724
train/loss,1736704,1786474919.197408,-0.07478006184
train/loss,1769472,1786474923.697699,-0.08108941466
train/loss,1802240,1786474928.191512,-0.08532556146
train/loss,1835008,1786474932.676223,-0.07544800639
train/loss,1867776,1786474937.159796,-0.08651868999
train/loss,1900544,1786474941.644942,-0.07619419694
train/loss,1933312,1786474946.125715,-0.06984595209
train/loss,1966080,1786474950.613562,-0.05575969443
train/loss,1998848,1786474955.101243,-0.08699800819
train/loss,2031616,1786474959.602563,-0.06959484518
train/loss,2064384,1786474964.097077,-0.04714612663
train/loss,2097152,1786474968.576733,-0.08414531499
train/loss,2129920,1786474973.050769,-0.08207381517
train/loss,2162688,1786474977.534534,-0.08038029075
train/loss,2195456,1786474982.007618,-0.06738962233
train/loss,2228224,1786474986.495402,-0.05783455819
train/loss,2260992,1786474990.974635,-0.06842705607
train/loss,2293760,1786474995.445127,-0.0547365807
train/loss,2326528,1786474999.912314,-0.07548448443
train/loss,2359296,1786475004.383165,-0.07067275047
train/loss,2392064,1786475008.858689,-0.09138575941
train/loss,2424832,1786475013.334860,-0.07209031284
train/loss,2457600,1786475017.822097,-0.07576083392
train/loss,2490368,1786475022.308638,-0.07780110836
train/loss,2523136,1786475026.789755,-0.08164516836
train/loss,2555904,1786475031.268489,-0.05212761462
train/loss,2588672,1786475035.754410,-0.05838285759
train/loss,2621440,1786475040.231542,-0.05076835304
train/loss,2654208,1786475044.720073,-0.07310466468
train/loss,2686976,1786475049.202714,-0.06169012934
train/loss,2719744,1786475053.673631,-0.06288442016
train/loss,2752512,1786475058.184106,-0.07966721803
train/loss,2785280,1786475062.657688,-0.05458916724
train/loss,2818048,1786475067.129671,-0.07984235138
train/loss,2850816,1786475071.596846,-0.07567495108
train/loss,2883584,1786475076.081826,-0.06868971884
train/loss,2916352,1786475080.547632,-0.07942656428
train/loss,2949120,1786475085.009463,-0.05439000577
train/loss,2981888,1786475089.479939,-0.06141326576
train/loss,3014656,1786475093.952431,-0.06417791545
train/loss,3047424,1786475098.425494,-0.05020746961
train/loss,3080192,1786475102.898382,-0.07245564461
train/loss,3112960,1786475107.382397,-0.07385352999
train/loss,3145728,1786475111.858376,-0.05745892227
train/loss,3178496,1786475116.360743,-0.0579813607
train/loss,3211264,1786475120.895638,-0.05819687992
train/loss,3244032,1786475125.373582,-0.04491228983
train/loss,3276800,1786475129.851572,-0.06070762128
train/loss,3309568,1786475134.339137,-0.05880534276
train/loss,3342336,1786475138.815299,-0.06751051545
train/loss,3375104,1786475143.307277,-0.0583249107
train/loss,3407872,1786475147.758328,-0.06520520151
train/loss,3440640,1786475152.223763,-0.04188298807
train/loss,3473408,1786475156.699319,-0.0504424423
train/loss,3506176,1786475161.170047,-0.04476227611
train/loss,3538944,1786475165.638547,-0.07292907685
train/loss,3571712,1786475170.111135,-0.08670961857
train/loss,3604480,1786475174.588751,-0.05650309473
train/loss,3637248,1786475179.079108,-0.06624008715
train/loss,3670016,1786475183.581474,-0.06934254616
train/loss,3702784,1786475188.056620,-0.06692831218
train/loss,3735552,1786475192.520314,-0.05335619673
train/loss,3768320,1786475196.986615,-0.0470703505
train/loss,3801088,1786475201.453495,-0.05318252742
train/loss,3833856,1786475205.921188,-0.04334266111
train/loss,3866624,1786475210.394736,-0.05710270628
train/loss,3899392,1786475214.871759,-0.05383525416
train/loss,3932160,1786475219.355125,-0.05302028731
train/loss,3964928,1786475223.818659,-0.04152531177
train/loss,3997696,1786475228.303225,-0.05145171285
train/loss,4030464,1786475232.769073,-0.08682206273
train/loss,4063232,1786475237.227796,-0.0599818714
train/loss,4096000,1786475241.693985,-0.06127476692
train/loss,4128768,1786475246.172791,-0.06092766672
train/loss,4161536,1786475250.630134,-0.05896958336
train/loss,4194304,1786475255.106512,-0.04980869964
train/loss,4227072,1786475259.577475,-0.04859052598
train/loss,4259840,1786475264.049470,-0.06125796959
train/loss,4292608,1786475268.512656,-0.05193764344
train/loss,4325376,1786475272.967834,-0.05098694935
train/loss,4358144,1786475277.436046,-0.05877903849
train/loss,4390912,1786475281.902461,-0.076076217
train/loss,4423680,1786475286.380610,-0.05491093919
train/loss,4456448,1786475290.848908,-0.04891806841
train/loss,4489216,1786475295.313423,-0.04181609303
train/loss,4521984,1786475299.776501,-0.0535646379
train/loss,4554752,1786475304.238365,-0.0376688242
train/loss,4587520,1786475308.749870,-0.05869939178
train/loss,4620288,1786475313.227189,-0.05094964802
train/loss,4653056,1786475317.706680,-0.06100039929
train/loss,4685824,1786475322.170483,-0.0730387345
train/loss,4718592,1786475326.630774,-0.06972482055
train/loss,4751360,1786475331.093294,-0.07473750412
train/loss,4784128,1786475335.551604,-0.04807739332
train/loss,4816896,1786475340.020978,-0.03090639785
train/loss,4849664,1786475344.485002,-0.05677261204
train/loss,4882432,1786475348.948926,-0.05285526812
train/loss,4915200,1786475353.401899,-0.04538450018
train/loss,4947968,1786475357.876312,-0.06414714456
train/loss,4980736,1786475362.331789,-0.05271928385
train/loss,5013504,1786475366.802061,-0.04776675254
train/loss,5046272,1786475371.276332,-0.0665621683
train/loss,5079040,1786475375.734329,-0.05947869271
train/loss,5111808,1786475380.198836,-0.0441974476
train/loss,5144576,1786475384.663049,-0.05635585636
train/loss,5177344,1786475389.124937,-0.05256829411
train/loss,5210112,1786475393.585507,-0.04622753337
train/loss,5242880,1786475398.039629,-0.06588564813
train/loss,5275648,1786475402.519875,-0.06143721193
train/loss,5308416,1786475406.995834,-0.03320015967
train/loss,5341184,1786475411.474831,-0.05584798381
train/loss,5373952,1786475415.953498,-0.05583775043
train/loss,5406720,1786475420.429221,-0.05277697369
train/loss,5439488,1786475424.896898,-0.05171192065
train/loss,5472256,1786475429.361052,-0.03670177236
train/loss,5505024,1786475433.824378,-0.06475048512
train/loss,5537792,1786475438.297359,-0.03523110971
train/loss,5570560,1786475442.756049,-0.05359114334
train/loss,5603328,1786475447.219865,-0.04713598266
train/loss,5636096,1786475451.684031,-0.03984899074
train/loss,5668864,1786475456.146482,-0.05330437794
train/loss,5701632,1786475460.630844,-0.04519326985
train/loss,5734400,1786475465.084172,-0.05701017007
train/loss,5767168,1786475469.552183,-0.05269739777
train/loss,5799936,1786475474.014848,-0.04426206648
train/loss,5832704,1786475478.489979,-0.05907489359
train/loss,5865472,1786475482.945036,-0.03329063952
train/loss,5898240,1786475487.414518,-0.0227704905
train/loss,5931008,1786475491.890544,-0.06438275427
train/loss,5963776,1786475496.369057,-0.04880801216
train/loss,5996544,1786475500.824366,-0.04422001168
train/loss,6029312,1786475505.294199,-0.04088624567
train/loss,6062080,1786475509.762163,-0.03410633653
train/loss,6094848,1786475514.230462,-0.03253111988
train/loss,6127616,1786475518.709738,-0.05368332565
train/loss,6160384,1786475523.217515,-0.04472087696
train/loss,6193152,1786475527.689435,-0.06336843967
train/loss,6225920,1786475532.162926,-0.04234005511
train/loss,6258688,1786475536.619275,-0.02288125269
train/loss,6291456,1786475541.093745,-0.0468904227
train/loss,6324224,1786475545.566816,-0.05438107625
train/loss,6356992,1786475550.060702,-0.07578294724
train/loss,6389760,1786475554.533724,-0.0443399325
train/loss,6422528,1786475559.040418,-0.01503572706
train/loss,6455296,1786475563.511889,-0.02564019896
train/loss,6488064,1786475567.981073,-0.03861314803
train/loss,6520832,1786475572.451842,-0.02637225017
train/loss,6553600,1786475576.924244,-0.05082252994
train/loss,6586368,1786475581.399630,-0.0112713119
train/loss,6619136,1786475585.890125,-0.019357685
train/loss,6651904,1786475590.373712,-0.04048492387
train/loss,6684672,1786475594.851729,-0.04654604942
train/loss,6717440,1786475599.330834,-0.02726719156
train/loss,6750208,1786475603.802322,-0.04636304453
train/loss,6782976,1786475608.276047,-0.04222181067
train/loss,6815744,1786475612.740027,-0.03994690627
train/loss,6848512,1786475617.211207,-0.04501064494
train/loss,6881280,1786475621.683991,-0.04174801335
train/loss,6914048,1786475626.168091,-0.03783543035
train/loss,6946816,1786475630.624613,-0.04250480235
train/loss,6979584,1786475635.088996,-0.04327876866
train/loss,7012352,1786475639.567173,-0.04078987613
train/loss,7045120,1786475644.044068,-0.05358467996
train/loss,7077888,1786475648.505064,-0.0492105484
train/loss,7110656,1786475652.966584,-0.04612499103
train/loss,7143424,1786475657.428454,-0.04440363124
train/loss,7176192,1786475661.895144,-0.03489416465
train/loss,7208960,1786475666.353131,-0.02152336389
train/loss,7241728,1786475670.818041,-0.02913894691
train/loss,7274496,1786475675.309001,-0.03244706988
train/loss,7307264,1786475679.776805,-0.04644468427
train/loss,7340032,1786475684.256885,-0.04273373634
train/loss,7372800,1786475688.732836,-0.05058571324
train/loss,7405568,1786475693.204869,-0.03520062193
train/loss,7438336,1786475697.673772,-0.0444980152
train/loss,7471104,1786475702.140515,-0.008098560385
train/loss,7503872,1786475706.613769,-0.03361289576
train/loss,7536640,1786475711.085768,-0.03520846367
train/loss,7569408,1786475715.564970,-0.01833475195
train/loss,7602176,1786475720.017682,-0.02494173124
train/loss,7634944,1786475724.480203,-0.05909604579
train/loss,7667712,1786475728.950749,-0.01978283934
train/loss,7700480,1786475733.416493,-0.04111674801
train/loss,7733248,1786475737.893853,-0.027531242
train/loss,7766016,1786475742.359061,-0.03689854592
train/loss,7798784,1786475746.819732,-0.01038609724
train/loss,7831552,1786475751.284316,-0.03463170305
train/loss,7864320,1786475755.758093,0.001787858084
train/loss,7897088,1786475760.234271,-0.0190017093
train/loss,7929856,1786475764.695994,-0.04961038008
train/loss,7962624,1786475769.160140,-0.02367676422
train/loss,7995392,1786475773.623230,-0.0495211333
train/loss,8028160,1786475778.110371,-0.03355570883
train/policy_gradient_loss,65536,1786474689.697590,-0.02678097039
train/policy_gradient_loss,98304,1786474694.208465,-0.02635251544
train/policy_gradient_loss,131072,1786474698.725400,-0.0252558738
train/policy_gradient_loss,163840,1786474703.254514,-0.02618269064
train/policy_gradient_loss,196608,1786474707.782534,-0.02617283724
train/policy_gradient_loss,229376,1786474712.293673,-0.0268148575
train/policy_gradient_loss,262144,1786474716.807920,-0.0264725294
train/policy_gradient_loss,294912,1786474721.319688,-0.02826065756
train/policy_gradient_loss,327680,1786474725.823001,-0.0255694557
train/policy_gradient_loss,360448,1786474730.318610,-0.02679119818
train/policy_gradient_loss,393216,1786474734.829715,-0.02732181735
train/policy_gradient_loss,425984,1786474739.360848,-0.02814241126
train/policy_gradient_loss,458752,1786474743.874281,-0.0258451961
train/policy_gradient_loss,491520,1786474748.393002,-0.02639921382
train/policy_gradient_loss,524288,1786474752.892671,-0.02534375526
train/policy_gradient_loss,557056,1786474757.398164,-0.02630349994
train/policy_gradient_loss,589824,1786474761.900671,-0.02511220425
train/policy_gradient_loss,622592,1786474766.405073,-0.025690604
train/policy_gradient_loss,655360,1786474770.914236,-0.02583966404
train/policy_gradient_loss,688128,1786474775.423725,-0.02637888119
train/policy_gradient_loss,720896,1786474779.921579,-0.02552347258
train/policy_gradient_loss,753664,1786474784.418888,-0.02609951794
train/policy_gradient_loss,786432,1786474788.910954,-0.02595845051
train/policy_gradient_loss,819200,1786474793.405277,-0.02481727861
train/policy_gradient_loss,851968,1786474797.896605,-0.02562442236
train/policy_gradient_loss,884736,1786474802.391969,-0.02591850981
train/policy_gradient_loss,917504,1786474806.890616,-0.02474601753
train/policy_gradient_loss,950272,1786474811.386725,-0.02522267215
train/policy_gradient_loss,983040,1786474815.883869,-0.02503722347
train/policy_gradient_loss,1015808,1786474820.400022,-0.02522320487
train/policy_gradient_loss,1048576,1786474824.898131,-0.02499941923
train/policy_gradient_loss,1081344,1786474829.399165,-0.0237957295
train/policy_gradient_loss,1114112,1786474833.910559,-0.02351726033
train/policy_gradient_loss,1146880,1786474838.407601,-0.0236438904
train/policy_gradient_loss,1179648,1786474842.896410,-0.02557983622
train/policy_gradient_loss,1212416,1786474847.385766,-0.02354210801
train/policy_gradient_loss,1245184,1786474851.868309,-0.02284522168
train/policy_gradient_loss,1277952,1786474856.369116,-0.02424212918
train/policy_gradient_loss,1310720,1786474860.878729,-0.02157136239
train/policy_gradient_loss,1343488,1786474865.366062,-0.02330268174
train/policy_gradient_loss,1376256,1786474869.859109,-0.02339559048
train/policy_gradient_loss,1409024,1786474874.339794,-0.02401438542
train/policy_gradient_loss,1441792,1786474878.838113,-0.02378871478
train/policy_gradient_loss,1474560,1786474883.312873,-0.02219704352
train/policy_gradient_loss,1507328,1786474887.795958,-0.02098294348
train/policy_gradient_loss,1540096,1786474892.276954,-0.02077084966
train/policy_gradient_loss,1572864,1786474896.766414,-0.02234184556
train/policy_gradient_loss,1605632,1786474901.257397,-0.02216812037
train/policy_gradient_loss,1638400,1786474905.735596,-0.02309192903
train/policy_gradient_loss,1671168,1786474910.221055,-0.02279113047
train/policy_gradient_loss,1703936,1786474914.705861,-0.0232250765
train/policy_gradient_loss,1736704,1786474919.197462,-0.02339615859
train/policy_gradient_loss,1769472,1786474923.697750,-0.02136602253
train/policy_gradient_loss,1802240,1786474928.191567,-0.02195890248
train/policy_gradient_loss,1835008,1786474932.676277,-0.02176655456
train/policy_gradient_loss,1867776,1786474937.159848,-0.02340125665
train/policy_gradient_loss,1900544,1786474941.644995,-0.02143870294
train/policy_gradient_loss,1933312,1786474946.125785,-0.02204074897
train/policy_gradient_loss,1966080,1786474950.613616,-0.02223394811
train/policy_gradient_loss,1998848,1786474955.101296,-0.02150934562
train/policy_gradient_loss,2031616,1786474959.602616,-0.02221880294
train/policy_gradient_loss,2064384,1786474964.097152,-0.02073204517
train/policy_gradient_loss,2097152,1786474968.576791,-0.02139601111
train/policy_gradient_loss,2129920,1786474973.050824,-0.02146545798
train/policy_gradient_loss,2162688,1786474977.534586,-0.02029917575
train/policy_gradient_loss,2195456,1786474982.007676,-0.02260380052
train/policy_gradient_loss,2228224,1786474986.495469,-0.02125007473
train/policy_gradient_loss,2260992,1786474990.974690,-0.020955313
train/policy_gradient_loss,2293760,1786474995.445199,-0.0212612804
train/policy_gradient_loss,2326528,1786474999.912369,-0.02067196555
train/policy_gradient_loss,2359296,1786475004.383232,-0.02140560187
train/policy_gradient_loss,2392064,1786475008.858742,-0.01993379928
train/policy_gradient_loss,2424832,1786475013.334912,-0.02014978789
train/policy_gradient_loss,2457600,1786475017.822151,-0.02010023035
train/policy_gradient_loss,2490368,1786475022.308691,-0.02110004053
train/policy_gradient_loss,2523136,1786475026.789812,-0.02024994977
train/policy_gradient_loss,2555904,1786475031.268543,-0.0201984141
train/policy_gradient_loss,2588672,1786475035.754466,-0.02016421221
train/policy_gradient_loss,2621440,1786475040.231596,-0.02075653709
train/policy_gradient_loss,2654208,1786475044.720126,-0.01978493854
train/policy_gradient_loss,2686976,1786475049.202772,-0.02071001194
train/policy_gradient_loss,2719744,1786475053.673702,-0.01928867027
train/policy_gradient_loss,2752512,1786475058.184165,-0.02006886154
train/policy_gradient_loss,2785280,1786475062.657745,-0.02013990842
train/policy_gradient_loss,2818048,1786475067.129725,-0.01984243095
train/policy_gradient_loss,2850816,1786475071.596899,-0.01806322113
train/policy_gradient_loss,2883584,1786475076.081879,-0.02065295354
train/policy_gradient_loss,2916352,1786475080.547684,-0.01981187798
train/policy_gradient_loss,2949120,1786475085.009530,-0.01886845566
train/policy_gradient_loss,2981888,1786475089.479991,-0.01789136603
train/policy_gradient_loss,3014656,1786475093.952486,-0.01944760606
train/policy_gradient_loss,3047424,1786475098.425566,-0.0191590488
train/policy_gradient_loss,3080192,1786475102.898434,-0.0189684201
train/policy_gradient_loss,3112960,1786475107.382451,-0.01863715798
train/policy_gradient_loss,3145728,1786475111.858439,-0.01873143017
train/policy_gradient_loss,3178496,1786475116.360805,-0.01796450838
train/policy_gradient_loss,3211264,1786475120.895700,-0.01706365496
train/policy_gradient_loss,3244032,1786475125.373653,-0.01611840352
train/policy_gradient_loss,3276800,1786475129.851626,-0.01548351347
train/policy_gradient_loss,3309568,1786475134.339190,-0.01790885068
train/policy_gradient_loss,3342336,1786475138.815381,-0.01817072928
train/policy_gradient_loss,3375104,1786475143.307343,-0.01714014448
train/policy_gradient_loss,3407872,1786475147.758381,-0.01821498014
train/policy_gradient_loss,3440640,1786475152.223816,-0.01831595786
train/policy_gradient_loss,3473408,1786475156.699376,-0.01623512059
train/policy_gradient_loss,3506176,1786475161.170103,-0.01756279916
train/policy_gradient_loss,3538944,1786475165.638599,-0.01558414474
train/policy_gradient_loss,3571712,1786475170.111190,-0.01836946234
train/policy_gradient_loss,3604480,1786475174.588808,-0.01838626526
train/policy_gradient_loss,3637248,1786475179.079170,-0.0174603872
train/policy_gradient_loss,3670016,1786475183.581543,-0.01788651012
train/policy_gradient_loss,3702784,1786475188.056676,-0.01648380049
train/policy_gradient_loss,3735552,1786475192.520390,-0.01521271933
train/policy_gradient_loss,3768320,1786475196.986673,-0.01632626355
train/policy_gradient_loss,3801088,1786475201.453548,-0.01662499644
train/policy_gradient_loss,3833856,1786475205.921241,-0.01523065846
train/policy_gradient_loss,3866624,1786475210.394807,-0.01658657938
train/policy_gradient_loss,3899392,1786475214.871812,-0.01704424992
train/policy_gradient_loss,3932160,1786475219.355182,-0.01504902449
train/policy_gradient_loss,3964928,1786475223.818734,-0.01707824133
train/policy_gradient_loss,3997696,1786475228.303282,-0.01512788795
train/policy_gradient_loss,4030464,1786475232.769134,-0.01592910103
train/policy_gradient_loss,4063232,1786475237.227856,-0.01484580059
train/policy_gradient_loss,4096000,1786475241.694042,-0.01527368557
train/policy_gradient_loss,4128768,1786475246.172848,-0.01601843908
train/policy_gradient_loss,4161536,1786475250.630188,-0.01734051481
train/policy_gradient_loss,4194304,1786475255.106567,-0.01541421004
train/policy_gradient_loss,4227072,1786475259.577537,-0.01622588374
train/policy_gradient_loss,4259840,1786475264.049531,-0.01556999609
train/policy_gradient_loss,4292608,1786475268.512707,-0.01451804861
train/policy_gradient_loss,4325376,1786475272.967904,-0.01492960006
train/policy_gradient_loss,4358144,1786475277.436106,-0.01411669515
train/policy_gradient_loss,4390912,1786475281.902517,-0.01449794602
train/policy_gradient_loss,4423680,1786475286.380667,-0.01549508981
train/policy_gradient_loss,4456448,1786475290.848975,-0.0156771522
train/policy_gradient_loss,4489216,1786475295.313493,-0.01344988029
train/policy_gradient_loss,4521984,1786475299.776572,-0.01582145691
train/policy_gradient_loss,4554752,1786475304.238432,-0.01468125917
train/policy_gradient_loss,4587520,1786475308.749942,-0.01479270402
train/policy_gradient_loss,4620288,1786475313.227242,-0.01479418669
train/policy_gradient_loss,4653056,1786475317.706733,-0.01510262955
train/policy_gradient_loss,4685824,1786475322.170547,-0.01501774974
train/policy_gradient_loss,4718592,1786475326.630846,-0.01549117919
train/policy_gradient_loss,4751360,1786475331.093350,-0.01525221858
train/policy_gradient_loss,4784128,1786475335.551657,-0.01336741913
train/policy_gradient_loss,4816896,1786475340.021030,-0.01348358579
train/policy_gradient_loss,4849664,1786475344.485053,-0.01538906991
train/policy_gradient_loss,4882432,1786475348.948978,-0.01364479586
train/policy_gradient_loss,4915200,1786475353.401973,-0.01418515109
train/policy_gradient_loss,4947968,1786475357.876381,-0.01474100817
train/policy_gradient_loss,4980736,1786475362.331842,-0.01401555166
train/policy_gradient_loss,5013504,1786475366.802130,-0.01468834095
train/policy_gradient_loss,5046272,1786475371.276406,-0.01600394957
train/policy_gradient_loss,5079040,1786475375.734396,-0.01326271333
train/policy_gradient_loss,5111808,1786475380.198889,-0.01663426869
train/policy_gradient_loss,5144576,1786475384.663101,-0.01423111651
train/policy_gradient_loss,5177344,1786475389.124990,-0.01400173735
train/policy_gradient_loss,5210112,1786475393.585577,-0.01339958142
train/policy_gradient_loss,5242880,1786475398.039688,-0.01247754786
train/policy_gradient_loss,5275648,1786475402.519947,-0.01345610619
train/policy_gradient_loss,5308416,1786475406.995886,-0.01363993529
train/policy_gradient_loss,5341184,1786475411.474905,-0.0147439139
train/policy_gradient_loss,5373952,1786475415.953554,-0.01477265451
train/policy_gradient_loss,5406720,1786475420.429280,-0.01355007663
train/policy_gradient_loss,5439488,1786475424.896971,-0.01305677742
train/policy_gradient_loss,5472256,1786475429.361126,-0.01244843099
train/policy_gradient_loss,5505024,1786475433.824430,-0.01359424274
train/policy_gradient_loss,5537792,1786475438.297412,-0.01528490894
train/policy_gradient_loss,5570560,1786475442.756102,-0.01220487058
train/policy_gradient_loss,5603328,1786475447.219922,-0.01436682139
train/policy_gradient_loss,5636096,1786475451.684114,-0.01379008126
train/policy_gradient_loss,5668864,1786475456.146548,-0.01358224638
train/policy_gradient_loss,5701632,1786475460.630899,-0.01318232063
train/policy_gradient_loss,5734400,1786475465.084223,-0.01303930581
train/policy_gradient_loss,5767168,1786475469.552249,-0.01558263507
train/policy_gradient_loss,5799936,1786475474.014925,-0.01310102455
train/policy_gradient_loss,5832704,1786475478.490033,-0.01135940198
train/policy_gradient_loss,5865472,1786475482.945108,-0.01300719474
train/policy_gradient_loss,5898240,1786475487.414585,-0.01039117202
train/policy_gradient_loss,5931008,1786475491.890617,-0.0135683557
train/policy_gradient_loss,5963776,1786475496.369111,-0.01410247013
train/policy_gradient_loss,5996544,1786475500.824418,-0.01304837968
train/policy_gradient_loss,6029312,1786475505.294264,-0.01241343748
train/policy_gradient_loss,6062080,1786475509.762216,-0.01076100301
train/policy_gradient_loss,6094848,1786475514.230514,-0.01219547167
train/policy_gradient_loss,6127616,1786475518.709794,-0.01293628477
train/policy_gradient_loss,6160384,1786475523.217569,-0.01047099568
train/policy_gradient_loss,6193152,1786475527.689490,-0.01244265586
train/policy_gradient_loss,6225920,1786475532.162980,-0.01077396516
train/policy_gradient_loss,6258688,1786475536.619330,-0.0129600307
train/policy_gradient_loss,6291456,1786475541.093799,-0.01182070095
train/policy_gradient_loss,6324224,1786475545.566870,-0.01246231515
train/policy_gradient_loss,6356992,1786475550.060757,-0.01352451369
train/policy_gradient_loss,6389760,1786475554.533776,-0.01285180356
train/policy_gradient_loss,6422528,1786475559.040472,-0.01199921966
train/policy_gradient_loss,6455296,1786475563.511962,-0.01058611274
train/policy_gradient_loss,6488064,1786475567.981127,-0.01136063039
train/policy_gradient_loss,6520832,1786475572.451914,-0.01334326249
train/policy_gradient_loss,6553600,1786475576.924299,-0.01038072165
train/policy_gradient_loss,6586368,1786475581.399691,-0.009822246619
train/policy_gradient_loss,6619136,1786475585.890181,-0.009647801518
train/policy_gradient_loss,6651904,1786475590.373765,-0.01074890792
train/policy_gradient_loss,6684672,1786475594.851782,-0.01197435893
train/policy_gradient_loss,6717440,1786475599.330894,-0.01139728818
train/policy_gradient_loss,6750208,1786475603.802374,-0.011299273
train/policy_gradient_loss,6782976,1786475608.276102,-0.01111115888
train/policy_gradient_loss,6815744,1786475612.740080,-0.01123141684
train/policy_gradient_loss,6848512,1786475617.211263,-0.009620388038
train/policy_gradient_loss,6881280,1786475621.684055,-0.009994723834
train/policy_gradient_loss,6914048,1786475626.168145,-0.01238464098
train/policy_gradient_loss,6946816,1786475630.624684,-0.00986249838
train/policy_gradient_loss,6979584,1786475635.089063,-0.01041907538
train/policy_gradient_loss,7012352,1786475639.567244,-0.01040282194
train/policy_gradient_loss,7045120,1786475644.044135,-0.01081577037
train/policy_gradient_loss,7077888,1786475648.505116,-0.01073606871
train/policy_gradient_loss,7110656,1786475652.966638,-0.00967950467
train/policy_gradient_loss,7143424,1786475657.428507,-0.01086473465
train/policy_gradient_loss,7176192,1786475661.895196,-0.01183574554
train/policy_gradient_loss,7208960,1786475666.353203,-0.01120417751
train/policy_gradient_loss,7241728,1786475670.818095,-0.01042172126
train/policy_gradient_loss,7274496,1786475675.309061,-0.008771828376
train/policy_gradient_loss,7307264,1786475679.776873,-0.008092041127
train/policy_gradient_loss,7340032,1786475684.256938,-0.01054397319
train/policy_gradient_loss,7372800,1786475688.732909,-0.007750516292
train/policy_gradient_loss,7405568,1786475693.204940,-0.01028461289
train/policy_gradient_loss,7438336,1786475697.673825,-0.009244496934
train/policy_gradient_loss,7471104,1786475702.140570,-0.009152410552
train/policy_gradient_loss,7503872,1786475706.613842,-0.008793806657
train/policy_gradient_loss,7536640,1786475711.085820,-0.009400866926
train/policy_gradient_loss,7569408,1786475715.565023,-0.009465545416
train/policy_gradient_loss,7602176,1786475720.017735,-0.008152002469
train/policy_gradient_loss,7634944,1786475724.480256,-0.009631962515
train/policy_gradient_loss,7667712,1786475728.950802,-0.009761702269
train/policy_gradient_loss,7700480,1786475733.416545,-0.009123476222
train/policy_gradient_loss,7733248,1786475737.893925,-0.008779015392
train/policy_gradient_loss,7766016,1786475742.359113,-0.01071174257
train/policy_gradient_loss,7798784,1786475746.819803,-0.009212074801
train/policy_gradient_loss,7831552,1786475751.284369,-0.01008981373
train/policy_gradient_loss,7864320,1786475755.758146,-0.00780954631
train/policy_gradient_loss,7897088,1786475760.234344,-0.00981105119
train/policy_gradient_loss,7929856,1786475764.696053,-0.008360605687
train/policy_gradient_loss,7962624,1786475769.160200,-0.008117445745
train/policy_gradient_loss,7995392,1786475773.623309,-0.007485210896
train/policy_gradient_loss,8028160,1786475778.110423,-0.006233573891
train/std,65536,1786474689.697773,1.537148356
train/std,98304,1786474694.208661,1.533279061
train/std,131072,1786474698.725582,1.528906941
train/std,163840,1786474703.254699,1.523487449
train/std,196608,1786474707.782707,1.516544938
train/std,229376,1786474712.293864,1.511669159
train/std,262144,1786474716.808110,1.504327297
train/std,294912,1786474721.319862,1.499256134
train/std,327680,1786474725.823176,1.492934585
train/std,360448,1786474730.318800,1.48724556
train/std,393216,1786474734.829895,1.483035088
train/std,425984,1786474739.361025,1.478822351
train/std,458752,1786474743.874480,1.474366069
train/std,491520,1786474748.393176,1.469764352
train/std,524288,1786474752.892864,1.464848518
train/std,557056,1786474757.398333,1.460271478
train/std,589824,1786474761.900862,1.456598878
train/std,622592,1786474766.405284,1.451299667
train/std,655360,1786474770.914425,1.447158694
train/std,688128,1786474775.423898,1.440509796
train/std,720896,1786474779.921762,1.43549192
train/std,753664,1786474784.419061,1.428138137
train/std,786432,1786474788.911135,1.424747109
train/std,819200,1786474793.405438,1.419506907
train/std,851968,1786474797.896775,1.414667964
train/std,884736,1786474802.392156,1.409662247
train/std,917504,1786474806.890810,1.40513742
train/std,950272,1786474811.386915,1.398988605
train/std,983040,1786474815.884057,1.395106673
train/std,1015808,1786474820.400212,1.391090393
train/std,1048576,1786474824.898326,1.38602674
train/std,1081344,1786474829.399323,1.380937934
train/std,1114112,1786474833.910750,1.377730966
train/std,1146880,1786474838.407791,1.374424815
train/std,1179648,1786474842.896600,1.37007463
train/std,1212416,1786474847.385946,1.363149643
train/std,1245184,1786474851.868507,1.359129906
train/std,1277952,1786474856.369314,1.354585171
train/std,1310720,1786474860.878917,1.350854397
train/std,1343488,1786474865.366229,1.348113537
train/std,1376256,1786474869.859301,1.341094851
train/std,1409024,1786474874.339967,1.337214828
train/std,1441792,1786474878.838310,1.334417224
train/std,1474560,1786474883.313064,1.331518292
train/std,1507328,1786474887.796127,1.326641083
train/std,1540096,1786474892.277145,1.323214889
train/std,1572864,1786474896.766577,1.320448995
train/std,1605632,1786474901.257575,1.314462662
train/std,1638400,1786474905.735773,1.31274426
train/std,1671168,1786474910.221242,1.308773518
train/std,1703936,1786474914.706035,1.302849293
train/std,1736704,1786474919.197653,1.298859119
train/std,1769472,1786474923.697948,1.295660019
train/std,1802240,1786474928.191772,1.291512966
train/std,1835008,1786474932.676462,1.288316488
train/std,1867776,1786474937.160035,1.283453345
train/std,1900544,1786474941.645180,1.280703425
train/std,1933312,1786474946.125970,1.275594115
train/std,1966080,1786474950.613809,1.272160411
train/std,1998848,1786474955.101489,1.26940918
train/std,2031616,1786474959.602815,1.265846848
train/std,2064384,1786474964.097340,1.263595343
train/std,2097152,1786474968.576950,1.261559129
train/std,2129920,1786474973.050991,1.259187222
train/std,2162688,1786474977.534779,1.256190181
train/std,2195456,1786474982.007874,1.253727794
train/std,2228224,1786474986.495644,1.248224258
train/std,2260992,1786474990.974878,1.245256305
train/std,2293760,1786474995.445387,1.241744757
train/std,2326528,1786474999.912566,1.236541986
train/std,2359296,1786475004.383401,1.232564807
train/std,2392064,1786475008.858930,1.22831583
train/std,2424832,1786475013.335097,1.225474954
train/std,2457600,1786475017.822350,1.219551802
train/std,2490368,1786475022.308885,1.21619308
train/std,2523136,1786475026.790001,1.21332562
train/std,2555904,1786475031.268730,1.209168553
train/std,2588672,1786475035.754677,1.205470681
train/std,2621440,1786475040.231787,1.202985764
train/std,2654208,1786475044.720318,1.202099681
train/std,2686976,1786475049.202968,1.197935939
train/std,2719744,1786475053.673889,1.194347024
train/std,2752512,1786475058.184398,1.188991189
train/std,2785280,1786475062.657962,1.185181856
train/std,2818048,1786475067.129893,1.182337642
train/std,2850816,1786475071.597098,1.180113196
train/std,2883584,1786475076.082072,1.17782855
train/std,2916352,1786475080.547868,1.173226714
train/std,2949120,1786475085.009713,1.169689059
train/std,2981888,1786475089.480190,1.167788863
train/std,3014656,1786475093.952670,1.166971564
train/std,3047424,1786475098.425737,1.163034558
train/std,3080192,1786475102.898638,1.159590602
train/std,3112960,1786475107.382654,1.155441165
train/std,3145728,1786475111.858632,1.151421666
train/std,3178496,1786475116.360929,1.149941206
train/std,3211264,1786475120.895876,1.148756623
train/std,3244032,1786475125.373815,1.147692323
train/std,3276800,1786475129.851818,1.144439578
train/std,3309568,1786475134.339378,1.141677737
train/std,3342336,1786475138.815538,1.138032436
train/std,3375104,1786475143.307510,1.13802588
train/std,3407872,1786475147.758562,1.132965326
train/std,3440640,1786475152.224004,1.128984332
train/std,3473408,1786475156.699563,1.127220273
train/std,3506176,1786475161.170296,1.121996522
train/std,3538944,1786475165.638787,1.120319486
train/std,3571712,1786475170.111380,1.118107915
train/std,3604480,1786475174.588989,1.116188765
train/std,3637248,1786475179.079350,1.112914562
train/std,3670016,1786475183.581685,1.109236836
train/std,3702784,1786475188.056861,1.106773734
train/std,3735552,1786475192.520558,1.104925632
train/std,3768320,1786475196.986841,1.101334214
train/std,3801088,1786475201.453728,1.098774552
train/std,3833856,1786475205.921422,1.098186612
train/std,3866624,1786475210.394965,1.096109271
train/std,3899392,1786475214.871999,1.094258904
train/std,3932160,1786475219.355362,1.09219873
train/std,3964928,1786475223.818903,1.08867991
train/std,3997696,1786475228.303468,1.085656047
train/std,4030464,1786475232.769313,1.081695318
train/std,4063232,1786475237.228033,1.077587843
train/std,4096000,1786475241.694221,1.074308515
train/std,4128768,1786475246.173039,1.072747588
train/std,4161536,1786475250.630367,1.068514824
train/std,4194304,1786475255.106752,1.067072034
train/std,4227072,1786475259.577711,1.064725041
train/std,4259840,1786475264.049713,1.061273456
train/std,4292608,1786475268.512892,1.059636116
train/std,4325376,1786475272.968074,1.0592134
train/std,4358144,1786475277.436286,1.054445267
train/std,4390912,1786475281.902699,1.050737023
train/std,4423680,1786475286.380857,1.048102617
train/std,4456448,1786475290.849146,1.045868516
train/std,4489216,1786475295.313679,1.043647885
train/std,4521984,1786475299.776748,1.043086886
train/std,4554752,1786475304.238609,1.040985227
train/std,4587520,1786475308.750085,1.037329078
train/std,4620288,1786475313.227426,1.034452081
train/std,4653056,1786475317.706908,1.031608939
train/std,4685824,1786475322.170724,1.027861714
train/std,4718592,1786475326.631014,1.025428772
train/std,4751360,1786475331.093531,1.02256
train/std,4784128,1786475335.551839,1.020119786
train/std,4816896,1786475340.021214,1.018875241
train/std,4849664,1786475344.485244,1.015829682
train/std,4882432,1786475348.949170,1.013763666
train/std,4915200,1786475353.402144,1.012227654
train/std,4947968,1786475357.876551,1.009890079
train/std,4980736,1786475362.332033,1.008188367
train/std,5013504,1786475366.802296,1.006289363
train/std,5046272,1786475371.276580,1.003911972
train/std,5079040,1786475375.734548,1.001993775
train/std,5111808,1786475380.199079,1.000702024
train/std,5144576,1786475384.663291,0.9985320568
train/std,5177344,1786475389.125177,0.9972558022
train/std,5210112,1786475393.585750,0.9938700795
train/std,5242880,1786475398.039867,0.9918401837
train/std,5275648,1786475402.520112,0.9895395637
train/std,5308416,1786475406.996055,0.9862367511
train/std,5341184,1786475411.475070,0.9842450023
train/std,5373952,1786475415.953736,0.9833797812
train/std,5406720,1786475420.429443,0.9809627533
train/std,5439488,1786475424.897144,0.9785563946
train/std,5472256,1786475429.361295,0.9781201482
train/std,5505024,1786475433.824615,0.9759497643
train/std,5537792,1786475438.297603,0.9749851227
train/std,5570560,1786475442.756269,0.9734792709
train/std,5603328,1786475447.220108,0.9705649018
train/std,5636096,1786475451.684297,0.9692485929
train/std,5668864,1786475456.146724,0.9672794342
train/std,5701632,1786475460.631079,0.9664542675
train/std,5734400,1786475465.084414,0.9643349051
train/std,5767168,1786475469.552442,0.9622812271
train/std,5799936,1786475474.015078,0.9621810913
train/std,5832704,1786475478.490227,0.9611220956
train/std,5865472,1786475482.945283,0.9591831565
train/std,5898240,1786475487.414767,0.9576811194
train/std,5931008,1786475491.890788,0.9563906789
train/std,5963776,1786475496.369306,0.9565568566
train/std,5996544,1786475500.824616,0.9550846219
train/std,6029312,1786475505.294435,0.9529156089
train/std,6062080,1786475509.762414,0.9518799782
train/std,6094848,1786475514.230703,0.9514845014
train/std,6127616,1786475518.709977,0.9498126507
train/std,6160384,1786475523.217759,0.9478346705
train/std,6193152,1786475527.689677,0.9472591877
train/std,6225920,1786475532.163156,0.945574224
train/std,6258688,1786475536.619527,0.9447042346
train/std,6291456,1786475541.093971,0.9416771531
train/std,6324224,1786475545.567058,0.9407792091
train/std,6356992,1786475550.060937,0.9367101192
train/std,6389760,1786475554.533952,0.9352372289
train/std,6422528,1786475559.040655,0.9316272736
train/std,6455296,1786475563.512133,0.9312151074
train/std,6488064,1786475567.981313,0.9299843907
train/std,6520832,1786475572.452090,0.9277835488
train/std,6553600,1786475576.924487,0.9270474315
train/std,6586368,1786475581.399866,0.923564136
train/std,6619136,1786475585.890348,0.92238307
train/std,6651904,1786475590.373935,0.9201439023
train/std,6684672,1786475594.851966,0.9176690578
train/std,6717440,1786475599.331074,0.9158040881
train/std,6750208,1786475603.802570,0.9142578244
train/std,6782976,1786475608.276293,0.9129980206
train/std,6815744,1786475612.740263,0.9115015864
train/std,6848512,1786475617.211438,0.9097598195
train/std,6881280,1786475621.684238,0.9084388614
train/std,6914048,1786475626.168323,0.906349659
train/std,6946816,1786475630.624861,0.9050084949
train/std,6979584,1786475635.089238,0.9023399353
train/std,7012352,1786475639.567399,0.9007172585
train/std,7045120,1786475644.044317,0.8989200592
train/std,7077888,1786475648.505317,0.8966667056
train/std,7110656,1786475652.966826,0.894503057
train/std,7143424,1786475657.428695,0.8934876323
train/std,7176192,1786475661.895385,0.8916306496
train/std,7208960,1786475666.353381,0.887932837
train/std,7241728,1786475670.818271,0.8856580853
train/std,7274496,1786475675.309239,0.8847830892
train/std,7307264,1786475679.777048,0.883257091
train/std,7340032,1786475684.257122,0.8814588189
train/std,7372800,1786475688.733085,0.8807868361
train/std,7405568,1786475693.205103,0.8796770573
train/std,7438336,1786475697.674007,0.8785850406
train/std,7471104,1786475702.140753,0.8768051267
train/std,7503872,1786475706.614003,0.874899447
train/std,7536640,1786475711.086014,0.8736271858
train/std,7569408,1786475715.565207,0.8727369308
train/std,7602176,1786475720.017919,0.8702566028
train/std,7634944,1786475724.480444,0.8688066602
train/std,7667712,1786475728.950991,0.8672139645
train/std,7700480,1786475733.416731,0.8662607074
train/std,7733248,1786475737.894091,0.8644973636
train/std,7766016,1786475742.359310,0.8636633754
train/std,7798784,1786475746.819975,0.8646788001
train/std,7831552,1786475751.284551,0.8629834056
train/std,7864320,1786475755.758318,0.8618823886
train/std,7897088,1786475760.234506,0.8613154292
train/std,7929856,1786475764.696229,0.8598399162
train/std,7962624,1786475769.160375,0.8579836488
train/std,7995392,1786475773.623500,0.8576107025
train/std,8028160,1786475778.110610,0.8569231033
train/value_loss,65536,1786474689.698088,0.002884368878
train/value_loss,98304,1786474694.208975,0.00206099567
train/value_loss,131072,1786474698.725632,0.001627611578
train/value_loss,163840,1786474703.255041,0.001219579484
train/value_loss,196608,1786474707.783092,0.001063593896
train/value_loss,229376,1786474712.294232,0.00115571043
train/value_loss,262144,1786474716.808442,0.0009930403903
train/value_loss,294912,1786474721.320211,0.0009720773087
train/value_loss,327680,1786474725.823585,0.001095896121
train/value_loss,360448,1786474730.319178,0.001063321019
train/value_loss,393216,1786474734.830251,0.0009891433874
train/value_loss,425984,1786474739.361094,0.0009888281347
train/value_loss,458752,1786474743.874800,0.001007421874
train/value_loss,491520,1786474748.393586,0.001009420492
train/value_loss,524288,1786474752.893224,0.001052802545
train/value_loss,557056,1786474757.398700,0.001101330738
train/value_loss,589824,1786474761.901210,0.001079713227
train/value_loss,622592,1786474766.405643,0.001110100886
train/value_loss,655360,1786474770.914787,0.001124513685
train/value_loss,688128,1786474775.423976,0.001141210552
train/value_loss,720896,1786474779.922094,0.001106418669
train/value_loss,753664,1786474784.419444,0.001167091075
train/value_loss,786432,1786474788.911478,0.001230721129
train/value_loss,819200,1786474793.405836,0.001470749849
train/value_loss,851968,1786474797.897176,0.001237027813
train/value_loss,884736,1786474802.392507,0.001246536965
train/value_loss,917504,1786474806.891152,0.001336873276
train/value_loss,950272,1786474811.387260,0.001420008368
train/value_loss,983040,1786474815.884405,0.001387855271
train/value_loss,1015808,1786474820.400278,0.001426729956
train/value_loss,1048576,1786474824.898718,0.001369462116
train/value_loss,1081344,1786474829.399469,0.001481267856
train/value_loss,1114112,1786474833.911117,0.001525566913
train/value_loss,1146880,1786474838.408140,0.001584085636
train/value_loss,1179648,1786474842.897017,0.001566743362
train/value_loss,1212416,1786474847.386289,0.001440898282
train/value_loss,1245184,1786474851.868922,0.00147039548
train/value_loss,1277952,1786474856.369713,0.001354000182
train/value_loss,1310720,1786474860.879266,0.001728828764
train/value_loss,1343488,1786474865.366390,0.001518172328
train/value_loss,1376256,1786474869.859651,0.001630450832
train/value_loss,1409024,1786474874.340367,0.001642825897
train/value_loss,1441792,1786474878.838661,0.001553712063
train/value_loss,1474560,1786474883.313398,0.001678086584
train/value_loss,1507328,1786474887.796266,0.001831808593
train/value_loss,1540096,1786474892.277465,0.001562101184
train/value_loss,1572864,1786474896.766981,0.001451891265
train/value_loss,1605632,1786474901.257994,0.001655390486
train/value_loss,1638400,1786474905.736086,0.001839855919
train/value_loss,1671168,1786474910.221582,0.001720418921
train/value_loss,1703936,1786474914.706355,0.001545362524
train/value_loss,1736704,1786474919.197979,0.001758099184
train/value_loss,1769472,1786474923.698314,0.001699018874
train/value_loss,1802240,1786474928.192119,0.001725500915
train/value_loss,1835008,1786474932.676827,0.001702102949
train/value_loss,1867776,1786474937.160394,0.001738143386
train/value_loss,1900544,1786474941.645531,0.001880886964
train/value_loss,1933312,1786474946.126382,0.001932216575
train/value_loss,1966080,1786474950.614196,0.001769790309
train/value_loss,1998848,1786474955.101825,0.002017795108
train/value_loss,2031616,1786474959.603176,0.001815073309
train/value_loss,2064384,1786474964.097740,0.001909416402
train/value_loss,2097152,1786474968.577026,0.002048645169
train/value_loss,2129920,1786474973.051347,0.002202274511
train/value_loss,2162688,1786474977.535102,0.002072491916
train/value_loss,2195456,1786474982.008226,0.001866740175
train/value_loss,2228224,1786474986.496010,0.001982625108
train/value_loss,2260992,1786474990.975221,0.001866533188
train/value_loss,2293760,1786474995.445762,0.00196734746
train/value_loss,2326528,1786474999.912880,0.002015843522
train/value_loss,2359296,1786475004.383543,0.001768441056
train/value_loss,2392064,1786475008.859285,0.002035072539
train/value_loss,2424832,1786475013.335461,0.002056935802
train/value_loss,2457600,1786475017.822697,0.002103145467
train/value_loss,2490368,1786475022.309248,0.002043809509
train/value_loss,2523136,1786475026.790092,0.001925476128
train/value_loss,2555904,1786475031.269097,0.001839770703
train/value_loss,2588672,1786475035.755033,0.001925862161
train/value_loss,2621440,1786475040.232113,0.002090811729
train/value_loss,2654208,1786475044.720659,0.002134240931
train/value_loss,2686976,1786475049.203337,0.002199725481
train/value_loss,2719744,1786475053.674345,0.002270282712
train/value_loss,2752512,1786475058.184701,0.00197215681
train/value_loss,2785280,1786475062.658293,0.002138715005
train/value_loss,2818048,1786475067.130243,0.00206399709
train/value_loss,2850816,1786475071.597424,0.002119143261
train/value_loss,2883584,1786475076.082410,0.001907718251
train/value_loss,2916352,1786475080.548251,0.002039398998
train/value_loss,2949120,1786475085.010105,0.002131241607
train/value_loss,2981888,1786475089.480519,0.001961369533
train/value_loss,3014656,1786475093.953020,0.002085411688
train/value_loss,3047424,1786475098.426121,0.002184875309
train/value_loss,3080192,1786475102.899003,0.002212877152
train/value_loss,3112960,1786475107.382987,0.002169620246
train/value_loss,3145728,1786475111.858982,0.002007864881
train/value_loss,3178496,1786475116.361250,0.002164309612
train/value_loss,3211264,1786475120.896208,0.002368457615
train/value_loss,3244032,1786475125.373970,0.002176841721
train/value_loss,3276800,1786475129.852148,0.002417361597
train/value_loss,3309568,1786475134.339748,0.002066487214
train/value_loss,3342336,1786475138.815706,0.002784816083
train/value_loss,3375104,1786475143.307906,0.002730546053
train/value_loss,3407872,1786475147.758875,0.002203048673
train/value_loss,3440640,1786475152.224399,0.002252717037
train/value_loss,3473408,1786475156.699918,0.002407774562
train/value_loss,3506176,1786475161.170631,0.002147146733
train/value_loss,3538944,1786475165.639109,0.00234012492
train/value_loss,3571712,1786475170.111719,0.001983057242
train/value_loss,3604480,1786475174.589299,0.002082548803
train/value_loss,3637248,1786475179.079697,0.002364194952
train/value_loss,3670016,1786475183.581803,0.002135795774
train/value_loss,3702784,1786475188.057190,0.002162424149
train/value_loss,3735552,1786475192.520962,0.002462077653
train/value_loss,3768320,1786475196.986891,0.00208061561
train/value_loss,3801088,1786475201.454058,0.002226222539
train/value_loss,3833856,1786475205.921743,0.002481850097
train/value_loss,3866624,1786475210.395127,0.002515207045
train/value_loss,3899392,1786475214.872351,0.002833823906
train/value_loss,3932160,1786475219.355723,0.002677575219
train/value_loss,3964928,1786475223.819284,0.00236742897
train/value_loss,3997696,1786475228.303802,0.002419551602
train/value_loss,4030464,1786475232.769678,0.002420671983
train/value_loss,4063232,1786475237.228352,0.002615639474
train/value_loss,4096000,1786475241.694546,0.002461661352
train/value_loss,4128768,1786475246.173369,0.002336623613
train/value_loss,4161536,1786475250.630690,0.002563242568
train/value_loss,4194304,1786475255.107083,0.002351444913
train/value_loss,4227072,1786475259.578031,0.002514986088
train/value_loss,4259840,1786475264.050019,0.002642893698
train/value_loss,4292608,1786475268.513206,0.002462709323
train/value_loss,4325376,1786475272.968463,0.002456107177
train/value_loss,4358144,1786475277.436605,0.002425953047
train/value_loss,4390912,1786475281.903040,0.002288290299
train/value_loss,4423680,1786475286.381195,0.00240039709
train/value_loss,4456448,1786475290.849539,0.002835410181
train/value_loss,4489216,1786475295.314077,0.002827464137
train/value_loss,4521984,1786475299.777139,0.002503768774
train/value_loss,4554752,1786475304.239003,0.002755691065
train/value_loss,4587520,1786475308.750219,0.002355275676
train/value_loss,4620288,1786475313.227791,0.002717514522
train/value_loss,4653056,1786475317.707232,0.00278530689
train/value_loss,4685824,1786475322.171057,0.002448780229
train/value_loss,4718592,1786475326.631421,0.002307073446
train/value_loss,4751360,1786475331.093858,0.002629133873
train/value_loss,4784128,1786475335.552204,0.002727919258
train/value_loss,4816896,1786475340.021555,0.002595412545
train/value_loss,4849664,1786475344.485572,0.002930829069
train/value_loss,4882432,1786475348.949511,0.002972079907
train/value_loss,4915200,1786475353.402556,0.00295313471
train/value_loss,4947968,1786475357.876944,0.002770690946
train/value_loss,4980736,1786475362.332391,0.002598202089
train/value_loss,5013504,1786475366.802674,0.002403129358
train/value_loss,5046272,1786475371.276961,0.002458835253
train/value_loss,5079040,1786475375.734691,0.002769205719
train/value_loss,5111808,1786475380.199396,0.002700164681
train/value_loss,5144576,1786475384.663626,0.002771957545
train/value_loss,5177344,1786475389.125520,0.002914733486
train/value_loss,5210112,1786475393.586143,0.003290520981
train/value_loss,5242880,1786475398.040183,0.002575220307
train/value_loss,5275648,1786475402.520508,0.002742369892
train/value_loss,5308416,1786475406.996111,0.002953604097
train/value_loss,5341184,1786475411.475481,0.002437346615
train/value_loss,5373952,1786475415.954066,0.002697571646
train/value_loss,5406720,1786475420.429774,0.002677930985
train/value_loss,5439488,1786475424.897528,0.00295279175
train/value_loss,5472256,1786475429.361689,0.002470082603
train/value_loss,5505024,1786475433.824952,0.002523094183
train/value_loss,5537792,1786475438.297947,0.002684838371
train/value_loss,5570560,1786475442.756319,0.002753548557
train/value_loss,5603328,1786475447.220446,0.002607626375
train/value_loss,5636096,1786475451.684680,0.002690664725
train/value_loss,5668864,1786475456.147086,0.003221196122
train/value_loss,5701632,1786475460.631405,0.003055634908
train/value_loss,5734400,1786475465.084770,0.00293321698
train/value_loss,5767168,1786475469.552904,0.002397136064
train/value_loss,5799936,1786475474.015222,0.003060600953
train/value_loss,5832704,1786475478.490571,0.002775769448
train/value_loss,5865472,1786475482.945716,0.002705104882
train/value_loss,5898240,1786475487.415104,0.002917465521
train/value_loss,5931008,1786475491.891213,0.003054366214
train/value_loss,5963776,1786475496.369663,0.002653364791
train/value_loss,5996544,1786475500.824964,0.002480044961
train/value_loss,6029312,1786475505.294830,0.003232616466
train/value_loss,6062080,1786475509.762775,0.002765208017
train/value_loss,6094848,1786475514.231040,0.002957650693
train/value_loss,6127616,1786475518.710287,0.002441880992
train/value_loss,6160384,1786475523.218094,0.003577519674
train/value_loss,6193152,1786475527.689998,0.003050380852
train/value_loss,6225920,1786475532.163478,0.003180573462
train/value_loss,6258688,1786475536.619891,0.00290234806
train/value_loss,6291456,1786475541.094331,0.003072296968
train/value_loss,6324224,1786475545.567431,0.002490233164
train/value_loss,6356992,1786475550.061274,0.002440288197
train/value_loss,6389760,1786475554.534277,0.002766194521
train/value_loss,6422528,1786475559.040976,0.003341081319
train/value_loss,6455296,1786475563.512530,0.002888438525
train/value_loss,6488064,1786475567.981622,0.003186198417
train/value_loss,6520832,1786475572.452498,0.002973259892
train/value_loss,6553600,1786475576.924839,0.003022414865
train/value_loss,6586368,1786475581.400211,0.003035389585
train/value_loss,6619136,1786475585.890419,0.003517755773
train/value_loss,6651904,1786475590.374016,0.003451596713
train/value_loss,6684672,1786475594.852332,0.002821116475
train/value_loss,6717440,1786475599.331439,0.003358176444
train/value_loss,6750208,1786475603.802940,0.003374968423
train/value_loss,6782976,1786475608.276640,0.002943774685
train/value_loss,6815744,1786475612.740591,0.00334914471
train/value_loss,6848512,1786475617.211804,0.003331405343
train/value_loss,6881280,1786475621.684568,0.003275334137
train/value_loss,6914048,1786475626.168640,0.003219624516
train/value_loss,6946816,1786475630.625263,0.003156275023
train/value_loss,6979584,1786475635.089640,0.002975526731
train/value_loss,7012352,1786475639.567779,0.00305801467
train/value_loss,7045120,1786475644.044709,0.003486336442
train/value_loss,7077888,1786475648.505668,0.00281590526
train/value_loss,7110656,1786475652.967152,0.003028766951
train/value_loss,7143424,1786475657.429047,0.002718475414
train/value_loss,7176192,1786475661.895689,0.002623098437
train/value_loss,7208960,1786475666.353786,0.002604349516
train/value_loss,7241728,1786475670.818601,0.003275971627
train/value_loss,7274496,1786475675.309557,0.002913553733
train/value_loss,7307264,1786475679.777449,0.003238998819
train/value_loss,7340032,1786475684.257440,0.002965844236
train/value_loss,7372800,1786475688.733482,0.003251668299
train/value_loss,7405568,1786475693.205486,0.003103460185
train/value_loss,7438336,1786475697.674063,0.002595106838
train/value_loss,7471104,1786475702.141095,0.003277856857
train/value_loss,7503872,1786475706.614432,0.002738359617
train/value_loss,7536640,1786475711.086362,0.003358253045
train/value_loss,7569408,1786475715.565537,0.003105829703
train/value_loss,7602176,1786475720.018229,0.002555802464
train/value_loss,7634944,1786475724.480773,0.002999361837
train/value_loss,7667712,1786475728.951317,0.00331824203
train/value_loss,7700480,1786475733.417090,0.003060413059
train/value_loss,7733248,1786475737.894468,0.003163733985
train/value_loss,7766016,1786475742.359645,0.003487711307
train/value_loss,7798784,1786475746.820375,0.003222376574
train/value_loss,7831552,1786475751.284906,0.003162090899
train/value_loss,7864320,1786475755.758365,0.0037194537
train/value_loss,7897088,1786475760.234658,0.003322939156
train/value_loss,7929856,1786475764.696281,0.003241610946
train/value_loss,7962624,1786475769.160710,0.003245057305
train/value_loss,7995392,1786475773.623830,0.00300442311
train/value_loss,8028160,1786475778.110940,0.002819823334
